movie_id,title,release_year,release_quarter,runtime,budget,original_language,primary_genre,genres,n_genres,production_countries,n_companies,company_ids,n_cast,n_crew,in_collection,keyword_ids,cast_ids,director_id,revenue
M3ddf258d,Jumanji,1995,4,105,65000000,en,Adventure,Adventure|Fantasy|Family,3,US,3,C6dfc8237|C6bee1098|Ceafcc337,26,16,False,Kcba84b9c|K6b9ad492|K31b25f7e|Kacea562a|K7b321b7d|Keafc669a,P8b29037b|Pcc7ebcea|Pfe6d4c3d|P45aad4a2|P4c455563,Pa589cb62,262797249.0
M862e1fd4,Heat,1995,4,170,60000000,en,Action,Action|Crime|Drama|Thriller,4,US,3,Cc2c73c36|C4afff6ec|C3e7bdc8f,65,71,False,Kc5b65b8c|Kb1aa9b34|Kd95b93ea|K443b5d4d|K00ee119f|K7f822525|K5852d5b1|K6b781b96,P13753a9d|Pd9604827|Pcfb78473|Pb3cd0383|P575dda13,Paa8ef28b,187436818.0
M4617e480,Sudden Death,1995,4,105,35000000,en,Action,Action|Adventure|Thriller,3,US,3,Cd7a83b16|C0866a564|C79ac32e3,6,9,False,K4d2febdc|K8b8060e4|K18f7c353|K4f7f609b,P7ff40d0f|P387c2084|P972106f7|P12aa5436|P22cc2e84,Pc2c37f32,64350171.0
Medf94ac1,The American President,1995,4,105,62000000,en,Comedy,Comedy|Drama|Romance,3,US,2,Cf4478484|Ce4e76224,18,6,False,Kfb526a76|K2b746c3e|Kfa895068|K1355f779|Kd57fb469,P9485f066|Peb51c4ea|P977f7843|P5768eddf|Pd3b64bd6,P4bc483e6,107879496.0
Mfec91032,Nixon,1995,4,190,44000000,en,History,History|Drama,2,US,2,C2b01c913|C4ca4dc32,34,8,False,K2b746c3e|K3ccb5600|K85e45b97|K4385ab38|K8beac702|K249af4ee,Pdff627c7|P7b4520e9|P387c2084|Pceb538c7|P09ae177a,Pc20617a1,13681765.0
M431374aa,Cutthroat Island,1995,4,120,98000000,en,Action,Action|Adventure,2,FR|DE|IT|US,4,C9e97568d|C3dcb868e|C1e53a163,31,16,False,Ke62b95f6|K08ca496b|K2be1f0c3|Kc8e08999|K76496b82|K323e09b0,Pc29f511b|P6c2b2b0b|P7985ee27|P718ae485|Pb02b75bb,Pc9ab0a9c,10017322.0
M32b17f7a,Casino,1995,4,180,52000000,en,Drama,Drama|Crime,2,FR|US,4,Cd7a83b16|C108dd6cc|Ccecbc5d3,45,10,False,Kde829ea0|Kcca842bb|K4603cffd|Kda60a038|K9be00c66,Pd9604827|P1157c526|Pce3512b8|Pb303b271|Pf54d6fc3,Pc1b16bc3,116112375.0
Me5e38b0f,Four Rooms,1995,4,100,4000000,en,Crime,Crime|Comedy,2,US,2,Cf8f92f7f|Cd77377a4,24,88,False,K32d43916|K67c9210a|K55cfa8fb|Kcdcd7d77|Ke7253a00|K844f1d9a|Keb5e7681|Kcecc4cee,P7ee1c6be|Pd761e806|P07d171ba|P23f1be74|Pacdffa16,P911c0b8a,4300000.0
M4bc244b1,Ace Ventura: When Nature Calls,1995,4,90,30000000,en,Crime,Crime|Comedy|Adventure,3,US,3,C1d0508c6|C3e7bdc8f|C8679e149,15,11,True,Ke2c03db7|Kbbdeeb53|K7b913106|Kf7cb789e,P3831e867|P9dfa2ebf|P7c17c96b|Pfdeeb92a|P16cc83fc,P25123963,212385533.0
M062691c0,Get Shorty,1995,4,105,30250000,en,Comedy,Comedy|Thriller|Crime,3,US,2,Ca1800b09|C1e53a163,16,26,True,K8341e452|Kf01a1f7b|K1451c5af|K91d31f90|K35fbf0b0|Kc7759f81|Ke864e2ff|K9bddb5a5,Pe91449f5|Pa3cf7c55|Pc3561a4c|P6f263068|P9ee61e4d,P7d51e148,115101622.0
M697d6ce9,Leaving Las Vegas,1995,4,110,3600000,en,Drama,Drama|Romance,2,US,2,C7e86926f|C8101cde1,14,12,False,Kab720d41|K1199c976|K30ba46ef|Ke33fde63|Kb3ea3038|K767bec4d|Kd72736af|K891ad3b4,Pa2178ef1|P4f05630f|P31abc4f9|P50fafe5d|Pcef99e79,P923f9aea,49800000.0
M71781979,Now and Then,1995,4,100,12000000,en,Comedy,Comedy|Drama|Family,3,US,1,C6988cd6a,16,8,False,K4603cffd|Ka5e5d456|K6878063f|Kf9ece124|K49558cbd|K55d0c963|Kcbf64eb9,Pb1255d95|Pb694a2f6|P59cadc98|Pd11cd035|Pb35ae3b8,P7d39088b,27400000.0
M402d3276,The City of Lost Children,1995,2,110,18000000,fr,Fantasy,Fantasy|Science Fiction|Adventure,3,FR|DE|ES,21,C65b69c45|C14e414e8|C5af7551b,37,21,False,Kfce86ae4|Kf8baada2|K566c4248|K6d8e078b|K7f284f24|Kdb691a95|K5011ba81|Kb8281719,Pf7136100|P9741e23b|P15e0f09c|Pdad7f725|P648f9894,P649904b4,1738611.0
M2c153d38,Twelve Monkeys,1995,4,130,29500000,en,Science Fiction,Science Fiction|Thriller|Mystery,3,US,3,Cd7a83b16|C8e42f8bf|C33519adb,65,151,False,Ke126f69b|Kb303ab6a|K2609921c|K819a8997|K804bfd5b|K8e2e1632|K7f284f24|K29198b47,Pbc324a94|Pf4d6002c|Pc5fe07a1|Pa54c1475|P45b0b121,P1a6bcbf1,168840000.0
M80906fc9,Babe,1995,3,90,30000000,en,Fantasy,Fantasy|Drama|Comedy|Family,4,AU|US,2,Cd7a83b16|C15749a2b,18,11,True,K960984cb|K61573d46|Kd5490d94|Kf2637a23|Kf6ab0ac8|Kb3effe9e|K09a69cd6|K99c29d22,P4bdc11c1|P0de3d4e2|P570a1652|P243d60a3|Pe67e7549,P54a6c215,254134910.0
Ma4d9fc3a,Mortal Kombat,1995,3,100,18000000,en,Action,Action|Fantasy,2,US,2,C6988cd6a|C60302f01,11,15,True,K1308518c|K038c8dca|K566c4248|K6a3cb94b|K349e4ffc|Kb9ff40c1|K3c6f9488|Kb4e75fa3,P67b39fba|Pf4f9fa91|P23fb93cb|P0e1d6048|P4c184363,P5257d233,122195920.0
M95c58d59,How To Make An American Quilt,1995,4,115,10000000,en,Drama,Drama|Romance,2,US,2,Cd7a83b16|C9710581c,34,18,False,Ka06fb66f|K7c6da98e|K41adc54e|K3334b265|K9a152326|K33437310|K02b169bc|Keec6e143,P11a199f3|P6fa35873|Pce96e08a|P55aa55c2|Pf5be06e2,P20be43c8,23574130.0
M0fa5e953,Se7en,1995,3,125,33000000,en,Crime,Crime|Mystery|Thriller,3,US,3,C6988cd6a|Cb857df94|C85af7a93,49,91,False,K6727f618|Kb1aa9b34|K019c9d04|Kcf15988c|K1e69b2a6|K5e5772f0|K4e4be85c|K903b7153,Pc5fe07a1|P9c10a86e|P0affa6f4|P6262e1d0|Pf21f3bf1,Pa8beb66e,327311859.0
M262114ff,Pocahontas,1995,2,80,55000000,en,Adventure,Adventure|Animation|Drama|Family,4,US,2,C72b723b8|C67618fbb,16,31,True,K8e1a72e9|K9122c3af|K4bc60f6a|Kc6d5904a|K965d2159|K55a8f968|Ke5d6abed|Ke578b0ae,P8cd5eecd|P46240969|P5e0e9ca9|P27800c16|P5e5e1094,P3350021a,346079773.0
M64bfe195,The Usual Suspects,1995,3,105,6000000,en,Drama,Drama|Crime|Thriller,3,US,2,Cabd8efca|C2064655e,18,64,False,K03618637|K882753c3|K09fc1f51|K956eb9ef|Kedc7379f|Kbc5eea05|K48fd8306,P7a71ab1b|Pbb2d8b2b|P73fb972b|P81a0406b|P3a9b8c1a,Pe52532d6,23341568.0
M259c2a12,Mighty Aphrodite,1995,3,95,15000000,en,Comedy,Comedy|Romance,2,US,2,Cf8f92f7f|Ca2476ea4,12,30,False,K1199c976|K1624771e|Kddcea65c|Kb4760d1a|Kb32761f9|K8fd0d9bb|Kd3103f62|K9be00c66,P23c41cec|Pdab4818d|Pe42cb422|Pe58beed0|P0c500167,P23c41cec,6700000.0
Me5b381cf,Friday,1995,2,90,3500000,en,Comedy,Comedy,1,US,1,C6988cd6a,18,5,True,Kbf8c37bb|K01084bd3|Kf1931b19|K91d31f90,Pabc55b2b|Pcfb2c9bb|P62aa2743|P4daed267|P2e301ec2,P04bcabef,28215918.0
M2ba41b70,Fair Game,1995,4,90,50000000,en,Action,Action|Thriller|Romance,3,US,2,Cd36ef9f0|C3e7bdc8f,18,14,False,Kf10ad044|Kf01a1f7b|K511491fa|Kb1aa9b34|K2a89ee7a|K1451c5af|K8b8060e4|K4869d83d,P605dd3d9|Pb77b063f|Pa51d7f5f|P606df67a|P695cd6e8,P7477aa04,11534477.0
M1e359d17,Big Bully,1996,1,90,15000000,en,Comedy,Comedy|Family,2,US,2,C3e7bdc8f|C8679e149,7,3,False,K0c2e638b,Pc04911e1|P5010bf75|Pa2934bfc|P29c8e76d|P5072be9b,P7ad4ed9d,2042530.0
M9448c68b,Screamers,1995,3,110,20000000,en,Horror,Horror|Science Fiction,2,CA|JP|US,6,C576809e5|C6dfc74c1|Ca0fd2eb4,9,35,True,K935ce48d|Ka934a10d|Kd1d813b8,Pd86162cf|P19e7b07f|P58ab60cf|P4a847bec|P4a34a824,Pd2cffd58,5781885.0
M9dc3813e,White Squall,1996,1,130,38000000,en,Action,Action|Drama,2,US,3,C2b01c913|C09588f71|Cd5a1e1a6,15,10,False,K517e0be6|K87bd8b37|K137a6391|Kee7d3574|K6878063f|Kcf940fd1|Kfae99fda|Kae7b75de,Pdfa9d578|P93f0cf5f|Pccc5f0d8|Pa1f4d24b|Pe13616e6,P54540f1f,10300000.0
Mfd429720,Nick of Time,1995,4,90,8169363,en,Crime,Crime|Drama|Thriller,3,US,1,C6146f42e,12,10,False,Kb722db6a|Kbda797ac|Kc62bc6d3|Keb5e7681,Pd34c4eab|Pa139bc1e|Pee130dfa|P3be49d96|P63463708,P4ec614a4,8175346.0
Me1f8d066,Mary Reilly,1996,1,105,47000000,en,Drama,Drama|Horror|Thriller|Romance,4,US,2,C6dfc8237|C20be6cad,11,14,False,K4e383866|K038c8dca|K203a4f8b|K1035c11d|Kfc6e10f9|Kb318e1c8,P9195777d|Pefca9620|Pfcf8c943|P580e9714|P010e0927,P581cd374,12379402.0
M67d184af,Vampire in Brooklyn,1995,4,100,14000000,en,Comedy,Comedy|Horror|Romance,3,US,1,C6146f42e,9,11,False,Kffb9e482|Kf1e5dc2f,P1c7f1d9d|Pdc134fa5|Pc92bcf8d|Pe97ff68c|P2e301ec2,P3f55f911,19800000.0
M92e486aa,Broken Arrow,1996,1,110,50000000,en,Action,Action|Adventure|Drama|Thriller,4,US,3,C6cbfdb5c|C92a21ffa|C4652476c,15,17,False,K7e1398ba|Kbf16afac|K58786828|K04f0a53b|Kc2b726dd|Kcb4f7b39|K424ad1c8|K32aef5c9,Pe91449f5|Pd9f4bddb|P30993d11|P1b3c94e0|P16cc83fc,P26bdbec9,150270147.0
M1dc05a2e,Bottle Rocket,1996,1,90,7000000,en,Comedy,Comedy|Crime|Drama,3,US,2,Ca07ba3db|C52e61c78,12,18,False,K2b5d957d|Kc5b65b8c|K767e5108|Kc2320ea9|K7f49c806|Kd3103f62|K8dfee22d|K0ef6400a,P65676666|P66e0e26d|P9cdaabe7|P20ca003e|Pfce10d7e,Pf67b3ebf,560069.0
Mb159df48,Happy Gilmore,1996,1,90,12000000,en,Comedy,Comedy,1,US,3,Cd7a83b16|C37facf64|Caef19b2e,17,10,False,K0167559b|K4eaa0722|Kb7f1519f|Kdc87c7d5|Ka37986b9,Pc82d1114|Pd29fc0d4|P606df67a|Pab043648|P1127d32d,Pad403284,41205099.0
Mb1a0a767,The Bridges of Madison County,1995,2,135,24000000,en,Drama,Drama|Romance,2,US,3,C9710581c|C27c08183|C3e7bdc8f,12,13,False,Kc3c4e3e8|K06ec2ec0|Kb3ea3038|K63569927|Kb1b2d050|Kfc0dc7bb|K0b2e661a|K2990c1d0,P5601b6b3|P6f65c5ac|Pa57c8375|P09d86f25|Pc8e377b9,P6f65c5ac,182016617.0
Mf9409b49,Braveheart,1995,2,175,72000000,en,Action,Action|Drama|History|War,4,US,3,Cfe554a3f|Cebd90dc7|C66e8e231,55,67,False,Kab720d41|K866dc592|K8779cfd8|K56e50db3|Kd9c5ff0c|K43eceae3|K635c4461|Keb641e3d,P46240969|P9890879c|P57add64d|P72ba9a4c|Pa5454b66,P46240969,210000000.0
Mb0364419,Taxi Driver,1976,1,115,1300000,en,Crime,Crime|Drama,2,US,3,C52e61c78|Ce09a7480|C48e8ea27,30,46,False,K5d61d33a|K938b3f55|K443b5d4d|Kcf15988c|K2740e151|Ke492da05|Ke69d4d28|K9464c9bc,Pd9604827|Pf1fdb711|Pfb649c8d|P312369ee|P80529898,Pc1b16bc3,28262574.0
M228a521d,Steal Big Steal Little,1995,3,115,25000000,en,Comedy,Comedy|Drama,2,US,1,C9649500d,9,5,False,K2b5d957d|K60846bfa|K7da32c41|K80937108|K13af1df6,P45c72dd5|P5ea8cfef|Pb11d979a|Pc21fb361|P63e1457b,P5f0866de,6278139.0
M2f490671,Flirting with Disaster,1996,1,90,7000000,en,Comedy,Comedy|Romance,2,US,1,Cf8f92f7f,25,15,False,K0a105ece|Kb32761f9|K1d93666c|Kd3103f62,Pd29fc0d4|P9e148a63|P5d357b0a|P61b0d1a9|Pe5979b1f,Paf0a42d2,14702438.0
Me1b80ef9,The Birdcage,1996,1,115,31000000,en,Comedy,Comedy,1,US,1,C7e86926f,10,5,False,K0c50837f|K8459da36|K1ef0082a|K841cd429|K9b9e111e|K1d42b6b9|K08d4a276|K1dd7c969,P8b29037b|Pa3cf7c55|Pa09b464d|P7e094d76|Pe90e2638,P2a00dbe0,185260553.0
M9e8f82a7,Bad Boys,1995,2,120,19000000,en,Action,Action|Comedy|Crime|Thriller,4,US,2,Cf4478484|Cdb23ffd3,32,20,True,Kf01a1f7b|Kb1aa9b34|K2a89ee7a|K31249f48|Kc2b726dd|K2e0aac28|Kb88365f6|K7652162c,Pf5e36785|P27021ad5|P5d357b0a|P5f24fdc3|Pc21fb361,Pbac03e2c,141407024.0
M0ca039b9,Blue in the Face,1995,3,85,2000000,en,Comedy,Comedy,1,US,2,Cf8f92f7f|C87a9db52,20,19,True,K67e926d8|K7299ac49|Kb6fe7d16|Kaa312beb|Kd72f95be|Kd3103f62,Pfb649c8d|P24cdf969|P977f7843|Pa3208662|P64f6a790,Pe7321f2e,1275000.0
M4e24f276,Canadian Bacon,1995,2,90,11000000,en,Action,Action|Comedy,2,CA|US,1,C3686df5f,17,12,False,,P090e9526|Pe5979b1f|P1f958071|P81a0406b|P169f8736,Pac4ce1e3,178104.0
M4f9aae1a,Clockers,1995,3,130,25000000,en,Mystery,Mystery|Crime|Drama,3,US,2,Cd7a83b16|C1b1533bd,78,3,False,Kd27d9254|K4a10d49a|Kd9198f5a|K80de1d62,Pfb649c8d|Pb8e19397|P1b3c94e0|Pec4fcf4a|Pd7c666b9,P1e91a320,13071518.0
M18778180,Congo,1995,2,110,50000000,en,Action,Action|Adventure|Drama|Mystery|Science Fiction|Thriller,6,US,2,C6146f42e|Cfaf731e1,21,9,False,K427fb8c0|Kc883c884|Kba48be94|K5dd10013,P94e5548f|P6f7e0aad|P382259a2|P052dcd1b|Pe90e2638,P7807fafd,152022101.0
M22a5dba9,Desperado,1995,3,105,7000000,en,Thriller,Thriller|Action|Crime,3,US,2,Cf4478484|Cd7587903,16,20,True,K40b67ad5|Kd0e4cf1e|Kc2ed15d1|K3e04d489|K2e209934|K46624ba5|K60686471|Ke7dde3b3,Pd761e806|Pb48255ea|P6da998d1|Paa3b8e0f|Pa887b05b,Pf41db032,25405445.0
M22b24c56,Devil in a Blue Dress,1995,3,100,27000000,en,Drama,Drama|Mystery|Thriller,3,US,2,C6dfc8237|C52c0863d,11,8,False,K1bd25b98|K35fbf0b0|Keb5e7681|K4642261b|Kf942685d|K496d2cff,Pbbc37df2|P575dda13|P07d171ba|P57744027|P718ae485,P2678121e,16140822.0
M9f865437,Die Hard: With a Vengeance,1995,2,130,90000000,en,Action,Action|Thriller,2,US,2,C6cbfdb5c|C4ca4dc32,17,49,True,Kf10ad044|K938b3f55|K71840e6c|Kc5b65b8c|Kb1aa9b34|K7e1398ba|K68d34ab1|K253334af,Pbc324a94|P3af08c02|P5eab90f9|P38ce8e67|P8a66a187,P1e488480,366101666.0
M0d6a2bfe,First Knight,1995,3,135,55000000,en,Action,Action|Adventure|Drama|Romance,4,US,2,C52e61c78|Cacbf20a3,16,16,False,Ka9499b74|Kbdce27e1|K5074ac49|K8e2e5302|K91f4d6e3,Pf77f8198|Pb8c4c754|P2c01bfde|P98b75b90|P4065054b,P577eabec,127600435.0
M76691692,Hackers,1995,3,105,20000000,en,Action,Action|Crime|Thriller|Drama,4,US,2,C7e86926f|C54932540,25,29,False,Ka7984eec|K0e89a273|K60686471|Kf8283fbe|K53ddb611|K408254ef|K68940833|Kfdbd6c92,P6a1eb854|P9e58b7cf|P85e4eff0|P20c64aeb|P496872a0,P292ea6d7,7563728.0
M3e3ef336,Johnny Mnemonic,1995,2,95,25000000,en,Adventure,Adventure|Action|Drama|Science Fiction|Thriller,5,CA|US,2,C6dfc8237|Ca490105a,38,9,False,K0df20252|K639314e0|K7f284f24|Kec8c0a6a|Kbeffdb01|K5cb04d5e|K5ba38952|K7181c167,Pee0e1556|P28e05c87|P54a2cb21|P73554210|P3a2425fc,P07301c80,19075720.0
M7e519939,Judge Dredd,1995,2,95,90000000,en,Science Fiction,Science Fiction,1,US,2,C2b01c913|C4ca4dc32,17,20,False,K82a98e31|K8e2e1632|K7f284f24|K923101f0|K49066ce6|Ke93ce105|K1069b27f|K1e9a5917,P468a604c|P938e6548|Pa9220d48|P368b385e|Pefa7481d,Pb6a93acd,113493481.0
M474eee28,Living in Oblivion,1995,1,90,500000,en,Drama,Drama|Comedy,2,US,2,C8ebf6c9b|Ca5d22391,9,6,False,K08b20374|Kd3103f62|Kd437e8b2,Pa887b05b|Pe94da565|P1dff6e01|P4233b029|P2c86490d,P74f332f4,1148752.0
Mebcd06d1,Mallrats,1995,4,95,6000000,en,Romance,Romance|Comedy,2,US,4,Cd7a83b16|Cee849d15|Cca6a6893,18,10,False,K511491fa|K01063181|K113d0352|Kced6af1b|Kbb6fd82f|Ka72ce459|K4cb1beed|K4023263b,P1f2402be|Pd861db54|Pd948a65f|P9dd775e7|Pcde62a4b,P7e090b5e,2122561.0
M2777f18d,Mighty Morphin Power Rangers: The Movie,1995,2,90,15000000,en,Action,Action|Adventure|Science Fiction|Family|Fantasy,5,JP|US,3,C6cbfdb5c|Ca43298c6|C0811365d,12,15,True,Kb27e6995|Keacf7ce1|K3ec095e0|Ka288ef2c|K338773e8|K860a8736|K2cde80c6|Kb7baf5a8,Pb3a5684b|P156c9529|Pca717cbb|P56ad4904|P85b0651a,Pa960eadb,66000000.0
M08db1071,The Scarlet Letter,1995,4,135,50000000,en,Drama,Drama|History|Romance,3,US,2,C2b01c913|C4ca4dc32,11,10,False,K1451c5af|Ke3d69bf1|K2b90a567|K07b14717|K54cbc9dd|K04b7a06e,P996ee40c|P89aa61f8|P617d4377|P53a3d6d4|P8f9e76a5,P4f37dfbb,10382407.0
Mf37dd382,Showgirls,1995,3,130,45000000,en,Drama,Drama,1,FR|US,3,C7e86926f|C9e97568d|C94b9734c,23,9,True,K075bd6d3|Ka7984eec|Kc104d05a|K5f0ed95f|K0de19f1e|Kfbb0c1ef|K934d2ffa,Pe66d05dc|P5aff1494|P592d3fa5|P5f142826|P94602cc1,P41054a7e,20350754.0
M72f252e5,Smoke,1995,2,110,7000000,en,Comedy,Comedy|Drama,2,DE|JP|US,1,Cf8f92f7f,14,11,True,K67e926d8|Ke13d43a2|Kb6fe7d16|Kd72f95be|K44477ab9|Kd3103f62|Ka43fbb3a,Pfb649c8d|P9cf8177c|Pdaba1495|P71ca8755|P48ce7d00,P72bf73a1,8349430.0
M5db83107,Species,1995,3,110,35000000,en,Science Fiction,Science Fiction|Horror|Action,3,US,1,C1e53a163,53,43,True,Kc3529256|K83f5b2e6|K3788e79b|Kd76cca5b|Kb7f08f16|K710f87ef|K4d0bc3a5|K5ef5e3d1,P71423043|P6abc1229|Pc05fd874|P9d25dde1|P52cbfc7b,Pebd97e65,113374103.0
M61c12819,The Tie That Binds,1995,3,100,14000000,en,Thriller,Thriller,1,US,3,C2b01c913|C3686df5f|Ceafcc337,39,28,False,,Pa85a1840|P6cb36b8b|P0db79b0e|Pc0bb3cc0|Pee0a25c9,Pa1f2cfc5,5780000.0
M8a31127a,A Walk in the Clouds,1995,3,105,20000000,en,Drama,Drama|Romance,2,US,2,C6cbfdb5c|Cc33a8865,8,58,False,K230a811e|Kd53a9095|Keec6e143|K71bf1fc9|K07b14717|Kb890b505|K352989af|K1041f6f3,Pee0e1556|P64ecfaa2|P5e21fbbd|P7281f51e|Pa972fadb,P8222c058,50012507.0
M08b75983,Waterworld,1995,3,135,175000000,en,Adventure,Adventure|Action,2,US,4,Cd7a83b16|C8641b7c6|C98c258fd,15,116,False,K709db681|K666856dc|Ka6194240|Kee9373a7|K7f284f24|K76b36f3e,P02f4f983|Ped8a32a4|P82ae6508|Pa8b6bba6|Pafcefb74,Pb79c9a4e,264218220.0
Md20bc343,Burnt by the Sun,1994,2,135,2800000,ru,Drama,Drama,1,FR|RU,3,Cc94eefdc|Caae830d1|C0e7950b8,6,23,True,Kb1b2d050|Kc59e0c92,P52b85d61|Pa0930f64|P2f8d81b8|P023d0e29|Pbbeff538,P52b85d61,2616503.0
Mbef8c3cd,Billy Madison,1995,1,90,10000000,en,Comedy,Comedy,1,US,1,C5b8bb18d,17,30,False,Kcbf64eb9,Pc82d1114|P8958ca6d|P4c184363|P42e2f615|P425c6938,P75eb84c2,26488734.0
M96672806,Boys on the Side,1995,1,115,21000000,en,Comedy,Comedy|Drama,2,FR|US,5,Cc2c73c36|C82fd76cf|Cc94eefdc,6,10,False,Kf6118f7e|K696d8a88|Kc1abf13e|K9b138983|K5011ba81|Kc5c53ac8|K683aa1bf|K66331d63,P9bab5900|Pd4a36cd3|Pe0243597|P9d278739|Pfe3caa99,P640b5254,23450000.0
Mee9bac55,Clerks,1994,3,90,27000,en,Comedy,Comedy,1,US,2,Cf8f92f7f|C71ce43ef,15,7,True,K3050fd05|K8c5bcd8a|Kfcbf608c,P8c09e3e1|Ped4e8b25|P6d1560b2|P7e090b5e|P0254b92f,P7e090b5e,3151130.0
M14ab6f93,Disclosure,1994,4,125,55000000,en,Drama,Drama|Thriller|Crime|Mystery|Romance,5,US,2,C3e7bdc8f|C0c781e22,12,6,False,K4212c4c9|Kd3c6a63a|K8a4d0366|K19167eeb,P9485f066|P996ee40c|P38ab614f|Paa341d84|Pc3611227,P88a4894e,214015089.0
M4a18f6c4,Dumb and Dumber,1994,4,105,16000000,en,Comedy,Comedy,1,US,2,C6988cd6a|Cfd244a2b,80,85,True,Ke63eacc3|K7f49c806|Kf3892b74|K0ed44ab9|K50ef5f33|Kfdbd6c92|K77f07430|K3c6f9488,P3831e867|P63cebd80|P4213ff6a|P56e97dab|P9201c7f3,Pbb4b74b4,247275374.0
M8893f575,Ed Wood,1994,3,125,18000000,en,Comedy,Comedy|Drama|History,3,US,1,C0532621e,68,52,False,Kab720d41|K938b3f55|K22101519|K6898ee8b|K2363d16c|K4e49a65a|Kd72736af|K3de6ce2f,Pd34c4eab|Pf5453513|P95b0bcf1|P9e148a63|P7dbbc0cd,P9059d147,5887457.0
M27c476ff,Hoop Dreams,1994,3,170,700000,en,Documentary,Documentary,1,US,2,Cbe498e61|C3ce32611,3,3,False,K018324f1|Kc21d23ee|Ka40b6003|Ka3337f91|K94571983|Kdc87c7d5|K24762420|K329b0b67,P8b3bca16|P48cb2d72|P47c346f5,P47c346f5,7830611.0
M8e0d559e,Houseguest,1995,1,115,10500000,en,Comedy,Comedy|Family,2,,2,Cc183f0d8|C2b01c913,8,1,False,,P2b354cb4|P7f4df868|P7dbbc0cd|P6c9dedd8|P303dbd7e,P5b48a305,26325256.0
Mb7eb03b0,Interview with the Vampire,1994,4,125,60000000,en,Horror,Horror|Romance,2,US,1,C0ba73b2b,15,18,True,K24eec40f|K2c1bbb24|Kffb9e482|K59820160|Kb4b8adec|K6e6dc8aa|Ke12f48a1,Pc5fe07a1|P13cbd053|Pfe6d4c3d|Pd761e806|Pd9f4bddb,Pa29f92aa,223664608.0
M230ae62d,Junior,1994,4,110,60000000,en,Comedy,Comedy|Family|Romance,3,US,2,Cd7a83b16|C373dbd1c,66,9,False,K808b4a33|K6fb501d0|K5040a05c|K07b14717|Kdbe6d9ae|K6d28c684|K5c5e64c2|Kbcd5c034,Pf3b2f25f|P6f263068|Pe3b4e9ba|P7985ee27|Pe9702014,P069fb67f,37000000.0
Mf671a09f,Legends of the Fall,1994,4,135,30000000,en,Adventure,Adventure|Drama|Romance|War,4,US,3,C29177e10|C6dfc8237|Cc5a9c801,25,17,False,K2b5d957d|Ke1a7ed2f|K1451c5af|K7be894cf|Kba02ba4a,Pc5fe07a1|Pdff627c7|Pc4f599c9|P2c01bfde|Pcd0db3b0,Pe91fb048,160638883.0
Mc13299a6,Losing Isaiah,1995,1,105,17000000,en,Drama,Drama,1,US,1,C6146f42e,10,7,False,Kede84157|K24e26ceb|K60561435|K1451c5af|K67e926d8|K808b4a33|Kf68ba392|K65612631,P2bab004c|P1de24948|P8e1bdae6|P5eab90f9|P091308ba,P169004a0,7603766.0
M1f69e1ec,Mary Shelley's Frankenstein,1994,4,125,45000000,en,Drama,Drama|Horror|Science Fiction|Romance,4,GB|JP|US,2,C947c3de9|C6dfc8237,20,15,False,Kd0f4a611|Kd309184a|K71bf1fc9,Pd9604827|P39fc9765|P7e654060|Pe42cb422|Pc4f599c9,P39fc9765,112006296.0
M6b13a1e4,Nell,1994,4,110,31000000,en,Drama,Drama|Thriller,2,US,3,C6cbfdb5c|Cfb6db1a6|C3686df5f,26,15,False,K0167559b|K88847b06|K0a1d0305|K2691884d|K11e84da5|K15581602|Kfec77ccf|Kd0196534,P312369ee|P1b4a1135|Pfecb726a|Pda6304be|Pc0a19ca8,Pbc390e3a,106683817.0
M1f7fe47b,The Perez Family,1995,2,115,11000000,en,Comedy,Comedy|Drama|Romance,3,US,1,C3efdc80d,7,19,False,K3b0680c6|Kd3103f62|Kcbf64eb9|K31e23371|Kedac95a1,Pacdffa16|P9d25dde1|P8c0c45c1|P73fb972b|P14921bd0,Pa1451aed,2832826.0
Ma477af76,Pulp Fiction,1994,3,155,8000000,en,Thriller,Thriller|Crime,2,US,3,Cf8f92f7f|Cd77377a4|Ca1800b09,54,87,False,K8e05e851|K50d76002|Kcf15988c|K53c130d2|K0fd63776|K8c743011|K2e975c63|Kb4061e77,Pe91449f5|P5eab90f9|P8a49c60a|Pbc324a94|P8b839607,Pa480d3d3,213928762.0
Mdaabed61,The Quick and the Dead,1995,1,105,32000000,en,Action,Action|Western,2,JP|US,1,C6dfc8237,16,10,False,K40b67ad5|K9a16fa02|K7f25384f|Ka82ab652|Kf27a41b9,P1157c526|Pa3cf7c55|Pf4bdfa1a|P2cb99efe|Pa07d485f,Pb8906202,18552460.0
M11fd94b9,Roommates,1995,1,110,22000000,sv,Drama,Drama|Comedy,2,US,3,C2b01c913|Ceafcc337|Cc5f9ba9c,6,1,False,K0f3b9cda|K696d8a88|K17651dd4|K8ededc31|K51431265|K4b112d80|K95858f76,P83cb9f56|P6562d69e|P62eda3c0|Pce96e08a|P42b9d773,P46951a6d,12400000.0
M0ac56fe8,Prêt-à-Porter,1994,4,135,15000000,en,Drama,Drama|Comedy,2,US,1,Cf8f92f7f,47,14,False,K24eec40f|Ke7253a00|K30c774bd|K8adfda3c|K2a6a35c0|Kabee8c9c|K38c4967a|K8be79513,P48801423|P7aab042d|Pf2bee9c1|Pfbae547e|P59339049,P513294b5,11300653.0
M6bea565f,The Swan Princess,1994,4,90,35000000,en,Animation,Animation,1,US,1,Ceb75e15d,13,75,True,Ke5d6abed|K59e83c54,P6ec4b078|P0031593b|Pea25fd75|P00c082cc|P82b66701,P9310744e,9771658.0
M3d8a9e7d,The Specialist,1994,4,110,45000000,en,Action,Action|Thriller,2,PE|US,3,Cc1d82aa3|C3e7bdc8f|Cc1878a4e,12,14,False,K18f7c353|K9a16fa02|K065bc971,P468a604c|P1157c526|Pb303b271|P142a8978|P3a9dba0c,P1006fc1c,170362582.0
M99dd21dd,Stargate,1994,4,120,55000000,en,Action,Action|Adventure|Science Fiction,3,FR|US,3,C486ae29a|C668b01c5|Cb2a3330c,15,30,False,Ka96b9d40|K16d71dad|K53d67835|K96ee48e5|K20552824|K69d7c3bb|K59174898|K358ad3d2,P6265995c|P20c40fce|P018311bf|P9e029085|P5df0bd1d,P916a7de7,196567262.0
M789a6fd7,The Santa Clause,1994,4,95,22000000,en,Fantasy,Fantasy|Drama|Comedy|Family,4,US,2,C72b723b8|C2b01c913,11,8,True,Kedb0ba53|Kfee0b656|Kcf3c4678|Kc98923f1|K3e780b2a|K399ba99f,P7e44f8c4|P199df314|P6ed0a6d2|P2774546c|P80529898,Pa0993989,189833357.0
M5dbedd50,The Shawshank Redemption,1994,3,140,25000000,en,Drama,Drama|Crime,2,US,2,Ce4e76224|C3e7bdc8f,42,90,False,K526fab99|K9df93747|K51852249|K48867b76|K1106c828|K11e5a0ad|K62f81ba2|Kf0fe80a5,Pb494fa6f|P9c10a86e|P16cc83fc|P4df2dcb4|Pde6945ab,P07c43f5f,28341469.0
M20496711,Tales from the Hood,1995,2,100,6000000,en,Crime,Crime|Horror|Thriller,3,US,2,C1b1533bd|C9649500d,30,9,False,K526fab99|K24e26ceb|Kbfa5aa02|K51852249|Ka40b6003|K1b65a087|Ka0eac085|K35fbf0b0,Pf8e011ff|Pa4aec2b2|P49a53d82|P3fb96836|Pa48cd707,P2dfecabd,12000000.0
M51bb7043,What's Eating Gilbert Grape,1993,4,120,11000000,en,Romance,Romance|Drama,2,US,1,C6146f42e,25,3,False,K2b5d957d|Kd45f1817|Kfc0dc7bb|K56c900d4|K8d86fd42|Kd3103f62,Pd34c4eab|P2cb99efe|Pe8e35f2f|P6a759e18|P585b87be,P2fb3774a,10032765.0
M0b41373d,Virtuosity,1995,3,105,30000000,en,Action,Action|Crime|Science Fiction|Thriller,4,US,1,C6146f42e,11,8,False,K497a09fb|K267cc427|K6e84f4a0|K752e05e1|K53ddb611|Kdea39ed5|K6b97aafa|K49201aa1,Pbbc37df2|Pf4bdfa1a|P7d97d382|P2d788f62|P57bc13cd,Pfef1547a,24048000.0
Mfba5fe3b,While You Were Sleeping,1995,2,105,17000000,en,Comedy,Comedy|Drama|Romance,3,US,2,Cc183f0d8|C2b01c913,10,8,False,K2b5d957d|K018324f1|K45d12a23|K253334af|K0b2e661a|K09d6b411|K03142960|Ka69f7dd5,Pbf6fd3c6|P4821cb9e|P41e13138|P80529898|P5e393724,Pbe6a4304,182057016.0
M3d6fa09d,Muriel's Wedding,1994,3,105,3000000,en,Drama,Drama|Comedy|Romance,3,AU|FR,3,Caa2ac8c4|C5dc5568e|Cc9d5f33b,14,12,False,Kab720d41|K126f9f16|Kf8baada2|K1a87caf7|K0b2e661a|K39a824af|Kbb29e96c|Kd9b34922,P174e117d|Pdfaa3f30|P5e91d232|Pb9bd14fd|P67fe9f07,Peeca9d3a,15119639.0
M54ba25ca,Ace Ventura: Pet Detective,1994,1,85,15000000,en,Comedy,Comedy|Mystery,2,US,2,C3e7bdc8f|C8679e149,19,10,True,K586700a1|K1b52480d|K4642261b|Ke7d1a87b,P3831e867|Pb6de0c5b|Pe44cf61d|Pc5268755|P3f4b20e4,P24e6c418,107217396.0
M7973d792,Bitter Moon,1992,3,140,5000000,en,Thriller,Thriller|Drama|Romance,3,FR|GB|US,6,Cbe498e61|C2af01684|C52e61c78,13,33,False,Kb8ac4260|Kc9b037e6|K41adc54e|Kcc094e84|K2ee7e204|K52d403a5|K7cc2b640|Kd345f6ab,P3f407781|P5264c9ae|P510fb9cb|P355cfb59|Pbab1c46e,Pc5c7a3cb,1862805.0
M6a431b56,Clear and Present Danger,1994,3,140,62000000,en,Action,Action|Drama|Thriller,3,US,2,C6146f42e|Cfe5673c8,18,85,True,Kb722db6a|K33b2d0b2|Kc2ed15d1|K4d54a5a1|K7e1398ba|K1451c5af|K2b746c3e|K0c24b3e3,Pfa43d9be|P9a2edffb|P96d6bc26|P6da998d1|P361cb6be,Pc29be49f,215887717.0
Md9e614b6,The Crow,1994,2,100,15000000,en,Fantasy,Fantasy|Action|Thriller,3,US,5,Cf8f92f7f|C2728c38c|Cfc82fe3e,16,25,True,Ke7186c43|K76317265|K549c4579,P56c53ef5|Pdee97a87|P382259a2|P77f5af5c|Pf74cceaa,P8ebfac63,94000000.0
M036bd59c,The Flintstones,1994,2,90,46000000,en,Fantasy,Fantasy|Comedy|Family,3,US,3,Cd7a83b16|C9710581c|C2a1fb829,15,31,True,K98810218|K70733318|Kfd51d2bf|K1624771e|K8363a7bc|Kcfa763a9|K4e9d06e4|K5011ba81,P7f88be6e|Pb4712fa7|Pc04911e1|Pb694a2f6|P5aff1494,Pe47f6a92,341631208.0
M0861b6b3,Forrest Gump,1994,3,140,55000000,en,Comedy,Comedy|Drama|Romance,3,US,1,C6146f42e,66,131,False,K5d61d33a|K6fb75ba3|Kd45f1817|K34c58965|K1451c5af|K853fc10a|K4d3b896d|K5011ba81,Pd8b30691|Pe0da2446|P4b3bad5f|P6b0ba4af|P05a50f1e,P32776b6f,677945399.0
Ma8941225,Four Weddings and a Funeral,1994,1,115,6000000,en,Comedy,Comedy|Drama|Romance,3,GB,3,C002f977c|C3686df5f|C0110c455,29,13,False,K615ad2f5|Kb3ea3038|Ka06fb66f|K7c6da98e|Ka9a9e534|K0b2e661a|K50e22a50|Kbe6fb52c,P3f407781|P23ac6758|Pb9d20a64|P7c17c96b|P3b9da51e,P0fe87622,254700832.0
M736311b6,I Love Trouble,1994,2,125,45000000,en,Action,Action|Comedy|Romance,3,US,2,Cc183f0d8|C0532621e,16,26,False,K29e6a2b4|K49e3220f|K8be79513|K572d08ce,Pe28239f5|Pb66f2563|P02309895|P9195777d|Pa6a4911b,Pb8c26bc4,61947267.0
M19964587,The Mask,1994,3,100,23000000,en,Romance,Romance|Comedy|Crime|Fantasy,4,US,2,C6988cd6a|C9a28f4be,16,14,True,K06357137|Kd95b93ea|K6d1841c9|Ka01ee33f|Ke852de68|Kcf0a200e|Kbedada4e,P3831e867|P955f54ab|Pdf0afcca|P7eb687dc|P277f8209,P4908e927,351583407.0
Mc0302a1c,Red Rock West,1993,3,100,8000000,en,Crime,Crime|Drama|Thriller,3,US,2,C757257b9|C3686df5f,15,12,False,K27d5bfeb|K56b6b770|Ke7dde3b3|Kfa837964|K496d2cff,Pa2178ef1|P0fbbf0cd|P945ee9f5|P13dc1a8a|Pe421f1c0,Pcb706474,2000000.0
M1685b03b,Speed,1994,2,115,30000000,en,Action,Action|Adventure|Crime,3,US,1,C6cbfdb5c,58,10,True,Kf10ad044|K31249f48|Kfd546110|K276df420|K3d4cce0d|K501d0f59,Pee0e1556|P0fbbf0cd|Pbf6fd3c6|P97289d7c|P63cebd80,P3f654400,350448145.0
M616d4773,Timecop,1994,3,100,27000000,en,Thriller,Thriller|Science Fiction|Action|Crime,4,JP|US,6,Cd7a83b16|C95ccbb8a|C9a28f4be,15,15,True,K1308518c|K804bfd5b|K921968c0|Kc4e63391,P7ff40d0f|P24c712b8|P4b4903cd|P74d6ac27|P893abeab,Pc2c37f32,101646581.0
M76ac1f50,True Lies,1994,3,140,115000000,en,Action,Action|Thriller,2,US,2,C6cbfdb5c|Ccec7fdeb,10,23,False,K33b2d0b2|K4d2febdc|K841cd429|K01c1572d|K9136e8a9|K2effcf2e|Kc26da15a|K742bd1e5,Pf3b2f25f|Pdd6d0097|P5010bf75|P0fd4f855|P9d14f05e,P98706d3f,378882411.0
Ma5300834,Wyatt Earp,1994,2,190,63000000,en,Drama,Drama|Action|Western,3,US,4,Cceaa5a41|C3e7bdc8f|C3434cd13,24,18,False,K40b67ad5|K8341e452|K27d5bfeb|K30848e7a|K70912432|K4e148615|K249af4ee|K62a18885,P02f4f983|P967c7ac4|Pa3cf7c55|P4afefc3a|P23fb93cb,P9414e168,25052000.0
Mea185e7b,A Low Down Dirty Shame,1994,4,100,10000000,en,Action,Action|Comedy|Crime,3,US,2,Cc183f0d8|C2b01c913,40,2,False,K4869d83d|Kc55de717|K3c6f9488|Kd9198f5a|K4642261b|K816ac374,P7770f184|Pee130dfa|P94cdbb6d|P6944d8f6|Pda36baad,P7770f184,29392418.0
M3d094f8f,Jason's Lyric,1994,3,120,7000000,en,Crime,Crime|Drama|Romance,3,US,0,,9,2,False,Kd47abffe|Kaa58a17c|K9d42ff64|K00ec1e33,Pc92bcf8d|P94cdbb6d|P6e45ab8d|P515104d3|Pb6d269c7,P6214b665,20851521.0
M345a7d46,Street Fighter,1994,4,100,35000000,en,Action,Action|Adventure|Thriller,3,JP|US,2,Cd7a83b16|C52374e12,14,18,True,K9388831d|K1308518c|K8b8060e4|K631a98f4|K90d5865e|K652a2368|K79f49190|Kb4e75fa3,P7ff40d0f|Pfded7e8e|P096545bd|P9888e9c0|P90e8e310,P62017cc7,99423521.0
Macfcd412,Highlander: The Final Dimension,1994,4,100,26000000,en,Action,Action|Fantasy|Science Fiction,3,CA|FR|GB,4,C2d7a6feb|Cbad8013b|C6a012334,8,5,True,K94d1fa6a|K33e09618|K866dc592|K39ce92f8|Kada182b8,P67b39fba|P01a56f32|Pf9ed26ed|Pc58901fa|P9bea2db0,P67d0358f,36800000.0
M8d237912,In the Mouth of Madness,1994,4,95,8000000,en,Horror,Horror|Mystery|Thriller,3,US,1,C6988cd6a,12,13,False,Kc5a122eb|K3788e79b|K56330ef9|K23578550|Kca0f1cb3|K6b5f9b7d|K64dee69a|K77830caa,P5a9109c6|Pb3cb1b53|Pefa7481d|Pe4ff6d5f|P441ca639,Pb803aa28,8946600.0
Meac30518,The Age of Innocence,1993,3,140,34000000,en,Drama,Drama|Romance,2,US,1,Cf4478484,24,8,False,K615ad2f5|K33e09618|K02bd59a8|Ka748ee88|K7da32c41|Kb318e1c8,P38ff2ca0|Pe39be12b|P11a199f3|P02789478|P734493d0,Pc1b16bc3,32255440.0
Me90ba25d,The Air Up There,1994,1,105,17080000,en,Comedy,Comedy|Family,2,US,6,C2b01c913|C3686df5f|Ceafcc337,13,22,False,Kdc87c7d5,P2aace9ed|P7b591dee|P666e8341|Pd749ae79|P25c55b17,P2fe4ff13,21011500.0
M5f503df5,Beverly Hills Cop III,1994,2,105,50000000,en,Action,Action|Comedy|Crime,3,US,2,C6146f42e|C32d2aa83,23,14,True,Kb1aa9b34|Kb7b43807|Kfaf8071d|Kc7daf488|K011bc215|K3802909b|K19a14feb|Kb8281719,P1c7f1d9d|P199df314|P06f53013|Pd0a9cc35|Pe421f1c0,Pad9f80ca,119208989.0
M7e5dfa53,A Bronx Tale,1993,3,120,22000000,en,Drama,Drama|Crime,2,US,2,Cc01849d5|C9649500d,31,45,False,K8341e452|Kcf7d212b|Kfe6fb0dc|K8b52126e|Kba26f7b4|Kdc3fd4cb|Kac61b270|K8ededc31,Pd9604827|P73fb972b|Pae01d2a7|Pb8bc1463|P37e84d3f,Pd9604827,17287898.0
M6f5ff321,Calendar Girl,1993,3,90,13000000,en,Drama,Drama|Comedy,2,US,2,Cf4478484|Cc73080c1,8,2,False,K1fc61028|K666856dc|Kc2b5e04a|Kcf7d212b|Kfbde6d20|K8094c578|Ka3337f91|K8c338b0d,P049ada7c|P0fc0d06a|Pc8bb09f1|Pc21fb361|P5e8d3f15,P3f2267f6,2570145.0
M29c87bc9,Carlito's Way,1993,4,145,30000000,en,Action,Action|Crime|Drama|Thriller,4,US,3,Cd7a83b16|C31d74181|C5eb685cf,63,40,False,K526fab99|K4603cffd|K19e830e2|Kd0c73b68|K4d11b60f|Keec6e143|K6c8b4261|K3c6f9488,P13753a9d|Pd76d11b5|Pa5ea289b|Pcd89be8e|P46c92bf7,Pb1ee92f6,36516012.0
M2b018f81,Cliffhanger,1993,2,110,70000000,en,Action,Action|Adventure|Thriller,3,FR|IT|US,6,C6dfc8237|Cc94eefdc|C94b9734c,15,29,False,Ke09d99ff|K080ff791|K877e62a3|Kf00c2125|K75027d8b|K07eb013a|K25419d9e|K9bddb5a5,P468a604c|P30546c37|P12f4936d|Pf9b05369|P24f4627c,Pc9ab0a9c,255000211.0
Mf4c33a88,Dazed and Confused,1993,3,100,6900000,en,Comedy,Comedy|Drama,2,US,3,Cee849d15|C0c83f62b|Cfed10159,17,8,False,K4603cffd|Kf6d4d5a6|K25a3086d|K8992c8bc|K6878063f|K37228ca6|K8e4844b2|K54cbc9dd,P3b1bf6d0|Pbee14a5f|Pd49e0e63|P090e7c4e|P003a3157,P6f0ffd49,7993039.0
M1ae2d45b,The Firm,1993,2,155,42000000,en,Drama,Drama|Mystery|Thriller,3,US,3,C6146f42e|Cb99e3e4b|C98c258fd,22,19,False,K4869d83d|K03618637|Ka4864c46|K7da32c41|Kcac8beac|Kbc999ca7,P13cbd053|Pb9a2295a|Pa3cf7c55|P281a5f82|Pceb538c7,Pe1f0e7d0,270248367.0
M55958c47,Free Willy,1993,3,110,20000000,en,Family,Family|Adventure,2,FR|US,5,C2418e9a7|Cc2c73c36|C82fd76cf,15,11,True,Kf68ba392|K68678f4b|K7b913106|K682d5a03|K16a5fc70|Kc9e5c2e6|K6de58ed8|Kfcbf608c,P9b1bc192|P361b6a9f|P331d95fc|Pc05fd874|P1b1ad425,P52d7dfcc,153698625.0
Mc2574114,The Fugitive,1993,3,130,44000000,en,Adventure,Adventure|Action|Thriller|Crime|Mystery,5,US,1,C3e7bdc8f,62,31,True,K018324f1|K2e209934|Kb7b43807|K00a3957c|Kc9a8da86|K91200feb|Kc68e0ff3|K00ee119f,Pfa43d9be|Pb23773f6|P86bb3b10|P62eda3c0|Pc21fb361,P5f0866de,368875760.0
Mf16a1da6,Geronimo: An American Legend,1993,4,115,35000000,en,History,History|Action|Drama|Western,4,US,1,Cf4478484,31,50,False,Kbb64ae8e|K249af4ee|K58cd70ff|Kaf47a35d|K3d452d40|Ka1aa0335,Pee263a29|P9a9b45b1|Pa3cf7c55|P617d4377|P9d23789b,P53cf60a7,18635620.0
M797c63e0,Hard Target,1993,3,95,18000000,en,Action,Action|Adventure|Crime|Thriller,4,US,3,Cd7a83b16|C95ccbb8a|Cca6a6893,16,43,True,K649efc2b|K13a62eac|Kf0583ab8|K9bddb5a5|K0a996b17|K58f0e4c0|K4c4c7068|K152de4e8,P7ff40d0f|P2407f86e|P30683d6f|P2bf16268|P852d93da,P26bdbec9,74189677.0
Mff8f6634,Hot Shots! Part Deux,1993,2,85,25000000,en,Action,Action|Comedy|War,3,US,2,C6cbfdb5c|C97253405,13,14,True,K53b55802|K742bd1e5|K631a98f4|K77debe27|Ka9306de8|K218aa488,P79a733fb|P3611d0c5|P12ad114d|P3a2fa534|P62db77cb,P7b542954,133752825.0
Mcb77d8cf,In the Line of Fire,1993,3,130,40000000,en,Action,Action|Drama|Thriller|Crime|Mystery,5,US,2,Ce4e76224|C52e61c78,40,36,False,K4d54a5a1|K52525103|K34c58965|Kfb526a76|K2b746c3e|K798d1d58|Kbc3b124f|Kb68093b1,P6f65c5ac|Pc3561a4c|Pefca9620|P56441ff2|P66b17666,P2207a9f9,176997168.0
M058b1f69,In the Name of the Father,1993,4,135,13000000,en,Drama,Drama,1,GB|IE,2,Cd7a83b16|Ce5055c34,58,55,False,Kf10ad044|K526fab99|Kcf7d212b|K1451c5af|K4603cffd|K4385ab38|K648bad42|K93285900,P38ff2ca0|P3a9b8c1a|Pe3b4e9ba|Pf0ffc4dd|P0d7d54b0,Pae05ef05,65796862.0
M93f980cc,Kalifornia,1993,3,115,9000000,en,Thriller,Thriller|Crime,2,US,2,C757257b9|Cad0e6373,11,40,False,Kc2b5e04a|Ked493fb4|K00b0e1a7|K63569927|K3d4cce0d|Ka2122fa4|Kc9b63ab4,Pc5fe07a1|P301fb6b8|Pe8e35f2f|Pa333d7a1|P400c1c86,P20292b82,2395231.0
M1c23136b,Killing Zoe,1993,4,95,1500000,en,Action,Action|Crime|Drama|Thriller,4,FR|US,1,Ca5a87110,11,7,False,K24eec40f|K1199c976|Kc5b65b8c|Kcca842bb|Kf6118f7e|Kd95b93ea|Kc42414c8|K8b8060e4,P37948f21|Pe3fffc54|P51b0cbac|P6917bb81|P635c28e2,Pccdc8b12,418961.0
Md1a09c21,Last Action Hero,1993,2,130,85000000,en,Adventure,Adventure|Fantasy|Action|Comedy|Family,5,US,2,C52e61c78|C291f178b,22,97,False,K79547cd1|Kdd969d43|Ke0dd090a|Kb7ec3d9c|Kc2c6b5b4|K0faad7f4|K56020788|Kc84e8cc3,Pf3b2f25f|Pe58beed0|P624840d7|P471cda5c|Pe4d23bd8,P1e488480,137298489.0
M4130f35a,Manhattan Murder Mystery,1993,3,105,13500000,en,Comedy,Comedy|Mystery,2,US,1,C6dfc8237,24,35,False,K011bc215|Ka646ca77|Kd3103f62|K251f030c|K7baadc18|Kf18577b8|Kb0497e5d|K047650e4,P23c41cec|P581ee292|P00ea316f|Pe5979b1f|P8c0c45c1,P23c41cec,11285588.0
Me6003d9d,Menace II Society,1993,2,95,3500000,en,Drama,Drama|Action|Crime,3,US,1,C6988cd6a,12,8,False,Kfe6fb0dc|Kcf15988c|Ka40b6003|K3802909b|K83e592e6|Keb5e7681,P9335dea1|P23ca8104|P5f142826|P94cdbb6d|P5eab90f9,P58d0ade0,27900000.0
Mb42dac63,Executive Decision,1996,1,135,55000000,en,Action,Action|Adventure|Drama|Thriller,4,US,2,Cd36ef9f0|C3e7bdc8f,18,22,False,Kf10ad044|Ke0fff442|K8b8060e4|K877e62a3|Kf00c2125|K1fb9bd84|K11ee75e7|Kf743e542,P6265995c|Pe756e8b3|P1de24948|Pcd89be8e|Pefdc98ca,Pe6ed9ce6,121969216.0
Ma37a79a6,Mrs. Doubtfire,1993,4,125,25000000,en,Comedy,Comedy|Drama|Family,3,US,2,C6cbfdb5c|C22f56d50,25,21,False,K2c1bbb24|K01084bd3|Kc0bb51b1|K02d5ed5f|Kf3f28ea8|K1e334f94|Kd0c9a59a,P8b29037b|P05a50f1e|Pc745bfc7|P5dcef6b2|Pa9844480,P17f6230f,441286195.0
Mbfaf59ca,The Next Karate Kid,1994,3,105,12000000,en,Adventure,Adventure,1,US,1,C52e61c78,15,8,True,K1308518c|K126f9f16|Kea685510|K9a16fa02|K735486fa,Pb15a65f1|Pc23204e6|P36374ee9|P2628837f|Pb2bec427,P1f20dd5f,15826984.0
M3d1d9566,No Escape,1994,2,120,20000000,en,Action,Action|Drama|Science Fiction|Thriller,4,US,4,C52e61c78|C52706ed5|Cd2629222,34,62,False,K526fab99|K566c4248|K00ee119f|K7f284f24|Kd2fb819d|K66331d63|Kb2c2fb55|Kaa64d9a2,Pb3dd3313|P30683d6f|P5df4956a|P1f784840|Pae6194af,P61003287,15340000.0
M4b0ba7de,A Perfect World,1993,4,140,30000000,en,Crime,Crime|Drama|Thriller,3,US,2,C27c08183|C3e7bdc8f,29,14,False,K8b8060e4|K62f81ba2|K72c5ca2f|Ke85c2396|K44c61762|Ka08a09e6,P02f4f983|P6f65c5ac|Pbdc89d4d|P502e800a|P42e2f615,P6f65c5ac,135130999.0
Mc30d7117,The Piano,1993,2,120,7000000,en,Drama,Drama|Romance,2,NZ|AU|FR,4,C95e99b61|C2b2aaf0f|C6e4be243,15,7,False,Kde32259e|K866dc592|Kede84157|K06ec2ec0|K96bcf62d|K70733318|K8e1a72e9|K03b817d9,P281a5f82|Pfb649c8d|P5a9109c6|P0f48151a|P92c82f6a,P3629bf08,116700000.0
Mb03c83c0,The Ref,1994,1,95,11000000,en,Comedy,Comedy,1,US,2,C0532621e|Cdb23ffd3,12,15,False,Kedb0ba53|Kc5b65b8c|K767e5108|Kfee0b656|K8b8060e4|K50f0ee0b|Kcf3c4678|Kfd51d2bf,Pb316026c|P63d412e7|Pf21f3bf1|P17393aef|Pfe4e247e,P6d4cea6b,11439193.0
M197b6cb5,The Remains of the Day,1993,4,135,11500000,en,Drama,Drama|Romance,2,GB|US,2,Cf4478484|Cdb17e245,33,41,False,K29e6a2b4|K505abd92|K7cf176e8|Kdc3fd4cb|Kef4eed7e|K75a8b02f|K1da57ffd|K086dc48f,Pdff627c7|Pe3b4e9ba|P563c9b6f|P50446d3c|P3f407781,P03bc2cfc,23237911.0
M94b12f45,Renaissance Man,1994,2,130,40000000,en,Comedy,Comedy|War,2,CA|US,2,C4ca4dc32|C0532621e,12,6,False,K5d61d33a|K32c2e49d|K71cc04af|Ka2e091ec|Kd1bb71e3|K51e02761|K52016c09|Kcbf64eb9,P6f263068|P40d10530|Pe7e471d1|Pfe3caa99|Pa9b8f8a4,P9c01178d,24332324.0
M43e5af03,Robin Hood: Men in Tights,1993,3,105,20000000,en,Comedy,Comedy,1,FR|US,3,C47d534f6|C6cbfdb5c|C16b8cf86,17,75,False,K55cfa8fb|K8690cdce|K77548ee7|Kd0196534|Ka37986b9|K5852d5b1|Ka9306de8|K676ae011,P70e1f767|P5649d2dd|P25e22700|P4836f470|Paf1a2f81,P51c6f6c0,35739755.0
Mf162a43b,Romeo Is Bleeding,1993,3,100,11500000,en,Action,Action|Crime|Drama|Thriller,4,GB|US,3,C0110c455|C2ecb3acf|C7ebedafa,17,18,False,K1c0e5389|K6f911408|K0d25991c|K1c044cce|Kca0f1cb3|K05558961|Kda4db9a0,P89aa61f8|Pa8013276|Pe5d35e8b|Pe8e35f2f|P3a5e8525,P2ba86b0a,3275585.0
M5f755c58,Ruby in Paradise,1993,4,115,800000,en,Drama,Drama|Romance,2,US,2,C00f5ee69|Cadb8a174,9,13,False,Kd3103f62,P89367870|P411f5540|Pf9ef183c|P31a5a56c|Pf1e51e51,P0dc64f4e,1001437.0
Mef048f5a,Rudy,1993,3,115,12000000,en,Drama,Drama,1,US,1,C6dfc8237,24,17,False,K63327ad9|K4385ab38|Kdc87c7d5|Kd47abffe|K5d89d264,P27ef56e2|Pd539ecc7|Pad073e73|P23ae2d63|P47dfcd99,P204ae83f,22750363.0
M63219ad1,Schindler's List,1993,4,195,22000000,en,Drama,Drama|History|War,3,US,2,Cd7a83b16|C9710581c,30,36,False,K47dc8a72|K37a6001f|Kcc343814|K20a126ce|K230a811e|K75a8b02f|K3135fdc2|K4385ab38,P1b4a1135|P6abc1229|P77e8a1ca|P93f0cf5f|Pec8b3ae0,Pcf894350,321365567.0
M74690efa,Serial Mom,1994,2,95,13000000,en,Comedy,Comedy|Crime|Horror|Thriller,4,US,2,C9649500d|C3d7bde03,67,6,False,Kee5de369|K8e0eb2fc|K60311f71|K92d2b88e|K35fbf0b0|Kd3103f62|Kbcbacd58,P26f99d1b|P782a82ff|Pfe563891|P20c64aeb|P87ac5f75,Pa7f6a992,7820688.0
M6127ca62,Sleepless in Seattle,1993,2,105,21000000,en,Comedy,Comedy|Drama|Romance,3,US,1,C6dfc8237,23,27,False,Kcf7d212b|K767bec4d|Ked493fb4|K0167559b|K188c501a|K44e2b16c|Kfee0b656|K0b2e661a,Pd8b30691|Pf8a6242d|P4821cb9e|P22cc2e84|Pb694a2f6,P9d542123,227799884.0
Mc45e7748,Blade Runner,1982,2,115,28000000,en,Science Fiction,Science Fiction|Drama|Thriller,3,US|HK|GB,3,C60b742ba|C3e7bdc8f|Cebd90dc7,31,37,True,K497a09fb|K52726ab3|K7f284f24|Kd76cca5b|Kc8232ad2|K7181c167|Keb5e7681|Kbf2ebb0c,Pfa43d9be|P2ad24815|Pb6de0c5b|P5db6c18a|Pec05c9df,P54540f1f,33139618.0
M3cb0c350,So I Married an Axe Murderer,1993,3,95,20000000,en,Comedy,Comedy|Crime|Romance,3,US,1,C6dfc8237,18,9,False,K866dc592|K8a9b5f1e|K16600711|K35fbf0b0|Kdd70a246,P872c7544|P6a0fd482|P07a34691|Pd457b2e0|P8507caf4,Pde9e2d82,11585483.0
M2eec4ab7,Super Mario Bros.,1993,2,105,48000000,en,Adventure,Adventure|Comedy|Family|Fantasy,4,GB|US,5,C2b01c913|C4ca4dc32|Cd2629222,10,11,False,Kd3ee2033|K2b5d957d|K66ef882a|K940149f8|Kb4e75fa3|Kcbf64eb9|K3f7f2525,P09ae177a|Pcd89be8e|P0fbbf0cd|P30993d11|P07f63836,Pcd89225e,20915465.0
Me1d76eab,Surviving the Game,1994,2,95,7400000,en,Action,Action|Adventure|Thriller|Crime,4,US,1,C6988cd6a,7,2,False,Kf0583ab8,P73554210|P2ad24815|Pee130dfa|P8fb4a661|P6262e1d0,P2584778e,7690013.0
Mb396242c,Terminal Velocity,1994,3,100,50000000,en,Action,Action|Thriller,2,US,4,C2b01c913|C3686df5f|Ceafcc337,7,10,False,K1ca3731a|K3198e020|K2ea2f585|Ke843ffe2,P79a733fb|Pe8c3cd57|P87a98968|P606df67a|P9b00e691,Pd02247c8,16478900.0
Me2d802a6,The Nightmare Before Christmas,1993,4,75,18000000,en,Fantasy,Fantasy|Animation|Family,3,US,3,C30a4a967|C7b7a4533|C0532621e,16,35,False,Kedb0ba53|Ke6b45b39|Kcf3c4678|K79547cd1|Ke7186c43|K95034136|K965d2159|K3e780b2a,P080e8e4c|P5340d339|Pb3c10df7|P37d43732|P4ac9cec0,Pf7381c9d,75634409.0
Mf7d3fb6b,The Three Musketeers,1993,4,105,30000000,en,Action,Action|Adventure|Comedy,3,US|AT,2,C72b723b8|Cc183f0d8,11,54,False,K24eec40f|K3ef85819,P79a733fb|Pcf04e53b|Pf5f9ba0e|Pefdc98ca|P052dcd1b,Pfcc81a78,53898845.0
M8cecf94e,True Romance,1993,3,120,12500000,en,Action,Action|Thriller|Crime|Romance,4,US,4,Ce4f77d56|Cf3976aed|C3e7bdc8f,40,39,False,Kcf7d212b|Kd72736af|Kc2b726dd|K4eaa0722|Kfd0f8efa|Keec6e143|Ke864e2ff|Keb5e7681,Pd9f4bddb|P9e148a63|P555ee1d0|Pfe0249fe|P89aa61f8,P1d6141ee,12281551.0
M360d9609,The Pagemaster,1994,4,80,27000000,en,Fantasy,Fantasy|Science Fiction|Family|Animation,4,US,2,C6cbfdb5c|C7b3c95f7,22,22,False,Kec8db847|K84348ea3|Kf4a887bf,P6cd24a36|P65c2b572|Pd0abc51d|P9bab5900|P6dccab6b,Pa589cb62,13670688.0
Mf3856d34,Home Alone,1990,4,105,18000000,en,Comedy,Comedy|Family,2,US,2,C6cbfdb5c|C8ef0af14,31,44,True,Kedb0ba53|K767e5108|Ke64ecf1a|Ka5c63af9|Kf3cc63ff|K0e698e69|Ka3afa30f|K6f464519,P6cd24a36|Pce3512b8|Pd3742a92|Pa905d419|Pb3c10df7,P17f6230f,476684675.0
M45f5ec54,Aladdin,1992,4,90,28000000,en,Animation,Animation|Family|Comedy|Adventure|Fantasy|Romance,6,US,1,C72b723b8,24,100,True,K79547cd1|K965d2159|K310d09f4|Ke5d6abed|Keec6e143|K8992c8bc|K346367d7|Kcc821e1c,P64883c36|P8b29037b|P4195cd98|P2a349210|P859b5746,Pd08b7f82,504050219.0
Mb802c881,Terminator 2: Judgment Day,1991,3,135,100000000,en,Action,Action|Thriller|Science Fiction,3,FR|US,5,Ccec7fdeb|C52706ed5|Cc94eefdc,42,54,True,Kf93b4bf6|K1b326384|K8e2e1632|K7f284f24|K0ce8845b|Kc3deb9ff|K3c6f9488|K07346786,Pf3b2f25f|P8bd8cfce|P81c51e0c|P32cffca3|Pe84c6b8f,P98706d3f,520000000.0
M2682d19d,Dances with Wolves,1990,4,180,22000000,en,Adventure,Adventure|Drama|Western,3,GB|US,2,Cceaa5a41|C436775e1,57,67,False,K26c70bf1|Kcde1d2d7|K321964c0,P02f4f983|Pbb8dda55|P38ce8e67|Pd1f3c340|Pba33afed,P02f4f983,424208848.0
M2018f830,Batman,1989,2,125,35000000,en,Fantasy,Fantasy|Action,2,GB|US,3,C3686df5f|Cc62746ca|C3e7bdc8f,19,12,True,K4398eae0|K38b4fde2|K06357137|Kd4fd385a|Ke3894268|K9ceb8d10|K176dbede|K04f1877b,P2484a098|Pf10575be|P59339049|P1e586527|Pc63b58d1,P9059d147,411348924.0
M33f57906,The Silence of the Lambs,1991,1,120,19000000,en,Crime,Crime|Drama|Thriller,3,US,2,C2b1996b8|C038d7c1e,60,83,True,K1451c5af|Ka05e8854|K5489feee|Kca0f1cb3|Ka2122fa4|K92b39d7d|K3597b56d|Kaf916823,P312369ee|Pdff627c7|Pf83802ba|P56c03652|P8d6fc3e1,Peb35fbab,272742922.0
M2185d67e,Beauty and the Beast,1991,4,85,25000000,en,Romance,Romance|Family|Animation|Fantasy|Music,5,US,3,C72b723b8|C7ce0905f|Ce86f99f4,21,82,True,K2f880fce|K2cf201da|K6ecc96df|K4883d0a8|K965d2159|Ke5d6abed|K346367d7|Kb27e6995,P67ba049a|P4634fb11|Pd9907daa|P2b83e870|P5e0e9ca9,Pdf5286d0,377350553.0
M7d39f887,Pretty Woman,1990,1,120,14000000,en,Romance,Romance|Comedy,2,US,2,C0532621e|Ce86f99f4,17,10,False,K1199c976|K755126fd|K059a5fd2|Ke172ebc4|Kff432af5|K5b2172f3|K95f9c45f|K5011ba81,P9195777d|Pb8c4c754|P3cb472cd|P7b3419a4|P06f53013,Pccbd9923,463000000.0
M6b556fd0,Primal Fear,1996,2,130,30000000,en,Crime,Crime|Drama|Mystery|Thriller,4,US,1,C6146f42e,14,7,False,K9df93747|K2a7607b8|Kabb619b7|K52437e3f|Kd2e5bc2f|K22538ca0,Pb8c4c754|Pf6c5b6fd|P94e5548f|P75ccf234|Pf82a31ed,Pe5dd9852,102616183.0
Mae3f3a35,Girl 6,1996,1,110,12000000,en,Comedy,Comedy,1,US,2,C9ea1bb4a|C1b1533bd,20,2,False,Kd3103f62|K251f030c|K0b56af84|Kcb5a7e41|Kb8388558,Pbc47037d|Pd7c666b9|P1e91a320|P512d4aea|P9e8d315e,P1e91a320,4939939.0
Mad1af5c4,Courage Under Fire,1996,3,115,46000000,en,Drama,Drama|Thriller|Mystery|War,4,US,2,C6cbfdb5c|C98c258fd,20,11,False,Kd9fc2b5d|K424ad1c8|Ka2e4a547|K87316254|Kdc3a06ff|Kd8983d22|Kc61c9340|K78189303,Pbbc37df2|Pf8a6242d|P324bdcf4|P9d23789b|Pfd2ae92a,Pe91fb048,100860818.0
Md28d54e7,DragonHeart,1996,2,105,57000000,en,Fantasy,Fantasy,1,US,1,Cd7a83b16,18,18,True,K79547cd1|Ka6dd6393|K49261527|Kda40fa6b|Ke5e5cfb4|Kd0196534|Kef0c5442|K5489feee,P967c7ac4|P4c0744b0|P3a9b8c1a|P28e05c87|Pbcb1c09f,P64f7b4aa,115267375.0
Mf889b5b9,James and the Giant Peach,1996,2,80,38000000,en,Adventure,Adventure|Animation|Family,3,US,2,C72b723b8|Cd2629222,15,55,False,K1451c5af|K695088c7|K44b419b3|K79547cd1|K2f7bff09|K31b25f7e|Keb125e57,P0de3d4e2|Pe220346c|P3a9b8c1a|P105610f1|P9f4d72a6,Pf7381c9d,28921264.0
M8cd21539,Faithful,1996,2,90,13000000,en,Comedy,Comedy|Crime|Drama,3,US,2,C6988cd6a|Cf8f92f7f,10,5,False,Ka3d9c7c4|K6e11d73b|K4f8a72ac|K17855f9a|K62fab60e,Pf108d77e|P73fb972b|Paa9145d2|P1533660c|Pa122430a,P1533660c,9789900.0
Ma0601598,Space Jam,1996,4,90,80000000,en,Animation,Animation|Comedy|Drama|Family|Fantasy,5,US,3,C4a447f47|C373dbd1c|C91b997e2,28,116,False,Kdc87c7d5|K24762420|K6d90a030|K0c19d595|K33faac8f|K3537a110|Kc70953fa|Ka8f95dbe,P52846e79|P3ef9313b|P14eedc87|P411aa6b0|Pbc47037d,P9561f9c9,250200000.0
M60ccfec5,Mrs. Winterbourne,1996,2,105,25000000,en,Comedy,Comedy|Romance|Drama,3,US,1,C6dfc8237,12,12,False,K21a562d3|Kfeeda837|K402ef10a,Peec93c55|Pfe563891|P02dbf1fc|P92596c95|P3e03a29f,P4173d81f,10070000.0
M601262fb,The Quest,1996,2,95,30000000,en,Action,Action|Adventure,2,CA|US,4,Cd7a83b16|Ced99e004|Cc0ab0abf,12,6,False,K33e09618|Ke3519f50|K1bee81c6|K566c4248|K3ae80f7d|K6c9cf5c0|K7eb4bea8|Kbcc341a4,P7ff40d0f|Pec8d5614|Pfe3caa99|Pe0d02895|P36a79e8b,P7ff40d0f,57400547.0
Mc46a5fd6,Oliver & Company,1988,4,75,31000000,en,Animation,Animation|Comedy|Family,3,US,2,C72b723b8|C6bc90d5e,22,17,False,Kc343c0fd|K6710fb02|Kb0cfc2d5,Pec4c886a|P860c6305|Paa3b8e0f|P0fde5d91|Pd44dd3d5,Pa1f8a5e2,74151346.0
Ma2f49b84,Flipper,1996,2,95,25530000,en,Adventure,Adventure|Family,2,US,3,Cd7a83b16|C9520f2f0|C06df11c1,7,2,False,K586700a1|K841cd429|Kc26da15a|K37228ca6,P6f0b74b5|Pf3bfbf5f|P07eeab3e|P4ac5f2ed|P0b766259,P776640b8,20080020.0
Mcf44ccd1,The Horseman on the Roof,1995,3,135,35000000,en,War,War|Adventure|Drama|Romance,4,FR,3,C12d40757|C5009d3db|Cc94eefdc,29,9,False,Kba26f7b4|Kfa895068|Kef593078|Kd081507d|K9bf042be,P2b0de4d7|P368e7bb0|Pb82ac087|P9a55aed2|P128e0651,Pd8ab6bf7,15000000.0
Md8f83d05,The Craft,1996,2,100,15000000,en,Drama,Drama|Fantasy|Horror|Thriller,4,US,1,Cf4478484,15,7,False,K55cfa8fb|K293e5fac|K0be16708|K79547cd1|K37b98a59|Ka9bf2de6|Ka5e5d456|K8e4844b2,P87ac9bae|P63def586|P4a65525b|Pcb596d32|Pbced5436,Ped266f41,24769466.0
M565700a7,Original Gangstas,1996,2,100,4800000,en,Action,Action|Drama|Crime|Thriller,4,US,1,C7ebdc2af,21,16,False,Ke492da05|K810eb38a|K9826ddc6|K3c6f9488|Kc63f0e35|K44ae0e9d|K0661ce2f|Kccf93baa,Pbc353bf4|Pea553968|P7177ec2e|Pb1a8c654|Pd1a33ca5,Pd8ed9b46,3014000.0
Ma75504e3,The Rock,1996,2,135,75000000,en,Action,Action|Adventure|Thriller,3,US,2,C2b01c913|Cdb23ffd3,26,30,False,K2c1bbb24|K4869d83d|Ke21bdfd1|Kf0c3da3c|K4d49c25a|Kaf916823,Pf77f8198|Pa2178ef1|Pceb538c7|P0fea1022|P45b0b121,Pbac03e2c,335062621.0
Mefa8a841,Twister,1996,2,115,92000000,en,Action,Action|Adventure|Drama,3,US,4,Cd7a83b16|C9710581c|C3e7bdc8f,16,90,False,Kb1b2d050|K69078877|Kbd9fcc47|Ka6667dc5|K37424c32|K1f2e9645|Kfc65e992|K63195295,P455e5488|P0fd4f855|P70e1f767|Pdcdd6ee0|Pfe9ae21f,P3f654400,494471524.0
M43a0d1af,The Phantom,1996,2,100,45000000,en,Adventure,Adventure|Action,2,AU|US,3,C6146f42e|C1246c604|Cebd90dc7,15,6,False,K3d2b49b8|K68d34ab1|Kac61b270|K3ab76a66|Kd507e55b|Kf3b60d20|K20297aca|K476844ba,P1821cffd|P5920226e|Pd74bca30|P76ffd39b|Pfe3caa99,P52d7dfcc,17300889.0
Mdb124061,Striptease,1996,2,115,50000000,en,Drama,Drama|Thriller|Crime,3,US,2,Cf4478484|Ce4e76224,18,28,False,K50f0ee0b|K2e0aac28|Kfbb0c1ef|K0d25991c|Kf2739c0f,P996ee40c|Pdd352fba|Pa9220d48|P8b839607|P81c51e0c,Pe0148384,113309743.0
M243667f9,Jack,1996,3,115,45000000,en,Comedy,Comedy|Drama|Science Fiction,3,US,3,C947c3de9|C2b01c913|Cb32d9d62,10,5,False,K8dc59445|K0bf17041|K64a5fe24|Kd76cca5b,P8b29037b|P938e6548|Pd91c9656|P91999fa3|P538ff88f,P47881235,58620973.0
M6928119b,Trainspotting,1996,1,95,4000000,en,Drama,Drama|Crime,2,GB,5,Cf8f92f7f|C002f977c|Cb7ce98d3,23,44,True,Kef728c09|K30ba46ef|K511491fa|K1451c5af|K65612631|Kcf15988c|K4d23e9ec|K9925aaa6,P5d50695a|P9e1d24ed|P6a1eb854|Pf96a3b1a|Pe64e372f,P8c6407a8,16491080.0
M9ddd2572,The Hunchback of Notre Dame,1996,2,90,100000000,en,Drama,Drama|Animation|Family,3,US,1,C72b723b8,17,35,True,K24eec40f|K1451c5af|K82a98e31|K443b5d4d|Kb730b002|K37f20444|K6d1841c9|K51a3cf8c,P7e654060|P996ee40c|Pd079fa57|Pfc8c3208|P8997be0b,Pdf5286d0,100138851.0
M27337926,The Cable Guy,1996,2,95,47000000,en,Comedy,Comedy|Drama|Thriller,3,US,1,C52e61c78,17,11,False,K526fab99|K1199c976|K85110bcc|Ka646ca77|K24a1bf6a,P3831e867|P21e9c370|P4da722a4|P72d7d3b1|Pbcc7fd72,Pd29fc0d4,102825796.0
M7faa04ea,Kingpin,1996,3,115,27000000,en,Comedy,Comedy,1,US,2,C451a9185|C1e53a163,33,31,False,Kdc87c7d5|Kcff5eed8|K6517d6b0|K51022138|K3e15f6d1|Kd1a9b0d5|K0e490a4c|K92b27f8a,P96737513|P64b06ad7|P827f03ec|Pfe130811|Pca52ab30,Pb3499efe,25023434.0
Mdfa02125,The Nutty Professor,1996,2,95,54000000,en,Fantasy,Fantasy|Comedy|Romance|Science Fiction,4,US,2,Cd927b580|Cd7a83b16,21,11,True,K39a824af|Ka41a706f|Kd6073f4e,P1c7f1d9d|P94cdbb6d|Pd2d9e6d7|P45da5ecf|P4836f470,P24e6c418,128769345.0
Mea10e1d0,Daylight,1996,4,115,80000000,en,Action,Action|Adventure|Thriller,3,US,2,Cd7a83b16|C98c258fd,18,93,False,K938b3f55|Kd67871a7|K7e1398ba|Kbf16afac|Kcc343814|K8a63c14d|K42cfc769|K6e66e380,P468a604c|P145f8fd3|P45ae55c7|Pe4f91ee4|Pcd791216,P64f7b4aa,159212469.0
Ma1404216,Lone Star,1996,2,135,5000000,en,Drama,Drama|Mystery|Romance,3,US,3,Ce4e76224|C52e61c78|Ce77b9a77,21,24,False,K27d5bfeb|K6dd556ee|K332fc9bf|Kee1e3b89,P2db253cf|P9d278739|Pa984c515|Pbe8d5d9c|P97289d7c,Pb949be28,13269963.0
Mf8df3801,Phenomenon,1996,3,125,32000000,en,Drama,Drama|Fantasy|Romance|Science Fiction,4,US,1,C0532621e,16,10,False,K392bd87b|K3a9cfbfe|K357b9c0d|Kc8906f3c|K6d90a030|K4bf5f8bb,Pe91449f5|Pbf4fdc8f|P52cbfc7b|P617d4377|P6add08a5,Pbe6a4304,152036382.0
M2c2eb3b7,A Time to Kill,1996,3,150,40000000,en,Crime,Crime|Drama|Thriller,3,US,2,Cc2c73c36|C3e7bdc8f,23,13,False,Kbfa5aa02|K5c0670e8|K0bfe4995|K1982023c|K50f0ee0b|K5b07d285|Kdcf0ed6d|Kd2e5bc2f,P9d278739|Pbf6fd3c6|P5eab90f9|Pf21f3bf1|Pefdc98ca,P59045db6,152266007.0
M32f5956e,Fled,1996,3,100,25000000,en,Action,Action|Comedy|Thriller,3,US,1,C1e53a163,15,2,False,K0e89a273|Kfb93ab74|Ke864e2ff|Ke56fdccb|Kc8232ad2|Kfb4d3996,P05d35fbc|P7a71ab1b|Pb48255ea|P9c43b517|Pc9e63964,P9238fbeb,17193231.0
Me1ae4578,Joe's Apartment,1996,3,80,13000000,en,Fantasy,Fantasy|Comedy|Music,3,US,0,,9,7,False,Kb51b61a8|K4fcfc4d1|K1ccb81b9|K5016a2f5|K2cf8b30b|Ke707377a|K584c228f,Pc8bb09f1|P49201d47|P14eedc87|Pf9d1429e|Pe8afda4d,Pf84dd52e,4619014.0
M4dc39a2a,The First Wives Club,1996,3,100,26000000,en,Comedy,Comedy,1,US,1,Cda813610,24,72,False,K33dc8956|K64ad453f|K2b2b0b9f,P3525e37e|P104d62f4|P581ee292|P12f8d604|Pe4f91ee4,Pf7f5df2c,116400000.0
M7673cf17,Ransom,1996,4,115,80000000,en,Action,Action|Thriller,2,US,2,C0532621e|Ceaade7f0,38,16,False,Kfc3aa500|K301a8417|K6cbaf708|K4869d83d|Kaa450961|Kca0f1cb3|Kaf916823|K4709b558,P46240969|P4b3bad5f|P1b3c94e0|Pc3561a4c|P822a5444,Pc68f979a,309492681.0
Md59539a9,Matilda,1996,3,100,36000000,en,Comedy,Comedy|Family|Fantasy,3,US,2,Ca1800b09|C6dfc8237,9,9,False,K01084bd3|K7af4787d|K3a9cfbfe|K70acbef7|Ka235aaf3|K57f246b9|Kd47640c7,P6e705f3a|P6f263068|P438852b8|P1f958071|Pc284ab4f,P6f263068,33459416.0
M9c3818d0,Emma,1996,3,120,6000000,en,Drama,Drama|Comedy|Romance,3,US,3,Cf8f92f7f|C220674c2|C796d4cad,19,41,False,K26c70bf1|Kcde1d2d7|K321964c0,P0affa6f4|P174e117d|Pc78e2f8c|P5d50695a|P6f5f734d,Pa0dfaebd,22231658.0
M9e22bed6,The Crow: City of Angels,1996,3,85,13000000,en,Action,Action|Fantasy|Thriller,3,US,1,Cf8f92f7f,15,12,True,K666856dc|K92a6dddc|K7abc0661|Kd3103f62|K01308d38|Ka6770340,P55108dd0|Pddceec1c|P681d00b2|P42c677ae|P96185503,P644f798f,17917287.0
Mb32df35b,Bordello of Blood,1996,3,85,15000000,en,Horror,Horror|Comedy,2,US,3,Cd7a83b16|Cd82f0cb4|C2c5f6186,13,30,True,Ka7984eec|K50d76002|Kffb9e482|K852f076b|K53738b6f|Ka89dd41e,P97644175|P74b1bcd6|P775b4219|P0c5fd148|P9bab5900,P2a7a8501,5600000.0
M3b249a78,The Spitfire Grill,1996,3,115,6000000,en,Comedy,Comedy|Drama,2,US,1,Ce4e76224,7,2,False,K526fab99|Kc5a122eb|Kd3103f62|K9b0a830c,P2adf4b06|Pce96e08a|Pf934ebfb|P9c43b517|P0763386b,Pb84b1870,12643776.0
M1f770244,Basquiat,1996,3,110,2962051,en,Drama,Drama|History,2,US,3,Cb48e5b8f|Ca6a098a1|C01c0cf93,20,27,False,K33e09618|K511491fa|Kcca842bb|K40c4ef28|Kfa895068|K65612631|Kda60a038|Kc88cec21,Pcfe2fbb3|Pbf95a397|P0fbbf0cd|P89aa61f8|P1ebfa909,Pa56c1ab9,3011195.0
Me9bdc6ad,Tin Cup,1996,3,135,45000000,en,Comedy,Comedy|Drama|Romance,3,US,2,Cc2c73c36|C3e7bdc8f,12,32,False,Kbf75451f|Kb7f1519f|K89abed2b|Kdc87c7d5|K27574a20,P02f4f983|P6a5889be|Paa3b8e0f|Pf013642b|Pc3561a4c,Pb14bfe6f,53854588.0
M59d28763,Dingo,1991,2,110,200000,en,Drama,Drama|Music,2,AU|FR,1,C260ae331,5,4,False,Kc42414c8|K241b3a3b|Kb2f49a91,Pdb7e8f41|Pba64db37|Pdd56dcac|P3ce7d2db|Peea94912,P7233fdd2,300000.0
M47269efa,The Godfather,1972,1,175,6000000,en,Drama,Drama|Crime,2,US,2,C6146f42e|Cd1dfa4f5,58,42,True,Keae2ee2b|Kb3ea3038|K4eaa0722|K3551fab2|K717012d6|Ke864e2ff|K7da32c41|K46699eeb,P1fbea9a2|P13753a9d|Pf434e2ed|P49d29aaf|P617d4377,P47881235,245066411.0
M61bda0c6,Police Story 3: Supercop,1992,3,95,900000,cn,Action,Action|Crime|Thriller,3,HK,2,C988197fa|Cf1e14d75,14,10,True,K0d25991c|Ka9741c96|K25177432|K80de1d62|K4b26a0b3,P789f5166|P6458924a|Paf7faa83|Pba35cc98|P7d29ed67,P86619730,20483423.0
Mcfa43cf9,Manny & Lo,1996,1,90,500000,en,Drama,Drama|Comedy,2,US,1,C52380e8f,7,2,False,K511491fa|Kc5b65b8c|Kfe9d1d31|Kf8baada2|K9136e8a9|K16600711|K0d25991c|K965e7fa3,P934291ec|Pb214a37a|Pe6e2ed78|Pe39a8868|P60cb00bc,Pebcb17e6,431326.0
Me7b535fd,Bound,1996,3,110,4500000,en,Crime,Crime|Drama|Romance|Thriller,4,US,2,Ca308e3f2|Ce8ce01c2,14,15,False,K526fab99|K5023833e|Kca0f1cb3|Ke864e2ff|K10261fed|K25177432|Kd000636e|Kcbf64eb9,P77496d83|P592d3fa5|Pc21fb361|P14caaeaf|Pd67102cc,P6165fdb4,7011317.0
M3142ecdf,The Relic,1997,1,110,60000000,en,Horror,Horror|Mystery|Thriller,3,DE|JP|NZ|GB|US,9,C6146f42e|Cd7a83b16|C521095af,27,87,False,K018324f1|K1451c5af|K038c8dca|K7b6f0775|Ke86df1dc|K3091e024|K86c86c74|K840f34cf,Pa5ea289b|P575dda13|Pfc41e61f|Pd13c05fb|P4c8d1831,Pc2c37f32,33956608.0
M1c1ea7a2,The Island of Dr. Moreau,1996,3,95,40000000,en,Fantasy,Fantasy|Horror|Science Fiction,3,US,1,C6988cd6a,17,15,False,K038c8dca|Kd0bf5062|K566c4248|K7b1fe1e7|Kd76cca5b|Kf9e3ff7b|K71bf1fc9|Ke8312bfc,P1fbea9a2|Pcfb78473|P4c0744b0|P63def586|P2666df3f,Pb6b27bad,49627779.0
Mb00539c3,Bulletproof,1996,3,85,25000000,en,Action,Action|Adventure|Comedy|Thriller,4,US,1,Cd7a83b16,12,17,False,Kb7b43807|K5011ba81|K0d25991c|K9653593d|K6891626d|Kd9198f5a|K80de1d62,Peb26c138|Pc82d1114|Pf434e2ed|P147ebb4e|P98fbce3b,P2584778e,22611954.0
Md26b48ef,Halloween: The Curse of Michael Myers,1995,3,90,5000000,en,Horror,Horror|Thriller,2,US,1,Cf8f92f7f,17,17,True,K4f1bb2e0|K60686471|Ke7186c43|Kcc5db06e|Kedd80cbe|Ka05e8854|K64ea694c|K35fbf0b0,Pf9e294e6|Pb33386a7|Pdf4bf729|Pc3e00e49|Pc1121896,P350f535a,15116634.0
M7e56edac,Maximum Risk,1996,3,100,25000000,en,Action,Action|Adventure|Thriller,3,US,1,Cf4478484,38,23,False,K39cb7140|K9dfcf494|K60846bfa|K88e067de,P7ff40d0f|P71423043|P51b0cbac|Pf16fab5e|P38f958b1,P20cffb6c,51702483.0
Me0b0aef8,Last Man Standing,1996,3,100,67000000,en,Action,Action|Crime|Drama|Thriller,4,US,2,C6988cd6a|Cd4fd11b6,25,18,False,K71a7414b|Kf6d4d5a6|K169947a5|K092a8c4a|Ke864e2ff|K5ef5e3d1|K35d73a14|Kb73fd0f9,Pbc324a94|Pdba508fc|P35201528|P3be49d96|Pd038d5d3,P53cf60a7,47267001.0
Md3e7c9aa,Set It Off,1996,4,120,9000000,en,Drama,Drama|Action|Crime,3,US,1,C6988cd6a,17,10,False,K60561435|Kb2dd1d83|K8769ca01|Keb5e7681,P94cdbb6d|Pc2dfb497|Pf2a3f46d|Pcd6b9a13|P3881d6dc,P04bcabef,41590886.0
M5033477b,Curdled,1996,3,90,2300000,en,Comedy,Comedy|Crime|Thriller,3,US,1,C247f7b34,22,16,False,Kf01a1f7b|K29e755d8|Ke4fa9ea2|K35fbf0b0|Kca0f1cb3|Ka2122fa4|Kd1eee9f4|K68ad2759,P635c28e2|P605dd3d9|Pe20a8dcb|P56b0ba13|P6686fbfc,Pd4ac2cc8,49620.0
Mff9359e6,Extreme Measures,1996,3,120,38000000,en,Drama,Drama|Thriller,2,US,3,Cf4478484|Ce4e76224|C27a89b8d,55,7,False,K33e09618|K00a3957c|K89b75a49|Kca0f1cb3|K7f75bea6|Ka69f7dd5|K2065f113|K6d90a030,P3f407781|Pa3cf7c55|P95b0bcf1|P45b0b121|P51868e21,Pbc390e3a,17380126.0
Mdd90917b,The Chamber,1996,4,115,50000000,en,Crime,Crime|Drama,2,US,3,Cd927b580|Cd7a83b16|C98c258fd,16,11,False,Kbfa5aa02|K91200feb,Pf5f9ba0e|Pa3cf7c55|P413d8978|P53a3d6d4|P91e1d3bc,P8687decb,22540359.0
Mabe3f479,Cool Runnings,1993,3,100,14000000,en,Comedy,Comedy,1,US,1,Cdb1cd148,15,13,False,K12864c24|Kb6c1558f|K2c862459|Kb3a97a30|Kfa0b85d9|Ke4389b5f|Kc3d79f44|Kdc87c7d5,P79dc743c|Pbf4eaab0|P3e1f49f6|P8080434b|P090e9526,Pbe6a4304,154864401.0
M47e55330,Robin Hood: Prince of Thieves,1991,2,145,48000000,en,Adventure,Adventure,1,US,2,C3e7bdc8f|C8679e149,35,9,False,Kdcf6a5ec|Kc4097faf|Kc58135b3|K77548ee7|K6452409e,P02f4f983|P9c10a86e|Pd9f4bddb|P5f9fd6ff|P4827d768,Pb79c9a4e,390493908.0
Mb6f02366,Bedknobs and Broomsticks,1971,4,115,20000000,en,Adventure,Adventure|Fantasy|Animation|Comedy|Family|Music,6,US,1,Cf5b045d2,15,10,False,K4a64b667|K55cfa8fb|K230a811e|K786baa11,Pc0e6515a|Pef4de683|P39689d4a|P18acaae5|P8e3ae9cb,Pc3ce6606,17900000.0
Mc90c363f,The Fox and the Hound,1981,3,80,12000000,en,Adventure,Adventure|Animation|Drama|Family,4,US,1,Cf5b045d2,13,39,True,K1451c5af|K0f22858f|K5011ba81|Kffef018c|K242d9985|K78255130|K06dfdda0,Pb6f9be03|P6265995c|P7d49a996|P06bc7d99|P66d86b3c,P4e80e858,29800000.0
Mdf2d3e82,Die Hard,1988,3,130,28000000,en,Action,Action|Thriller,2,US,3,C6cbfdb5c|C8641b7c6|Cd36ef9f0,47,75,True,K7e1398ba|Ked493fb4|K1451c5af|K4d2febdc|K6242373e|Kfee0b656|K019c9d04|K8b8060e4,Pbc324a94|P4827d768|Paa058e1b|P03df7f3d|Pc28f4cd9,P1e488480,140767956.0
Mc661754d,The Lawnmower Man,1992,1,110,10000000,en,Horror,Horror|Thriller|Science Fiction,3,GB|JP|US,2,C6988cd6a|C4bd046d5,11,11,True,Kf8baada2|Kec18bf8a|Ke50579d9|K244b35b0|K53ddb611|K985837ba|K0c21d375,P66d6ee5f|Pc745bfc7|P4d573cf4|Pdf6e3535|P87f2091d,Pfef1547a,32101000.0
M0c3555a2,Secrets & Lies,1996,2,140,4500000,en,Drama,Drama,1,GB|FR,4,C002f977c|C2020f7d5|C6e4be243,56,6,False,Kef728c09|K526c2540|K06c0ea2a|K7054c626|K4281ec01|K1b382120,P3c76028e|Pd8de06b0|Pb4fbacb5|P3ddd9e54|Pea835c2e,P1854385b,13417292.0
M9c166f3f,The Long Kiss Goodnight,1996,4,120,65000000,en,Crime,Crime|Action|Mystery|Thriller,4,US,3,C6988cd6a|Ca7ca39ce|Ce0524dc6,15,10,False,Kb722db6a|Kf687e8e6|K8b8060e4|K00ee119f|Ka646ca77|K13818823|K66331d63|Kbea00521,Pc29f511b|P5eab90f9|Pba059dfb|Pef108221|Paf230098,Pc9ab0a9c,89456761.0
Mbc6f4ed4,The Ghost and the Darkness,1996,4,110,50000000,en,Adventure,Adventure,1,DE|US,2,Ca5ec79d1|Cb19306e0,15,11,False,Ke2c03db7|K022cbeaa|Kb59164e1|K595f8623|K2d5079da|Kd3de787f|K28f8fcc2|Kcd8c6f9b,P9485f066|Pcfb78473|P4acd4a33|P82a49086|P43f01c1e,P82172aeb,75000000.0
M33b52f49,Get on the Bus,1996,4,120,2400000,en,Drama,Drama,1,US,2,Cf4478484|C1b1533bd,18,2,False,K9bd9c4c0|Kfd546110|Kfe3d8463,P4dceb0f7|Pee130dfa|P1c0546d1|P326f0fc1|P1b2e6aaf,P1e91a320,5731103.0
M025d957d,Shadow Conspiracy,1997,1,105,45000000,en,Action,Action|Thriller,2,US,2,C2b01c913|C4ca4dc32,15,3,False,,P79a733fb|P38ab614f|P8bd8cfce|P8768aeb2|P13841862,P1ebeccc3,2154540.0
M73e1983d,Jude,1996,1,125,7000000,en,Drama,Drama|Romance,2,GB,3,C9ff7414f|C3686df5f|C42ca87a0,9,14,False,,P5516a531|Pa71c8bda|P4065054b|P5e91d232|P039f7109,Pc9c7ba08,405000.0
Mc7848b39,Romeo + Juliet,1996,4,120,14500000,en,Drama,Drama|Romance,2,US,2,Cd2458bcc|C6cbfdb5c,15,18,False,K76289b46|K4bc60f6a|K09fa9d70|Kff4074bf|K64a55516|Kf5c1294f|K7aef91be|K6a68ecfd,P2cb99efe|P01069b87|Pcd89be8e|P424e4286|P3a9b8c1a,P53b7ebbb,147298761.0
M3242cf29,Sleepers,1996,4,145,44000000,en,Crime,Crime|Drama|Thriller,3,US,3,C757257b9|C3e7bdc8f|C0c781e22,21,16,False,K24e26ceb|K82b36e2a|K0c537174|K42a8abf4|Ka5e98367|K5cb729d5|Kabb619b7|Kb5dbe09d,Pd9604827|Pc5fe07a1|P2aace9ed|Pee263a29|Pdd1cfd23,P88a4894e,165615285.0
Md49457e3,Sleeper,1973,4,90,2000000,en,Comedy,Comedy|Romance|Science Fiction,3,US,1,C91456aaf,9,11,False,K511491fa|K7ad05542|K89099cca|K7f284f24|K8beac702|K936368ab|Kba7e4369|Kd3103f62,P23c41cec|P581ee292|Pff599b7f|P5cf64a71|Pad75246f,P23c41cec,18344729.0
M5a911a30,Bananas,1971,2,80,2000000,en,Comedy,Comedy,1,US,2,C7e86926f|C4a2bfc25,16,13,False,K7ad05542|K49473788|K8c5bcd8a,P23c41cec|P753cab5b|P7306792a|P584f0ab2|P100c1ed3,P23c41cec,11833696.0
M913e606e,Life of Brian,1979,3,95,4000000,en,Comedy,Comedy,1,GB,2,Cf17aee96|Cfbd6a753,19,38,False,Kb38c398c|K1fc61028|K354b630b|Ke7fd3ddd|Kd6be48f0|K088f2d2f|K995ae21a|Kef93f011,Pea7cae74|P00c082cc|P1a6bcbf1|P2e7817dc|Pe99de6f9,Pe99de6f9,20045115.0
Ma8b9ed3f,Reservoir Dogs,1992,3,100,1200000,en,Crime,Crime|Thriller,2,US,3,Ca5a87110|C78367188|C94917918,15,63,False,K3de100c1|Kdf7ea9c8|Ka05e8854|K5852d5b1|K25419d9e|K3efe6bd6|Kfcf79c07|K66331d63,Pfb649c8d|P7ee1c6be|Pc05fd874|Pdc204d2a|Pa887b05b,Pa480d3d3,14661007.0
M1a6f7423,Platoon,1986,4,120,6000000,en,Drama,Drama|War|Action,3,GB|US,2,C2b1996b8|C1a07fd51,31,34,False,K9dc6dcaa|Kcc343814|K0edca959|K4d3b896d|Ke5e5cfb4|K6a3cb94b|Kb2c2fb55|K36f92a97,P5ba48ddb|P79a733fb|P9a2edffb|P52cbfc7b|P6262e1d0,Pc20617a1,138530565.0
Mbbb60218,Weekend at Bernie's,1989,3,95,6500000,en,Comedy,Comedy,1,US,1,C49bb3adc,7,12,True,Kfbde6d20|K658fee08|K3d1d6d81|K058b8835|Kb855ec86|Kccb63461,Pba1d414d|Pa11bbf74|P9c0f54bb|Pe9d25041|P00165b39,P67b2a3ef,30218387.0
Mfd8c5121,Basic Instinct,1992,1,125,49000000,en,Thriller,Thriller|Mystery,2,FR|US,3,C6dfc8237|Cc94eefdc|C94b9734c,35,20,True,K075bd6d3|K1fc61028|Ka7984eec|Kd2b00110|K2c1bbb24|K82b36e2a|Kb1aa9b34|K70733318,P9485f066|P1157c526|Pcac0dcc5|Pb9a2295a|P1343a35e,P41054a7e,352927224.0
M661b7013,The Doors,1991,1,140,38000000,en,Drama,Drama|Music,2,US,4,Cd927b580|C103ebc3e|C94b9734c,29,51,False,K6fb75ba3|K9a94a39f|K511491fa|K656bf8b0|K60686471|Kabe04825|Kd0cbe5a2|K877e62a3,Pcfb78473|Pf8a6242d|P5aff1494|P0724de4a|P1f784840,Pc20617a1,34416893.0
M22f7de9e,The Crying Game,1992,3,110,3705538,en,Romance,Romance|Crime|Drama|Thriller,4,JP|GB|IE,6,Cf8f92f7f|C002f977c|Cc5f2c563,18,8,False,K550ea887|K0c50837f|K8b8060e4|K0b2e661a|K28a45355|K683aa1bf|Kcc181d06|Kb9a6319c,Pb968a7ba|P018311bf|P086ca141|P52cbfc7b|P1d6f929a,Pa29f92aa,62548947.0
M0ed81fd4,Glengarry Glen Ross,1992,3,100,12500000,en,Crime,Crime|Drama|Mystery,3,US,3,C6988cd6a|C6e31488a|Cc9f5c501,19,40,False,Kc5b65b8c|Kd2b660db|K3ea73fb5|K77ea49da|K926ca99f|Kd84d0eb3|Ke682b8cd|Kf2b11147,P13753a9d|P6c638f36|Pa350e788|P5ea8cfef|Pceb538c7,P8687decb,10725228.0
M74121f53,Sophie's Choice,1982,4,150,12000000,en,Drama,Drama|Romance,2,GB|US,2,Caf06e8d6|Ce0a1a4b4,15,2,False,K33e09618|K37a6001f|K20a126ce|Ka43fbb3a,P5601b6b3|Pfc8c3208|P04bf16d3|P8aa845f9|P7b627efd,P6415aca0,30036000.0
M56e2809c,E.T. the Extra-Terrestrial,1982,2,115,10500000,en,Science Fiction,Science Fiction|Adventure|Family|Fantasy,4,US,2,Cd7a83b16|C9710581c,13,21,False,Kc3c4e3e8|K17462b09|K2c4719da|K876f7e0d|K0ad20bc2|K546d281f|K4eaa0722|Ke7705857,Pcd0db3b0|Pe0243597|Pd239e8dc|Pe156777b|P355cfb59,Pcf894350,792965326.0
Mdd857466,Days of Thunder,1990,2,105,60000000,en,Adventure,Adventure,1,US,2,C6146f42e|Cdb23ffd3,12,17,False,K89f00b6a|Kd3fcae96|K7652162c,P13cbd053|P617d4377|P8bb333ae|P64b06ad7|P70e1f767,P1d6141ee,157920733.0
Mfced5114,Top Gun,1986,2,110,15000000,en,Action,Action|Romance|War,3,US,1,C6146f42e,15,38,False,K767bec4d|K188c501a|K9c5003b4|K9cc50066|K424ad1c8|Kc6ba1850|K9dfcf494|K689747db,P13cbd053|Pb06b3dd2|Pcfb78473|P6ad5be64|Pbab534b5,P1d6141ee,356830601.0
M200d7ff9,The Funeral,1996,1,100,12500000,en,Crime,Crime|Drama,2,US,1,C2701f58d,17,2,False,Kc8aa65cd|Kc01c3dfc|Kef3d107d|K2524dcc1|Kce3f037a|K35fbf0b0|Ke864e2ff|K5b99e83e,P3be49d96|Pdc204d2a|Pe5d35e8b|P83ac56f7|Pf6d394b5,Pc40b48a0,1227324.0
Maee15655,The People vs. Larry Flynt,1996,4,130,36000000,en,Drama,Drama,1,US,1,C6fc703e1,9,3,False,K139a4140|K0f0db118|Kaad95068|Kf6118f7e|Kb8ac4260|Kb64565dc|Kc9b037e6|Ked9c493d,P96737513|Pe7724b79|Pf6c5b6fd|P16f669d4|P1e772c92,Pe26700e0,20300385.0
M316c8ef2,The Return of the Pink Panther,1975,2,115,5000000,en,Mystery,Mystery|Comedy|Crime,3,GB,4,C7e86926f|Cbf42efd2|C5ae9b713,23,20,True,Kc5b65b8c|K2b55e3e0|K19ec515d|K81afcd34|Kc0dc9c9f,P9e7b8add|Pa54c1475|P7db0b17a|P760887c2|Pd067e517,P73cee68f,41833347.0
Mec187ff5,Drop Dead Fred,1991,2,105,6788000,en,Comedy,Comedy|Fantasy|Family,3,GB|US,1,C3686df5f,7,11,False,K639314e0|K52043cb9,Peff7153d|Pda994e1d|P486a94ff|P4ff6da71|P5d3ea09b,P12324903,13878334.0
Macbe9e55,The Abyss,1989,3,140,70000000,en,Adventure,Adventure|Action|Thriller|Science Fiction,4,US,3,C6cbfdb5c|Ccec7fdeb|C52706ed5,20,107,False,K709db681|Kaa9e3589|K75de2076|K4a895e1b|K99d06904|K5417f32f|K23578550|K2238060d,Pceb538c7|P5f9fd6ff|Pc1222ddb|P7bf24443|P68355db0,P98706d3f,90000098.0
M685528f5,The Fog,1980,1,90,1000000,en,Horror,Horror,1,US,3,C0d80cb00|C53e01bfc|Ce9ab43f2,15,33,False,Kc7c9387f|Kaa9e3589|Kfbde6d20|K68d34ab1|Kc5a122eb|Ke0f2f829|K37f20444|Ka3337f91,P60329968|Pdd6d0097|Pf351bbf3|P93e03e7b|Pf5d276e4,Pb803aa28,21378361.0
Mc584a966,Escape from New York,1981,2,100,6000000,en,Science Fiction,Science Fiction|Action,2,US,4,C0d80cb00|Cc1b3796b|C530b2e95,14,14,True,K938b3f55|K44f3e3ef|K2b746c3e|K3380d21e|K8b8060e4|K9136e8a9|Kcb64b30f|K9ad21213,P6265995c|P0515c446|P5a59e4b4|Pf9e294e6|P3788eb45,Pb803aa28,50244700.0
Mdab23014,The Howling,1981,2,90,1000000,en,Drama,Drama|Horror,2,US,3,C0d80cb00|C530b2e95|C05da475d,22,12,True,K9dab76f4|K89a13bfa|K7866a96e,P32c2fff0|Pad403284|P3a2b80d1|Pfb8fcbc2|Pf89a58b9,P4fc0296a,17985893.0
M3088e0e1,Monty Python and the Holy Grail,1975,1,90,400000,en,Adventure,Adventure|Comedy|Fantasy,3,GB,4,C763b4bc9|C54855632|Cb2a00aee,19,16,False,K0688e4a7|K02a3ddab|K6000eeeb|K53b55802|Ka9499b74|K192ac2b9|Kf9b47a8b|K31d9a28c,Pea7cae74|P00c082cc|P1a6bcbf1|P2e7817dc|Pe99de6f9,P1a6bcbf1,5028948.0
M4acc7e78,Bad Moon,1996,4,80,7000000,en,Horror,Horror,1,US,1,C8679e149,8,17,False,K89a13bfa|Kffef018c|Kbedada4e|K032c98de|Kbdc0fec3,Pc7c20b79|P2632330f|Pea94c3aa|P0a45abe0|P11734c25,P47910fdb,1100000.0
Mb57c374d,My Left Foot: The Story of Christy Brown,1989,3,105,645180,en,Drama,Drama,1,IE|GB,3,C0f9f05e2|C2c5d4466|C3c7058e8,22,39,False,K69fdc221|K4385ab38|K0db744f4|K5f697256|K77830caa|K93285900|K230e7f2e|K1afc6ac4,P38ff2ca0|P8507caf4|Pa9c1bc9f|P84537c5f|P38a66e08,Pae05ef05,14743391.0
M80f8f603,Strictly Ballroom,1992,3,95,3000000,en,Comedy,Comedy|Drama|Romance,3,AU,3,C02c05f9f|C58ed0bd2|Cd738e142,14,14,False,Kcf7d212b|Kbba221aa|Kd0bf5062,Pf50585dc|Paeb44132|Pdfaa3f30|P0f78c1d2|Pe00e64a4,P53b7ebbb,33946224.0
M8b4fe69d,The Princess Bride,1987,3,100,16000000,en,Adventure,Adventure|Family|Fantasy|Comedy|Romance,5,US,3,Cbe21d54e|C10c89d68|C3403a4a3,27,18,False,K76f6273e|Ka1e60595|K8990a377|K1aff5bd5|K4e55a8f7|K66f8dde3,P70e1f767|Pe0da2446|Pca8141b8|P00fc1d5c|P5340d339,P4bc483e6,30857814.0
Md3fca3b0,Raiders of the Lost Ark,1981,2,115,18000000,en,Adventure,Adventure|Action,2,US,2,C3ea53bb0|C6146f42e,50,46,True,Kd3ee2033|K71840e6c|Ke07d2499|K1bee81c6|K80ad8a1e|K49bee7c5|K30a53fa2|Kff6a7718,Pfa43d9be|Pb7f50011|Pec7b2e5d|P7cf00e79|Pcb327462,Pcf894350,389925971.0
Mec3e29b6,A Clockwork Orange,1971,4,135,2200000,en,Science Fiction,Science Fiction|Drama,2,GB|US,2,Cfb0ff053|C3e7bdc8f,19,13,False,K526fab99|K44f3e3ef|K5c0670e8|K193b3455|K96bcf62d|Ka2fe50b8|K01084bd3|K68678f4b,P6ffb425f|P233057eb|P929ead4b|P6e77f897|P9a49ac0f,P323b2f30,26589000.0
M3d8b8833,Apocalypse Now,1979,3,155,31500000,en,Drama,Drama|War,2,US,2,C7e86926f|C19979f01,36,49,False,Kfe04c37e|Kbf16afac|K853fc10a|K19f2e486|K013f0688|Kef0c5442|K23578550|Kfe543f69,P5768eddf|P1fbea9a2|P617d4377|P66f1ee30|P2b4ed8bb,P47881235,89460381.0
M6afe9169,Return of the Jedi,1983,2,135,32350000,en,Adventure,Adventure|Action|Science Fiction,3,US,2,C3ea53bb0|C6cbfdb5c,128,12,True,Kcbf4eaa8|Kee199654|K4cd89d42|Kbf6599d1|K8661b1ad|K6b674f5c|Kc4ad91bf|K2559440b,Pc588bb5f|Pfa43d9be|P5d3ea09b|P14600056|Pf8e16106,Pb706f4c3,572700000.0
Me65a43d9,Wings of Desire,1987,1,130,2500000,de,Drama,Drama|Fantasy|Romance,3,DE|FR,3,C55d8ceb4|C1197904f|C16a3e946,10,13,False,K0fc9b725|K36a3c7b7|K22aa7ca6|Kf69c4608|Kec8db847|Kf8baada2|Kda40fa6b|K0659d4dd,P9b51fc69|P3597e64b|Pa17fb843|P766af765|P83cb9f56,P4c574e9e,3200000.0
Ma7884a32,GoodFellas,1990,3,145,25000000,en,Drama,Drama|Crime,2,US,1,C808cafc9,137,67,False,K526fab99|K1451c5af|K841cd429|K4603cffd|K4f1bb2e0|K3775276a|Kc9d5bef6|K4385ab38,Pd9604827|Pb3dd3313|Pce3512b8|Pd810d98c|P95753b1a,Pc1b16bc3,46836394.0
Mbff61e69,Alien,1979,2,115,11000000,en,Horror,Horror|Action|Thriller|Science Fiction,4,US|GB,2,C6cbfdb5c|C21d57d25,10,30,True,K267cc427|Kcb4f7b39|K546d281f|K876cba1d|Ke0f2f829|K7f284f24|K4e42fe9c|K61937814,Pbab534b5|Pab61d2a5|P2c91a155|P37c598e5|P9a074087,P54540f1f,104931801.0
M94b27610,Ran,1985,2,160,11500000,ja,Action,Action|Drama|History,3,JP|FR,3,Cef758087|C35b36068|C47eaf349,24,33,False,Kb722db6a|K01c1572d|K6ecc96df|Kf3b60d20|Ka6dd6393|Kd58de432|Kda0c4a9e|K9f47b446,P735b234e|P55d8a4d0|P06bdc054|P18c656f0|Pa798b1c2,Pc5401842,4069653.0
Mfc8846a7,The Blues Brothers,1980,2,135,27000000,en,Music,Music|Comedy|Action|Crime,4,US,1,Cd7a83b16,54,22,True,K075bd6d3|K526fab99|K018324f1|K27c90c92|K309b4d79|Kc42414c8|K9b138983|K3c978872,Pe236144b|P97feb902|Pcf7d408c|P23f5324b|Pdf716229,Pad9f80ca,115229890.0
M3d96e0f4,The Godfather: Part II,1974,4,200,13000000,en,Drama,Drama|Crime,2,US,2,C6146f42e|Caf2a80bd,84,53,True,K8b52126e|K3d95dcb2|K3de6ce2f|K4d89505f|K87316254|K9a16fa02|Ke864e2ff|K7da32c41,P13753a9d|P617d4377|P581ee292|Pd9604827|P664c7e76,P47881235,47542841.0
M070714a8,Full Metal Jacket,1987,2,115,17000000,en,Drama,Drama|War,2,GB|US,3,C2e93baec|C3e7bdc8f|C0e4af6d6,39,41,False,Kc8aa65cd|K1199c976|K7e1398ba|K1451c5af|K00b0e1a7|K0c24b3e3|K48fdaf54|K853fc10a,P6c2b2b0b|P81e8c3c4|P5552edf8|P5eb9b5cf|P972106f7,P323b2f30,46357676.0
M6c464dc9,Amadeus,1984,4,160,18000000,en,Drama,Drama|History|Music,3,US,1,C3e7bdc8f,60,28,False,Keae2ee2b|K67802e2a|K3ad66c05|Kdd9ed465|Ke9d21ca1|K52d403a5|K3091e024|K35fbf0b0,Pe58beed0|P7e654060|P9563bc4b|P762abcd1|P7c17c96b,Pe26700e0,51973029.0
Mebd40dd0,Raging Bull,1980,4,130,18000000,en,Drama,Drama,1,US,1,C7e86926f,47,50,False,K8e05e851|K70733318|Kfbf063b9|K3788e79b|K53c130d2|K4385ab38|K32aef5c9|K18523575,Pd9604827|Pce3512b8|Pa1818865|P5749d318|P87ca230f,Pc1b16bc3,23000000.0
Ma413ff26,Annie Hall,1977,2,95,4000000,en,Comedy,Comedy|Drama|Romance,3,US,1,C7e86926f,48,44,False,Ka3337f91|K3191e80c|K7df4b028|Kecfc7d39|Keec6e143|Ka240b893|K1da57ffd|K3676f124,P23c41cec|P581ee292|Peead4575|P29c8e76d|P1f8418b7,P23c41cec,38251425.0
M8d0951e2,Das Boot,1981,3,150,14000000,de,Action,Action|Drama|History|War|Adventure,5,DE,6,Cb12f5996|Ce73c6122|C52e61c78,29,39,False,Ka5ec14be|Ke484fe84|K1451c5af|Kdd52f589|Ke8f9ba47|K230a811e|Ka4c9560f|K3cae8cbb,Pefa7481d|Pd33c885c|Pdc840c7d|P39e49fb8|Pfe0f5007,P2207a9f9,85000000.0
M0976d060,The Sting,1973,4,130,5500000,en,Comedy,Comedy|Crime|Drama,3,US,1,Cd7a83b16,40,39,True,K018324f1|Kcdcd7d77|Keb567ddb|Ka5e98367|K8c338b0d|K1c044cce|K3c6f9488|Kb289c754,P5c9978f1|P81f38d6e|P2739454b|Pf31be00d|Pb1d0e0f4,P94a22be0,159616327.0
Mad52c89b,The Terminator,1984,4,110,6400000,en,Action,Action|Thriller|Science Fiction,3,GB|US,5,C2b1996b8|C52706ed5|C96008119,33,54,True,Kd3ee2033|K497a09fb|Kcbf4eaa8|Kf93b4bf6|K1b326384|K9f1d9feb|Ka7871417|K7f284f24,Pf3b2f25f|Pc1222ddb|P8bd8cfce|Pb1a8c654|P30683d6f,P98706d3f,78371200.0
M69b427e2,Braindead,1992,3,105,3000000,en,Horror,Horror|Comedy,2,NZ,3,Cfa9f1be7|C8b18d4aa|C67e08728,16,15,False,K139a4140|Ke184998e|K053b94b9|K4773cdbe|K70029c60|K8dfac82b|K44432b5d|Kcc821e1c,P43ceccde|Pd74078cd|P2f9f96c5|P8f65eb1a|P76e7419a,P715cf7f1,242623.0
Mdf355650,Miller's Crossing,1990,3,115,14000000,en,Drama,Drama|Thriller|Crime,3,US,2,C6cbfdb5c|Cd2b15383,44,43,False,K9df93747|K44f3e3ef|K71a7414b|K01c1572d|K3775276a|Kbd8891fc|Kd6ac4727|K3c6f9488,Pb8e19397|Pbb2d8b2b|Pf934ebfb|Pa887b05b|P232079de,P86646577,5080409.0
M50fb4bf2,Dead Poets Society,1989,2,130,16400000,en,Drama,Drama,1,US,2,C0532621e|Ce86f99f4,15,11,False,Kab720d41|K8d907d83|K9a94a39f|K76289b46|Ka2fe4ac7|Kce7bd21b|K5011ba81|Kbe498c81,P8b29037b|P598f6582|Pe8efa241|P9e6d1147|Pe8884bea,P02b6bc1a,235860116.0
M7c42ee3e,Chinatown,1974,2,130,6000000,en,Crime,Crime|Drama|Mystery|Thriller,4,US,3,C6146f42e|C70c37a26|Ccdfdd325,41,16,True,K5c0670e8|Kaa9e3589|Kbf16afac|K35d81ba9|K39cb7140|K7ff5535a|K9dfcf494|K6f17bc8e,P2484a098|P413d8978|P95cfa58a|P6fdff989|P1b3eaa0c,Pc5c7a3cb,30000000.0
M5580c2a3,Stand by Me,1986,3,90,8000000,en,Crime,Crime|Drama,2,US,4,Cf4478484|Cbe21d54e|C9932f0d0,16,14,False,K1451c5af|K5011ba81|K6878063f|K15170f6c|K80a2dfef|K961e1aba|K2f5ab176|K57788ba0,Pda4a9c30|Pcfa99af0|P0c5fd148|Pc8bb09f1|Pcf04e53b,P4bc483e6,52287414.0
Mdc0f3b89,Evil Dead II,1987,1,85,3600000,en,Horror,Horror|Comedy|Fantasy,3,US,2,C8b5128e3|Cd4be87cb,9,21,True,Kafa89063|K7cb2f9cd|K2b3bfa3a|K4a3d8658|Kfdce3c5a|K3c6f9488|Kb1b6ffdb|Keacdb017,Pd3554668|P6293834d|Pb0c60f7a|P206186dd|Pfea3a65a,Pb8906202,5923044.0
Md4fe490a,Groundhog Day,1993,1,100,14600000,en,Romance,Romance|Fantasy|Drama|Comedy,4,US,1,Cf4478484,30,44,False,K6935c473|K4e5ffef8|K40fc631f|K44a8387d|Kb1823169|Kb0728ab4|K12864c24|K17d6e4f5,Pfe130811|P23ac6758|Pca52ab30|P7329e4e8|Pd6eb549e,Pc18a1935,70906973.0
M104d5759,Unforgiven,1992,3,130,14000000,en,Western,Western,1,US,2,C27c08183|C3e7bdc8f,34,43,False,K1199c976|K27d5bfeb|Kfc3aa500|K118b41af|K0037c0dd|K9a16fa02|K92b72c66|K2b12d09c,P6f65c5ac|Pa3cf7c55|P9c10a86e|P31f710a3|P9950993d,P6f65c5ac,159157447.0
Med6e4f7c,Back to the Future,1985,3,115,19000000,en,Adventure,Adventure|Comedy|Science Fiction|Family,4,US,3,Cd7a83b16|C9710581c|C3bcd5fd8,51,40,True,K02f8aad7|Kb6334c56|K4d2febdc|K8c52ef0a|K5512d85b|K46624ba5|Kd91eba8c|Kff432af5,P977f7843|P65c2b572|P4c1d4fe7|Pf678e4a8|P09391f95,P32776b6f,381109762.0
Mf82b7b0b,Patton,1970,1,170,12000000,en,Drama,Drama|History|War,3,US,1,C6cbfdb5c,42,51,False,K9a948f66|K230a811e|Kd8adcf43|K4385ab38|K249af4ee|Kaeff569f|Kd8983d22|Kc61c9340,P5ba75910|P67052c7a|P96bd065a|P9e70224f|P58af6d90,P7ed1abf6,89800000.0
Mf9a8bb4f,Akira,1988,3,125,8000000,ja,Science Fiction,Science Fiction|Animation,2,JP,8,C4612eaa2|Ca27cade7|Cb7524041,12,22,False,Kd3ee2033|K2123ded8|K2f874a1b|K44f3e3ef|K04f0a53b|K9a948f66|K3f95dd34|Kd0bf5062,Pb0295088|P0faf0298|Pc2d64f29|P7350b9c6|Pda3a96c1,P4335445c,553171.0
M861adba9,Young Frankenstein,1974,4,105,2800000,en,Comedy,Comedy|Science Fiction,2,US,4,C6cbfdb5c|C0405a02e|C3b5fe709,34,44,False,Kd0bf5062|K6ecc96df|K927d5d19|Ka90ee41e|Kd309184a|K203a4f8b|Kcf159e78|Kfe856611,Pd34be705|P80529898|P512a2ba6|P2f51eabf|P5a51d88d,P51c6f6c0,86273333.0
Ma6fa9c73,Night on Earth,1991,4,130,3500000,en,Comedy,Comedy|Drama,2,DE|FI|FR|GB|US,7,C002f977c|C078208f8|C9e97568d,30,17,False,K24eec40f|K33e09618|K938b3f55|K2f874a1b|K19777d74|K4688311a|K42a8abf4|K8a63c14d,P11a199f3|P626388c0|Pc817c42c|P2a15fa22|Pf6ecebda,Pdf30785f,2015810.0
M2077bef4,Gandhi,1982,4,190,22000000,en,Drama,Drama|History,2,IN|GB,6,Cf4478484|Cc1b3796b|Cc63eb762,92,30,False,K90a69de9|K8867be76|Kd3c1f344|K230a811e|Kc549f327|Kd0c73b68|Kf214fced|K6a646879,P6abc1229|P95f45f9b|P2cbc4f5b|P2ffbf11a|P01107549,P36c84de3,77737889.0
M2a2ee32d,The Unbearable Lightness of Being,1988,1,170,17000000,en,Comedy,Comedy|Romance,2,US,1,C5fe1f969,20,15,False,Kaad95068|Kb8d59c8d|Kdc3fd4cb|K62487044|Kea9a7984|K56e5088a|K02bd59a8|Kd2e65341,P38ff2ca0|P2b0de4d7|Pa8013276|P6e00820d|P10291a37,P88d9a490,10006806.0
M14c613fb,A Room with a View,1985,4,115,3000000,en,Drama,Drama|Romance,2,GB,3,Cc1b3796b|Cfda273bd|Ce6f6ac32,25,8,False,Ke6244421|K3e59bd06|K2e7ee666,P12f8d604|Pe42cb422|Pcb438cf8|P31abc4f9|P7c17c96b,P03bc2cfc,20966644.0
Me59185a0,Pink Floyd: The Wall,1982,3,95,12000000,en,Music,Music,1,GB,3,Cc1b3796b|C1e53a163|C850ecbb6,16,11,False,Kf69c4608|K3788e79b|K5c96affa|K4fcfc4d1|K503f5c06,Peda4cf22|P7ec0603e|Pbd1e5867|P4fd6cb6f|P5d4bdf6a,P0a536a9d,22244207.0
M0145e3cb,The Killing Fields,1984,4,140,14400000,en,War,War|Drama|History,3,GB,3,Cc1b3796b|C530b2e95|Ca6fd47ca,29,15,False,K399777ff|Ked493fb4|K63569927|K853fc10a|K013f0688|K37d55bf1|K1859b50d|Kbe1a1b22,P782a82ff|P515cf51e|Pb1885140|Pefca9620|P8ba30df0,P4f37dfbb,34700291.0
M3866d917,When Harry Met Sally...,1989,3,95,16000000,en,Comedy,Comedy|Romance|Drama,3,US,2,Ce4e76224|C91c4750c,16,18,False,K33e09618|Kb1b2d050|Kc0bb51b1|K827e4f38|Kba9cf181|K5011ba81|Kb92c5fc4,Pf8a6242d|Pfa741633|P5d3ea09b|P3eb5eded|P37b43538,P4bc483e6,92823546.0
M7fb0c644,Alien³,1992,2,115,50000000,en,Science Fiction,Science Fiction|Action|Horror,3,GB|US,2,C6cbfdb5c|C21d57d25,25,47,True,K526fab99|K267cc427|K16dd7ad0|K546d281f|Kc549f327|Kb6d57d75|Ka96b9d40|Kb3b2cf69,Pab61d2a5|Pee130dfa|P471cda5c|P3a9b8c1a|P90d72315,Pa8beb66e,159773545.0
M7e2918a3,Dracula,1992,4,130,40000000,en,Romance,Romance|Horror,2,US,3,C947c3de9|C52e61c78|C2812a13d,29,15,False,K06ec2ec0|K0d6bdfd0|Kffb9e482|K6e6dc8aa|K71bf1fc9|K4b6d6f5b|K7f9ad747|K6430133a,P89aa61f8|P11a199f3|Pdff627c7|Pee0e1556|Pe693233a,P47881235,215862692.0
M0a67e01d,Candyman,1992,4,100,6000000,en,Drama,Drama|Horror|Thriller,3,US,3,C757257b9|C6dfc8237|C3686df5f,15,42,True,K011bc215|K54a7f3ef|Kafd14623|K6ee188c7|K4e408e8a|Kadc334c7|K2e200e8f|Kbf4431a4,Pda83617f|P6f42213b|Pae85f4b7|Pc55f4234|Pd74238a5,Pa2c9f446,25792310.0
M97b5524b,Cape Fear,1991,4,130,35000000,en,Crime,Crime|Thriller,2,US,4,Cd7a83b16|C9710581c|C7cd1705d,27,39,False,K526fab99|K24e26ceb|K5c0670e8|Kc5a122eb|K137adf5c|K0d25991c|K9a16fa02|K7da32c41,Pd9604827|Pe28239f5|P2bab004c|Pe8e35f2f|P0016a39d,Pc1b16bc3,182300000.0
M39ad288c,Carrie,1976,4,100,1800000,en,Horror,Horror|Thriller,2,US,1,C7e86926f,23,24,True,K1451c5af|K6fcaaeb8|K03b817d9|Kef47e525|K60686471|K7db97ba9|K3a9cfbfe|K9a16fa02,P45da86ac|P00ba0546|P7697666b|Pb0f9155c|P89a58641,Pb1ee92f6,33800000.0
M3f0097b4,A Nightmare on Elm Street,1984,4,90,1800000,en,Horror,Horror,1,US,2,C6988cd6a|C7c1106fa,29,15,True,K825ca0e9|Kd117aa7c|Ke30f40a7|K5ebde1b5|K04b71262|K8e4844b2|K102f7f06|Kd9a34eb2,Pef5b88a6|Pab1eb1d5|P0e1b4d7d|P25860062|P5bc764b9,P3f55f911,25504513.0
Me462a8c9,The Omen,1976,2,110,2800000,en,Horror,Horror|Thriller,2,GB|US,2,C6cbfdb5c|Cfe5673c8,32,32,True,K02a3ddab|Kc7c9387f|K03812e46|K02d5ed5f|Kb3b2cf69|K3b641cd6|Kd36804b6|K31d9a28c,P865a6cd4|P518527a6|Pe4ff6d5f|P40269648|Pd4e3c32e,P07f9ee68,60922980.0
M15fbcdeb,Star Trek: First Contact,1996,4,110,46000000,en,Science Fiction,Science Fiction|Action|Adventure|Thriller,4,US,2,C6146f42e|C3b4f42da,14,18,True,K44060099|K37979622|K20e9ec0f|K9f493c65|Kf93b4bf6|Ke1a7ed2f|Ke7fd3ddd|K5214af59,Pd0abc51d|Pcfb077fb|P90e956c3|P2bcb7a1a|Pbdd47552,Pcfb077fb,150000000.0
M1202ea7b,Sling Blade,1996,3,135,1000000,en,Drama,Drama,1,US,1,Cf8f92f7f,17,9,False,Kd3103f62|Kf4e692ae|K27d38bfe|K2b103f2d|K25c59143|Kabc60ee7|K79f8eb05,P08e0c086|P9a71ac7c|P13dc1a8a|P1b949c6f|P001c4acd,P08e0c086,24444121.0
M9b03fdcc,Jingle All the Way,1996,4,90,60000000,en,Family,Family|Comedy,2,US,2,C6cbfdb5c|Cd05b6468,20,12,True,Kedb0ba53|Kfee0b656|Kcf3c4678|Kdc5570ed|K4422f337|K399ba99f|K55c4f9e1|K3f7ab163,Pf3b2f25f|P7f4df868|P2b354cb4|Pf3f850eb|Pf94d1b1f,Pe47f6a92,129832389.0
M51487f57,The Preacher's Wife,1996,4,125,40000000,en,Fantasy,Fantasy|Drama|Comedy|Science Fiction|Romance|Family,6,US,1,C0532621e,8,4,False,K36a3c7b7|K5c17811c|K329cb569|Kf6d89b28|K6d034ebe|Kcbf64eb9,Pbbc37df2|Pbb894750|Pfc420846|Pe7e471d1|P512d4aea,P9c01178d,48093211.0
Mad01d6d4,Ridicule,1996,2,100,3000000,en,Comedy,Comedy|Drama|Romance,3,FR,1,Cf6e9c17d,7,10,False,K6a0c24ab|K511491fa|Kef4eed7e|Kc01c3dfc|Kd2e5bc2f|K5f53e9af|K72bae751|K86d89f61,Pc70c840e|P9df87ac4|P0d0dda07|Pf4ddf002|Pbc788ce2,P40a8155f,2503829.0
Mdfeaf904,101 Dalmatians,1996,4,105,54000000,en,Comedy,Comedy|Family,2,GB|US,2,C72b723b8|Cb32d9d62,5,11,True,Kef728c09|K541bc390|K7ec19939|Keb26ee89|K31b25f7e|Kffef018c|K4c5a0014,P010e0927|P63cebd80|P16ab16fd|Pdcd8384e|Peb18e715,Pfcc81a78,320689294.0
M4ce7dd25,Die Hard 2,1990,3,125,70000000,en,Action,Action|Thriller,2,US,3,C6cbfdb5c|C8641b7c6|Cd36ef9f0,44,73,True,Kc2ed15d1|K7e1398ba|Ked493fb4|K1451c5af|K31249f48|Kc39f42cb|K32aef5c9|K9653593d,Pbc324a94|P03df7f3d|P5bcce21e|Pc28f4cd9|P08d40dd0,Pc9ab0a9c,240031094.0
Mf1d6ba16,Star Trek VI: The Undiscovered Country,1991,4,115,27000000,en,Science Fiction,Science Fiction|Action|Adventure|Thriller,4,US,1,C6146f42e,24,14,True,Kc3c4e3e8|K44060099|K37979622|K0948e974|Kf364a87b|Kb4e266b4|Kabb619b7|K4aee334a,Pafbf3c18|Pbd7d9466|P52b64ba5|Paac79044|Pb1f91502,P83c10f03,96900000.0
M1ae3c36b,Star Trek III: The Search for Spock,1984,2,105,18000000,en,Science Fiction,Science Fiction|Action|Adventure|Thriller,4,US,1,C6146f42e,18,12,True,,Pafbf3c18|Pbd7d9466|P52b64ba5|Paac79044|Pb1f91502,Pbd7d9466,87000000.0
M2c43a99a,Star Trek IV: The Voyage Home,1986,4,120,24000000,en,Science Fiction,Science Fiction|Adventure,2,US,1,C6146f42e,15,17,True,Kd3ee2033|K2c1bbb24|Kf364a87b|K804bfd5b|K682d5a03|K3f6d12d4|Kd73d8f67|K4d7becfd,Pafbf3c18|Pbd7d9466|P52b64ba5|Paac79044|Pb1f91502,Pbd7d9466,133000000.0
Mc1bef8dd,Batman Returns,1992,2,125,80000000,en,Action,Action|Fantasy,2,GB|US,2,C3686df5f|C3e7bdc8f,11,16,True,Kedb0ba53|K9df93747|K4398eae0|K38b4fde2|Ke3894268|Kabe04825|K3e780b2a|K176dbede,Pf10575be|P6f263068|Pe39be12b|P3be49d96|P1e586527,P9059d147,280000000.0
Me8262e2e,Young Guns,1988,3,105,13000000,en,Crime,Crime|Action|Adventure|Drama|Western,5,US,2,C6cbfdb5c|C8679e149,19,10,True,K9df93747|K27d5bfeb|K30848e7a|K193051bb|Kac295930|K6bf58623|K251f030c,Ped5583d7|Pcf04e53b|P324bdcf4|P79a733fb|P1dff6e01,P1f20dd5f,44726644.0
Mc6744209,Grease 2,1982,2,115,13200000,en,Comedy,Comedy|Drama|Family|Music|Romance,5,US,1,C6146f42e,19,6,True,K965d2159|K6c9829d9|K58378910|Kcbf64eb9,P65eff154|Pe39be12b|P9fac9577|Pf331e010|P86cf9505,P51fbc950,15171476.0
M7b372f8f,Marked for Death,1990,4,95,12000000,en,Action,Action|Thriller,2,US,3,C6cbfdb5c|Ced6877ec|C8d6aa7c9,23,9,False,Kcf60ec2b|K9653593d|K35fbf0b0|K9a7a2db0,Pe756e8b3|P235e6bfe|P4fa7fc5d|P831ca9d8|Pd2149b3f,Pfef06342,46044400.0
Maddb6066,Jaws,1975,2,125,7000000,en,Horror,Horror|Thriller|Adventure,3,US,2,Cd7a83b16|C8cee0604,29,28,True,Kdd40b23e|Kdd52f589|Kd9b34922|K4fdd4469|K43802e56|K74d1d767|K9dfcf494|Ka1770494,P3a5e8525|P2739454b|P9f4d72a6|Pfad0019f|P0b5fdc4a,Pcf894350,470654000.0
Mf7e7aed7,Jaws 3-D,1983,1,100,20500000,en,Thriller,Thriller|Horror,2,US,3,Cd7a83b16|Ce9ee5be7|Ccca3ea27,47,17,True,K32c7600d|K586700a1|K841cd429|K19a14feb|K2238060d|K953fadad|K9a5ab2bc|K9b216056,P967c7ac4|P5a53a19b|P10c72e64|Pf931c6f4|Pdcd8b4a7,P016111fa,87987055.0
M6129c54e,Mars Attacks!,1996,4,105,70000000,en,Comedy,Comedy|Fantasy|Science Fiction,3,US,1,C30a4a967,22,21,False,Kd3ee2033|K2123ded8|Kfb526a76|Kdd65c3f2|K2b746c3e|Kae818b36|K57cbcbb8|K03812e46,P2484a098|P010e0927|Peb51c4ea|Pc745bfc7|P6f263068,P9059d147,101371017.0
Me4547b5b,Citizen Ruth,1996,4,105,3000000,en,Drama,Drama|Comedy,2,US,2,Cf8f92f7f|C0f544032,12,18,False,K82a98e31|Kd3103f62|Kf5a2ed6f,Pbdc89d4d|P235d9b58|P749452ba|P934291ec|Pd28879e0,P74e65ede,153155.0
Mc0e67e2b,Raising Arizona,1987,1,95,6000000,en,Comedy,Comedy|Crime,2,US,2,C6cbfdb5c|Cd2b15383,11,33,False,K808b4a33|K79a56504|K8f386df5|K3f0adf56,Pa2178ef1|P281a5f82|P7316ed52|P7f88be6e|P2d788f62,P86646577,29180280.0
Mf126ae7e,Marvin's Room,1996,4,100,23000000,en,Drama,Drama,1,US,3,Cf8f92f7f|Cda813610|C5844cbc7,18,43,False,K8f8f63a3|K16600711|Ke620efcd|K7054c626|K23e3c2ed|Kdb6c71df,P581ee292|P5601b6b3|P2cb99efe|Pd9604827|P2486140e,P0c200475,12803305.0
M2f57389b,Scream,1996,4,110,14000000,en,Crime,Crime|Horror|Mystery,3,US,2,Cf55d2c88|C07f90652,19,81,True,Ke7186c43|K6a3cb94b|Ka2122fa4|K04b71262|K9d722698|K1c02e6b0|K56020788|Kd1a7b481,P17d4ec0b|P4a65525b|Pe44cf61d|P20c64aeb|Pa2c42e6a,P3f55f911,173046663.0
M420eeca9,The Last of the Mohicans,1992,3,110,40000000,en,Action,Action|Adventure|Drama|History|Romance|War,6,US,1,C8679e149,15,59,False,Kd1f0857a|K795e6a64|K58cd70ff|K7f2dfe51|K9867353a,P38ff2ca0|Pf4d6002c|P5e5e1094|P874d5293|Pd0345feb,Paa8ef28b,75505856.0
Mfb725130,Evita,1996,4,135,55000000,en,History,History|Drama|Music,3,US|HU,2,C2b01c913|C4ca4dc32,12,9,False,K1199c976|K06acd763|K1d4a577b|K8d356e11|K8d190410|K3073fd44|K691ecded|K5b7a9f97,P23f1be74|Pd761e806|Pa2b2e430|P1df8022d|P1f3ad14a,P0a536a9d,141047179.0
M08874ca9,Turbulence,1997,1,100,55000000,en,Action,Action|Thriller|Crime,3,US,2,C1e53a163|Cd6e43325,45,32,True,K3ed3377f|K877e62a3|Ka82ab652|Kae5e00b6|K399ba99f|Kc88478e6,Pb3dd3313|P4213ff6a|P72092b5c|P06f53013|Pb11d979a,Pe1c95fd9,11466088.0
M1476df5b,Metro,1997,1,115,55000000,en,Action,Action|Adventure|Comedy|Crime|Thriller,5,US,2,Cc183f0d8|C0532621e,9,8,False,K2c1bbb24|K631a98f4|K0d25991c|K90d5865e|Kf3d6a316|K9a16fa02|Kd5560f02|K12071ad1,P1c7f1d9d|P64fe2dbc|Pd42d537e|P29d079af|P555ee1d0,Pef6fceaf,31987563.0
M477a6d68,Dante's Peak,1997,1,110,116000000,en,Action,Action|Adventure|Thriller,3,US,2,Cd7a83b16|C52706ed5,16,107,False,K7e1398ba|Kc5a122eb|K2f8d3554|Kfc0600a1|K7f49c806|Kc5d3ff17|Kd9b431f9|K190503f8,Pc745bfc7|P8bd8cfce|P0978ff80|P5c27d82b|Pb271357c,Pebd97e65,178127760.0
Ma80d5a6d,Prefontaine,1997,1,105,8000000,en,Drama,Drama|Romance,2,US,1,C2b01c913,7,3,False,K1f18ba1d|K2c862459|Kdc87c7d5|Ke66fc386,P2f0b3e83|P5eb9b5cf|P806553c5|Pd8f5904f|P7020a98d,P47c346f5,589304.0
Mc20c0eef,Vegas Vacation,1997,1,95,25000000,en,Comedy,Comedy,1,US,2,Cc1d82aa3|C3e7bdc8f,15,8,True,K8341e452|K65351ef5|K14f3f017|Ke67cc831,Pd730679d|P5e6f1657|P64b06ad7|P204b49cd|P02cac84e,P552cabd2,36400360.0
M39a06efe,Lost Highway,1997,1,135,15000000,en,Drama,Drama|Thriller|Mystery,3,US,4,Caa2ac8c4|C2020f7d5|C5f7c3bc9,41,74,False,Ke126f69b|K526fab99|K0f0db118|K82b36e2a|K06357137|K70733318|Kf8baada2|Kb8ac4260,P4821cb9e|P9e148a63|Pdfac6163|Pc9f22952|Pb6d91ee1,P975982f4,3675201.0
Me602701f,Rosewood,1997,1,140,30000000,en,Drama,Drama|History,2,US,3,Cd4764b45|C3e7bdc8f|C1b1e1bd4,30,25,False,K56b37770,P8b839607|Pb3cd0383|P57744027|P74d6ac27|P3e03a29f,P96e224e3,13130349.0
M7f40c62e,Donnie Brasco,1997,1,125,35000000,en,Crime,Crime|Drama|Thriller,3,US,4,C6dfc8237|C0571d5e8|C3257102f,13,13,False,Kb7b43807|K66f7db2a|Ke864e2ff|Kfe856611|K7e95b555|K94bdd826|K06f52cb1|K54a86c7d,Pd34c4eab|P13753a9d|Pc05fd874|P3eb5eded|Pa6d66898,P0fe87622,41954997.0
M79f4c26e,Kama Sutra - A Tale of Love,1996,3,115,3000000,en,Drama,Drama|History|Romance,3,GB|IN|US|JP|DE,2,C64a338a7|C54b04ad7,4,3,False,K9a94a39f|Kb8ac4260|Kcbf64eb9,Pe5801d75|Pe25f32ff|P0680dd26|P58fe5ea7,Pa1451aed,4109095.0
M5c62261c,The Saint,1997,2,115,68000000,en,Thriller,Thriller|Action|Romance|Science Fiction|Adventure,5,US,3,C6146f42e|Cfe5673c8|Cd6e43325,28,18,True,K0fc9b725|K9ff6cdc6|K8f61949e|K690fcee2|K527f30b1,Pcfb78473|P4f05630f|P895cc913|P2a8cdf54|P5bfc413f,Pc29be49f,118063304.0
M6a7f92e6,Liar Liar,1997,1,85,45000000,en,Comedy,Comedy,1,US,2,Cd927b580|Cd7a83b16,13,81,False,Kc2b5e04a|K5b2172f3|K17651dd4|K5bcb4bcc|K3f0adf56|K4b5d944f|Kd6a6d374,P3831e867|P91ea8c55|P70e1f767|P77496d83|P235d9b58,P24e6c418,302710615.0
M9f1f3804,Selena,1997,1,125,20000000,en,Drama,Drama,1,US,2,C88844aa7|C8e87da7c,12,19,False,K965d2159|K3e5560ed|Ke554e571|K1865683f|Kb65f664c,P91999fa3|P5db6c18a|P727472ff|P6485430a|P61dd12e3,Pe7338d52,60000000.0
M9bbb6247,Cats Don't Dance,1997,1,75,32000000,en,Animation,Animation|Comedy|Family|Music,4,US,3,C2d54d9a7|C63c138a3|Cddf4bfc7,5,27,False,Kb730b002|K965d2159|K080d905c|Kb3effe9e|Kaea398e7|Kcd97a98f|K0e1a3ef7|K677f4a01,Pafebb61a|Pcb10faa8|Pfa2b43df|P37cb2f1c|P7684a9d7,P3316f72b,3566637.0
Mc6425070,Turbo: A Power Rangers Movie,1997,1,100,10000000,en,Action,Action|Adventure|Family|Fantasy|Science Fiction|Thriller,6,JP|US,3,C6cbfdb5c|Ca43298c6|C0811365d,15,9,True,Kc2b5e04a|Ka3337f91|Kd9b431f9|K03a83b12|K19a14feb|Ked275099|K8558eba1|K323e09b0,P56ad4904|P7a4de35a|P156c9529|P76d268f3|Pb3a5684b,P593b1ae6,17979739.0
M6e0258a9,Anna Karenina,1997,2,110,35000000,en,Drama,Drama|Romance,2,US,3,Cfe554a3f|C3e7bdc8f|Caae830d1,39,2,False,,P57add64d|Pa0abef07|P9d25dde1|Pddceec1c|P563c9b6f,Pa2c9f446,791830.0
Mbab888bd,Anaconda,1997,2,90,45000000,en,Adventure,Adventure|Horror|Thriller,3,BR|PE|US,6,C52e61c78|Cb43087c5|Cc1878a4e,10,87,True,Keadbd67f|Kb2c2fb55|K4fc29def|Kefddcdc2|Kd0c3cb44|K7d6688ec|Kd6798e1b|K032c98de,P91999fa3|Pabc55b2b|Pb3cd0383|P37948f21|P66e0e26d,P1006fc1c,136885767.0
M1ca13307,Austin Powers: International Man of Mystery,1997,2,95,16500000,en,Science Fiction,Science Fiction|Comedy|Crime,3,DE|US,3,C6988cd6a|C446b6c3a|Cf3336a38,27,22,True,K267cc427|Kb7b43807|Kc1162113|K594f1d94|K877e62a3|Kedb203e8|K804bfd5b|Kaad2a0f9,P872c7544|P52453039|P21b1383d|P48d769f9|P41a49491,Pa2caa452,67683989.0
Mfd3e030f,Breakdown,1997,2,95,36000000,en,Drama,Drama|Action|Thriller,3,US,3,C6146f42e|Ca308e3f2|Ce8ce01c2,15,16,False,Kc2b5e04a|Kd95b93ea|Ke0fff442|K3b045687|K9136e8a9|Kb08abfaa|K3d4cce0d|K63195295,P6265995c|P13dc1a8a|P0ecffd57|P586c39f7|P02682c5a,Pe2db7597,50159144.0
M42295422,The Fifth Element,1997,2,125,90000000,en,Adventure,Adventure|Fantasy|Action|Thriller|Science Fiction,5,FR,2,Cf4478484|C47d534f6,114,134,False,Kfce86ae4|K938b3f55|Kf93b4bf6|K30a53fa2|K89099cca|K83380928|Ka96b9d40|K42cfc769,Pbc324a94|P89aa61f8|P6eb8b494|P7ba65775|Pcfb2c9bb,Pad9f53b5,263920180.0
M62bee404,Love! Valour! Compassion!,1997,2,110,2000000,de,Drama,Drama,1,US,1,Cbe498e61,4,2,False,K0c50837f|Kf6118f7e|K0efd2058|Keb141b00|K6b348b18,P7b3419a4|P85acd040|Pd7e06582|P93db5d43,Pd5dbb39a,2900000.0
M805abb58,The Lost World: Jurassic Park,1997,2,130,73000000,en,Adventure,Adventure|Action|Science Fiction,3,US,2,Cd7a83b16|C9710581c,23,113,True,Ke62b95f6|K83f5b2e6|K778f963f|K243d823e|Kd0fd3122|Kdb2378ff|K940149f8|Kc759d51c,P8ee73a48|P62eda3c0|P3a9b8c1a|P36c84de3|Pe5898b7e,Pcf894350,229074524.0
M50aa892f,Con Air,1997,2,115,75000000,en,Action,Action|Thriller|Crime,3,US,5,C4fb6882a|Cad0e6373|C0532621e,44,37,False,K526fab99|Kc2ed15d1|K7e1398ba|K31249f48|Ke63eacc3|Kb7b43807|Kc2b726dd|K6a646879,Pa2178ef1|Pe00a4034|Pefca9620|P8b839607|P097c6fa9,Pcebf9f1a,224012234.0
M0d173634,Speed 2: Cruise Control,1997,2,120,160000000,en,Action,Action|Adventure|Thriller,3,US,2,C6cbfdb5c|Ca8375f80,16,103,True,K5c5e4382|Kcc094e84|K408254ef|Ke85f007d|K5dd10013|K5ebb0cde,Pbf6fd3c6|Pee263a29|P9a2edffb|Pdb3d4afe|Pd77c57c8,P3f654400,164508066.0
M6641ce03,Hercules,1997,2,95,85000000,en,Animation,Animation|Family|Fantasy|Adventure|Comedy|Romance,6,US,1,C72b723b8,21,49,False,K99af97f9|K965d2159|Kae4dbdef|K346367d7|Kfcbf608c|K055d619e|K76eb4735,P08d4bd63|Pb4f766c5|P8792ed12|P6f263068|Pb303b271,Pd08b7f82,252712101.0
Mee03b925,Face/Off,1997,2,140,80000000,en,Action,Action|Crime|Science Fiction|Thriller,4,US,6,C6146f42e|Cbe72f625|C92a21ffa,22,54,False,Kb7b43807|Kc2b726dd|K0e8f4232|Kbf5c7428|K4e4be85c|K32aef5c9|K85f54509|K9a16fa02,Pe91449f5|Pa2178ef1|P7b4520e9|P3abe965b|P592d3fa5,P26bdbec9,245676146.0
M1f06f3c2,Men in Black,1997,3,100,90000000,en,Action,Action|Adventure|Comedy|Science Fiction,4,US,3,C9710581c|C52e61c78|Cf0e478f8,18,122,True,K3d2b49b8|Ka7871417|Kb7b43807|K546d281f|K99b7ca9b|K235f906f|K986d1419|Kd955b7ca,Pb23773f6|Pf5e36785|P8e2275a8|P5552edf8|P169f8736,P7d51e148,589390539.0
M000a905e,A Simple Wish,1997,3,85,28000000,en,Adventure,Adventure|Comedy|Family|Fantasy,4,US,2,Cd7a83b16|C9520f2f0,9,2,False,K79547cd1|K4b5d944f|Kfb07c726|Ke2f716ca,Pb2cc6074|P26f99d1b|P6e705f3a|P12a22244|P64bcb8cf,P6639abc9,8345056.0
M4088f583,Contact,1997,3,150,90000000,en,Drama,Drama|Science Fiction|Mystery,3,US,2,C3e7bdc8f|C49617e31,108,172,False,K1451c5af|K2c4719da|K06311639|K876f7e0d|K0864fe5e|K50aad106|Kac7fd1d2|K3004c01c,P312369ee|P9d278739|Pb303b271|P9a074087|Pbab534b5,P32776b6f,171120329.0
M842bcd79,G.I. Jane,1997,3,125,50000000,en,Action,Action|Drama,2,US,6,Cc183f0d8|C2b01c913|C3224f666,14,16,False,K7fe72660|K59543204|K7e1398ba|Kfaf72a8f|K0ec301c4|Ka33447c1|K65cf7a95|Kef0c5442,P996ee40c|P45ae55c7|P6fa35873|P18bd9ccb|P2807d5bc,P54540f1f,48169156.0
Mb90afef4,Cop Land,1997,3,105,15000000,en,Action,Action|Crime|Drama,3,US,3,Cf8f92f7f|C6fdd5ac1|Cf55d2c88,22,20,False,K9df93747|Kd67871a7|K2a89ee7a|K4869d83d|Kb59164e1|K0d25991c|Kf47d3ae7|K35fbf0b0,P468a604c|Pfb649c8d|Pb3dd3313|Pd9604827|P555ee1d0,P1783672c,44862187.0
Me0444ebf,Spawn,1997,3,95,40000000,en,Action,Action|Adventure|Fantasy|Horror|Science Fiction|Thriller,6,US,3,C6988cd6a|Cc61a788b|Ccb36ad88,10,16,False,K9ad21213|K742bd1e5|K32aef5c9|K923101f0|K2a128c7f,P6afcb4e5|P5768eddf|Pcd89be8e|Pbc47037d|P80e95f0a,P8a4406f9,87840042.0
Md37d4c39,Air Bud,1997,3,100,3000000,en,Comedy,Comedy|Family|Drama,3,CA|US,1,C72b723b8,8,4,True,Ka7223527|K1c42f35f|K829d9cc3,P08c82a79|P138ab882|Pe43fc322|P4eba50f4|Pf554124a,P9472181b,23144499.0
M5faff7b8,Picture Perfect,1997,3,105,19000000,en,Comedy,Comedy|Romance,2,US,2,C6cbfdb5c|C1916527a,6,8,False,Ke6b45b39|Kcc343814|K5bcb4bcc|Kee6d5712|Kd7084ffe,P0151a8e9|Pdc9a8b53|P2aace9ed|P0af16de9|P0944804e,Pf24585f8,44332015.0
Ma8e5c620,Steel,1997,3,95,16000000,en,Science Fiction,Science Fiction|Action|Adventure,3,US,3,Ce3d9f0ac|C3e7bdc8f|Cdf63d6a2,30,10,False,K38b4fde2|Keb5e7681|K51e02761|Kb5f65871,P249d8f1b|Paeb28f0e|Pa70c1b55|P728cfff0|P2dbf3131,Pb75a2da7,1686429.0
M465bc7b1,Mimic,1997,3,105,30000000,en,Fantasy,Fantasy|Horror|Thriller,3,US,2,Cf8f92f7f|C07f90652,16,25,True,Kd0bf5062|K7b1fe1e7|Ke707377a|K1e5a78fe|K68ad2759|K1dec31b9|Kdbe6d9ae|K72bae751,Pdab4818d|P6f5f734d|Pedbfcc8b|Pc6b524b9|Pe461072d,P2b09a029,25480490.0
Mbdfbe24d,Air Force One,1997,3,125,85000000,en,Action,Action|Thriller,2,DE|US,3,C52e61c78|C6e45b448|C3de42e40,38,100,False,K526fab99|K9df93747|Ked493fb4|Kfb526a76|K8b8060e4|K200b92a5|K90d5865e|Kc2abe754,Pfa43d9be|P89aa61f8|P010e0927|P6ed0a6d2|Pe66d9e38,P2207a9f9,315156409.0
Mcbb85e20,One Eight Seven,1997,3,120,20000000,en,Drama,Drama|Thriller,2,US,1,Cfe554a3f,30,10,False,K33e09618|K25a3086d|K13818823|K7563a553|K48803926,P5eab90f9|Pa905d419|P7aabe321|P793b9b83|P21421e8a,Pb79c9a4e,5716080.0
Md4d886a5,The Hunt for Red October,1990,1,135,30000000,en,Action,Action|Adventure|Thriller,3,US,3,C6146f42e|C26a5ef24|Cfe5673c8,33,13,True,Ke484fe84|K9d999169|K5b049f92|K06a5f3a2|K6ae60b12,Pa350e788|Pf77f8198|Pf83802ba|P5a9109c6|P27f9bfda,P1e488480,199200000.0
M721f5744,L.A. Confidential,1997,3,140,35000000,en,Crime,Crime|Drama|Mystery|Thriller,4,US,3,Cc2c73c36|Ce784fbc3|C3e7bdc8f,62,95,False,K9df93747|Kb1aa9b34|K1b326384|K7f75bea6|K36f92a97|Ke431848f|K5b99e83e|Kf1fbe500,Pf21f3bf1|P9491bef5|P6f263068|P03e2c7bc|P59339049,Pc47ab989,126216940.0
Mf3200de2,Seven Years in Tibet,1997,3,135,70000000,en,Adventure,Adventure|Drama|History,3,US,4,C6dfc8237|Cc7cdfc2b|C2cfa78ac,10,14,False,Ka820641c|K1bee81c6|K07855152|Ke09d99ff|K46681d34|K230a811e|Ke3d2a5d6|Kb5b464d4,Pc5fe07a1|P9253b7e4|P4c0744b0|P7cd2aa9a|Pc58901fa,P25398c8b,131457682.0
Ma6de5c9c,Kiss the Girls,1997,4,115,27000000,en,Drama,Drama|Mystery|Thriller|Crime,4,US,2,C6146f42e|Cd6e43325,18,15,True,K9bd9c4c0|Kbe3cf3b4|K011bc215|K56b57e97|Kaf98f72e,P9c10a86e|P89367870|P70e1f767|P410ef823|P63897b0a,Pd43821ba,60527873.0
M2257b408,Wishmaster,1997,3,90,5000000,en,Horror,Horror,1,US,3,Ca5a87110|C298831ce|C4ff3b38b,24,19,True,Ke6b45b39|Ka3c13b6b|K4b5d944f|Keed432dc|K3c6f9488,Pda36baad|P0c4d7f16|P96cb97e4|P891e87d6|P97704b0f,P703fc1aa,15719109.0
Md1ab9faa,Fire Down Below,1997,3,105,60000000,en,Action,Action|Adventure|Crime|Thriller,4,US,2,C3e7bdc8f|C609281ce,77,28,False,K27d5bfeb|Kdc63e329|K9b0a830c,Pe756e8b3|Pa43de348|P8768aeb2|P10b4f815|Pbe8d5d9c,P8707a1c8,16000000.0
Mef6e9cd1,U Turn,1997,4,125,19000000,en,Thriller,Thriller,1,FR|US,4,Cd0db4694|C3257102f|Cb94ef522,22,19,False,K3b045687|Kd0cbe5a2|Ke6244421|Kbd8891fc|Kbeae181d,Pd76d11b5|Pe28239f5|P91999fa3|Pdfff36db|P01069b87,Pc20617a1,6682098.0
M086100e0,The Ice Storm,1997,3,110,18000000,en,Drama,Drama,1,FR|US,3,C9ea1bb4a|Cceac79d7|C8b657590,16,16,False,K1451c5af|K4603cffd|K09d50f70|K8d86fd42|Kd3103f62,Pfc8c3208|P7b4520e9|Pab61d2a5|P361cb6be|Pf9bb3d0b,Pfcd8ba40,8038061.0
Mbe76ca35,Chasing Amy,1997,2,115,250000,en,Comedy,Comedy|Drama|Romance,3,US,2,Cf8f92f7f|C71ce43ef,16,9,False,Kd67871a7|K9b9e111e|K0b2e661a|Kdbd8b8b9|K35e1889b|K35f4a29b|K2e82d9ec|Kd3103f62,Pcde62a4b|P36742e31|P1f2402be|P2b6c5f75|P6d1560b2,P7e090b5e,12021272.0
M4d401dc0,The Full Monty,1997,3,90,3500000,en,Comedy,Comedy,1,GB,3,C002f977c|C6cbfdb5c|C164c95fc,30,13,False,K293e5fac|Kfbb0c1ef|K86eccc22|K7cb8d597|Kaa020f23,Pf96a3b1a|Pbfa56d6c|Peba6adab|P4f8ace16|P4acd4a33,P3c1b494f,257850122.0
M9b4b69db,The Devil's Advocate,1997,4,145,57000000,en,Drama,Drama|Horror|Mystery|Thriller,4,DE|US,6,Cc2c73c36|C97cab6a7|C80562ec2,47,17,False,K24e26ceb|Kd06882ca|K443b5d4d|K253334af|K60686471|K7db97ba9|K0de19f1e|Kabe04825,Pee0e1556|P13753a9d|Pa9346d2f|P7dbbc0cd|Pbdc763a5,P5aaefb61,152944660.0
M26b44530,Playing God,1997,4,95,12000000,en,Drama,Drama|Action|Thriller|Crime,4,US,1,C0532621e,16,9,False,K4869d83d|K169947a5|K00a3957c|K74cdffd7|Keb5e7681|Kd9198f5a|Kcd1a7e06,P301fb6b8|P99022af1|P9e58b7cf|P5b8f59bd|P5d8c5fae,Ped2b572f,4000000.0
M11139d66,The House of Yes,1997,4,85,1500000,en,Comedy,Comedy|Drama,2,,1,Cf8f92f7f,7,2,False,Kfb526a76|K4fd61cd8|Keb141b00|Kd3103f62|Kd47abffe|K79791d1d|K729957f8,P56b036c0|P6fc51e8f|Pa9d3b81a|P08577d2f|Pf12c2897,P9f90bd02,626057.0
M275a9a01,Switchback,1997,4,120,37000000,en,Action,Action|Adventure|Mystery|Thriller,4,US,3,C6146f42e|C52706ed5|Cd6e43325,12,7,False,K92a6dddc|Ka2122fa4|K4a10d49a,P967c7ac4|P6f155c36|P5eb9b5cf|P374cd4dc|P67db62bc,Pa187b644,6482195.0
Md126460e,Stripes,1981,2,105,10000000,en,Action,Action|Comedy,2,US,1,Cbafe940f,16,11,False,Kd5641b5e|Ke7a5d80c|Ka2e4a547|K61bb7b29,Pfe130811|Pc18a1935|Pd20b4a45|Pb2d66ef6|Pb6de0c5b,P069fb67f,85300000.0
Mb0fc4149,Mad City,1997,4,115,50000000,en,Action,Action|Drama|Thriller,3,US,2,C3e7bdc8f|Cad872611,15,8,False,Ked493fb4|K7b6f0775|K87b7cabd|Kd3103f62,Pe91449f5|P7771ab64|Pddceec1c|Pe5979b1f|P53a3d6d4,Pa527897f,10541523.0
M93280061,The Rainmaker,1997,4,135,40000000,en,Drama,Drama|Crime|Thriller,3,US,2,C6146f42e|C9a560622,26,43,False,K1982023c|Kec76f9fc|Kabb619b7|Ke620efcd|K7da32c41|K84ad63f2,P9d23789b|P6f263068|Pb3cd0383|P01069b87|P934291ec,P47881235,45916769.0
M4a701498,Boogie Nights,1997,3,155,15000000,en,Drama,Drama,1,US,3,C6988cd6a|C80cef579|Cf77e90b3,94,19,False,K0f0db118|K511491fa|Kad6405c4|K52437e3f|Ka9c90401|Kd9198f5a|Ka212e4fc|Ke1c0e5e2,P40d10530|Pdd352fba|Pff2ae6f1|P62eda3c0|P42c677ae,P39845bd4,43101594.0
M25e52321,Witness,1985,1,115,12000000,en,Crime,Crime|Drama|Romance|Thriller,4,US,1,C6146f42e,18,7,False,K9df93747|Kb1aa9b34|K51852249|K6bf9a0ce|Kca0f1cb3|K9fd9025b|Kf0b0444c,Pfa43d9be|Pb06b3dd2|P1cb7dfe7|P24be1f65|P42b9d773,P02b6bc1a,68706993.0
M78dedbd4,The Joy Luck Club,1993,3,140,11000000,en,Drama,Drama,1,US|CN,1,C2b01c913,14,31,False,K1451c5af|K4281ec01|Kb44e8055|K9a7a2db0|Kc176985f,P096545bd|P9c603dc9|Pcb8b672f|P3383ff23|P2a2b0155,P72bf73a1,32861136.0
M26208747,Sliding Doors,1998,2,100,6000000,en,Comedy,Comedy|Drama|Fantasy|Romance,4,GB|US,4,C6146f42e|Cf8f92f7f|Ccdc52bf4,20,25,False,K4398eae0|K32c2e49d|K442c9be4|K90ecb95a|K11f1900d|K804bfd5b|K9a9d0b33|Ke92d1dd4,P0affa6f4|P3b9da51e|Pf0ffc4dd|Pb9a2295a|P568b36cc,Pc2d24523,58000000.0
M631e2754,The Jackal,1997,4,125,60000000,en,Action,Action|Thriller|Adventure|Crime,4,US,9,Cd7a83b16|C521095af|Ca7fe7c78,50,92,False,K4869d83d|K9d999169|Ke7dde3b3,Pbc324a94|Pb8c4c754|Pb323b92d|P0a37f784|P8b74a486,Pb1b9ee8b,159330280.0
Mce4437ee,Anastasia,1997,4,95,53000000,en,Animation,Animation|Family,2,US,5,C6cbfdb5c|C62ff54e6|C79a8ee95,12,63,False,K4f692fc4|K965d2159|K23f8adcb|Kf6f440e0|K5bb9e941|K8c244cb0,Pf8a6242d|Pe00a4034|P65c2b572|Pc0e6515a|P85f4afca,Pb12f5fba,139804348.0
M1771c860,The Man Who Knew Too Little,1997,4,95,20000000,en,Comedy,Comedy|Thriller|Crime|Action,4,US,4,Cc2c73c36|C1cb96a27|C86497122,31,18,False,Kef728c09|Kf10ad044|K2b5d957d|K7e1398ba|K1451c5af|Kd95b93ea|K0d4b855e|Kef677a4f,Pfe130811|P41e13138|P16871e5d|P9d25dde1|P89e5da12,P957c8b3c,13801755.0
Mbc467fb9,Alien: Resurrection,1997,4,110,70000000,en,Science Fiction,Science Fiction|Horror|Action,3,US,2,C6cbfdb5c|C21d57d25,25,91,True,K267cc427|K13a62eac|K7f284f24|K19a14feb|K4d0bc3a5|K3efe6bd6|K6acc67ed|K0038366d,Pab61d2a5|P11a199f3|Pecb0b374|Pf7136100|P77f5af5c,P649904b4,162000000.0
M79119e1a,Amistad,1997,4,155,36000000,en,Drama,Drama|History|Mystery,3,US,1,Cfa01eb95,24,35,False,K3d95dcb2|K72d68ef7|Kfb2845a0|K46f675b6|K249af4ee|K11cedd68|K2411f508|K1d0db98b,P9c10a86e|P40bb49f9|Pdff627c7|Pba7f0b0a|P9d278739,Pcf894350,74000000.0
Mee4ce10f,Deconstructing Harry,1997,3,95,20000000,en,Comedy,Comedy|Drama,2,US,1,Cbe498e61,22,9,False,K33e09618|Kf549963a|K23578550|Kd3103f62|K77830caa,P23c41cec|Pada98783|Pfa741633|P63d412e7|P6ac23c5f,P23c41cec,10686841.0
M3c9db8a8,Good Will Hunting,1997,4,125,10000000,en,Drama,Drama,1,CA|US,3,Cf8f92f7f|C5f0d773c|Ccd84cde7,51,65,False,K220573b1|K9c580a0a|Ka2fe4ac7|K9980dc7a|K67237633|Kc52f1d5b|K3abcdc52|K357b9c0d,P8b29037b|P9d23789b|Pcde62a4b|P10291a37|Pbf89d8eb,Pfb9bfb55,225933435.0
Mca7a4be1,Home Alone 3,1997,4,100,32000000,en,Comedy,Comedy|Family,2,US,2,C6cbfdb5c|C8ef0af14,8,26,True,K01084bd3|K767e5108|K03a83b12|Ka0c202ff|K6a646879|Kdc5570ed|Kbeffdb01|Ka60d2eb5,Pd4fca6c2|Pd2fcead7|P2895ae21|Pdace1d24|Pb214a37a,P02060500,79082515.0
M42fb9be2,Midnight in the Garden of Good and Evil,1997,4,155,35000000,en,Crime,Crime|Drama|Mystery|Thriller,4,US,2,C3e7bdc8f|C0ad4e5f3,17,10,False,K8459da36|Kcf60ec2b|K2a9ab466,Pe00a4034|Pf21f3bf1|P7ad6a156|P84488b09|P8c6bcccc,P6f65c5ac,25105255.0
Mcee87949,Scream 2,1997,4,120,24000000,en,Horror,Horror|Mystery,2,US,4,Cf8f92f7f|Ca212ea4c|C15540443,75,26,True,Kc685ae44|K0a168e68|K04b71262,P17d4ec0b|P4a65525b|Pe44cf61d|P1c20804a|P9aee0f4b,P3f55f911,172363301.0
M2caf8903,The Sweet Hereafter,1997,2,110,5000000,en,Drama,Drama,1,CA,2,Cbe498e61|C13c50afe,9,26,False,Kdd6cc548|K9b3ec961|Ke5e5cfb4|K7cc2b640|Kd3103f62|K7da32c41|K1a498f4e|K33648934,P6eb8b494|P25dd298a|P07624456|P7005a07e|P55d38f53,Pe45c63ed,3263585.0
Me633a0fd,Titanic,1997,4,195,200000000,en,Drama,Drama|Romance|Thriller,3,US,3,C6146f42e|C6cbfdb5c|Ccec7fdeb,136,65,False,K4fdd4469|Kd8497cda|Kc8e08999|Ka7d35b39|K641d00b7|Kec952fd5|K9f47b446|Ka8aa4e42,P5516a531|P2cb99efe|P28a79bd6|P1821cffd|Pe76df162,P98706d3f,1845034188.0
M4a8663dd,The Postman,1997,4,175,80000000,en,Drama,Drama|Adventure,2,US,2,Cceaa5a41|C3e7bdc8f,36,13,True,Kd6a05201|K1a279a1e|K5328b3cd|Kef0c5442|Kc79d101b,P02f4f983|P9c43b517|Pb3267f80|P23ca8104|P5d362c20,P02f4f983,17626234.0
M2d45683d,The Horse Whisperer,1998,2,170,60000000,en,Drama,Drama|Romance,2,US,2,C7cc7d04d|C0532621e,21,26,False,Kde32259e|K33e09618|Ke1a7ed2f|K70912bd1|Kd58bb223|K2effcf2e|Kd081507d|Kb43fb131,P81f38d6e|P5264c9ae|P5a9109c6|Pb214a37a|P7e094d76,P81f38d6e,186883563.0
Mbf058ff5,Jackie Brown,1997,4,155,12000000,en,Comedy,Comedy|Crime|Romance,3,US,1,Cf8f92f7f,32,9,False,K31249f48|Ka37bedb4|K2c99fbd9|K3802909b|K0d25991c|Kd9198f5a,Pea553968|P5eab90f9|Pbc571bb9|Pfa3b55fa|Pf10575be,Pa480d3d3,39673162.0
M82809dad,Kundun,1997,4,135,28000000,en,Drama,Drama,1,US,1,C0532621e,5,19,False,Ka820641c|K2f674d5e|Ke09d99ff|K46681d34|Ka60cefbf|K21a09061|K32a80580|Ke439e8de,Pd42d3c9c|Pfa3dbd01|P6f2623f0|Pbdb5bee2|P3d601006,Pc1b16bc3,5684789.0
M574debdb,The Big Lebowski,1998,1,115,15000000,en,Comedy,Comedy|Crime,2,GB|US,3,Cee849d15|C3686df5f|C0110c455,41,98,False,Kc2b20155|K1ace772c|K529bf2e9|K5d61d33a|K291743ca|Kf5c65358|K153272cf|K9136e8a9,Pdfa9d578|P7f88be6e|P62eda3c0|Pa887b05b|Pfe9ae21f,P86646577,46189568.0
M1daa9403,Great Expectations,1998,1,110,25000000,en,Comedy,Comedy|Drama|Romance,3,US,2,C6cbfdb5c|Cb3ba5e78,10,6,False,K4f7fe086|K32714049|K639314e0,P0affa6f4|P598f6582|P2db253cf|P6fa35873|Pd9604827,Pa6dc9439,55494066.0
Mc225b3d0,Wag the Dog,1997,4,95,15000000,en,Comedy,Comedy|Drama,2,US,3,C6988cd6a|C5844cbc7|C0c781e22,16,29,False,K9bd9c4c0|K5c0670e8|K4d54a5a1|K2b746c3e|K3380d21e|Kd00e473f|K4f2567f4|Kf72e3460,P7771ab64|Pd9604827|P3a7756e1|P96737513|P5e5a423d,P88a4894e,64256513.0
M6c714f38,Half Baked,1998,1,80,8000000,en,Comedy,Comedy|Crime,2,US,1,Cd7a83b16,12,8,False,K67e926d8|K926ca99f|K95299216|Kd9198f5a|Kcbf64eb9,P4836f470|Pf8317939|Pcbbce14f|P0cd1c7f6|P9628aa05,P75eb84c2,17460020.0
M7ce87773,Shooting Fish,1997,3,110,3000000,en,Crime,Crime|Comedy|Romance,3,GB,5,Cb0a86a0c|C22cbb598|Cab8e89a7,38,5,False,Kef728c09|K4d23e9ec|K00ee119f|Kfb4b3fa1|K5c35eca7|Keec6e143|K5852d5b1|K6a651960,P7b35fb33|Ped00b02e|P1210b4c7|Pa0e63e5c|P31d2df46,P38a7f9b3,302204.0
M9ff23314,Spice World,1997,4,95,25000000,en,Adventure,Adventure|Fantasy|Drama|Comedy|Music,5,GB,1,C52e61c78,37,11,False,K19acffc1|K669358b1|Ka0de5fc2,P527aa619|Pee12e337|P49cadd28|P14132c37|P88933410,Pb952fdf8,100000000.0
Me0f4d0ff,The Replacement Killers,1998,1,85,30000000,en,Action,Action|Drama|Crime|Thriller,4,US,1,C52e61c78,13,10,False,Kd6a05201|K2f674d5e|K0b2122b4|K0c24b3e3|K35d81ba9|Kcf15988c|Ke7dde3b3|K8ededc31,Pbf41fe4c|Pdab4818d|P12f4936d|Pba35cc98|Pefa7481d,P0efd056c,19204929.0
Me1022256,Blues Brothers 2000,1998,1,125,28000000,en,Music,Music|Action|Comedy|Crime,4,US,1,Cd7a83b16,29,9,True,K526fab99|K3c978872|K1d93666c|Kb517b1a9|Kaf96e7ab,Pe236144b|P7f88be6e|P97289d7c|P4fa7be95|Pc1b51e54,Pad9f80ca,14051384.0
M5d0e339b,The Wedding Singer,1998,1,95,18000000,en,Romance,Romance|Comedy,2,US,3,C6988cd6a|Caef19b2e|Cb857df94,15,19,False,Ka06fb66f|K7c6da98e|K0b2e661a|Ka90ee41e|K47de47f3,Pc82d1114|Pe0243597|P01ef4b1d|Pd7cbcf3b|P4706e3bb,P45fe1df4,123306987.0
M54f9cc69,Sphere,1998,1,135,75000000,en,Science Fiction,Science Fiction,1,US,4,C35777b1b|C3e7bdc8f|C0c781e22,12,71,False,K709db681|K876f7e0d|K546d281f|K3788e79b|Kc54982e6|K4d0bc3a5|Kffca883b|Ke05af843,P7771ab64|P1157c526|P5eab90f9|P355cfb59|P961bdf96,P88a4894e,13100000.0
Mf49c7d34,As Good as It Gets,1997,4,140,50000000,en,Comedy,Comedy|Romance,2,US,2,Ca07ba3db|C6dfc8237,56,35,False,K60561435|K94f985a9|K50e22a50|K5011ba81|K251f030c|K77830caa|Ke682b8cd|Ka43fbb3a,P2484a098|P455e5488|Pa4d4e204|P091308ba|Pbced5436,P8cd55574,314178011.0
Mfd4871a6,U.S. Marshals,1998,1,130,60000000,en,Thriller,Thriller|Crime|Action,3,US,2,C80562ec2|C3e7bdc8f,31,106,True,K4d54a5a1|K84e1acd0|K1435f49d|K66331d63|Ka2dbcd1a,Pb23773f6|P953616ba|P9aaea10b|Pc21fb361|P7317539a,Pe6ed9ce6,102367405.0
Mec3ab1cc,The Newton Boys,1998,1,115,27000000,en,Crime,Crime|Action|Drama,3,US,2,C6cbfdb5c|Cf9a0d8fc,16,4,False,Kb2dd1d83|Kb358cb4a|K7ed7c797,P9d278739|Pbced5436|P598f6582|P5552edf8|P93cc6e52,P6f0ffd49,76000000.0
M9b1f4a78,Wild Things,1998,1,110,20000000,en,Thriller,Thriller,1,US,1,Cc7cdfc2b,34,9,True,K615ad2f5|K139a4140|Kf47ae652|K5c0670e8|K0c537174|K841cd429|Kb8ac4260|K50f0ee0b,P27ff617e|P2aace9ed|P16523f1f|P4a65525b|P36a235ff,P26f00c6e,67200000.0
M7f6c3744,Two Girls and a Guy,1997,3,85,1000000,en,Drama,Drama|Romance,2,US,1,C9ea1bb4a,5,4,False,Keec6e143|K9a16fa02|K1dd1e957|Kfa789c71|K66ffa8f5,P9aaea10b|P077d3fec|P26e3f83d|Pf1e62722|P3e1eb1c1,P21022f79,2057193.0
Mcfa45c33,Meet the Deedles,1998,1,95,24000000,en,Animation,Animation|Comedy|Family,3,,1,C72b723b8,9,16,False,,Pbbb2aadf|P5b9f81b4|P0fbbf0cd|Pbfba0928|P1b3c4e6c,P7677b30b,4562146.0
Meaaa8ea5,The Spanish Prisoner,1997,3,110,10000000,en,Crime,Crime|Drama|Mystery|Thriller,4,US,4,C9a1d391c|Cd98581e9|C09bca4e7,6,18,False,K4688311a|Kd58bb223|K1f2e9645|Kd3103f62,Pa4708d8a|Pc5390370|P7cabd3bc|P5f776d93|P83354494,Pecea0ebb,13835130.0
M5622cbc3,City of Angels,1998,2,115,55000000,en,Drama,Drama|Fantasy|Romance,3,US|DE,5,C8e42f8bf|Cc2c73c36|C97cab6a7,16,14,False,Kc8aa65cd|K36a3c7b7|Kb5348ef7|K46565220|K0ad20bc2|K0b4c0c84|K648bad42|Ka42eba1d,Pa2178ef1|Pf8a6242d|P1c0546d1|P7e34702e|P7da52033,P9b9f585b,198685114.0
M8262e662,He Got Game,1998,2,135,25000000,en,Drama,Drama,1,US,2,C1b1533bd|C0532621e,29,14,False,K526fab99|Kcf7d212b|Kc1abf13e|Kf7ddf635|Kd0c73b68|Kdcf0ed6d|K94571983|K24762420,Pbbc37df2|P207c1dcd|P7ba65775|Pefe166d2|Pa290ad05,P1e91a320,21567853.0
Maccedae0,Zero Effect,1998,1,115,5000000,en,Comedy,Comedy|Crime|Mystery|Thriller,4,US,3,Ce4e76224|C52e61c78|Cd788c955,15,9,False,Kb1aa9b34|K50f0ee0b|Kd3103f62,P4821cb9e|Pd29fc0d4|Paa9145d2|P7bb71de3|P893a702e,Pd4f8e50e,1980338.0
M0893c57c,"An Alan Smithee Film: Burn, Hollywood, Burn",1998,1,85,10000000,en,Comedy,Comedy,1,US,2,C2b01c913|C4ca4dc32,14,4,False,K096b9f60,P789f5166|P468a604c|P9bab5900|P2e7817dc|Paa9145d2,Pfe50fea7,45779.0
M9e158552,Mr. Nice Guy,1997,1,115,12716953,cn,Crime,Crime|Action|Comedy,3,AU|HK,1,C988197fa,15,10,False,Ked493fb4|K1308518c|K12749c65|Kcf15988c,P789f5166|P55678985|Pceb80621|P1b346405|P61841e20,Pa76fdb0a,18814720.0
M34628145,Species II,1998,2,95,35000000,en,Science Fiction,Science Fiction|Action|Horror,3,US,1,C1e53a163,66,30,True,K9bd9c4c0|Kc3529256|K83f5b2e6|K13a62eac|K08b1cffe|K2565e095|Kf9e3ff7b|K5ef5e3d1,Pc05fd874|P71423043|Pa43de348|P6b0ba4af|Pcac0dcc5,P2ba86b0a,19165560.0
M19fee2af,The Big Hit,1998,2,90,13000000,en,Action,Action|Adventure|Comedy|Thriller,4,US,1,C6dfc8237,10,11,False,Kb3c26b72|Ka646ca77|K3704155c|K9bc337de|K3d3e5acf|Kc53e7ec8|Kcabfe0a5|K02caf9a3,P40d10530|P324bdcf4|Pb0acacc8|Pbbe54aa7|Pb3ada189,Pf198118e,27007143.0
M30a91f87,Deep Impact,1998,2,120,75000000,en,Action,Action|Drama|Romance,3,US,4,C6146f42e|Cfa01eb95|C8cee0604,26,113,False,K2b746c3e|K2c4719da|K37424c32|K16f6df26|Kb6e55aa4|K6473597c|Ka1198490|K9be8fceb,P617d4377|P5d357b0a|P6f0b74b5|Pb22d5147|P9c10a86e,P0aa88768,140464664.0
M4ecfdc07,Woo,1998,2,85,13000000,en,Comedy,Comedy|Romance,2,US,3,C6988cd6a|Cd4764b45|C41816ac6,12,2,False,K934725bf|Keec6e143|K047650e4|Kcbf64eb9,P94cdbb6d|Pa83a0c93|Pdc3292d2|Pec254ed1|P095110fa,Pe5087eef,8026971.0
M57aa0c3a,Quest for Camelot,1998,2,85,40000000,en,Fantasy,Fantasy|Animation|Drama|Romance|Family,5,US,1,C3e7bdc8f,13,36,False,,Pa3829aab|P70e1f767|P89aa61f8|Pf54d6fc3|P46ffd89c,P36c23b95,38172500.0
Mda6ff6e2,Godzilla,1998,2,140,130000000,en,Science Fiction,Science Fiction|Action|Thriller,3,US,5,C6dfc8237|C627e6d4a|Ca27cade7,78,122,False,K526c2540|K08f18d05|K6b4e6a64|Kc1162113|Kc3d7081d|Kdb65ddf1|Ka58626c5|Kbfe6f363,P21e9c370|Pd4ba50b7|Pf97eb082|P85f4afca|P75e40100,P916a7de7,379014294.0
Mf029c867,Bulworth,1998,2,110,30000000,en,Comedy,Comedy|Drama,2,US,1,C6cbfdb5c,40,24,False,K658fee08|Kc62bc6d3|Kf495822d|K63f876d7|K14d5cef9|K84f189c9|K5c05fa22,P7f7977c4|P1de24948|P27ef56e2|P4afcd3e0|Pcc32b540,P7f7977c4,29202884.0
M75ee4020,Fear and Loathing in Las Vegas,1998,2,120,18500000,en,Adventure,Adventure|Drama|Comedy,3,US,5,Cd7a83b16|Cceb4e3c9|C14db85dd,28,100,False,Kfb61f124|K5d46a4a2|Kd0c9a59a|Kb3695c2a|K3b723c83|K45bfa21d|K47880c80|K1bae8e19,Pd34c4eab|P1ebfa909|Pf9bb3d0b|Pb1255d95|P11dff755,P1a6bcbf1,10680275.0
Mb5f9f709,A Perfect Murder,1998,2,105,60000000,en,Crime,Crime|Thriller|Drama,3,US,2,C80562ec2|C3e7bdc8f,11,86,False,K70733318|K50f0ee0b|K4f7fe086|K7c953bca|K04b7a06e,P9485f066|P0affa6f4|P45ae55c7|Pe25f32ff|P2628837f,P5f0866de,128038368.0
Mce9ac9e3,Six Days Seven Nights,1998,2,100,70000000,en,Action,Action|Adventure|Comedy|Romance,4,US,4,Cc183f0d8|C6a2f83c0|C373dbd1c,62,33,False,K0a776568|Kb1f4c640,Pfa43d9be|P3a7756e1|P556f28bb|Pc87ded08|Pdb3d4afe,P069fb67f,164000000.0
Me4e0ff19,Can't Hardly Wait,1998,2,100,10000000,en,Comedy,Comedy|Drama|Romance,3,US,1,Cf4478484,22,8,False,K30ba46ef|K118b41af|K1ef0082a|K8094c578|K39b1b849|Kd264d468|K94571983|K6ee56909,P9ad995c6|P204b49cd|P54dc691f|P75526b5a|P04255411,P4fb35dd8,25605015.0
M2c2171ac,Children of Heaven,1997,3,90,180000,fa,Drama,Drama|Comedy|Family,3,IR,1,C4899383e,3,2,False,Kee199654|K355afc75|K83e6c95c,P9f47e886|P9128b501|Pe7fc9344,Pbbad138d,900000.0
M4247b788,Mulan,1998,2,90,90000000,en,Animation,Animation|Family|Adventure,3,US,2,C72b723b8|C67618fbb,26,27,True,Kd7e13b2f|K965d2159|Kb858ed20|K137adf5c|K814619b8|Ke5d6abed|Kf6ced2f1|K8b8f8cbb,P096545bd|Pc22a1511|P1c7f1d9d|P7cd2aa9a|Pbdaa10b9,P367b7760,304320254.0
M2528442a,The X Files,1998,2,120,66000000,en,Mystery,Mystery|Science Fiction|Thriller,3,CA|US,2,C6cbfdb5c|C2f8d5969,46,17,True,Kf10ad044|K7e1398ba|K526c2540|K443b5d4d|K876f7e0d|K4869d83d|K546d281f|K7b1fe1e7,P301fb6b8|Pda93cf7b|P125063dc|Pefc0b3da|P1b21378f,P5953ff6a,189198313.0
Me845bf48,Doctor Dolittle,1998,2,85,71000000,en,Comedy,Comedy|Family|Fantasy,3,US,3,C6cbfdb5c|C74b72c5f|C98c258fd,16,11,True,Kd124805f|Kcbf64eb9,P1c7f1d9d|P4dceb0f7|Pefdc98ca|P80529898|P8c8ccd85,P41fc29a2,294456605.0
M4ed654b6,Out of Sight,1998,2,125,48000000,en,Romance,Romance|Comedy|Crime,3,US,2,Cd7a83b16|Ca1800b09,16,12,False,Ked493fb4|Kc01c3dfc|Ke6e69f3b|Kaa220728|K0a1d24cd,Pd4551c6e|P91999fa3|P8b839607|P57744027|Pd0fd22b1,Pd886c47f,77745568.0
M19fedc7d,Buffalo '66,1998,1,110,1500000,en,Romance,Romance|Comedy|Crime|Drama,4,US,0,,26,13,False,K526fab99|K8341e452|K63bb2015,Pf6d394b5|Pb1255d95|P7cabd3bc|Pc810bfde|Padd04ad4,Pf6d394b5,2375097.0
Mdc905a67,Armageddon,1998,3,150,140000000,en,Action,Action|Thriller|Science Fiction|Adventure,4,US,3,C4fb6882a|C0532621e|Cc4719158,67,108,False,Kd3ee2033|K24eec40f|K75b71e8e|Kae818b36|K8be3e267|Kf1fb5fdc|K2c4719da|K546d281f,Pbc324a94|P08e0c086|Pcde62a4b|Pce2c4e19|P9c43b517,Pbac03e2c,553799566.0
M12a61f17,Lethal Weapon 4,1998,3,125,140000000,en,Action,Action|Adventure|Comedy|Crime|Thriller,5,US,3,Cd36ef9f0|Cbe5e4e99|C3e7bdc8f,21,101,True,Kc94e7a26|K7f898c12|K34569733,P46240969|P6f155c36|Pce3512b8|Pc3561a4c|P9e0754f2,P07f9ee68,285444603.0
Md3268a9e,Small Soldiers,1998,3,110,40000000,en,Comedy,Comedy|Adventure|Fantasy|Science Fiction|Action,5,US,3,Cd7a83b16|C9710581c|Cebcd09d8,23,41,False,K3135fdc2|K5439d958|Ka60d2eb5|K51e02761|Kd2affe68|K9062a211|Kcdb7d4d6,P17a28407|Pfe6d4c3d|Pb316026c|P7f4df868|Pd531e946,P4fc0296a,54682547.0
M01992f6b,There's Something About Mary,1998,3,120,23000000,en,Romance,Romance|Comedy,2,US,1,C6cbfdb5c,19,90,False,K00a3957c|K4b802e88|K4786f4fd|K57d33675|K5c542f48|K3e9c3af4|K5b124b9c|K59152fc4,P955f54ab|Pd29fc0d4|P27ff617e|P602b9bc9|Pca52ab30,Pb3499efe,369884651.0
M64d1f39e,Rocky,1976,4,120,1000000,en,Drama,Drama,1,US,1,C7e86926f,37,31,True,Kcc576f2d|Kb303ab6a|K8e05e851|K8b52126e|K7a3e26a4|K0b2e661a|K2d099cfa|K53c130d2,P468a604c|P5c64bf30|Pe7367b58|Paffaf3c0|P68500463,P12f7170c,117235147.0
M94d70dba,Kramer vs. Kramer,1979,4,105,8000000,en,Drama,Drama,1,US,1,Cf4478484,19,33,False,Kb1b2d050|K1e334f94|K33437310|K373cbc22|K33dc8956|K9a7a2db0|K9ca680bd|K745e3eef,P7771ab64|P5601b6b3|P84e5e73c|P66d8d1eb|P13478225,Pdec6bf63,106260000.0
M0bca7855,Out of Africa,1985,4,160,31000000,en,Drama,Drama,1,US,2,Cd7a83b16|C53fabfb3,17,21,False,K26c70bf1|Kb6e14e6e|Kcde1d2d7,P5601b6b3|P81f38d6e|P27c018df|Padbed258|Pacdaa170,Pe1f0e7d0,128499205.0
M821c518f,The Last Emperor,1987,4,165,23000000,en,Drama,Drama|History,2,FR|CN|GB|IT,6,Cf4478484|C1a07fd51|C0f6e9a4e,28,35,False,Ka820641c|K94d1fa6a|Kc8aa65cd|K2f674d5e|K293e5fac|K613cd66a|K126f9f16|K03b817d9,P0dd45700|P191dcec8|P4de128e8|Pd796bf92|P59349554,P296be7fb,43984230.0
M3b082a26,Rain Man,1988,4,135,25000000,en,Drama,Drama,1,US,2,C7e86926f|Cd93e7bd8,39,58,False,Kab720d41|Kd45f1817|K2691884d|K4eaa0722|Ka9a9e534|Kd0d019de|Kd8e38437|Kc7759f81,P7771ab64|P13cbd053|P12ad114d|Pa0f066d6|P590dfc72,P88a4894e,412800000.0
Me2762ee7,Driving Miss Daisy,1989,4,100,7500000,en,Comedy,Comedy|Drama,2,US,3,C5c652f15|C436775e1|C3e7bdc8f,16,40,False,Kab720d41|Kfe6fb0dc|Kc4b22c2f|K3519315b|K56c900d4|K773f1791|K1da57ffd|Kf5992d2d,P9c10a86e|P2cd8db95|Pe236144b|P3af6ad63|Pa7e7a7a6,P79f5904c,145793296.0
Mdc33af45,Repo Man,1984,1,90,1500000,en,Comedy,Comedy|Crime|Science Fiction|Thriller,4,US,1,C8e1c912b,17,17,False,Kc2b5e04a|Kfd0f8efa|K89099cca|Ka9d19626|Kf617a767|K4fcfc4d1|K0d25991c|Kedd80cbe,P37c598e5|Ped5583d7|Pdf3f10fc|P093fa695|P12b8f2f7,P17e5425d,2300000.0
Mc054fe59,A Nightmare on Elm Street Part 2: Freddy's Revenge,1985,4,85,3000000,en,Horror,Horror,1,US,2,C6988cd6a|C7c1106fa,26,30,True,K0c50837f|K075bd6d3|Ke6b45b39|K87bd8b37|Ke30f40a7|Ke099800e|K08b1cffe|K5ebde1b5,P96cb97e4|Pa78fc54e|P81965bcd|Pcf25905e|P229d3d20,Pff1cec5b,29999213.0
M9cffc239,A Nightmare on Elm Street 3: Dream Warriors,1987,1,95,5000000,en,Horror,Horror|Thriller,2,US,2,C6988cd6a|C7c1106fa,28,13,True,K594f1d94|Ke30f40a7|Ke6ffbdf3|K102f7f06|Kd9a34eb2|K729957f8|Ka7d27878|Kf49b8933,P96cb97e4|P9e148a63|P0e1b4d7d|Pef5b88a6|P4f648c23,P4908e927,44793222.0
Ma8eecd5b,A Nightmare on Elm Street 4: The Dream Master,1988,3,100,7000000,en,Horror,Horror|Thriller,2,US,1,C6988cd6a,29,15,True,K1308518c|Ke30f40a7|K5ebde1b5|K25a3086d|K0e0f83d5|K19a14feb|K64dee69a|Kd9a34eb2,P96cb97e4|Paff70e54|P7587a103|P08dac09f|P204e5e63,Pc9ab0a9c,72500000.0
Mba169cba,A Nightmare on Elm Street 5: The Dream Child,1989,3,90,8000000,en,Horror,Horror|Thriller,2,US,1,C6988cd6a,43,11,True,K309b4d79|K808b4a33|K038c8dca|K6a020f0a|Ke30f40a7|K5ebde1b5|K0e0f83d5|K838ef4ab,P96cb97e4|P204e5e63|Pe0802295|P5caad4a4|P28f3436c,P82172aeb,22168359.0
M65c0f245,Friday the 13th,1980,2,95,550000,en,Horror,Horror,1,US,3,C6146f42e|C7d94ddf6|Ceb6e59ed,23,22,True,Ka33df06b|K11e84da5|K190503f8|Kedd80cbe|K9a16fa02|K35fbf0b0|Kb71004ae|K04b71262,P26be91e4|Pac6f54c3|P7ab5ff1c|Pa9ac4435|Pb3a22129,P6fe065ac,59754601.0
M7b21e0b0,Friday the 13th Part 2,1981,2,85,1250000,en,Horror,Horror|Thriller,2,US,2,C6146f42e|C09fade17,12,6,True,Kd515c294|Kdeabce62|K6a3cb94b|K04b71262|K90bb0f7e|K6f21d8db,P67a73c78|P4f478a7b|Pac6f54c3|P0f4dc4cd|P26be91e4,P7ad4ed9d,21722776.0
M62b04dbc,Friday the 13th Part III,1982,3,95,4000000,en,Horror,Horror|Thriller,2,US,2,C6146f42e|Cf2b5dfcb,16,11,True,K11e84da5|Kdeabce62|K35fbf0b0|Ka2122fa4|K04b71262|K37228ca6|K4a310d0c|Kbaf3a7e5,P5b7c0f90|P583f6cec|Pc4da8079|Pe423d7d1|P5be4ecc2,P7ad4ed9d,36690067.0
Mf95b7725,Friday the 13th: A New Beginning,1985,1,90,2200000,en,Horror,Horror|Thriller,2,US,2,C6146f42e|C7d94ddf6,19,15,True,Kf3f28ea8|K99fe2dfb|Ka2122fa4|Ka69f7dd5|K8e4844b2|Kbb1efb21,P85374274|Pa5fad5d7|P8f19a8bc|Pfdda2fcc|P7cf33897,P03c8079b,21930418.0
Mad8e0765,Friday the 13th Part VI: Jason Lives,1986,3,85,3000000,en,Horror,Horror|Mystery|Thriller,3,US,1,C6146f42e,12,6,True,K5512d85b|K6fcaaeb8|Kf3f28ea8|K04b71262|Kd020b4c8,P1ce122c5|Pd76189a4|P087cf713|P13ee86f7|Pe0879ca8,P78b67fbe,19472057.0
Mb49b3348,Friday the 13th Part VIII: Jason Takes Manhattan,1989,3,100,5000000,en,Horror,Horror|Thriller,2,US,3,C6146f42e|Ceb6e59ed|Cddb9a1af,16,7,True,K33e09618|K5c5e4382|Kf3f28ea8|Ka05e8854|K25a3086d|K3a06e619|Kd253152d|Ka2122fa4,Pa32ebcdb|Pe77ffc4f|P4f6eb3d6|P3bc46264|Pe521b1a1,P249c8d07,14000000.0
Ma65c256c,Halloween,1978,4,90,300000,en,Horror,Horror|Thriller,2,US,2,C6dda6a13|Ca95accc0,25,17,True,Ka7984eec|K60686471|Kf3f28ea8|Kaa0b4eca|Ke7186c43|K0d25991c|Kebdb4d1e|Kd3103f62,Pf9e294e6|Pdd6d0097|Pb2d66ef6|P72d1d4d0|Pf8ae38e3,Pb803aa28,70000000.0
M1f44c86b,Halloween II,1981,4,90,2500000,en,Horror,Horror|Thriller,2,US,1,Cd7a83b16,32,13,True,K27d5bfeb|Kf3f28ea8|Ke7186c43|K08ae2dd7,Pdd6d0097|Pf9e294e6|P758043e6|Pe329d379|P0f4789bb,Pa2fb36a0,25533818.0
Ma1454b82,Halloween III: Season of the Witch,1982,4,100,2500000,en,Horror,Horror|Mystery|Science Fiction,3,US,1,Cd7a83b16,23,12,True,K32c2e49d|K47dc8a72|Ke63eacc3|K5ebbe8c9|Kf3f28ea8|Ke7186c43|Ka69f7dd5|K6d90a030,Pf5d276e4|Pbabbdd16|P8bcdbf64|P24045f3f|P4b06f17c,P9579d9ff,14400000.0
M78ffca57,Halloween 5: The Revenge of Michael Myers,1989,4,95,5000000,en,Horror,Horror|Thriller,2,US,1,Cffa2a2ff,19,12,True,K27d5bfeb|K63195295|K1bb3c192|K19a14feb|K862bcb41|K91572c92|K04b71262|Kb16bdd57,Pf9e294e6|P8f11d31d|P778ea6a9|Pabea41e4|P37d14c0d,P92416311,11642254.0
Mb4e76c2e,Prom Night,1980,3,90,1000000,en,Horror,Horror|Mystery|Thriller,3,CA,3,C5e84b0bf|Ccebbc7d0|C213de2a2,13,11,True,K075bd6d3|Ka7984eec|K511491fa|Kb730b002|K60686471|K25a3086d|K9a16fa02|K35fbf0b0,Pfff5d58e|Pdd6d0097|Pd1a3832f|Pb5b95703|P54237cab,P10ef1536,14796236.0
M6db5b9e7,Child's Play,1988,4,85,9000000,en,Horror,Horror|Thriller,2,US,1,C7e86926f,6,9,True,K01c1572d|K17651dd4|Kcf60ec2b|Kdc5570ed|K4b802e88|K35fbf0b0|K68ad2759|K04b71262,P25b29064|P5340d339|Pd08343e6|Pecb0b374|Pc1ff7d02,P1528e843,44196684.0
Md0175920,Child's Play 2,1990,4,85,13000000,en,Drama,Drama|Horror,2,US,1,Cd7a83b16,10,7,True,K0cf4416a|K4422f337|K9062a211|Kcdb7d4d6,Pd08343e6|Pab057132|Pbd0330d9|Pb98fffa9|Pecb0b374,P0b0349ce,35763605.0
Mbf9ee81d,Poltergeist,1982,2,115,10700000,en,Horror,Horror,1,US,2,C4637b80a|C1e53a163,16,26,True,K01084bd3|K37b23357|K66cc4ae0|K0c67acf4|Ke099800e|K9dfcf494|Kd47abffe|Kf48bddfa,Pb1885140|Pd2e0afc3|Pf238bbf1|P6c1a3a88|P59a9cdff,P085378ab,122200000.0
Mffd0a15a,Poltergeist II: The Other Side,1986,2,90,19000000,en,Horror,Horror|Thriller,2,US,1,C1e53a163,9,12,True,K038c8dca|K0c67acf4|K00f341b1|K6dd556ee,Pb1885140|Pd2e0afc3|P6c1a3a88|P1677fc4d|P504cb6c2,Pce01a86a,40996665.0
M93844e8d,The Exorcist,1973,4,120,8000000,en,Drama,Drama|Horror|Thriller,3,US,2,C3e7bdc8f|C939ca7c6,17,24,True,K719e729e|Kb1e22d10|Kd49e15ee|K711d7177|K5ceaca2a|K31d67b3d|K363e2cdf|K313b854e,P210cbb34|P63524ef0|Pce96e08a|P922edb7b|Pe7fa8534,P51a13d4a,441306145.0
Mea3cb5d5,Lethal Weapon,1987,1,110,15000000,en,Adventure,Adventure|Action|Comedy|Thriller|Crime,5,US,2,Cd36ef9f0|C3e7bdc8f,19,13,True,Ka55f4d57|Keb5e7681|Kec8ddc33|Kf6b2b675|Kf7ffd4f8|Kc94e7a26|K8b3e4ab2|K399ba99f,P46240969|P6f155c36|P8fb4a661|Pc3e00e49|Pf5d276e4,P07f9ee68,120207127.0
M56cbd98f,Lethal Weapon 2,1989,3,115,25000000,en,Action,Action|Adventure|Comedy|Crime|Thriller,5,US,2,Cd36ef9f0|C3e7bdc8f,21,59,True,Keede16fc|Kec8ddc33|Kf7ffd4f8|Kd762a8f9|K184b2d89|Kc94e7a26,P46240969|P6f155c36|Pce3512b8|Pd0a38f6b|P0e685d2f,P07f9ee68,227853986.0
Ma7592760,Lethal Weapon 3,1992,2,120,35000000,en,Adventure,Adventure|Action|Comedy|Thriller|Crime,5,US,2,Cd36ef9f0|C3e7bdc8f,11,20,True,K263aad4a|K41771a6b|K04ed106f|K2c5b2ac4|K78a6ffac|Kcb7d8edb|Kf7ffd4f8|K51de82f5,P46240969|P6f155c36|Pce3512b8|Pc3561a4c|P5df4956a,P07f9ee68,321731527.0
M83424d1d,Gremlins,1984,2,105,11000000,en,Fantasy,Fantasy|Horror|Comedy,3,US,2,C9710581c|C3e7bdc8f,18,18,True,Kedb0ba53|K038c8dca|Kc5a122eb|K89b9bcde|K0cde0795|K7b913106|K4a1d9f6a|K74bd6eb1,P479f453f|Peff7153d|Pc6191e77|Pa9844480|Pf9b58e8d,P4fc0296a,153083102.0
M7ba7d738,Gremlins 2: The New Batch,1990,2,105,50000000,en,Comedy,Comedy|Horror|Fantasy,3,US,2,C9710581c|C3e7bdc8f,27,17,True,K33e09618|K038c8dca|K6242373e|Ka6194240|Kc0bb51b1|K7b913106|K7b1fe1e7|K6ebc1ad0,P479f453f|Peff7153d|P85acd040|P53a3d6d4|Pb92d9a37,P4fc0296a,41482207.0
M2bf70c5c,The Goonies,1985,2,115,19000000,en,Adventure,Adventure|Comedy|Family,3,US,2,C9710581c|C3e7bdc8f,20,12,False,K419adec7|K4f97e9ea|Kf0c15599|K6728191d|K8876b599|K0976b4a9|K768a12a8|K5ccf647c,P27ef56e2|Pc6b524b9|Peeff8b24|P0c5fd148|P94602cc1,P07f9ee68,61503218.0
Mebe93d7b,The Mask of Zorro,1998,3,135,95000000,en,Action,Action|Adventure,2,US,2,C9710581c|C6dfc8237,24,16,True,Kc2b5e04a|K33b2d0b2|Kcc343814|K2effcf2e|Kfd335d37|K9a16fa02,Pd761e806|Pdff627c7|P76ffd39b|P5df4956a|Pa482ac63,P61003287,250288523.0
Mb2981afb,Back to the Future Part II,1989,4,110,40000000,en,Adventure,Adventure|Comedy|Family|Science Fiction,4,US,3,Cd7a83b16|C9710581c|C3bcd5fd8,55,29,True,K1f05bf13|Kb76b8ce1|Kb6334c56|K8c52ef0a|K5512d85b|Kf02f4632|K5214af59|K804bfd5b,P977f7843|P65c2b572|P4c1d4fe7|P4f05630f|P8f1c96bf,P32776b6f,332000000.0
M588fd7f9,Back to the Future Part III,1990,2,120,40000000,en,Adventure,Adventure|Comedy|Family|Science Fiction,4,US,3,Cd7a83b16|C9710581c|C3bcd5fd8,54,24,True,K41839633|Kc2b5e04a|K8c52ef0a|K7904303e|Kff432af5|K5214af59|K832b0a13|K53660c67,P977f7843|P65c2b572|P585b87be|P09391f95|P4c1d4fe7,P32776b6f,244527583.0
M1275b601,The Poseidon Adventure,1972,4,115,5000000,en,Action,Action|Adventure,2,US,2,C6cbfdb5c|Ca6a2e5ce,21,16,True,Kb5348ef7|K1199c976|K67c9210a|Kaa9e3589|Kee199654|Kb1b2d050|K82704fa2|K4fdd4469,Pa3cf7c55|P5a59e4b4|P6dff6aa2|P61c079e3|P39689d4a,P3bd985b2,84563118.0
M53655940,Dangerous Liaisons,1988,4,120,14000000,en,Drama,Drama|Romance,2,GB|US,3,C973d5ff1|C3e7bdc8f|C20be6cad,14,12,False,K767bec4d|K96bcf62d|K12e0a0fd|K17904a07|K1ca3731a|K072a3008|Kcb4d17ec|K139c17cb,P010e0927|Pefca9620|Pe39be12b|P235d9b58|Pee0e1556,P581cd374,34670720.0
M5d80c418,Dune,1984,4,135,40000000,en,Action,Action|Science Fiction|Adventure,3,US,1,Ca308e3f2,21,46,False,Kc7c9387f|K55cfa8fb|K038c8dca|Kc3529256|K08f18d05|K546d281f|K4cd89d42|K7b1fe1e7,P5aff1494|Pe4a7744b|P75500e5a|Pecb0b374|Pf7f80017,P975982f4,30925690.0
M6d272f4d,The Last Temptation of Christ,1988,3,165,7000000,en,Drama,Drama,1,US|CA,2,Cd7a83b16|Cb8626ac4,15,8,False,Kb38c398c|K3de100c1|Kee6520fd|K8a28c7c8|Kaae2caa3|K2ee7e204|K8ddf3e21|Ka34041ad,P9a2edffb|Pfb649c8d|P62a54651|Pbf95a397|P37c598e5,Pc1b16bc3,8373585.0
M205439e5,The Godfather: Part III,1990,4,160,54000000,en,Crime,Crime|Drama|Thriller,3,IT|US,1,C6146f42e,38,24,True,Keae2ee2b|Kb38c398c|K33e09618|Kb722db6a|K8b52126e|K2b024aec|K58bc9b4d|Kaf5e7471,P13753a9d|P581ee292|P45c72dd5|P5c64bf30|Pfc1993d7,P47881235,136766062.0
M49c7d031,The Rapture,1991,4,100,1227401,en,Mystery,Mystery|Drama,2,US,1,Cbe498e61,15,15,False,K511491fa|Kb8ac4260|Kb64565dc|K7db97ba9|Kd49e15ee|K648bad42|K27546ebe|K297d60f8,P48d769f9|P917d0c6f|P301fb6b8|Pc6d7ae76|P9c43b517,Pcc780efe,1277401.0
M96728fa9,Disturbing Behavior,1998,3,85,15000000,en,Mystery,Mystery|Horror|Science Fiction,3,AU|US,5,C1246c604|C6e45b448|C2187447f,15,27,False,Kc8aa65cd|K511491fa|K566c4248|Ke30f40a7|K00ee119f|K0d25991c|K23578550|K25a3086d,P003a1c95|Pc0a9cc4f|P549b38f1|P5e8d3f15|P630c09d9,P99ba1072,17507368.0
Mf1b9ba41,Jane Austen's Mafia!,1998,3,85,10000000,en,Comedy,Comedy|Crime,2,US,2,C0dd933c9|C0532621e,15,44,False,Keae2ee2b|K5328b3cd|Ke864e2ff|K66331d63|K25177432|Ka9ca0b9b,Pdc9a8b53|P4f755c55|Pb0acacc8|P2930db87|P0af16de9,P7b542954,19000000.0
Mc823c251,Saving Private Ryan,1998,3,170,70000000,en,Drama,Drama|History|War,3,US,5,C6146f42e|Cfa01eb95|C9710581c,38,112,False,K613cd66a|Kf1fb5fdc|K3380d21e|K230a811e|K6eb56b3a|K877e62a3|K6a646879|Kd8adcf43,Pd8b30691|P9d23789b|Pb2d28ee6|P575dda13|P8c5e34bb,Pcf894350,481840909.0
M0fc9dfab,The Black Hole,1979,4,100,20000000,en,Adventure,Adventure|Family|Science Fiction|Action,4,US,1,Cf5b045d2,9,39,False,K9f1d9feb|K546d281f|K7349e962|K5aad1dab,P2c5c5a97|P1b03c76e|Pbc571bb9|P1de1e485|P5a59e4b4,P356eb845,35841901.0
Me4fa3a3e,Cheetah,1989,3,85,5000000,en,Drama,Drama|Family,2,,0,,7,3,False,,P1c8a144d|P60d1bf13|P925220f3|P06cfafb4|P82370b09,Pfe34e653,8153677.0
M29e402b6,The Great Mouse Detective,1986,3,75,14000000,en,Comedy,Comedy|Animation|Family,3,US,2,C72b723b8|Ca068180d,13,24,False,Kef728c09|Kb1aa9b34|K8e2e025f|K0f6b0d66|K29faebad,P2c9677e3|P43e9e4d8|P09b4d59a|P50187e50|Pa482172e,Pd08b7f82,38625550.0
Md8c3bcbf,Hocus Pocus,1993,3,95,28000000,en,Comedy,Comedy|Family|Fantasy,3,US,1,C72b723b8,32,13,False,K55cfa8fb|Ke7186c43|Kff8a6e52|K8ca3227f|K7bd4e5a8,P104d62f4|P95b0bcf1|Pcddef0e5|P24dfd5a3|P59cadc98,Pd94580ad,39514713.0
M54d9764a,Honey I Blew Up the Kid,1992,3,90,40000000,en,Adventure,Adventure|Comedy|Family|Science Fiction,4,US,2,C72b723b8|C01eff2bb,8,15,True,K126f9f16|K5214af59|Kb974bb0a|K9a7a2db0,Pc04911e1|P527d4d15|P84706d4d|P71da1707|P34eb006f,P5cfdb416,58662452.0
M68339994,"Honey, I Shrunk the Kids",1989,2,95,32000000,en,Adventure,Adventure|Comedy|Family|Science Fiction,4,US,1,C23c77778,11,14,True,K5214af59|K25ff77bb|Kb50bf162|K63a2bf23|Kf964028f|K251f030c,Pc04911e1|P527d4d15|P55648800|P4dde257a|P1169687c,Pa589cb62,222724172.0
M18034de2,The Negotiator,1998,3,140,50000000,en,Action,Action|Adventure|Crime|Drama|Mystery|Thriller,6,DE|US,2,Cc2c73c36|C3e7bdc8f,47,31,False,K9df93747|K8b8060e4|K79aa4432|K1435f49d|K0d25991c|K90d5865e|K35fbf0b0|Kca0f1cb3,P5eab90f9|Pf21f3bf1|P45b0b121|Pb567cf90|P0fea1022,P04bcabef,44547681.0
Ma9848855,The Purple Rose of Cairo,1985,1,80,15000000,en,Fantasy,Fantasy|Comedy|Romance,3,US,1,C2b1996b8,13,8,False,K33e09618|K08b20374|K2524dcc1|K01f8fc04|K69162ea8|Kb1d982e1,Pddfe069b|P63cebd80|P13d2dbaa|P1baee2c0|P02ec10fa,P23c41cec,10631333.0
Md12e5dda,The 'Burbs,1989,1,100,18000000,en,Comedy,Comedy|Horror|Thriller,3,US,1,Cd927b580,24,17,False,K3788e79b|K2501705e|Ka05e8854|K6eadcfd9|Ka646ca77|K251f030c|K61503241|Ka2122fa4,Pd8b30691|Pdba508fc|P5d3ea09b|Pe27e0ced|P0c5fd148,P4fc0296a,36602000.0
M98d63814,The Little Mermaid,1989,4,85,40000000,en,Animation,Animation|Family,2,US,2,C72b723b8|Ce86f99f4,12,48,True,Kaa9e3589|K63549e00|K2f880fce|Ka6dd6393|K137adf5c|K7465e29d|Ke5d6abed|K346367d7,Pe91db831|Pa868c235|P8e57530d|P59842f42|P4caaf730,Pd08b7f82,222300000.0
M1381d29a,The Mighty Ducks,1992,4,100,10000000,en,Comedy,Comedy|Family,2,US,1,Cdb1cd148,12,8,True,Kc21d23ee|Kdc87c7d5|K3818041a|K6ccb5896|K5aaa1bf7|Keb2e1e96|Kb4829902,Ped5583d7|Pd0a38f6b|P70c0a24e|Pabe3e641|P1cb7dfe7,Pfcc81a78,50752337.0
M845427c6,The Rescuers,1977,2,80,1200000,en,Fantasy,Fantasy|Family|Animation|Adventure,4,US,1,Cf5b045d2,15,21,True,K9136e8a9|Kc14495e8|Kaa450961|Kd36bfc02|Kb8281719|K346367d7|Ke96e6f2b|Kdc3a06ff,Pd39c4655|Pde6b56e7|P4035eb4b|P146ace99|P65ecbbc2,P3dfdcd5d,71215869.0
Me2aece82,Return to Oz,1985,2,110,25000000,en,Adventure,Adventure|Family|Fantasy,3,GB|US,2,Ca068180d|C0124b458,13,61,False,K410ffac9,P63def586|P80e95f0a|Pe5a61f9e|P00ba0546|Pe41da318,P272f7f5a,11137801.0
M306b6786,The Rocketeer,1991,2,110,42000000,en,Action,Action|Adventure|Science Fiction|Family,4,US,1,C72b723b8,71,12,False,K04f1877b|Keb5e7681|K8a7f56b2|Kd3f30ed9|K611b2a3a|K78c4687d,Pb1411b23|P6a544fc5|P5ea8cfef|P47476efe|P95753b1a,Pa589cb62,62000000.0
Mf0059a51,Something Wicked This Way Comes,1983,2,95,19000000,en,Fantasy,Fantasy|Mystery|Thriller,3,US,2,C72b723b8|C43345f6b,17,17,False,K22aa7ca6|K55cfa8fb|K1451c5af|K5512d85b|Kf8baada2|K0d6bdfd0|Kb1bf4dbb|Ka7223527,P62182dd1|Pa2b2e430|P89112087|Pd2be3b51|P6718a499,P61ea3ffa,5656087.0
M979209b6,Splash,1984,1,110,8000000,en,Comedy,Comedy|Fantasy|Romance,3,US,1,C0532621e,13,19,True,Kf7ce9b88|K7465e29d,Pd8b30691|Pa85a1840|Pbff7fdac|P090e9526|P226b5e5c,Pc68f979a,69821334.0
M69953ac4,Tron,1982,3,95,17000000,en,Science Fiction,Science Fiction|Action|Adventure,3,US,2,C72b723b8|Cb1016ce9,12,19,True,K3ea5ce14|K0e89a273|K53ddb611|K7f284f24|K408254ef|K921968c0,Pdfa9d578|P85abf65f|Pe4ff6d5f|Paf5fff01|Pc5b7c73b,P0f99b9b2,33000000.0
M829918fa,Halloween: H20,1998,3,85,17000000,en,Horror,Horror|Thriller,2,US,1,C07f90652,19,8,True,Kc2b5e04a|K986d1419|Ke7186c43|Kb88365f6|K09d6b411|K16600711|Ka9282ab2|K78abbdae,Pdd6d0097|P28304cc9|Pf24e35f4|Pcadac074|P8e89b53a,P7ad4ed9d,55041738.0
M9b550962,Graveyard Shift,1990,4,90,10500000,en,Drama,Drama|Horror,2,JP|US,3,C6146f42e|C401f2433|Cb6a5a9f0,13,3,False,Kaae2889e,P4afefc3a|P43591f63|P60b2c858|Pb04a3b11|Pda36baad,Pa3a833d7,11582891.0
Me0603f21,The Outsiders,1983,1,90,10000000,en,Crime,Crime|Drama,2,US,2,C947c3de9|C3e7bdc8f,16,11,False,K44f3e3ef|K0b2b8080|K6878063f|Keede16fc|K860ee2c9|K779b67dc,P27ff617e|P797ebd09|Pc1209924|P842640cc|P7dc817d8,P47881235,33697647.0
M1ef22485,The Lord of the Rings,1978,4,130,4000000,en,Fantasy,Fantasy|Drama|Animation|Adventure,4,US,2,C7e86926f|C79669294,18,11,True,K82d85bd6|K743ae960|K38519a3c|Kbf31130c,Pd57b6c0d|Pd7ec8a4a|Pb604bb48|P9a074087|P4521a3ae,P11f9b9b7,30471420.0
M8ba1da3e,The Dead Zone,1983,4,105,10000000,en,Horror,Horror|Science Fiction|Thriller,3,US,3,C6146f42e|C973d5ff1|Ca308e3f2,20,16,False,K45d12a23|K27d5bfeb|K1451c5af|K50e48db4|Kca0f1cb3|Kebdb4d1e|Kb2cadd4a|Kd3103f62,P3be49d96|Pba99f5e5|Pbab534b5|P5768eddf|P7db0b17a,P501bf7bf,20766616.0
Mb1254fe5,Cujo,1983,3,90,5000000,en,Horror,Horror|Thriller,2,US,2,C1ba9ba58|C94ed1b21,11,32,False,K1451c5af|Ka591ba95|K9ce15b1d|Kdd55c5e8|Kbd2d1ba7|K5b99e83e|Kcdfa1532|Kdfcf1e7f,Pe156777b|P0e530c3f|P19ced898|P3a2b80d1|P353feeea,P7018bdea,21200000.0
M12b6ff82,Children of the Corn,1984,1,95,800000,en,Drama,Drama|Fantasy|Horror|Thriller,4,US,6,C7dbe26af|C4bbabdc9|C7058e46e,18,22,True,Kc5a122eb|K50e48db4|K92235b1a|Ked275099|K78fa11fe|Kd8695419|Ka87308bc|K96ad53c3,P21a8b175|P8bd8cfce|P29cefdc7|P3ca8cf56|P4fd2729a,P6e000500,14000000.0
Madd2e521,All Dogs Go to Heaven,1989,4,90,13800000,en,Drama,Drama|Animation|Family|Comedy|Fantasy,5,IE|GB|US,3,C7e86926f|Cc1b3796b|Cb2b8cdf2,16,36,True,K649efc2b|K0b4c0c84|K99c29d22|K739b648b,Pdd352fba|P5649d2dd|Paf1fb0dd|P52322c4e|Pef5fe0f4,Pb12f5fba,27100027.0
M6c4f23b8,The Addams Family,1991,4,100,30000000,en,Horror,Horror|Comedy|Fantasy,3,US,3,C6146f42e|C2b1996b8|Cda813610,19,13,True,K26379505|Kffb9e482|Kec36ef5e|K111e2b6a|Ke5506b25|K89a13bfa|Kd332363d|Ka0c78ca5,Pfded7e8e|P8c0c45c1|P65c2b572|Pb1255d95|Pc15dcd0a,P7d51e148,191502426.0
M8183a993,Ever After: A Cinderella Story,1998,3,120,26000000,en,Drama,Drama|Romance|Comedy,3,US,1,C6cbfdb5c,25,46,False,Kc56ceab0|K0ddcc54c|K24e26ceb|Kfb2845a0|Kf9d22c2c|K2f880fce|Kd63352e0|K66ef882a,Pe0243597|Pff49d7df|P8c0c45c1|Pabf99133|P1c56c30e,P4d83d7bd,65705772.0
M6021408e,Snake Eyes,1998,3,100,73000000,en,Crime,Crime|Mystery,2,CA|US,4,C6146f42e|C4a34d3d6|C0532621e,23,78,False,Ke33fde63|K49473788|K53c130d2|K658fee08|K3141628f|Kca0f1cb3|K49066ce6|K293c8501,Pa2178ef1|P4b3bad5f|Pa905d419|P20f57bc9|Pb431a759,Pb1ee92f6,103891409.0
M22f5dda5,"First Love, Last Rites",1998,3,95,300000,en,Drama,Drama,1,US,2,C5a0901cc|C99994170,6,3,False,K511491fa|Kc79f1b80|Kdff52d94,P0d4dd445|P077d3fec|Pff14f26e|Pc9e63964|P2704064d,P50bc4afb,40542.0
M0bf5f70a,Atlantic City,1980,3,105,7200000,en,Crime,Crime|Drama|Romance,3,CA|FR,6,C6146f42e|C9b641053|C4b991a33,20,25,False,Ka7984eec|Ke33fde63|Kfd0f8efa|K60686471|K431b42ae|K35fbf0b0|K603db90a|Kfe856611,P7b3b3109|P105610f1|Pf3c855cc|P802705cf|P0dd2755c,P32025823,12729678.0
M399af41b,Watership Down,1978,4,90,1000000,en,Adventure,Adventure|Animation|Drama,3,GB,3,C0d80cb00|C317d0d61|Cfd71915f,15,6,False,K6a3cb94b|K346367d7|K3c6f9488|K5f53e9af|Kdd00ab03|K9ebb0f77|K503f5c06,P9a074087|Pfb7c3d0c|Pd68f0359|P086eb673|P5bcfe7b3,Pe52c793c,3713768.0
M64e2d7b1,The Secret of NIMH,1982,2,80,7000000,en,Fantasy,Fantasy|Animation|Drama|Family,4,US,4,C7e86926f|C485417c2|Cd2e5c909,12,15,True,K526c2540|Kc14495e8|Ka3620687|K56c900d4|K7abc0661|K2ad7d4de,P21037a34|Pc4b43cb6|P4dfec27f|P5649d2dd|P2fbd5b6e,Pbd8cf45f,14665733.0
M1455938c,The Dark Crystal,1982,4,95,15000000,en,Fantasy,Fantasy,1,GB|US,4,Cd7a83b16|C569d897a|Ceab2d7db,21,30,False,Ke5d65ae2|K6ecc96df|K692be979|Kbf31130c|Kb407fd08|Kc95d6251,P39831bb4|Pab75c8e8|Peabd1c1f|P17c1c4f9|Pcc91db79,P39831bb4,40577001.0
M0185027b,An American Tail,1986,4,80,9000000,en,Drama,Drama|Family|Animation|Adventure,4,US,2,Cd7a83b16|C9710581c,11,19,True,K33e09618|K9cb98d13|K3b0680c6|K9ff6cdc6|Kc14495e8|K5fce51a3|Kbef3ef96|K466aa432,P4ede09f0|P5649d2dd|P1d32a662|P90b02270|P141c7e83,Pbd8cf45f,84542002.0
M5cd92dce,Legend,1985,3,95,25000000,en,Adventure,Adventure|Fantasy,2,US|GB,4,C9d5bb40c|C6cbfdb5c|Cbb846c7f,17,11,False,K98aeb71c,P13cbd053|P24c712b8|P052dcd1b|Pfc1c65ae|P7861594a,P54540f1f,15502112.0
M72e3e7ae,Sixteen Candles,1984,2,95,6500000,en,Comedy,Comedy|Romance,2,US,1,Cd7a83b16,35,6,False,K17651dd4|K191ea337|K2ec4a374|K3b91ae49|K8e4844b2|K84e5b554,Pa3139a87|P66d8d1eb|P8d55c685|P74b0fb05|P4fcf814d,P0a0074b2,23686027.0
Ma1ae7f6f,The Gods Must Be Crazy,1980,3,110,5000000,en,Action,Action|Comedy,2,ZA|BW,2,C02672d08|C6b9cbe98,10,17,True,Ke2c03db7|K877e62a3|K4d2b58d3|K3091e024|Kfe543f69|Kf33b31dd|K3b3b69c7|K923e2aef,P2102f07d|Pf0a7c31c|Pc8e20fbe|P3b6c8231|Pb4cccef4,P2224b416,60000000.0
M4f9920ca,The Avengers,1998,3,90,60000000,en,Thriller,Thriller,1,US,2,Cc1d82aa3|C3e7bdc8f,16,8,False,Kef728c09|Kb8d455b5|K70912432,P77e8a1ca|P8a49c60a|Pf77f8198|P32c2fff0|Pecc8fbbe,P203aa824,48585416.0
M508014b3,How Stella Got Her Groove Back,1998,3,125,20000000,en,Comedy,Comedy|Drama|Romance,3,US,1,C6cbfdb5c,38,9,False,Kfe6fb0dc|K8dc59445|Kb3a97a30|K6eadcfd9|K6e11d73b,Pdc134fa5|P37b78ce4|P9bab5900|Pf0b8dc21|Pb6d269c7,Pec809993,37672350.0
Me0eebb07,The NeverEnding Story,1984,2,100,27000000,en,Drama,Drama|Family|Fantasy|Adventure,4,DE|US,6,Ccad57bdb|C3d9da02c|Cd6c25b89,17,24,True,K1451c5af|K9ceb8d10|K2ae7ec5e|Kfbd674bb|K79547cd1|Kd081507d|K2cf201da|Kd63352e0,P1bb97bb7|P3abcbfa9|P19a0241a|Pd22b1bf8|Pcc21c22b,P2207a9f9,20158808.0
M3c578ae7,The Neverending Story II: The Next Chapter,1990,4,90,32000000,en,Drama,Drama|Family|Fantasy|Adventure,4,DE|US,4,C3d9da02c|Cd6c25b89|C4285561f,15,16,True,K2cf201da|K19a14feb|K3b3369c1,Pf00b5703|Pa06ea2dc|Pa707360e|P86e1c146|Pc5d2b306,Pc64d95ed,16283667.0
M180348bd,Your Friends & Neighbors,1998,1,100,5000000,en,Drama,Drama|Comedy,2,US,2,C757257b9|C3686df5f,6,2,False,K266077ff|K5daec4d9|K04b7a06e|K547bb331,P145f8fd3|Pe85b6a97|Pd29fc0d4|Pe8c3cd57|Pee263a29,Pcc53fa2f,4710749.0
M0a0019c4,Blade,1998,3,120,45000000,en,Horror,Horror|Action,2,US,4,C6988cd6a|Cadae41d9|Ca05c3361,48,147,True,Kc8aa65cd|Kcc343814|Kffb9e482|K6e6dc8aa|K32aef5c9|K5ebde1b5|K1c613c5f|K04f1877b,P953616ba|Pb9fdccdb|Pbe8d5d9c|P74490104|Pff14f26e,Pdba004a9,131183530.0
M710fb7b2,Beetlejuice,1988,1,90,15000000,en,Fantasy,Fantasy|Comedy,2,US,2,C555a9e83|C3e7bdc8f,28,30,False,K9f09b273|Kb7fd95e5|K95034136|K84da77fb|Kf89033d6|Ka42eba1d|K5aad3a0c|K31d67b3d,Pc29f511b|Pa350e788|P11a199f3|Pf10575be|Pb3c10df7,P9059d147,73326666.0
M0f2661d0,Family Plot,1976,2,120,2000000,en,Comedy,Comedy|Crime|Thriller,3,US,1,Cd7a83b16,16,8,False,K6898ee8b|K9136e8a9|Kdffee990|K7cb8dfc2|Ka08ea41b,Pc7f4b763|Pdba508fc|P16c94183|Pb4fdefbf|P353feeea,Pb1104e76,7900000.0
M2c4ce0ea,Frenzy,1972,2,115,3500000,en,Crime,Crime|Drama|Mystery|Thriller,4,GB,1,Cd7a83b16,13,11,False,Kef728c09|K5c0670e8|K0d25991c|Kca0f1cb3|Ka2122fa4,P58b0a7c3|Pab4ba777|P96ae2561|P40269648|P264bbfe6,Pb1104e76,12600000.0
M0dbac65a,54,1998,3,105,13000000,en,Music,Music|Drama,2,US,4,C5d306155|C146bb014|Cb48e5b8f,34,45,False,K33e09618|K511491fa|K4d23e9ec|K9bddb5a5|Kd9198f5a|Kdbccb24d,P958f1dd9|Pb48255ea|Pd8f5904f|P872c7544|P4a65525b,Pd775485a,16757163.0
Me94509d6,Willow,1988,2,125,35000000,en,Adventure,Adventure|Drama|Action,3,US,3,C3ea53bb0|C1e53a163|Caff7647e,27,56,False,Kc7c9387f|Kf96aca73|K808b4a33|K038c8dca|Kcc343814|K8e2e025f|K3de100c1|K79547cd1,P0b45c6fa|Pcfb78473|P16871e5d|Pe5a61f9e|Paa1b734d,Pc68f979a,57269863.0
M093f0d2c,The Untouchables,1987,2,120,25000000,en,Crime,Crime|Drama|History|Thriller,4,US,1,C6146f42e,56,31,False,K6b83f8d5|K096ad0cf|Kee576a5c|K0b2fcc75|K3d9dfa03|Keff9d687|K4c601fb2|Kafb21b91,P02f4f983|Pf77f8198|P9472181b|P45c72dd5|Pd9604827,Pb1ee92f6,76270454.0
M070745e1,Rounders,1998,3,120,12000000,en,Drama,Drama|Crime,2,US,2,Cf8f92f7f|Cb287cbcd,58,14,False,K8341e452|K03618637|K63bb2015|K14f3f017|Ka14a6076,P9d23789b|Pb8e19397|Pd8c1f3e7|P164e8d08|Pf6c5b6fd,Pcb706474,22921898.0
M51a578d7,Cube,1997,3,90,250000,en,Thriller,Thriller|Science Fiction|Mystery,3,CA,7,C87ec3be3|C1af28c26|C9332d789,7,48,True,K71840e6c|K2691884d|Kd57fa339|K0d6bdfd0|K0864fe5e|K473cbcdf|K3abcdc52|K35fbf0b0,P77324f4a|P1c855c54|Pde49858e|P1f3f488a|P6ca3fba1,P4927449f,501818.0
M2c362fbd,Simon Birch,1998,3,115,20000000,en,Comedy,Comedy|Drama|Family,3,US,2,Cc183f0d8|C2b01c913,10,10,False,K1b382120,P89367870|P159794b5|P8f7ce075|Pefdc98ca|P8e1bdae6,P148cee9d,18253415.0
M514ae75a,Broadcast News,1987,4,135,20000000,en,Comedy,Comedy|Drama|Romance,3,US,4,Ca07ba3db|C6cbfdb5c|C13914883,20,36,False,Ked493fb4|K00b0e1a7|K5b2172f3|K7cc82e0c|K6f266ecf|K827b8484,P9cf8177c|Pd0fd22b1|P281a5f82|P53a3d6d4|Pe20a8dcb,P8cd55574,51249404.0
M2c221d77,Working Girl,1988,4,115,28000000,en,Comedy,Comedy|Drama|Romance,3,US,1,C6cbfdb5c,20,38,False,Kde32259e|K88c07182|K5eb960ce|Kc343c0fd,Pfa43d9be|Pd11cd035|Pab61d2a5|Pa350e788|Pf948d741,P2a00dbe0,103173635.0
Mccf807ec,Nothing but Trouble,1991,1,95,40000000,en,Comedy,Comedy|Adventure,2,US,2,C3e7bdc8f|C0b17d88e,11,8,False,K27d5bfeb|K8459da36|Kc5a122eb|Kd1b79b0e|Kc1efa0e5,Pd730679d|Pe236144b|P090e9526|P996ee40c|Pbd3cbe45,Pe236144b,8479793.0
Mca45b008,A Few Good Men,1992,4,140,40000000,en,Drama,Drama,1,US,1,Cf5fd5e18,16,52,False,Kc8aa65cd|Kcc576f2d|K30c774bd|Kabb619b7|K0ec301c4|K03618637|K9dfcf494|K2cfe2fc3,P13cbd053|P2484a098|P996ee40c|P2aace9ed|P81a0406b,P4bc483e6,243240178.0
Mfb999997,Indecent Proposal,1993,2,115,38000000,en,Drama,Drama,1,US,1,C6146f42e,41,14,False,K8341e452|K06ec2ec0|K0b2e661a|K38463eb1|K4709b558,P81f38d6e|P996ee40c|P96737513|P415cca59|Pefdc98ca,Pf20c275a,266614059.0
M57e20371,Rush Hour,1998,3,100,33000000,en,Action,Action|Comedy|Crime|Thriller,4,US,1,C6988cd6a,22,17,True,Kaf637c2c|Ka9ec404c|K4379ed84|K80eb8e08|K6ec79f8d|Kf9c2e85c|Kd6073f4e,P789f5166|Pcfb2c9bb|P589220c0|P4acd4a33|Pad443ded,P781658fe,244386864.0
M185c223d,Six-String Samurai,1998,3,90,2000000,en,Action,Action|Adventure|Science Fiction,3,US,1,C643d4e83,15,9,False,Kd3103f62,P0151a00f|P99cdff0a|P845b1613|P8be80752|P1679fd20,Pe37acb59,124494.0
M6e2d59a1,Ronin,1998,3,120,55000000,en,Action,Action|Thriller|Crime|Adventure,4,FR|GB|US,2,C7e86926f|C950adfba,33,75,False,K24eec40f|Kc56ceab0|K2c99fbd9|K13a62eac|K5bcc50c8|K67d5324d|Kaf4cb85a|K3c6f9488,Pd9604827|Pd4ba50b7|Pc63449c9|P10291a37|Pa0abef07,Pb6b27bad,41610884.0
M0bbbb297,Urban Legend,1998,3,100,14000000,en,Horror,Horror|Thriller,2,CA|FR|US,4,C7f4b55db|C6dfc8237|C3257102f,26,28,True,K94571983|K35fbf0b0|K54a7f3ef|K04b71262|K6ed603be|Kedc55cc4,P13fccc9f|P2f0b3e83|Pdc0061c1|P339a7290|Pf4705028,P0ace04bf,72527595.0
Md8832072,The Thing,1982,2,110,15000000,en,Horror,Horror|Mystery|Science Fiction,3,US,2,Cd7a83b16|Ca09d9ff3,12,41,True,K8a951deb|K546d281f|K3788e79b|K412badbe|K8db3cffe|Kdf18978a|K5417f32f|K71bf1fc9,P6265995c|P4fa7fc5d|P06757c30|P7733c7dc|Pa7fd8910,Pb803aa28,19629760.0
Mb920ed56,The Player,1992,2,125,8000000,en,Comedy,Comedy|Drama,2,US,4,Cbe498e61|C0f2c6faf|Cb6afa762,70,11,False,Kc1abf13e|K50f0ee0b|K7ab512dd|Kcd97a98f,Pb494fa6f|P3705b011|Pb08ae3d9|P9bab5900|P41e13138,P513294b5,21706101.0
Macd96a96,Stardust Memories,1980,3,90,10000000,en,Comedy,Comedy|Drama|Romance,3,US,2,C7e86926f|C4a2bfc25,10,7,False,K55225662|K597f5b18|Kff5d86a7|K3fb4fd92,P23c41cec|Pc4d07f3f|P7f39fa25|P8b3d0d85|Peead4575,P23c41cec,10389003.0
Mfea3db3b,Edward Scissorhands,1990,4,105,20000000,en,Fantasy,Fantasy|Drama|Romance,3,US,1,C6cbfdb5c,28,14,False,Kcc576f2d|Kb3ea3038|K62a68d17|Kc5a122eb|Kc718d888|K5214af59|K767e5108|Ke971e14e,Pd34c4eab|P11a199f3|P7e094d76|P5ea8cfef|P174a8372,P9059d147,53000000.0
M89e30455,Antz,1998,4,85,60000000,en,Adventure,Adventure|Animation|Comedy|Family,4,US,3,Cfa01eb95|C4562a606|C586f6404,18,66,False,K9a948f66|Kcc343814|Ka34da393|K25ff77bb|K027dc9a7|K48ca5277|K65cf7a95|Ke5d6abed,P23c41cec|Pe236144b|P6fa35873|P6f155c36|Pa3cf7c55,P0ac84fa8,171757863.0
M69049373,A Night at the Roxbury,1998,4,80,17000000,en,Comedy,Comedy,1,US,2,C6146f42e|C968f604c,15,8,False,Kebfedc52|K4d23e9ec|Kef4eed7e|Keef46d53|K2da6a84f|K2fe0846b,Pc488f7aa|Pd1c9c73a|P5974c4db|Pca66871e|P750e20b3,P94749219,30331165.0
M3e6ca188,Strangeland,1998,4,85,1100000,en,Horror,Horror,1,US,2,Cf09e25c0|C77e6fa29,15,2,False,,Pb1e5b8ed|Pa984c515|P16f669d4|P96cb97e4|Pa6cbe985,P9d352a76,631221.0
Mefa6dc0c,History of the World: Part I,1981,2,90,11000000,en,Comedy,Comedy,1,US,2,C6cbfdb5c|C16b8cf86,40,12,False,K49bee7c5|K088f2d2f|K965d2159|Kcfa763a9|K4fcfc4d1|K3b36e4f6,P51c6f6c0|P5649d2dd|P2f51eabf|P163d3ea1|P5a51d88d,P51c6f6c0,31672907.0
M7ce9f089,2010,1984,4,115,28000000,en,Thriller,Thriller|Science Fiction,2,US,1,C1e53a163,18,32,True,K92996a59|K73141f4b|Ka96b9d40|K16f6df26|K7349e962|K59174898|Kfae7a03b|Ka5dbd208,P3a5e8525|P30546c37|P2076b2ad|P0fdd69df|P3d6a424b,Pc2c37f32,40400657.0
M90efd552,The Elephant Man,1980,4,125,5000000,en,Drama,Drama|History,2,GB|US,1,C16b8cf86,53,40,False,Kb1ae9265|K4385ab38|Ka69f7dd5|K6e39fc31|K1e4de55e|Kf49b8933|K7fe8439e|Kc3b7bd12,Pdff627c7|P9a074087|P6fa35873|P2ffbf11a|P7438f6a3,P975982f4,26010864.0
M71a7c32a,Bride of Chucky,1998,4,90,25000000,en,Horror,Horror|Comedy,2,CA|US,2,Cd7a83b16|C330a7c7c,19,17,True,K21c797a9|K4422f337|Ka0eac085|K50835a41|K9062a211|Kcdb7d4d6|K638bcf35,Pa6a76764|P77496d83|Pecb0b374|P6599de6a|P771820de,P89ff3c79,50671850.0
M98fced68,Happiness,1998,4,140,3000000,en,Comedy,Comedy|Drama,2,US,2,Cd6f28c26|Cceac79d7,18,7,False,K5c0670e8|K8f8f63a3|Kbf75451f|K7ff5535a|K16600711|Kd2e65341|K4b802e88|Kd1f0857a,Pbd38f42c|P4706e3bb|Pfe9ae21f|Paa341d84|Pb449a92d,P1a94d4f0,2807390.0
M42351509,Soldier,1998,4,100,75000000,en,Action,Action|War|Science Fiction,3,US,4,Cf9732504|Cc1d82aa3|C3e7bdc8f,19,49,False,K546d281f|K7f284f24|Ka934a10d|K62bb54a0,P6265995c|Pb95e95ce|P7c2203eb|P655299b5|P001984d8,P5257d233,14567883.0
M14d87682,Life Is Beautiful,1997,4,115,20000000,it,Comedy,Comedy|Drama,2,IT,2,Cf8f92f7f|C829e7318,23,25,False,Keae2ee2b|K71840e6c|Ke99876ac|Kf1fb5fdc|K4f1bb2e0|K37a6001f|K74f33ba2|K3d3b2d8c,P86c78454|Pd6818470|P7bc0a99b|Pfbe050e6|P81690dc9,Pd6818470,229400000.0
Mca94d3ca,American History X,1998,4,120,20000000,en,Drama,Drama,1,US,3,C6988cd6a|C8476b669|C9649500d,53,100,False,Kd6a05201|Ke0fb0a6e|K526fab99|K9aa63b64|K2b5d957d|K5c0670e8|K3d3b2d8c|K09d6b411,Pf6c5b6fd|P32cffca3|P5e6f1657|Pb3ada189|Pd05e6939,Pa89dde2c,23875127.0
M5a2719ee,Living Out Loud,1998,4,100,12000000,en,Comedy,Comedy|Drama|Romance,3,US,2,C6988cd6a|Ca1800b09,8,11,False,K6e11d73b|K9d42ff64|K33dc8956|Kc282d0f9,P281a5f82|P6f263068|Pc2dfb497|Pf2a5c1ee|Pf26dccd1,P8079d011,12902790.0
M2c55cd38,Gods and Monsters,1998,1,105,10000000,en,Drama,Drama,1,GB|US,3,Cb61eea90|C64deb295|C70548da1,11,13,False,K0c50837f|K89f956e3|K9dfcf494|K4385ab38|K683aa1bf|K77830caa|Kd585fd58,P6ada0366|P02dbf1fc|P6a0e154b|Pe7aca1dc|P388e7485,P9956b2eb,6451628.0
M9522cd82,The Siege,1998,4,115,70000000,en,Drama,Drama|Action|Thriller|Crime,4,US,3,C6cbfdb5c|C7b22f530|C830cca8d,14,87,False,Kcaad487a|K90a69de9|Kd94aa9b4|Kaf916823,Pbbc37df2|Peb51c4ea|Pbc324a94|Pf423dbcb|P9856c03c,Pe91fb048,116672912.0
Me48f06cc,Elizabeth,1998,3,125,30000000,en,Drama,Drama|History,2,US,3,C002f977c|C3686df5f|C0110c455,19,48,True,K7841eb0b|K249af4ee|Kff72cf7e|K88c2fe70|K4b2a7214,P7ee731d8|Pee871f87|Pa71c8bda|Pc94a8b75|P36c84de3,P5cd36cc9,82150642.0
M80203d16,I Still Know What You Did Last Summer,1998,4,100,65000000,en,Horror,Horror|Mystery|Thriller,3,US,3,Cf4478484|Cc7cdfc2b|Cd084aa6b,11,78,True,Kda3a8325|K566c4248|K8094c578|K0ad7b19e|K94571983|K2f73b47d|Kbeeaead5|K6eadcfd9,P9ad995c6|P08577d2f|Pec4fcf4a|P7ec6a609|P8b67bd1d,Pb6a93acd,40002112.0
M2e778663,Meet Joe Black,1998,4,180,90000000,en,Fantasy,Fantasy|Drama|Mystery,3,US,2,Cd7a83b16|C1609c9ba,11,83,False,Kb5348ef7|Kb3ea3038|K75bf6c6c|K63549e00|Kd49e15ee|Kb9a6319c|Kc4a16dfb|K6d90a030,Pc5fe07a1|Pdff627c7|P9dd775e7|P5072be9b|Pf934ebfb,P5b72860a,142940100.0
M1981c3fd,Runaway Train,1985,4,110,9000000,en,Action,Action|Thriller,2,IL|US,3,C2d51ecb7|Cbd21c0d4|Cda235d47,24,13,False,Kb7c6f1fc|Kcc5db06e|K7aa454e1|K4a10d49a|K44cab5c6,Pb3cd0383|P3a9dba0c|P0588ee87|Pfd85a9a1|P14caaeaf,Pb8921229,7936012.0
M10141fd8,Sid & Nancy,1986,4,110,4000000,en,Drama,Drama|Music|Romance,3,GB,3,C6beae04b|Cf2eb3684|Cf0c81292,18,8,False,K195a66c2|K1b2aedb8|Ka78588c2,P89aa61f8|P0184a854|P60ebc8ae|P2e387d19|P549038fd,P17e5425d,2826523.0
Md51fdf10,The Rugrats Movie,1998,4,80,30000000,en,Animation,Animation|Family,2,US,3,C6146f42e|C507cfe58|Cdaaf7c83,13,8,True,K2b5d957d|K808b4a33|Ke808a15b|K3f0adf56|K19a14feb|K6bab75c0|K8992c8bc|K07b14717,P9bab5900|Pad97c69f|P86480727|Pbcc6bfcd|P4bdc11c1,Pc5e6a21a,100491683.0
M91f0b5d2,A Bug's Life,1998,4,95,120000000,en,Adventure,Adventure|Animation|Comedy|Family,4,US,2,C72b723b8|C5f1dc623,16,19,False,K12864c24|K7a3e26a4|K25ff77bb|K1f2e9645|Keebf37aa|Ke09acdbc|K6bab75c0|K55b96965,Pf21f3bf1|P4602217e|P6db0bf00|P4fff5168|P4c455563,P27b40a05,363258859.0
M3e5e8f23,Central Station,1998,1,115,2900000,pt,Drama,Drama,1,BR,3,Ced801c39|C4da25b46|C45c7dc36,19,43,False,K078ba165|K1523d990|K9322a3f8|Kb3ab592e|Kd0cbe5a2|K13818823|Kd9a34eb2|Kc4846b93,P21186201|Pfe2da7fd|Pfcc35527|P1fb81217|P60cad01b,P3f8ddcb0,5596708.0
M525afd3d,Pink Flamingos,1972,1,95,12000,en,Horror,Horror|Comedy|Crime,3,US,1,Ce830c845,11,7,False,K0c50837f|Ka38abaff|K669358b1|Kcf15988c|Kf0f76cb9|K2bcd038f|K5f0ed95f|Kfedc5fc2,P2d531df2|P95132ef0|P90650fed|Pa7dd682d|P8afa0507,Pa7f6a992,6000000.0
Mf2998a93,King Kong,1976,3,135,23000000,en,Adventure,Adventure|Drama,2,US,2,C6146f42e|Ca308e3f2,36,27,True,Kbbdeeb53|K566c4248|K921968c0|K281977d7|K58906a06|Kb06b397c,Pdfa9d578|P2bab004c|P8e34619f|P8cd4b2b4|P5a3dda6e,Pa579fc87,90614445.0
Mdc24cf15,King Kong Lives,1986,4,105,10000000,en,Action,Action|Horror,2,US,1,Cb0d57a09,14,46,True,K281977d7|Kb06b397c,Pdfa9d578|P8bd8cfce|Pd91c9656|P5b9f81b4|Pdebf092d,Pa579fc87,4711220.0
M31ee980d,Desperately Seeking Susan,1985,1,105,5000000,en,Comedy,Comedy,1,US,1,C2b1996b8,20,22,False,Kf687e8e6|K0ec7cec8|K7b823c61|Kcbf64eb9,P23f1be74|Padd04ad4|Pc4f599c9|P72d3590a|Pb2ef5468,Pd29f2b54,27400000.0
Mf21da449,Fletch,1985,2,100,8000000,en,Comedy,Comedy|Crime|Mystery,3,US,1,Cd7a83b16,17,8,True,Ked493fb4|K9322a3f8|K7e95b555|Kf09257a0|Ke9dcdc89|K0d3cfd67|K6eabbf5c,Pd730679d|P0016a39d|Pe33b8141|Pda6304be|P4ff6da71,P6639abc9,59612888.0
Mcfc6b673,Fletch Lives,1989,1,95,8045760,en,Comedy,Comedy|Crime|Mystery,3,US,2,Cd7a83b16|C6e38ad8a,15,3,True,K5ce3119d,Pd730679d|Pddf4576f|Pa2934bfc|P5eb9b5cf|Pda6304be,P6639abc9,35150960.0
Mfb0df884,Red Sonja,1985,2,90,17900000,en,Adventure,Adventure|Fantasy|Action,3,NL|US,3,C4b89bb8b|C1e53a163|Ca308e3f2,17,8,True,K038c8dca|K53b55802|K8e2e025f|Kf3a1b70d|K12b44075|K923101f0|Kbe9439a8,Pf3b2f25f|Pdb422aba|Pfbd4a11b|P1a22193d|P2c55688a,Pa40a74b9,6948633.0
Mc071be34,The Money Pit,1986,1,90,10000000,en,Comedy,Comedy|Romance,2,US,2,Cd7a83b16|C9710581c,22,10,False,Kdaf3dc08|K0c9ef5a9|K65351ef5|Kb855ec86|Kf5f394b1,Pd8b30691|Pa7ec8b9b|Paa058e1b|P1d5b329e|P18f1b971,P4173d81f,54999651.0
Mc0422153,A View to a Kill,1985,2,130,30000000,en,Adventure,Adventure|Action|Thriller,3,FR|IS|GB|US,1,Ccf159454,42,16,True,K24eec40f|Kef728c09|Kc56ceab0|Kdcf6a5ec|K2c1bbb24|Keb567ddb|Ke6b45b39|K7e1398ba,Pec8d5614|P3be49d96|Pea760a43|Pd99b83cd|P32c2fff0,P2521f56b,152427960.0
M1e231535,Babe: Pig in the City,1998,4,90,90000000,en,Adventure,Adventure|Comedy|Drama|Family|Fantasy,5,AU,1,C15749a2b,21,13,True,K08b0e92e|K38463eb1|K61573d46|Kd3d56b8a|Kf2637a23|Kb3effe9e|Kae66d9bd|Kffef018c,P03e2c7bc|P3863b45a|Pb6f9be03|Pf8aa328d|P86480727,P807517ed,69131860.0
M608ad810,Home Fries,1998,4,95,15000000,en,Drama,Drama|Comedy|Romance,3,US,3,C3e7bdc8f|C0c781e22|C3434cd13,8,23,False,K94f985a9|Kb8d59c8d|K7c953bca|K3f0adf56|K8ededc31|K56c900d4|K3016a60e|K0b68fb32,Pe0243597|Pb3c10df7|P65676666|P19fcf744|P8a774493,P037b2814,10443316.0
Mc3d5c631,Ringmaster,1998,4,90,3500000,en,Comedy,Comedy,1,US,1,Caa3dc840,11,2,False,Kcc02a346|Kaac3c2c6,P8a688540|P8732f807|Pea324907|Pd7f29640|P343f21e5,Pdc05ad53,9247881.0
M9bf60a96,Very Bad Things,1998,3,100,30000000,en,Comedy,Comedy|Crime|Thriller,3,US,4,Cafe2d19e|Ceafcc337|Cdf79b7ba,20,19,False,K1199c976|K32d43916|Kfd0f8efa|K60686471|Ka05e8854|K57c38f2b|Kc5c53ac8|K35fbf0b0,Pd539ecc7|Ped1453f1|P955f54ab|Pd9f4bddb|P4c8a2eee,Pb1ff26d6,9898412.0
M59375470,Psycho,1998,4,105,60000000,en,Horror,Horror|Mystery|Thriller,3,US,2,Cd927b580|Cd7a83b16,8,8,False,K7f49c806|K8c743011,Pe5898b7e|P3a7756e1|P62eda3c0|P45ae55c7|Pe66d9e38,Pfb9bfb55,37141130.0
Mb8a82c5c,Star Trek: Insurrection,1998,4,105,70000000,en,Science Fiction,Science Fiction|Action|Adventure|Thriller,4,US,1,C6146f42e,11,20,True,K4d7becfd|Kc925ae00|K96335319|K412290b4,Pd0abc51d|Pcfb077fb|P90e956c3|P2bcb7a1a|Pbdd47552,Pcfb077fb,118000000.0
M55a1016b,Rushmore,1998,3,95,9000000,en,Comedy,Comedy|Drama,2,US,1,C0532621e,13,9,False,K3f22f1a4|K50e22a50|K7546bef8|K982a5711|Kd414401a|Kd3103f62,P7ba508aa|Pb3267f80|Pfe130811|P415cca59|Pea94c3aa,Pf67b3ebf,17096053.0
Mf3797c99,Shakespeare in Love,1998,4,120,25000000,en,Romance,Romance|History,2,US,3,Cf8f92f7f|Cd7a83b16|C29177e10,15,17,False,K76289b46|K0b2e661a|K6380874f|K7546bef8|K982a5711|Kf549963a|Kef677a4f|K77830caa,Pc94a8b75|P0affa6f4|Pee871f87|P4acd4a33|Pf0ddf122,P00aa814f,289317794.0
M0cf413aa,Santa Claus: The Movie,1985,4,110,50000000,en,Family,Family|Fantasy|Adventure|Science Fiction|Comedy,5,US,2,C6dfc8237|C422f2c3c,16,18,False,Kedb0ba53|K399ba99f,P19241645|P30546c37|P46451be5|P68500463|P9ade2686,P520a392e,23717291.0
M8f5fc9c9,Rambo: First Blood Part II,1985,2,95,44000000,en,Action,Action|Adventure|Thriller|War,4,US,2,C6dfc8237|C94b9734c,19,26,True,Kd6a05201|K5d61d33a|K03ffe7ca|Kae263b85|Ke3d2a5d6|Kcb64b30f|Ke5d65ae2|K853fc10a,P468a604c|P3a2fa534|Pdaff721a|Pa51d7f5f|P125752d1,P1ebeccc3,300400432.0
Mfc0a369a,Rambo III,1988,2,100,63000000,en,Action,Action|Adventure|Thriller|War,4,US,2,C6dfc8237|C94b9734c,16,25,True,Kda3a8325|K03ffe7ca|K62487044|Ke5d65ae2|K5b049f92|Kea9a7984|K3ae80f7d|Kdb851402,P468a604c|P3a2fa534|P749452ba|Pbd110452|P9d19295b,P8f8fac51,189015611.0
M861c25fc,The Jewel of the Nile,1985,4,105,25000000,en,Action,Action|Adventure|Comedy|Romance,4,US,3,C6cbfdb5c|C4637b80a|C84b4c660,15,8,True,K32c7600d|K9388831d|Ke2c03db7|K71840e6c|K08ca496b|Ka8a94835|Kdd9233bb|K96372f51,P9485f066|P26f99d1b|P6f263068|Pbd110452|Pa2b7e820,P7018bdea,96773200.0
M45cf0cc3,Romancing the Stone,1984,1,105,10000000,en,Action,Action|Adventure|Comedy|Romance,4,MX|US,4,C6cbfdb5c|C4637b80a|C26a5ef24,23,10,True,K71840e6c|K08ca496b|Kcc343814|K2be1f0c3|K66f7db2a|Ke450125b|Kdc02fbe1|K96372f51,P9485f066|P26f99d1b|P6f263068|P8222c058|P4da27b57,P32776b6f,86572238.0
M85ba33a4,Cocoon: The Return,1988,3,115,17500000,en,Comedy,Comedy|Drama|Science Fiction,3,US,2,C6cbfdb5c|C8cee0604,11,12,True,K1a87caf7|K965e7fa3|K3b13f9cd|K2d9a35b6|Kda18de02|K0ac56216|Kf09ecec2|Kcb04dcd6,P99fdcaa0|P06757c30|Pe44cf61d|P2486140e|P7beada95,P7b9a0976,25024919.0
Madc74e9d,Rocky II,1979,2,120,7000000,en,Drama,Drama,1,US,1,C7e86926f,14,18,True,K8e05e851|K45d12a23|Kb1b2d050|K3b1850d0|Kcc343814|K0b2e661a|K2d099cfa|K53c130d2,P468a604c|P5c64bf30|Pe7367b58|Paffaf3c0|P68500463,P468a604c,200182160.0
Mee1a6334,Rocky III,1982,2,100,17000000,en,Drama,Drama,1,US,1,C7e86926f,15,20,True,K8e05e851|Kb6c1558f|K53c130d2|K9dfcf494|K3141628f|K6aad9d9d|Kb858ed20|K22c4407b,P468a604c|P5c64bf30|Pe7367b58|Paffaf3c0|P68500463,P468a604c,270000000.0
Ma9990ea5,Rocky IV,1985,4,90,31000000,en,Drama,Drama,1,US,1,C7e86926f,20,18,True,Kd6a05201|K8e05e851|K188c501a|K9d999169|K62487044|K53c130d2|K3198e020|K9dfcf494,P468a604c|P5c64bf30|Pe7367b58|Paffaf3c0|Pdb422aba,P468a604c,300473716.0
M072aebd7,Rocky V,1990,4,105,42000000,en,Drama,Drama,1,US,1,C7e86926f,16,23,True,Kb303ab6a|K8e05e851|Kcf7d212b|Kae818b36|Kb6c1558f|Kb91cc689|Kb6fc12fe|K53c130d2,P468a604c|P5c64bf30|Pe7367b58|P63739c15|P68500463,P12f7170c,119946358.0
M293bafde,Clue,1985,4,95,15000000,en,Comedy,Comedy|Thriller|Crime|Mystery,4,US,4,C6146f42e|Ce9ab43f2|C3686df5f,17,14,False,Kcba84b9c|Kfcf79c07|Kbf56ea30|K7d7276b0|Kb5cf076c,Pd7cfcf93|P052dcd1b|P2f51eabf|P65c2b572|P6a2abb1a,P6c72d377,14643997.0
Mcf7094ee,The Karate Kid,1984,2,125,8000000,en,Drama,Drama,1,US,3,C52e61c78|Cc1d82aa3|C6e6fa6f7,10,20,True,Kb51b61a8|K9f297862|Kea685510|Kbef18965|K6bab75c0|K58378910,P797ebd09|Pb15a65f1|P1bfae462|P83f46ef9|Pc2f270cb,P12f7170c,90815558.0
M1d0bf2c2,National Lampoon's Christmas Vacation,1989,4,95,27000000,en,Comedy,Comedy,1,US,2,C8ef0af14|C3e7bdc8f,24,8,True,Kedb0ba53|K3d1d6d81|Kd72f95be|K251f030c|K45ea3192|K399ba99f|Kc862e135|Ka4d31094,Pd730679d|P5e6f1657|P64b06ad7|Pe8e35f2f|Pab9fddde,P203aa824,71320000.0
M4a9a6fcf,You've Got Mail,1998,4,120,65000000,en,Comedy,Comedy|Romance,2,US,1,C3e7bdc8f,16,32,False,K4786f4fd|K35f014de|Kcbf64eb9,Pd8b30691|Pf8a6242d|Pec0b65e7|Pa4d4e204|P56b036c0,P9d542123,250821495.0
M1332dc2a,The Thin Red Line,1998,4,170,52000000,en,Drama,Drama|History|War,3,CA|US,3,C7f89a29f|C3257102f|C7b4a0de1,27,20,False,K1451c5af|Kcc150bfb|K230a811e|K3b01c649|K80ee6e30|Ka74a19d5|Ka2e4a547|K749b45f3,Pd76d11b5|Pd2914092|P864bcbbd|Pac2783a6|Pd4551c6e,P6773d361,98126565.0
Ma9c62f24,The Faculty,1998,4,105,15000000,en,Horror,Horror|Mystery|Science Fiction,3,US,2,C07f90652|Cd7587903,33,64,False,K63327ad9|K25a3086d|K4d0bc3a5|K13818823|K8e4844b2|Kd9198f5a|Kae612877|K22bcfb2f,Pb1da65f4|P6f0b74b5|Pa17129d8|P60fc0dca|P28304cc9,Pf41db032,40283321.0
M2b5e3ea6,Patch Adams,1998,4,115,50000000,en,Comedy,Comedy|Drama,2,US,4,Cd7a83b16|C807db489|C22f56d50,28,54,False,K1d1c144f|Ka69f7dd5|K6d90a030|K57c83c7c,P8b29037b|Pfe9ae21f|P16cc83fc|P355cfb59|Pe43fc322,P24e6c418,202292902.0
M89b965d9,Tea with Mussolini,1999,1,115,12000000,en,Comedy,Comedy|Drama|War,3,GB|IT,4,C8a1173b9|C9aa175c5|C2f190018,16,9,False,Keae2ee2b|K32d43916|K0167559b|K03812e46|K230a811e|K44b419b3|K56c900d4|Kbf87b626,Pf108d77e|Pf0ddf122|Pdcd8384e|P12f8d604|P64f6a790,Pa01b5bdd,21001563.0
M878cc992,Affliction,1997,3,115,6000000,en,Drama,Drama,1,US,1,Cb61eea90,12,14,False,,Pe28239f5|Pd2d9e6d7|P45da86ac|P9a2edffb|P7cdaf33b,P960227bb,6330054.0
M641ed42b,Playing by Heart,1998,4,120,20000000,en,Drama,Drama,1,US,4,Ce3aba842|Ccdc52bf4|C4a5a2ebf,25,20,False,K511491fa|K06ec2ec0|K32d43916|Kf6118f7e|Ka06fb66f|Keb5e7681|K9d42ff64|K9a7a2db0,Pda93cf7b|Pce96e08a|Pf77f8198|P6ad5be64|P9e58b7cf,P45ac27d4,3970078.0
Md45c907f,Virus,1999,1,100,75000000,en,Horror,Horror|Action|Science Fiction,3,US|GB|DE|JP|FR,9,Cd7a83b16|Ce09e087e|C9a28f4be,13,47,False,Kb5616dfb|K69078877|K5b049f92|K5417f32f|K7f822525|K003875f5|Kde1473f0|Kfaa58f07,Pdd6d0097|P605dd3d9|P38ab614f|Pd2149b3f|Pfa9064d1,P954224ad,14010690.0
M4e3f82be,Howard the Duck,1986,3,110,37000000,en,Comedy,Comedy|Fantasy|Science Fiction,3,US,2,C3ea53bb0|Cd7a83b16,10,11,False,K28591712|K7a03cc6b|Kfd2a9a8f|Kaea398e7|Kbbcbbe27|Kc4e63391,P4c1d4fe7|P7dbbc0cd|Pb494fa6f|Pa6a76764|P5ea305ca,Pdeb66421,37962774.0
Mfcbb7056,The Fly,1986,3,95,15000000,en,Horror,Horror|Science Fiction,2,CA|GB|US,2,C4637b80a|C16b8cf86,10,45,True,Ka6194240|K7b1fe1e7|Kd0f4a611|K1202f3d2|K71bf1fc9|Kdbe6d9ae|K6d28c684|K50f53e0e,P8ee73a48|Pc29f511b|Pfb88a9f3|P4b0ab757|Pf69af328,P501bf7bf,60629159.0
M15bd2b08,Armed and Dangerous,1986,3,90,12000000,en,Action,Action|Comedy|Crime,3,US,3,Cf4478484|Ca93bb46d|Ced022dd4,17,7,False,K9df93747|Kdea39ed5|K4642261b|Kae4fc5be,P090e9526|Pbff7fdac|Pa6a4911b|Pf8a6242d|Pd51448b7,P707abcc4,15945534.0
M7d02c531,The Texas Chain Saw Massacre,1974,4,85,85000,en,Horror,Horror,1,US,2,C6988cd6a|C670051f7,17,11,True,Ke63eacc3|Kf6d4d5a6|K4bf29bde|K6a3cb94b|Kf6e73e8d|K649ccc80|Kf07f140e|Kf7dc2055,P7145e4d6|Pa2db4af7|P9230ca77|Pc06388ed|P2b116297,P085378ab,30859000.0
M233d1d78,The Texas Chainsaw Massacre 2,1986,3,100,4700000,en,Horror,Horror,1,US,1,Cee302f0f,12,11,True,K65f87363|K6a3cb94b|K04b71262|K4a3d8658|K90bb0f7e,P0fbbf0cd|P226f264b|Pa952051a|P168f4ac1|Pce31a7e2,P085378ab,8025872.0
M4e9bd436,The Name of the Rose,1986,3,130,20000000,en,Drama,Drama|Thriller|Mystery,3,FR|IT|DE,4,C038e2523|C79ddb8cc|C8988c66c,37,25,False,Kb38c398c|Kec8db847|K5536c0d1|K02a3ddab|K139a4140|K74e5a4d1|K2cbd10e8|Kaf002c80,Pf77f8198|Pd9f4bddb|P798cf1bc|P29480dfb|P8b3306b5,P25398c8b,77200000.0
M5aa97805,Peggy Sue Got Married,1986,4,105,18000000,en,Comedy,Comedy|Drama|Fantasy|Romance,4,US,2,C947c3de9|C6dfc8237,17,8,False,K804bfd5b|K5b2310b5,Pa2178ef1|P3831e867|P26f99d1b|P455e5488|P25b29064,P47881235,41382841.0
M20d6e72d,The Color of Money,1986,4,120,13800000,en,Drama,Drama,1,US,2,Cdc3ad8b5|C0532621e,49,7,True,K9be97905|Kf5d2e27f|Kdd9ed465|Kff45878f|Kdc87c7d5,P5c9978f1|P13cbd053|P5f9fd6ff|P50ef45c0|Pb8e19397,Pc1b16bc3,52293982.0
Mba407cbb,Heartbreak Ridge,1986,4,130,15000000,en,Action,Action|Comedy|Drama|War,4,US,2,C27c08183|C3f7383bc,41,16,False,K4a3bfefc|K689747db|K3b01c649|K5fc9e425|Ke2872e92|K54f48103,P6f65c5ac|P486a94ff|Pd5dbd64c|P2ee3c00a|P01a56f32,P6f65c5ac,42724017.0
Mbc12de30,She's All That,1999,1,95,10000000,en,Comedy,Comedy|Romance,2,US,3,Cf8f92f7f|C0dd933c9|C146bb014,23,8,False,K73e69eee|K5205e414|Ka7955936|Kc79f1b80|K3376b6ba|K43425223|Ka21fedad|K8e4844b2,P08577d2f|Pf26dccd1|P20c64aeb|Pbbb2aadf|P95a98e9b,P53f6f742,103166989.0
M7a8d2d31,Simply Irresistible,1999,1,95,6000000,en,Comedy,Comedy,1,US,3,Cfc1e76ab|Cc7ea7bbb|C89687fb7,15,19,False,Kc0bb51b1|K89b9bcde|Ka3d9c7c4|Keec6e143|K120465cb|K812133be|K9bc1aab7,P1c20804a|Pf45a75a7|Paa341d84|Pa9b844fc|Pf870dda6,P4a99206d,4398989.0
M391a99e8,Blast from the Past,1999,1,110,35000000,en,Comedy,Comedy|Romance,2,US,3,C6988cd6a|Ca7ca39ce|C488db4fd,14,20,False,K03b817d9|K08f18d05|Kaa8b42ca|Kaa24d56d,P02dbf1fc|Pd072720a|P3be49d96|P45da86ac|P77ce0d31,Pf7f5df2c,40263020.0
M5c8feb57,Message in a Bottle,1999,1,130,80000000,en,Romance,Romance|Drama,2,US,3,C878cc91e|C9ecbdc9b|C2fd21e45,19,11,False,Kf47ae652|Kb7c26824|K137a6391|Kd264d468|Kd36bfc02,P02f4f983|Pe0da2446|P5c9978f1|Pccc5f0d8|P0944804e,P4b9f64d2,118880016.0
M251faefa,My Favorite Martian,1999,1,95,65000000,en,Comedy,Comedy|Drama|Family|Science Fiction,4,US,1,C72b723b8,8,6,False,K4d0bc3a5|K26533889|Kb27e6995|K3e02671b,P63cebd80|P52453039|Pa85a1840|P65c2b572|P74d8dac0,P3acbe364,36850101.0
M03cda82d,Jawbreaker,1999,1,85,3000000,en,Comedy,Comedy,1,US,3,C6dfc8237|C6934b231|Cf6ea7301,14,22,False,Kaf5e7471|K70733318|Ke30f40a7|Kc52f1d5b|K0af39414|K25a3086d|K9a9e5443|K9a16fa02,Pa2c42e6a|Pebaca845|Pdc0061c1|P29c8e76d|Pea553968,P52c7b6e8,3076820.0
Mcb254c66,200 Cigarettes,1999,1,100,6000000,en,Comedy,Comedy|Drama|Romance,3,US,1,C6146f42e,11,3,False,K67c9210a|Kd3103f62|K9d42ff64|Kcbf64eb9|Kdedeed91,Pcde62a4b|Pddf47d8c|P4836f470|P0d5aa382|P43b9c297,Pdbb9c2e9,6852450.0
M50f9b0ca,8MM,1999,1,125,40000000,en,Thriller,Thriller|Crime|Mystery,3,US,3,C52e61c78|C0c38381c|Cbba7f90a,16,77,True,K0f0db118|Kad6405c4|Kec9cb14f|K83c6c72f|K852f076b|K47f2cd96|K4642261b,Pa2178ef1|Pdfff36db|P87a98968|Pa035e521|P8d6fc3e1,P59045db6,96618699.0
Md84530a4,Pet Sematary,1989,2,105,11500000,en,Drama,Drama|Horror,2,US,1,C6146f42e,14,9,True,K5d0ba27b|K4a1d9f6a|K8ededc31|K34731b6b|Kb76fa970|K3c6f9488|Kdbcc2a99|K4e30c2b5,P90c964c2|P4457b72b|Pdd0c11d0|P76084baa|P9a9b570b,P85e4463a,57469467.0
M0577c645,Pet Sematary II,1992,3,100,8000000,en,Horror,Horror,1,US,2,C6146f42e|C04c516d6,7,14,True,Kcc576f2d|Kcf7d212b|K5b9329be|K2d5b6229|Kffef018c|Kcbf64eb9,P32cffca3|P6ad5be64|P4df2dcb4|Pb2432ba0|Pe69f9a77,P85e4463a,17092453.0
Mc593dc8d,Airport,1970,1,135,10000000,en,Action,Action|Drama|Thriller,3,US,2,Cd7a83b16|C45db3098,44,17,True,Kf10ad044|K1451c5af|K31249f48|K46565220|K412badbe|K83380928|K877e62a3|Ka7d35b39,P7b3b3109|P0f2c4a32|P297e75a5|P6b129dca|P756167e5,P691fc89c,100489151.0
M869ffe30,Airport 1975,1974,4,105,3000000,en,Action,Action|Adventure|Drama|Thriller,4,US,1,Cd7a83b16,30,9,True,K7e1398ba|K1451c5af|K31249f48|Kae818b36|K46624ba5|Kb1b2d050|K3ed3377f|K424ad1c8,P47374014|P16c94183|P5ba487ba|P756167e5|P7eb8aa0c,P346c3e31,47000000.0
M44585ee4,Airport '77,1977,1,115,6000000,en,Action,Action|Adventure|Drama|Thriller,4,US,1,Cd7a83b16,21,13,True,K3ed3377f|K424ad1c8|K877e62a3|Kf00c2125|Kdab9be36|K9636e000|K731af97e|K19a14feb,P6c638f36|Pbfc861f0|Pb19122c9|Pada9e747|Pcb053b3e,P89789ab1,30000000.0
M1b6bb161,The Towering Inferno,1974,4,160,14000000,en,Action,Action|Thriller,2,US,4,C6cbfdb5c|C3e7bdc8f|C2a35c0cd,38,51,False,K2c1bbb24|Ke6b45b39|K7e1398ba|K6242373e|K969ef670|K2f62cbb6|Kb8281719|Ke85f007d,Pa8930aca|P5c9978f1|P27f203dd|P413d8978|Pcbfac2a1,Pa579fc87,116000000.0
M5c245be0,Logan's Run,1976,2,120,9000000,en,Adventure,Adventure|Action|Romance|Science Fiction,4,US,1,C1e53a163,19,26,False,Ka7984eec|K9f1d9feb|K60686471|K61a241c8|K16d71dad|K8e2e1632|K7f284f24|K78445bea,P21b1383d|P99600202|Pab057132|Pd44dd3d5|P7fd3c55d,P7e543c4f,25000000.0
Mdf35e9fe,Battle for the Planet of the Apes,1973,2,95,1700000,en,Action,Action|Science Fiction,2,US,2,C6cbfdb5c|C175e0991,17,10,True,K8e2e1632|K7f284f24|K86d86087,P39689d4a|Pd2b0bd6f|Peedb8b22|P5bb1e175|Pc2595dc7,P010f1164,8844595.0
M08bec6f6,Conquest of the Planet of the Apes,1972,2,90,1700000,en,Action,Action|Science Fiction,2,US,2,C6cbfdb5c|C9feb9bd5,29,8,True,K22aa7ca6|K4a1d9f6a|Ke933f1ae|K7f284f24|K41f6780e|Kef0c5442|K86d86087,P39689d4a|P518a7144|P11db3ee8|P7372f4b5|P5bb1e175,P010f1164,9700000.0
M9c255e4a,Escape from the Planet of the Apes,1971,2,100,2500000,en,Action,Action|Science Fiction,2,US,2,C6cbfdb5c|C9feb9bd5,13,14,True,K16dd7ad0|Kb46234d4|Ke933f1ae|K3d848539|K7f284f24|K08d4a276|K111329e3|K1f4874a2,P39689d4a|P501891fc|P8c0a066e|Pd2b0bd6f|Pbfba0928,Pa59f83fd,12348905.0
Mf565d156,Earthquake,1974,4,125,7000000,en,Action,Action|Drama|Thriller,3,US,2,Cd7a83b16|C34c28a01,19,15,False,Ke6b45b39|K79a56504|Kbadc51d0|Kaf306dc5|K8a2819bf|K6473597c|Kb96c70dd|Ke85f007d,P47374014|Pf14d53ee|P756167e5|P371c3cdd|Pf12c2897,Pce1d5503,79666653.0
M773c86bf,The Concorde... Airport '79,1979,3,125,14000000,en,Action,Action|Drama|Thriller,3,US,1,Cd7a83b16,16,12,True,K3ed3377f|Kc1162113|K424ad1c8|K1eee616e|Ka7d35b39|Kdb5d0011|Kb8213944|K9423aab1,P24876038|Peb2d629e|P6b54277c|P8d110b06|P756167e5,P914210db,13015688.0
M7fbd88db,Analyze This,1999,1,105,80000000,en,Comedy,Comedy|Crime,2,AU|US,4,Cb99639e7|C3e7bdc8f|C5844cbc7,21,13,True,K33e09618|K1c044cce|K6c87d899|K3d77d7e7,Pd9604827|Pfa741633|Pf25ac6cd|P73fb972b|P471ce33f,Pc18a1935,176885658.0
Me1859a57,The Corruptor,1999,1,110,25000000,en,Action,Action|Crime|Mystery|Thriller,4,US,2,C6988cd6a|Cd0db4694,12,7,False,K33e09618|Kb5348ef7|K169947a5|K0d25991c|K80a51d22|K94c16f0f,P40d10530|Pbf41fe4c|Pc97456fc|P0bd95f06|P6add0108,P8687decb,15156200.0
Mfd4abd81,Cruel Intentions,1999,1,95,10500000,en,Drama,Drama|Romance|Thriller,3,US,3,Cf4478484|C1b1084e6|Cc58b2d2e,20,10,True,K615ad2f5|Kd2b00110|K511491fa|Kcdcd7d77|K82b36e2a|Kcca842bb|Kee199654|K17904a07,P1c20804a|P958f1dd9|P4d20c8bc|P9ba0093c|P7d2022b6,Pc6531b5c,75902208.0
Ma4ae4f7f,"Lock, Stock and Two Smoking Barrels",1998,1,105,1350000,en,Comedy,Comedy|Crime,2,GB,5,Cf1725ca7|Cceb4e3c9|C3686df5f,27,12,False,Kc2ed15d1|K30ba46ef|K1b326384|K193d77d8|Kd6576785|Kcabb1ae1|Kabe15fb7|K554808ba,P13c6deee|Pa8aae463|Pc874f2e9|P4b27ca24|Pc3cf53fb,P4d1bb4c3,3897569.0
M0c706a05,The Deep End of the Ocean,1999,1,105,38000000,en,Drama,Drama|Mystery,2,US,2,C52e61c78|Cc7cdfc2b,15,6,False,K9136e8a9|K45012032|K7054c626,Pe39be12b|Pd74bca30|P9bab5900|P126b9e53|P25254e43,P731a42f4,28121100.0
M0f157b50,The Rage: Carrie 2,1999,1,105,21000000,en,Horror,Horror|Thriller|Science Fiction,3,US,2,C7e86926f|C89a78c2b,42,40,True,Kc8aa65cd|K1fc61028|Ka7984eec|Ke6b45b39|K60686471|K6a020f0a|K3a9cfbfe|K25a3086d,P02ab76dd|P3b1bf6d0|P7697666b|P59f23898|Pdcbbe215,P9cec1e26,17762705.0
Mf53075e1,Dead Ringers,1988,3,115,13000000,en,Drama,Drama|Horror|Thriller,3,CA|US,3,C87ec3be3|C8679e149|C24e44558,18,22,False,K1d1c144f|K511491fa|K1451c5af|K97e39667|K443b5d4d|K60686471|K249e52d7|Kd345f6ab,P3af08c02|Pf12c2897|P6c4448dc|Pbc70d280|Pc590328f,P501bf7bf,8038508.0
M41d2bd09,Baby Geniuses,1999,1,95,12000000,en,Science Fiction,Science Fiction|Comedy|Family,3,US,3,C6dfc8237|C4e8acbb2|C4e29b8de,6,3,False,K808b4a33|K357b9c0d|K8b027cfc|Keabb983c,P26f99d1b|P65c2b572|P791fd83e|P04bf16d3|P5649d2dd,P1233e8a7,36450736.0
Me73c6470,Forces of Nature,1999,1,105,75000000,en,Romance,Romance|Comedy,2,US,2,Cfa01eb95|Cdf0cfe3c,40,27,False,Kae818b36|K877e62a3|Kab832ca0|Kc7759f81|K6c87d899|K6e9bdb3a|K04b7a06e|Kcbf64eb9,Pbf6fd3c6|Pcde62a4b|P91ea8c55|P2a4182bf|Pbdc63578,P29022cac,93888180.0
M15ac24aa,The King and I,1999,1,85,25000000,en,Animation,Animation|Drama|Family,3,US,5,C71cf5a4b|C281314b0|Ceb75e15d,9,13,False,K965d2159|K6e305e52|K3430084d|K6fa60658,P086ca141|P5121bbe4|P8c8e016c|P0145491f|P89c20473,P9310744e,12000000.0
M887e5d4d,The Matrix,1999,1,135,63000000,en,Action,Action|Science Fiction,2,AU|US,4,C1246c604|C71551453|Cd36ef9f0,36,71,True,Kd3ee2033|K497a09fb|K935ce48d|K8d907d83|Kc7c9387f|K1308518c|Kf1fb5fdc|K7a3e26a4,Pee0e1556|P05d35fbc|P5c4ac37e|P243d60a3|P576397bf,P6165fdb4,463517383.0
Mc8959139,10 Things I Hate About You,1999,1,95,16000000,en,Comedy,Comedy|Romance|Drama,3,US,3,C976c0906|C29da69d4|C0532621e,44,37,False,K76289b46|K16600711|K25a3086d|K35e5d05e|Kf743e542|Ka21fedad|K652587f1|Kb8912dc2,Pb2b54035|P24a75c64|P8e89b53a|P2052d6a4|P2774546c,Pf1404a5b,53478166.0
Mbffc8225,The Out-of-Towners,1999,2,90,75000000,en,Comedy,Comedy,1,US,2,C6146f42e|C59f0e7fb,11,5,False,K33e09618|Kc7759f81|K744bb7e9,Pa4708d8a|P3525e37e|P00c082cc|Pf6edd46b|P3588c676,Pd27322a2,29000000.0
M80ecc0d5,Go,1999,2,100,6500000,en,Crime,Crime|Comedy|Thriller,3,US,1,Cf4478484,17,8,False,Kf423db81|K431c1f8f|Kd9198f5a|K9a3c44ed|K4a9ab017|K7fdf44a5|Kb69ab056,P07624456|Pc0a9cc4f|Pdc9a8b53|P4002418d|P416ef296,P10130871,28451622.0
M67266ea1,Never Been Kissed,1999,2,105,25000000,en,Romance,Romance|Comedy|Drama,3,US,4,C7f89a29f|C413df0cf|Ce6aab72b,23,9,False,K018324f1|Ked493fb4|K29e6a2b4|Kb7b43807|K473cbcdf|Ke6244421|K191ea337|K25a3086d,Pe0243597|P17d4ec0b|Peda25f2c|P51c048a3|P55469664,P02060500,84565230.0
Mc16c0453,Cookie's Fortune,1999,1,120,10000000,en,Comedy,Comedy|Drama|Thriller,3,US,4,C2020f7d5|C38bbec31|C69f4e4ff,19,13,False,Kc8aa65cd|K0bfe4995|Kc5a122eb|K30c774bd|Kef677a4f|Kd414401a,P010e0927|P62eda3c0|Pce2c4e19|Pd7d3ea0f|Pf5f9ba0e,P513294b5,10920544.0
M891629c8,Life,1999,2,110,80000000,en,Comedy,Comedy|Crime,2,US,2,Cd927b580|Cd7a83b16,16,10,False,K0bfe4995|K87d91188|K1a187d9d|K956eb9ef|Kaf71f9e9,P1c7f1d9d|P27021ad5|P5f36658f|P6af89baf|P19165e19,P6d4cea6b,73345029.0
Mc2eeb79a,Open Your Eyes,1997,4,115,2900000,es,Drama,Drama|Thriller,2,ES,5,C31404357|C4b024738|C651e6a2e,12,46,False,Kde32259e|K0fc7e9c4|K0b2e661a|K1ca3731a|Kee67bbbb|K12d6487b|K53ddb611|Kbe911ff1,Pd4807822|Pfac84536|Pc458c379|P9653f374|P469d0612,P7380b23b,368234.0
M43952552,eXistenZ,1999,2,95,15000000,en,Action,Action|Thriller|Science Fiction|Horror,4,CA|FR|GB,8,C35283342|C0b35155f|C99870691,17,57,False,K3ea5ce14|K0e89a273|K798d1d58|Ka0de5fc2|K53ddb611|K7f284f24|K9dbab051,P35d8608c|P7ad6a156|P6eb8b494|P9a2edffb|P754fe2b4,P501bf7bf,2856712.0
Me01532c9,Entrapment,1999,2,110,66000000,en,Romance,Romance|Drama|Mystery,3,GB|US,2,C64344d66|Cc2c73c36,21,105,False,Kef728c09|K67c9210a|K6242373e|K767e5108|Kf172f9db|Kb7b43807|K50f0ee0b|K60686471,Pf77f8198|P76ffd39b|P9c43b517|P718ae485|P8b839607,P957c8b3c,212404396.0
Mbddec41e,Idle Hands,1999,2,90,25000000,en,Thriller,Thriller|Comedy|Horror,3,US,3,C52e61c78|C13591aeb|Caa8c9148,25,13,False,K8e4844b2|Kbf346ce8|K8342294d|K9817a9ba|K824d3101|K575b8313|Ke7d071bf|K4652120a,Pc3971226|P41a49491|P32d7cd09|Pf2a3f46d|P5645412a,Pfe9ad790,4152230.0
M94bde33a,Night of the Comet,1984,4,95,3000000,en,Comedy,Comedy|Horror|Science Fiction,3,US,3,C461467a0|C67b68c05|C40f13452,17,10,False,K8e2e1632|Kb6e55aa4|Ka0d759f9,P9c0f54bb|P10ccff4b|P91575f1a|P663686b7|Pd1396c8b,Pdf66b882,14418922.0
M4fe4704b,The Mummy,1999,2,125,80000000,en,Adventure,Adventure|Action|Fantasy,3,US,2,Cd7a83b16|Cca6a6893,26,19,True,Kec8db847|K74e5a4d1|K80ad8a1e|K30a53fa2|K42a8abf4|K6a580b43|K93f264b2|Kd13fe849,P02dbf1fc|P614f6326|P3b9da51e|P2407f86e|Pae6194af,Pa7172560,415885488.0
Mfe2ea80d,The Castle,1997,2,85,786675,en,Drama,Drama|Comedy,2,AU,2,Ccea084d5|C03b77267,18,17,False,Kcc576f2d|K31249f48|Kabb619b7|Ke11db837|K76e5d274|K241b3a3b|Kd2e5bc2f|K12473e8b,P37f51cea|Pf8784756|Pd06f2bf0|Pb7b03761|Pb9bd14fd,Pa336bffb,861789.0
M88624726,Edge of Seventeen,1998,2,100,1500000,en,Comedy,Comedy|Drama|Romance,3,US,1,Ccba76128,39,46,False,K0c50837f|K11164177|K683aa1bf|Kd3103f62|K6878063f|K37228ca6|Kf9eb780f|K6de58ed8,P85584158|Pb3fddfe3|Pe24574f1|P65908784|P8e6a4f06,P2263bf3e,870751.0
Mb5d97539,Star Wars: Episode I - The Phantom Menace,1999,2,135,115000000,en,Adventure,Adventure|Action|Science Fiction,3,US,1,C3ea53bb0,58,14,True,Kc7c9387f|Kd340c156|K8e2e025f|K9f297862|Ke621000d|K3b0879a0|Ka37986b9|K4d7becfd,P1b4a1135|P5d50695a|P158ca9d1|Pf94d1b1f|P5a0c79fb,Pa643abc7,924317558.0
M31f984ac,Superman,1978,4,145,55000000,en,Action,Action|Adventure|Fantasy|Science Fiction,4,GB|US,3,C3e7bdc8f|Cae24c253|C4d7c8404,92,19,True,Kd3ee2033|Ked493fb4|K38b4fde2|Ke3894268|K99d06904|Ke621000d|K04f1877b|K923101f0,P50446d3c|P1fbea9a2|P70447cac|Pa3cf7c55|Pad073e73,P07f9ee68,300218018.0
M5ee61bef,Superman II,1980,4,125,54000000,en,Action,Action|Adventure|Fantasy|Science Fiction,4,GB|US,3,C3e7bdc8f|Cae24c253|C4d7c8404,50,60,True,Kd3ee2033|K38b4fde2|K19a14feb|K04f1877b|K923101f0|Kfb49abba|K956eb9ef|K741a26f2,Pa3cf7c55|P50446d3c|Pad073e73|P68aebe16|P07e1f3b5,P2f0f161d,190458706.0
Mc2f30f6c,Superman III,1983,2,125,39000000,en,Comedy,Comedy|Action|Adventure|Fantasy|Science Fiction,5,GB|US,3,C3e7bdc8f|Cae24c253|C11c8f5a1,10,16,True,Kd3ee2033|K38b4fde2|K73141f4b|K33920a50|K5a425294|K19a14feb|K04f1877b|K923101f0,P50446d3c|Pb36299e9|P68aebe16|P06f05e8e|Pd79a9bcc,P2f0f161d,75850624.0
M3ea60dd9,Superman IV: The Quest for Peace,1987,3,90,17000000,en,Action,Action|Adventure|Science Fiction,3,GB|US,4,Cee302f0f|C3e7bdc8f|C1e477763,18,18,True,Kd3ee2033|K38b4fde2|Ke09d99ff|K99d06904|Ka2e4a547|K9489712c|K19a14feb|K04f1877b,P50446d3c|P70447cac|Pa3cf7c55|P68aebe16|P06f05e8e,P74d50280,19300000.0
Me2c60f82,The Rocky Horror Picture Show,1975,3,100,1200000,en,Comedy,Comedy|Horror|Music|Science Fiction,4,GB|US,2,C6cbfdb5c|C54855632,12,10,True,K550ea887|K83f121ca|K511491fa|K7c6da98e|K17d6e4f5|K6ecc96df|K965d2159|K5cf72ad4,P052dcd1b|P105610f1|P89371f3d|P84a2fb57|Pb8b5c1b9,P0e4534ca,112892319.0
M767c3437,It Came from Hollywood,1982,4,80,5000000,en,Comedy,Comedy|Documentary,2,US,1,C6146f42e,5,4,False,K4e49a65a|Ka3337f91|K9826ddc6,Pe236144b|P090e9526|Paa3b8e0f|Pf8317939|P4f0d381e,P7a609fc2,2091037.0
M8ec2d578,Notting Hill,1999,2,125,42000000,en,Romance,Romance|Comedy|Drama,3,GB|US,4,C3b083de4|C035ec3b2|C0110c455,27,11,False,Kef728c09|Ke99876ac|K17651dd4|Kfa895068|K4f2567f4|Kdfc0b517|K4c45f99b|Kc9b037e6,P9195777d|P3f407781|P725a6200|Pf8dc275e|P85ac7180,Pf61371d2,363889678.0
M4f9ded24,Limbo,1999,2,125,8000000,en,Adventure,Adventure|Drama|Thriller,3,,0,,4,3,False,,P5f9fd6ff|P8e1bdae6|P8c234baa|Pbe8d5d9c,Pb949be28,1997807.0
M75e3a3cf,Austin Powers: The Spy Who Shagged Me,1999,2,95,33000000,en,Adventure,Adventure|Comedy|Crime|Science Fiction,4,US,2,C6988cd6a|Cf3336a38,18,26,True,Kd3ee2033|K75b71e8e|Ke484fe84|Kfce86ae4|K33b2d0b2|K4d54a5a1|K2e209934|K267cc427,P872c7544|P26e3f83d|P21b1383d|P6b54277c|P7dc817d8,Pa2caa452,310940086.0
Me195a96c,The Red Violin,1998,3,130,18000000,en,Drama,Drama|Thriller|Mystery|Music|Romance,5,CA|IT|GB,2,Cf32a2ad6|C002f977c,58,3,False,K6c76de47|K15af98b2,P527a4dba|P05f4dbec|P41762cec|P54d7267f|Pafa47d7e,Pd39ae39f,9495408.0
Mec0a2af4,Tarzan,1999,2,90,150000000,en,Adventure,Adventure|Animation|Drama|Family,4,US,1,C72b723b8,11,27,True,K427fb8c0|K808b4a33|K1624771e|Kfec77ccf|K1e5a78fe|K346367d7|Kb2c2fb55|Kb71004ae,P63897b0a|P010e0927|Pbf89d8eb|P91a5e1f3|P40bb49f9,Pd1ee7157,448000000.0
M74329a62,The General's Daughter,1999,2,115,60000000,en,Crime,Crime|Drama|Mystery|Thriller,4,DE|US,4,C6146f42e|C765ec336|C2b80cc02,16,23,False,Kc8aa65cd|Kb1aa9b34|K1451c5af|K97e39667|K9a948f66|K3788e79b|K60686471|Ka2e4a547,Pe91449f5|Pf4d6002c|P03e2c7bc|P99022af1|P6659d8cf,Pcebf9f1a,149705852.0
Mf2de4046,An Ideal Husband,1999,2,95,14000000,en,Drama,Drama|Comedy|Romance,3,GB|US,2,Cf8f92f7f|C5d4628db,6,3,False,,P7ee731d8|Pbf89d8eb|P5b1db732|P62eda3c0|P6f5f734d,Pa682a7e5,18535191.0
Md7bda2a9,Run Lola Run,1998,3,80,1530000,de,Action,Action|Drama|Thriller,3,DE,2,C687fb912|C16a3e946,23,37,False,K0fc9b725|Ke33fde63|K309b4d79|K95976ff9|K34c58965|K40c4ef28|K79a56504|K8144bfb6,Pdc3528ff|P5e663e7b|P5b220ffa|P881f767e|Pbe77c728,P482c31a3,7267585.0
M2bda0bd6,Arachnophobia,1990,3,105,31000000,en,Comedy,Comedy|Horror,2,US,3,C9710581c|C2b01c913|C5b452433,32,14,False,Kc5a122eb|K13815fe2|K598fb624|K9c03986b|K0afca812|K11992727|Kd3de787f|K1b9723a0,P63cebd80|Pb50c422d|Pa2f38bf2|P47279b05|P31abc4f9,P7807fafd,53208180.0
M27bdabc2,American Pie,1999,3,95,11000000,en,Comedy,Comedy|Romance,2,US,4,Cd7a83b16|Cceb4e3c9|Cc58b2d2e,43,86,True,K6ee56909|K1435f49d|K6878063f|K8e4844b2|K070b703c|Kf7e12abb|Kc862f9f3|Ke3dfe834,P3f2c2df0|P7f8c65a4|Pf604a1f6|P0ad01ed1|P62aa0f18,P18fd55c7,235483004.0
M5599a4d4,The Blair Witch Project,1999,3,80,60000,en,Horror,Horror|Mystery,2,US,2,Caa3dc840|Ce83a2c17,10,28,True,K55cfa8fb|Kcf60ec2b|K56e50db3|Ka9bf2de6|K22d844e0|Kd0196534|Kfbcbee6f|K5489feee,P2f2b9e93|P59f56ab0|P1034332a|Pd424d0b5|Pdf06fd24,Pc4030daf,248000000.0
M5d6a827d,Eyes Wide Shut,1999,3,160,65000000,en,Mystery,Mystery|Drama,2,GB|US,4,Caf7e676c|Ce1ba58e3|C2e93baec,18,18,False,Kb5348ef7|Kd2b00110|Kaad95068|K7c3e79f3|Kfee0b656|Kb8ac4260|K498a2533|Kab20b5b1,P13cbd053|P8bb333ae|P777daa14|Pd7875c24|Pe1f0e7d0,P323b2f30,162091208.0
M8cd89187,Lake Placid,1999,3,80,27000000,en,Horror,Horror|Comedy|Action|Science Fiction|Thriller,5,US,3,C7f89a29f|C3257102f|Cbfdee1c2,17,38,True,K32c7600d|K27d5bfeb|K11e84da5|Kdc02fbe1|Ka1815f7d|K43842975|Kf7d3dfc2|K46bc4b11,P4821cb9e|Pfa3b55fa|Pefdc98ca|P72092b5c|Pf275c5cf,P7ad4ed9d,56870414.0
M9e8e6f6b,The Wood,1999,3,105,6000000,en,Comedy,Comedy|Drama|Romance,3,US,1,C0498af6f,11,3,False,,P76dbfd9b|Ped61b326|P37b78ce4|P9b7b09ca|P730d6a7f,P25ce80df,25059640.0
M219b2e42,Ghostbusters,1984,2,105,30000000,en,Comedy,Comedy|Fantasy,2,US,3,C52e61c78|C6e6fa6f7|Ca4882972,50,23,True,Kfbd674bb|K8c5bcd8a|K5b64082c|Kbbc578aa|K00f341b1|K191ea337|K8d50ee28|Kf9e3ff7b,Pfe130811|Pe236144b|Pab61d2a5|Pc18a1935|Pc04911e1,P069fb67f,295212467.0
M179fd6ac,Ghostbusters II,1989,2,110,37000000,en,Comedy,Comedy|Fantasy,2,US,1,C52e61c78,22,56,True,Kbbc578aa|K66cc4ae0|Kca1740ee|Kfed551de|K9636e000|K4013c5f1|K4b8c9492|Kbea00521,Pfe130811|Pe236144b|Pab61d2a5|Pc18a1935|Pc04911e1,P069fb67f,215394738.0
Me75bbcd2,Drop Dead Gorgeous,1999,3,100,10000000,en,Comedy,Comedy,1,US,3,C6988cd6a|C446b6c3a|Ceeffb99c,19,6,False,Kf7687c94|K2990c1d0|K0bfa01de|Kcc95c502|Kfd02061d|K92d2b88e|K4281ec01|K432d5331,Pfe6d4c3d|P11dff755|P16523f1f|P2b24b1d6|Pada98783,P2f7278d2,10571408.0
M60018b9c,The Haunting,1999,3,115,80000000,en,Horror,Horror|Thriller|Fantasy|Mystery,4,US,2,C70bb0a40|Cdf0cfe3c,21,108,False,K1451c5af|K59cab57a|K6ecc96df|Ke099800e|Kf04506ca|K0a27eb44|K41055207|K9636e000,P1b4a1135|P76ffd39b|P66e0e26d|P822a5444|Pdba508fc,P3f654400,91188905.0
M4f328db4,Trick,1999,3,90,450000,en,Comedy,Comedy|Romance,2,US,1,Cbe498e61,4,2,False,K0c50837f|K8459da36|K891ad3b4|K845da920|K0f72d59b|Kd3103f62|K750c2f82|Kc343c0fd,Pa9d3b81a|Pbd201938|P475e7aa4|P5198d731,Pc30d9a81,2049595.0
M62ccb8c5,Deep Blue Sea,1999,3,105,60000000,en,Action,Action|Science Fiction|Thriller,3,AU|US,4,C1246c604|C3e7bdc8f|Cab984442,18,148,False,K6af381ce|K9a5ab2bc|K8bede5d8|K59a84d02|K27469257,P42c677ae|P4b1cdc3c|P38e5ab9d|P555ee1d0|P5eab90f9,Pc9ab0a9c,73648228.0
M7f0710cf,Mystery Men,1999,3,120,68000000,en,Adventure,Adventure|Fantasy|Action|Comedy|Science Fiction,5,US,3,Cd7a83b16|C9a28f4be|C49c5b1f8,26,13,False,K529bf2e9|K8b8060e4|K222e68d8|Kb858ed20|K9dab76f4|K3cac611f|Kd309184a|K431b42ae,Pd29fc0d4|Pee871f87|P9dd775e7|Pe66d9e38|P85f4afca,P4d47fee0,29762011.0
M0c629bca,Runaway Bride,1999,3,115,70000000,en,Comedy,Comedy|Romance,2,US,4,C6146f42e|Cc032927b|C0532621e,18,32,False,Kc5a122eb|K9cc50066|Kb85e93be|K8be79513|K6c87d899|K9d42ff64,P9195777d|Pb8c4c754|Pf948d741|Pf3f850eb|P06f53013,Pccbd9923,309457509.0
M7cc42b78,Barry Lyndon,1975,4,185,11000000,en,Drama,Drama|Romance|War,3,GB|US,3,Cfb0ff053|C3e7bdc8f|C8cbd14ab,17,14,False,Kdd9233bb|K43a0c977|K85764351|K9f47b446|K17fd8902|K2132e20f|Kea519505|K6a0b2c31,Paa9145d2|P3c1ff191|Peedd6ca8|P6faae5e4|Pf61254bd,P323b2f30,20000000.0
M0cb25747,Vibes,1988,3,100,1884000,en,Romance,Romance|Action|Comedy,3,EC|US,2,Cd927b580|C52e61c78,34,15,False,K7190a704|Ka807be0a|K35150c0c,P8ee73a48|P7e3ed93d|P83cb9f56|Pacb892ca|P75f1d718,Pbe4affaf,1883811.0
M85d4ad16,The Color Purple,1985,4,155,15000000,en,Drama,Drama,1,US,3,C9710581c|Cc62746ca|C3e7bdc8f,21,18,False,K526fab99|Ke2c03db7|Kd06882ca|K5c0670e8|Kfe6fb0dc|K8f8f63a3|Kc42414c8|Ka39c9365,P9bab5900|P93069b51|P6f155c36|Pdc8b750f|Pbff4a5d2,Pcf894350,146292009.0
M9d48d2fd,Native Son,1986,4,110,2000000,en,Drama,Drama,1,US,2,C509678a5|Ca7849cab,15,5,False,Kc4b22c2f|K3788e79b,P601220b6|P27ff617e|Pff4e44b7|P4035eb4b|Pbff4a5d2,P1c45ba94,1301121.0
M688992eb,The Mission,1986,3,125,24500000,en,Adventure,Adventure|Drama|Action|History,4,FR|GB,5,Cc1b3796b|C2459279b|C3e7bdc8f,11,15,False,Kb38c398c|Kbf31130c|K42680167|Ka504d982|Kd743fec2|K7f2dfe51|K976fe880|Kf699b7d1,Pd9604827|P3af08c02|P43afaa4e|Pc4f599c9|P1b4a1135,P4f37dfbb,17218023.0
Mba748b15,Dick,1999,3,95,13000000,en,Comedy,Comedy,1,CA|FR|US,1,Cf4478484,15,16,False,K476d3e93|K05d5e9ed|Kcd40bb99,Pfe6d4c3d|Pcadac074|Pc488f7aa|Pe4f91ee4|P864fa728,Ped266f41,27500000.0
M6b14d68a,The Iron Giant,1999,3,85,70000000,en,Adventure,Adventure|Animation|Family|Fantasy|Science Fiction,5,US,1,C6b31c114,29,45,False,K9d999169|K5011ba81|Ke4884854|K2c5b2ac4|Ka7d77484|Kb5267b6e|K9d24f978,P18046b2d|P0151a8e9|Pb2d28ee6|P606df67a|P6e4d9cf5,P2a2a6f5b,23159305.0
M671667f3,The Sixth Sense,1999,3,105,40000000,en,Mystery,Mystery|Thriller|Drama,3,US,4,C475937d3|C68a78e06|C2b01c913,51,89,False,K24e26ceb|K8138e4d1|K301a8417|Kd58bb223|K99fe2dfb|K9dfcf494|K52d403a5|Ka42eba1d,Pbc324a94|P174e117d|Pb3267f80|Pc8bfe735|Peba49252,P0e4432bf,672806292.0
Mcd8df146,The Thomas Crown Affair,1999,3,115,48000000,en,Drama,Drama|Crime|Romance,3,US,2,C5ee9da6e|C1e53a163,13,16,False,Kd8ef7fb6|Kf0679c27|Ka99fa971|K3af4021d|K331cc517|K819231e9|K4f316603|Kb18f9a70,Pc745bfc7|Pc3561a4c|Pb316026c|P7cabd3bc|Pc72bf435,P1e488480,124305181.0
Mfa8ee9b0,Detroit Rock City,1999,3,95,6500000,en,Comedy,Comedy|Music,2,US,5,C6988cd6a|C6223f3b3|Ce65318d3,24,9,False,K01084bd3|Ke6244421|Kd3103f62|Kb16bdd57|Kd9198f5a|K549c4579,P5de1a51a|P7a29768b|P32cffca3|P4e48f6e4|Pbe79abb0,Pd925dc7a,4217115.0
M1a1053c7,Damien: Omen II,1978,2,105,6800000,en,Action,Action|Drama|Horror|Thriller,4,US,2,C6cbfdb5c|Cfe5673c8,15,11,True,Kc7c9387f|K3d2b49b8|K3b641cd6|Kd61cc882|K243101b9,P27f203dd|Pbfc861f0|P9af1e1f4|P7057412b|P30683d6f,Pa59f83fd,26518355.0
Mbe82646d,An American Werewolf in Paris,1997,4,105,22000000,en,Horror,Horror|Comedy,2,FR|GB|LU|NL|US,2,C2b01c913|C08f8fc24,21,12,False,K24eec40f|K12f11a9e|Ke682b8cd|K032c98de,P6ab1aed2|Pe3fffc54|Pa3abc163|Pab043648|P9533390e,P5d3d7712,26570463.0
Mbbaafceb,National Lampoon's Vacation,1983,3,100,15000000,en,Comedy,Comedy|Adventure|Romance,3,US,1,C3e7bdc8f,24,6,True,Kd6a05201|K882753c3|Kc5dda34f|Ke67cc831|Kd6073f4e,Pd730679d|P5e6f1657|P35a4922d|P64b06ad7|P174a8372,Pc18a1935,61399552.0
Mc5f85645,Big,1988,2,105,18000000,en,Fantasy,Fantasy|Drama|Comedy|Romance|Family,5,US,3,Ca07ba3db|C6cbfdb5c|C1cc9bcee,15,11,False,K220573b1|K2cef4d52|K68b3c1bb|Ke7c15440|K6bba5da1|Kfa082f1a|K80539ab3|K608f206c,Pd8b30691|Pb4712fa7|Pa6a4911b|Pa905d419|Pb2432ba0,P9c01178d,151668774.0
M06134080,The Pelican Brief,1993,4,140,45000000,en,Drama,Drama|Mystery|Thriller|Crime,4,US,1,C3e7bdc8f,12,34,False,K82a98e31|Ka2fe4ac7|K658fee08|K67b30458,P9195777d|Pbbc37df2|Peee2378c|P5bcce21e|P30546c37,P6415aca0,195268056.0
M1ac4bcfb,Teaching Mrs. Tingle,1999,3,95,13000000,en,Comedy,Comedy|Thriller,2,US,3,Ca212ea4c|C07f90652|Ceafcc337,17,29,False,K0f0db118|K235084a5|Kce877ce5|K6ee56909|K77f6b3c9|K355afc75|Kb4ad3352|Kbfc54cbf,P2076b2ad|Pc0a9cc4f|P5072be9b|Pa3139a87|Pf2a3f46d,P8cd3f594,8946237.0
M2732e99f,Universal Soldier: The Return,1999,3,80,45000000,en,Action,Action|Science Fiction,2,US,2,C6dfc8237|C0e314a4a,12,8,True,K73141f4b|K752e05e1|Kfef45c5b|K358ad3d2,P7ff40d0f|P9dc1086c|Pa602636a|P6afcb4e5|P4c406d06,P58627452,10667893.0
Mbfaddb28,The 13th Warrior,1999,3,100,160000000,en,Adventure,Adventure|Fantasy|Action,3,US,1,C0532621e,19,17,False,K55cfa8fb|K9ec3c94f|Kad0f65ec|K79f5f35d|Kfb54c419|Kea755439|Ka635b1fc|K65cf7a95,Pd761e806|Pba5a2677|P16bab173|Pfd531293|P2373aad5,P1e488480,61698899.0
M9fe5930b,Chill Factor,1999,3,100,70000000,en,Action,Action|Comedy|Thriller,3,US,2,C3e7bdc8f|C8679e149,9,14,False,,P091308ba|Pbced5436|P0f7c7402|P298fc20b|P19ced898,P1dc1a9f5,11263966.0
Ma8cae998,Stigmata,1999,3,105,29000000,en,Horror,Horror,1,US,2,C950adfba|C1e53a163,15,17,False,K2b024aec|Kef93f011|K5ceaca2a|K648bad42|K23629d46|K153e6530,P9e148a63|Pbb2d8b2b|Pa2b2e430|P62aa2743|P647eebc1,P5c9295b6,50041732.0
Maa912aa7,A Soldier's Story,1984,3,100,6000000,en,Drama,Drama|Mystery|War,3,US,2,C52e61c78|Ce20d6a81,21,17,False,K87d91188|K1bb3c192|K9a16fa02|Kda8550d2|Keb141b00|Kd8983d22|K62fab60e|K7c34e97f,P6afa1a9f|P7c12d063|Pd42d537e|P7b888b4d|Pbbc37df2,P2a304f59,21821347.0
M777f4649,Stop Making Sense,1984,4,90,1200000,en,Documentary,Documentary|Music,2,US,2,Cd50e328b|Cb63fdb80,9,12,False,K87469bb8,Pcda03422|P7f65a3af|Pec92b58c|P0fccf6f7|P63c4f270,Peb35fbab,4978922.0
M68654f4f,The Buddy Holly Story,1978,2,115,1200000,en,Drama,Drama,1,US,2,Cf4478484|Cb42148b5,19,3,False,K7fa4f963|K50aad106|Kd5490d94|Ka9c90401|K996ed124|K67029bf8|K77eacf9d,P8fb4a661|P296b8f54|P9472181b|Pdbf6baf9|P41f69cec,P7b974a41,14363400.0
M16f0dd2c,Fright Night,1985,3,105,9000000,en,Horror,Horror,1,US,3,Cf4478484|C68bf1941|C6a5ba43a,11,6,True,K47934026|Kffb9e482|K08b1cffe|K00f341b1|Kdffaf2fb|K6c8b4261|Ka2b32db2|K89a13bfa,P5340d339|Pc9a7ff08|P6505a639|P39689d4a|P93550613,P1528e843,24922237.0
Md8715d7f,Deliverance,1972,3,110,2000000,en,Drama,Drama|Adventure|Thriller,3,US,2,C3e7bdc8f|C028faf8a,22,31,False,Kc24c112c|Kb17aae8e|Kd0cbe5a2|Ke263ef71|Kc51bea64|K583e208a,Pb3cd0383|Pdd352fba|Pad073e73|Pd6d535f4|P040d779d,P8df99013,46122355.0
Me9bc6c31,Excalibur,1981,2,140,11000000,en,Fantasy,Fantasy|Adventure,2,GB|US,2,C2b1996b8|C3e7bdc8f,16,12,False,K0688e4a7|Kde32259e|Kdcf6a5ec|Kc7c9387f|K5c0670e8|K511491fa|K06ec2ec0|K55cfa8fb,Pf9546133|P2076b2ad|Peb309eb0|Pc158be9f|P29019001,P8df99013,34967437.0
M3f4f2242,Thumbelina,1994,1,85,28000000,en,Animation,Animation|Drama|Family|Fantasy,4,IE|US,2,C3e7bdc8f|Cbaf58541,16,14,False,K3429bcad,Pe91db831|Pe862c04a|P87b3aa7e|P49a3f356|P26e4166a,Pb12f5fba,11373501.0
M9f144c93,Tommy,1975,1,110,5000000,en,Drama,Drama|Music,2,GB,3,Cf4478484|C96008119|Cd8ad2a74,15,12,False,Kfee0b656|K965d2159|K3e780b2a|Kb94a04ac|K30d5fb75|Kf6e73e8d|Kc8c0cf59|K0b934e28,Pea823c68|P065e487d|Pd1980884|Pc1c77283|P3b742a8c,P6319e3ec,34251525.0
Me31fd5aa,Guinevere,1999,3,105,2600000,en,Drama,Drama|Romance,2,US,3,Cf8f92f7f|C2083276d|Ce4826f85,11,12,False,K63569927|K8d86fd42|Kd3103f62|Ked51ea7f|K76e695f7|K12d1d12a|Kcbf64eb9,P07624456|Pb968a7ba|P04e83853|P592d3fa5|P6f5a62ad,P06e883e5,614202.0
M5f1756d3,Drive Me Crazy,1999,4,90,8000000,en,Drama,Drama|Comedy|Romance|Family,4,US,3,C6cbfdb5c|Ce3ad4959|C84e3621a,12,3,False,K25a3086d|K4514c442|K82cb5f31,Pd2f0cb16|P8d503d06|Pee40d8f4|P6fb4aed1|P5f77d0b4,Pa34918b0,22593409.0
M0b37f0a8,Three Kings,1999,3,115,75000000,en,Action,Action|Adventure|Comedy,3,US,6,C1246c604|C8e42f8bf|C3e7bdc8f,17,18,False,K68d34ab1|Kd9fc2b5d|Kb24ab6b6|Ka635b1fc|K9e6be77c|Kb8281719|K4bf86b1a|K8873fd10,Pd4551c6e|P40d10530|Pabc55b2b|Pe51003a1|P92c82f6a,Paf0a42d2,108000000.0
M7b16112c,The Dark Half,1993,2,120,15000000,en,Mystery,Mystery|Horror,2,US,2,C2b1996b8|Cabfec0f2,19,52,False,K27d5bfeb|K1451c5af|K50f0ee0b|K2cf201da|K57ab7dea|K72166691|K9489712c|K46bc4b11,P99022af1|P4fcb6e94|P12f4936d|P70667262|Pb2ef5468,Pb8c916b2,10611160.0
Maee107e6,Monkey Shines,1988,3,115,7000000,en,Thriller,Thriller|Drama|Horror|Science Fiction,4,US,1,C2b1996b8,13,12,False,K1451c5af|K7cc2b640|K9a16fa02|K6a4a0a49|Kcc821e1c|K9daa9d8b|K1b16bfe9|K6ac3edc0,P18bd9ccb|P5f22a408|P8ac556a1|P24f6086f|P2c7f5e92,Pb8c916b2,5344577.0
Med51ea97,Random Hearts,1999,4,135,64000000,en,Drama,Drama|Romance,2,US,1,Cf4478484,24,10,False,Kb8d59c8d|K08d4a276|K996ed124|Kedc55cc4|Kb4c250c6|Ka0ecbd16|K323d8c54,Pfa43d9be|P5264c9ae|Pee130dfa|P4c455563|P9cac27f5,Pe1f0e7d0,74608570.0
M0eb5076e,Boys Don't Cry,1999,3,120,2000000,en,Crime,Crime|Drama,2,US,5,C9ea1bb4a|Cb3219ad7|Cf06bdafd,24,26,False,K5c0670e8|K511491fa|K1fb4ebf8|Kc5a122eb|Keec6e143|Kc5c53ac8|K35fbf0b0|Ke578b0ae,Pc23204e6|P94f9b11f|Pc3ac31e9|P30482176|Pb1d685a7,Pca54de6b,11540607.0
Mafa5f79a,Risky Business,1983,3,100,6200000,en,Comedy,Comedy|Romance,2,US,1,C555a9e83,8,6,False,K50d76002|K25a3086d|K35845391,P13cbd053|P0588ee87|Pd76d11b5|Pc21fb361|Pad09b284,P2a025811,63541777.0
M59ab89d1,Total Recall,1990,2,115,65000000,en,Action,Action|Adventure|Science Fiction,3,US,3,C6dfc8237|C94b9734c|C520bf397,21,24,False,K3588b779|Kf96aca73|Ke7fd3ddd|Kdd65c3f2|K4398eae0|Kc3529256|Ka6194240|K6e84f4a0,Pf3b2f25f|P1157c526|Pb11d979a|Pd6d535f4|P36374ee9,P41054a7e,261317921.0
M9645ecb9,Ferris Bueller's Day Off,1986,2,105,6000000,en,Comedy,Comedy,1,US,1,C6146f42e,13,10,False,K018324f1|K25a3086d|Kfcbf608c|Kd6073f4e,P21e9c370|P14b9a172|P24c712b8|P7dbbc0cd|Pf30b3bc1,P0a0074b2,70136369.0
M1b7e4df3,The Year of Living Dangerously,1982,4,115,6000000,en,War,War|Drama|Romance,3,AU|US,2,C1e53a163|C15950929,10,9,False,K399777ff|K8d638253|K3a4f3ee0|K01f8fc04,P46240969|Pab61d2a5|Pfc41e61f|Pc4a12caa|Pb309d626,P02b6bc1a,1317657.0
M91cd7f23,Reds,1981,4,195,32000000,en,Drama,Drama|History,2,US,2,C5af4cac3|C4e67b395,36,16,False,Ked493fb4|K04bb0dc4,P7f7977c4|P581ee292|P74b14980|P2484a098|P0eb20c40,P7f7977c4,40382659.0
M70b3d608,Flashdance,1983,2,95,4000000,en,Drama,Drama|Music|Romance,3,US,1,C6146f42e,26,20,False,K075bd6d3|Kb730b002|Ka70bcfa7|Kcf3a66e8,P07d171ba|P35e6cd93|P02a477cf|Pfd85a9a1|P050b88c6,Pf20c275a,92921203.0
M8ae3f41a,The Blue Lagoon,1980,3,105,4500000,en,Romance,Romance|Adventure|Drama,3,US,1,C52e61c78,13,6,True,K2bd1297c|K4fdd4469|K68f9bab5|Kd482d5ec|K466bc409|Kdfc9968c|K8e4844b2|K443ee7ff,P875c6692|P33853850|P6a8cfb0e|Pee7a47e1|P6b145653,P5cfdb416,58853106.0
M8ec42168,Hard Eight,1996,1,95,3000000,en,Drama,Drama|Thriller,2,US,3,C62b70154|Cbedabfe2|Cd6e43325,26,23,False,K8341e452|K1199c976|Ke33fde63|K12e0a0fd|K50f0ee0b|K5daec4d9|Kbd8891fc|K90d5865e,P7fe5538a|P0affa6f4|Pff2ae6f1|P5eab90f9|Pbbb2fa11,P39845bd4,222559.0
M232845be,Home Alone 2: Lost in New York,1992,4,120,18000000,en,Comedy,Comedy|Family|Adventure|Crime,4,US,2,C6cbfdb5c|C8ef0af14,18,12,True,Kedb0ba53|K33e09618|Kc343c0fd|K399ba99f,P6cd24a36|Pce3512b8|Pb3c10df7|Pd3742a92|Pa905d419,P17f6230f,358991681.0
M01cf8bf9,Someone to Watch Over Me,1987,4,105,17000000,en,Crime,Crime|Drama|Romance|Thriller,4,US,1,Cf4478484,15,3,False,K33e09618|Kb1aa9b34|K33437310|K35fbf0b0|Kd43a11bb,P5ba48ddb|P48d769f9|Pd810d98c|P2b83e870|P6eb5304c,P54540f1f,10278549.0
M395ab798,Naturally Native,1999,4,105,700000,en,Drama,Drama,1,US,1,C0516e9de,17,29,False,K58cd70ff|K16d14ec6|K9a7a2db0|Kcbf64eb9,P2c5fb8e8|P1d3c13e8|P8cd5eecd|Pf41f3d03|P3ba5b466,Pc7ecfc72,10508.0
M72195c63,Fight Club,1999,4,140,63000000,en,Drama,Drama,1,DE|US,7,C6cbfdb5c|Cc2c73c36|C7f89a29f,77,107,False,K696abb12|K06357137|Kf5c65358|K4e4be85c|Kf04506ca|K7f284f24|K3c6f9488,Pf6c5b6fd|Pc5fe07a1|P5409b4ac|P2f0b3e83|Pe42cb422,Pa8beb66e,100853753.0
M044b973c,The Story of Us,1999,4,95,50000000,en,Comedy,Comedy|Drama|Romance,3,US,2,Cd7a83b16|Ce4e76224,17,29,False,K0b2e661a|K6e02d9c8|K99fe2dfb|K6c87d899|K9d42ff64|K33dc8956,Pbc324a94|Pe39be12b|P4bc483e6|P915e2853|Pb3b509cc,P4bc483e6,58900031.0
M54405339,Crimes and Misdemeanors,1989,4,105,19000000,en,Comedy,Comedy|Drama,2,US,2,C2b1996b8|C4a2bfc25,39,41,False,K33e09618|K06ec2ec0|K52525103|Ka2fe4ac7|Kc5db0107|K35fbf0b0|Kd1bb4b04|K6d90a030,P23c41cec|Pf5453513|P8c0c45c1|Pbbc566d8|Pe5979b1f,P23c41cec,18254702.0
M07e6ad2d,The Best Man,1999,4,120,9000000,en,Drama,Drama|Comedy,2,US,2,Cd7a83b16|C1b1533bd,8,2,True,,P62aa2743|P7ec7e10c|P424e4286|P584f290b|Pf6e49672,P15491de3,34573780.0
Mc7ef6a4f,RoboCop,1987,3,100,13000000,en,Action,Action|Thriller|Science Fiction,3,US,1,C2b1996b8,51,29,True,Kf93b4bf6|Ke3894268|Kd0f4a611|K7f284f24|K3802909b|K7181c167|K549c4579|Kce22f6de,Pd86162cf|P6df80197|Pd6d535f4|P749452ba|P0083b001,P41054a7e,53000000.0
M69457f39,RoboCop 2,1990,2,115,35000000,en,Action,Action|Adventure|Crime|Science Fiction|Thriller,5,US,1,C2b1996b8,57,80,True,Kf93b4bf6|K0d25991c|K19a14feb|K7181c167|K4ce171fe|Kd9198f5a|K49066ce6|Kc2f61638,Pd86162cf|P6df80197|P9b4df68b|P27c7196a|P173752b9,Pe6768f75,45681173.0
Mc85c55e9,Who Framed Roger Rabbit,1988,2,105,70000000,en,Fantasy,Fantasy|Animation|Comedy|Crime|Family,5,US,4,C9710581c|C6bc90d5e|C0532621e,16,22,False,Kf96aca73|K2363d16c|Ke7705857|K30c774bd|K479430bd|K1435f49d|K310d09f4|Ke26d585a,P09ae177a|P65c2b572|P9ce3dc0f|Pdd0fc7be|P26f99d1b,P32776b6f,329803958.0
Me04e3cd1,For Your Eyes Only,1981,2,125,28000000,en,Adventure,Adventure|Action|Thriller,3,GB|US,2,C7e86926f|Ccf159454,40,17,True,Kef728c09|Ke484fe84|Kdcf6a5ec|Kaa9e3589|K52525103|Ke09d99ff|Kb7b43807|K2c862459,Pec8d5614|P86e8ace7|P72cea7a1|P5c981fb7|Pff3e8f7c,P2521f56b,195312802.0
Mc86e55e5,Licence to Kill,1989,3,135,32000000,en,Adventure,Adventure|Action|Thriller,3,GB|US,1,Ccf159454,24,19,True,K9df93747|K841cd429|K3d2b49b8|Kcb64b30f|Kc9d5bef6|Kd60d393a|K84e1acd0|Ka4935255,P47476efe|P369fe68c|P94602cc1|P8ea9cab7|P1034d434,P2521f56b,156167015.0
M7f86b891,Live and Let Die,1973,3,120,7000000,en,Adventure,Adventure|Action|Thriller,3,GB,3,C7e86926f|Ccf159454|C179b944e,15,16,True,Kef728c09|K33e09618|Kf10ad044|Kdcf6a5ec|K33b2d0b2|K27d5bfeb|K06357137|K3d2b49b8,Pec8d5614|P269c5a14|P46ffd89c|Pdcb49f55|P2d489c71,Pabfb3385,161777836.0
M9b44b949,House on Haunted Hill,1999,4,95,19000000,en,Horror,Horror|Mystery|Thriller,3,US,2,C32d6fdc3|C3e7bdc8f,15,95,True,Kafc0d0cd|Kfcbf608c,Pee871f87|P0303ea88|P37b78ce4|P41e13138|Pd1c9c73a,Pc1e32af4,40846082.0
M8964cb7c,Music of the Heart,1999,4,125,27000000,en,Drama,Drama,1,US,2,C1c0a55d3|Cb48e5b8f,16,17,False,Kd3103f62|K3430084d,P5601b6b3|Pdc134fa5|P5a51d88d|Pc4f599c9|Pc2ee7020,P3f55f911,14859394.0
M145ae079,The Bachelor,1999,4,100,51000000,en,Comedy,Comedy,1,US,3,C6988cd6a|Cfc130414|C0d33593a,16,14,False,K2c1bbb24|Kf7ce9b88|K71bf1fc9|Kb55544ab|K6c87d899,Pf5f9ba0e|P79cd1763|Pda6c326c|Pddf4576f|P4439b431,Pb76f8e19,36911617.0
M9ab4a14d,The Bone Collector,1999,4,120,73000000,en,Drama,Drama|Mystery|Thriller|Crime,4,US,2,Cd7a83b16|C52e61c78,21,120,False,K75bc58af|K011bc215|Ka05e8854,Pbbc37df2|P9e58b7cf|Pc2dfb497|P12f4936d|P8b1cd887,Pc29be49f,151493655.0
Mbc3bc109,The Insider,1999,4,155,90000000,en,Drama,Drama|Thriller,2,US,5,C475937d3|C4afff6ec|C252ff2e3,56,42,False,K33b2d0b2|K29e6a2b4|Kb7121b65|Kb0b641f3|Kaa312beb|K79bb5058|K8dab5a8c|K8be79513,P13753a9d|Pf4bdfa1a|Pa54c1475|P0a37f784|P74d6ac27,Paa8ef28b,60289912.0
M18d1b8d6,Creepshow,1982,4,120,8000000,en,Horror,Horror|Comedy|Fantasy,3,US,3,C3e7bdc8f|Ce6d47732|C27be3017,21,15,True,K038c8dca|Ke7186c43|K2c20abf4|K9c1d6c5b|Ke707377a|K1b65a087|K923101f0|K6a3cb94b,Pddf4576f|P60329968|P8084db96|Pfff5d58e|P6abbfd92,Pb8c916b2,21028755.0
M3d92fff3,Creepshow 2,1987,2,90,3500000,en,Horror,Horror,1,US,2,C3ca5d16d|C27be3017,15,21,True,K11e84da5|K1b65a087|K9a16fa02|K35fbf0b0|Kf35d52d1|K6a3cb94b|K6850b12d|K8dfac82b,P756167e5|Pfde21db4|Pe20a8dcb|P7eef0ce7|P831ca9d8,Pc4a7586a,14000000.0
M71dcb0d1,Re-Animator,1985,4,85,900000,en,Science Fiction,Science Fiction|Comedy|Horror,3,US,1,C3a658986,8,9,True,Kda60a038|Kd0f4a611|Kec36ef5e|K23578550|K053b94b9|K203a4f8b|Kcf159e78|K6b5f9b7d,P1f8861f1|Pf61d8112|P736d8715|P1988c4d9|P94e856bf,P47065a17,2023414.0
M891cc77e,Falling Down,1993,1,115,25000000,en,Crime,Crime|Drama|Thriller,3,US,4,Cc2c73c36|C82fd76cf|Cc94eefdc,19,24,False,Kb1aa9b34|K1ef0082a|K46565220|K153272cf|Kd3764086|K2f74117e|Kc36fabd2|K677587fb,P9485f066|P617d4377|P62a54651|Pb11d979a|P66f1ee30,P59045db6,40903593.0
M7ac93b44,Nighthawks,1981,1,100,5000000,en,Action,Action|Crime|Thriller,3,US,3,Cd7a83b16|Ce8c4df04|C9d9fa1b9,11,2,False,,P468a604c|P2ad24815|P14600056|Pa3d55bfe|Pbe1a301e,P9111c152,19905359.0
M7f7ca26a,Spaceballs,1987,2,95,22700000,en,Comedy,Comedy|Science Fiction,2,US,2,C71bf4046|C1e53a163,28,22,False,K267cc427|K57cbcbb8|K53b55802|Ka6f4d5fe|K546d281f|Kbf6599d1|Ka96b9d40|K16f6df26,P51c6f6c0|Pc04911e1|P4821cb9e|Pa9ea9964|P090e9526,P51c6f6c0,38119483.0
M0b99b9c8,Robin Hood,1973,4,85,15000000,en,Animation,Animation|Family,2,US,1,Cf5b045d2,15,15,False,Kcc343814|K0f22858f|K77548ee7|Kd0196534|K0037c0dd|K6bf58623|K5852d5b1|K346367d7,Pc5800c28|P6ce44aa7|P5b67f1e4|P765ad2cf|P94f5a7a0,P0780a2a9,32056467.0
M8551b55b,Quest for Fire,1981,4,100,12000000,xx,Adventure,Adventure|Drama,2,CA|FR|US,2,Cc5a9543f|C9449a5c9,19,7,False,Kcfa763a9|K4dbea4d9|K53be5dcf|K8e1e7c6d|K614f1a1c,Pd5dbd64c|Pf7136100|Pc0020456|P20b8151e|Pb60e6e68,P25398c8b,55260558.0
M2c94a034,Little Big Man,1970,4,140,15000000,en,Adventure,Adventure|Western|History,3,US,2,C255bf8e4|C09eee2a3,22,7,False,K1451c5af|K7904303e|K7a3e26a4|K9122c3af|K58cd70ff|K4b112d80|Kf4e64668|Kf94181e6,P7771ab64|P413d8978|P7a6d2ad5|Pe0386e3f|P0fde5d91,P40e30aa3,31559552.0
M1ae5d90a,Trading Places,1983,2,115,40600000,en,Comedy,Comedy,1,US,2,C6146f42e|C14ab3a39,15,19,False,K3e780b2a|Ka9c90401|Kd1b79b0e|K8ab9fe7c|K1723ffdc|Kf6c33d31|K3e02671b|K4709b558,P1c7f1d9d|Pe236144b|Pdd6d0097|P5e5a423d|Pcb438cf8,Pad9f80ca,90400000.0
M3748b3d7,Under the Rainbow,1981,3,100,20000000,en,Comedy,Comedy,1,US,0,,15,1,False,,Pd730679d|P5d3ea09b|P0bbb0dd7|P22bf9316|Pa120957d,P7b974a41,2297493.0
M2c6165f1,Anywhere But Here,1999,4,115,23000000,en,Drama,Drama|Comedy|Romance,3,US,2,C6cbfdb5c|C7f89a29f,13,5,False,Kf8baada2,P105610f1|P158ca9d1|Pb7db839b|Pddeccd65|Pc89b1469,P72bf73a1,18653615.0
M21a0f7b2,Dogma,1999,4,130,10000000,en,Fantasy,Fantasy|Comedy|Adventure,3,US,2,C9f62c71e|C71ce43ef,25,38,False,K36a3c7b7|Kf9b8a186|K097595b2|K9b0a830c|Kfcbf608c|Kd6073f4e,Pcde62a4b|P9d23789b|P8e2275a8|P6d1560b2|P560244ba,P7e090b5e,30652890.0
M08e6a9c9,The Messenger: The Story of Joan of Arc,1999,4,150,60000000,fr,Adventure,Adventure|Drama|Action|History|War,5,FR,2,Cf4478484|C47d534f6,32,14,False,Ke126f69b|Kc56ceab0|K5c0670e8|K977e5f2c|K4385ab38|K0c29a29c|K4d2753cf|K292f37d8,P7ba65775|P7771ab64|P413d8978|Pefca9620|P11383cde,Pad9f53b5,66976317.0
M8927e7ce,Pokémon: The First Movie: Mewtwo Strikes Back,1998,3,75,30000000,ja,Animation,Animation,1,JP|US,11,Cda1560fb|Ce0c9a078|C4b32c39f,20,4,True,K9a16fa02|K18407cd6|Kc1596cca|Kb0231903|K8eb66367|K974fca8a,P4e82ef32|P87ef6df5|P47fa7581|P9f307ea4|P6a72559d,Pe158deaf,163644662.0
Mda695914,Tora! Tora! Tora!,1970,1,145,25485000,en,History,History|Action|Drama|Adventure|War,5,JP|US,1,C6cbfdb5c,30,28,False,K94d1fa6a|K230a811e|K91895acf|K51e02761|K81db7ad7,Pe0386e3f|Pdcd721bc|Pada9e747|P764994d7|P11f3cdf2,Pa40a74b9,29548291.0
Ma8db6a07,Women on the Verge of a Nervous Breakdown,1988,1,90,700000,es,Comedy,Comedy|Drama,2,ES,1,Cac639f37,16,9,False,K0fc7e9c4|K31249f48|K4d2febdc|K293e5fac|K07b14717|K9d42ff64|K1a03e8e1|Kb1d982e1,P60a18b0b|Pd761e806|Pb60992de|Pc6aecf0d|P1358d462,Pd0704ab7,7179298.0
M83f0c26c,Sleepy Hollow,1999,4,105,100000000,en,Drama,Drama|Fantasy|Thriller|Mystery,4,DE|US,5,C6146f42e|C947c3de9|C52c2683a,23,18,False,K5fef6f4a|K7beebb0e|K6619b743,Pd34c4eab|P5a0c79fb|Pb1255d95|P8c50a87c|P1e586527,P9059d147,206071502.0
Mb8897c88,The World Is Not Enough,1999,4,130,135000000,en,Adventure,Adventure|Action|Thriller,3,GB|US,2,Ccf159454|C1e53a163,20,29,True,K89b75a49|Kbf31130c|K2c07d33a|K4173255c|K0bbeb1d2|K0d2e7f11,Pc745bfc7|P57add64d|Pf96a3b1a|P16523f1f|P15027afd,Pbc390e3a,361832400.0
M6bcd8056,All About My Mother,1999,2,100,8272296,es,Comedy,Comedy|Drama,2,ES|FR,2,Cd5c7f3d1|C12d40757,27,32,False,K0ac7d79e|K550ea887|K22101519|Kcca842bb|K55f7d91a|K0fc7e9c4|K17651dd4|K095a5b28,P17792ee5|Pe5a59b94|Pfac84536|P8594a957|Padff1f30,Pd0704ab7,67872296.0
Mc2a03619,Matewan,1987,3,130,4000000,en,Drama,Drama,1,US,0,,11,3,False,Kd3103f62,P2db253cf|P27f9bfda|Pbb8dda55|Pdf45ab62|P8e1bdae6,Pb949be28,1680358.0
M40699a10,Fatal Attraction,1987,3,120,14000000,en,Romance,Romance|Drama|Thriller|Horror|Mystery,5,US,1,C6146f42e,14,7,False,Kd2b00110|Kb1b2d050|K0677fdbc|K52d403a5|Kca0f1cb3|K7da32c41|K04b7a06e|K6f6dba0c,P9485f066|P010e0927|P96d6bc26|P00b405f9|P92596c95,Pf20c275a,320145693.0
M5e608705,Stanley & Iris,1990,1,105,23000000,en,Drama,Drama|Romance,2,US,2,Cd93e7bd8|C1e53a163,12,28,False,K12749c65|Kb1cb14ee|K56c900d4|Ke4fa9ea2|Keec6e143|Kccc4d64d,Pc1b22bed|Pd9604827|P235d9b58|P87a4d934|P9381deca,P497fad25,5820015.0
M0779bbac,Backdraft,1991,2,135,75000000,en,Action,Action|Crime|Drama|Mystery|Thriller,5,US,3,Cd7a83b16|C6e2c8b87|C8fe7d6c4,18,93,False,K2b5d957d|K9df93747|K018324f1|Ke6b45b39|Kd2b660db|K969ef670|K46cae1b2|K011bc215,P6265995c|P605dd3d9|Pd9604827|P38ab614f|P35d8608c,Pc68f979a,152368585.0
Me09fdaba,The Fisher King,1991,3,135,24000000,en,Comedy,Comedy|Drama,2,US,1,C6dfc8237,25,12,False,K0688e4a7|K40c4ef28|K188c501a|K65682ec6|K8138e4d1|K0514142d|Ka9a9e534|K17904a07,Pdfa9d578|P8b29037b|P8d73e334|Pd457b2e0|Pe43fc322,P1a6bcbf1,41895491.0
M93a7055c,The River,1984,4,120,18000000,en,Drama,Drama,1,US,1,Cd7a83b16,15,6,False,Kbf16afac,P46240969|P45da86ac|Pf83802ba|P1b030c8b|Pb8761369,P0b8af888,11500000.0
M568fb3ed,End of Days,1999,4,120,100000000,en,Action,Action|Fantasy|Horror|Mystery,4,US,1,C6e45b448,13,139,False,Kb38c398c|K511491fa|K67c9210a|K42a8abf4|K60686471|Ke30f40a7|K7db97ba9|Kdd6cdcc1,Pf3b2f25f|Pbb2d8b2b|P81a0406b|P87ac9bae|P6771e585,Pc2c37f32,211989043.0
M0356c0fc,Toy Story 2,1999,4,90,90000000,en,Animation,Animation|Comedy|Family,3,US,1,C5f1dc623,24,172,True,K7b6f0775|Ka77deba2|K33920a50|K877e62a3|Kb774e082|Keebf37aa|Kd98f118f|K5011ba81,Pd8b30691|P7e44f8c4|Pf948d741|Pc6c0443f|Pf54d6fc3,P27b40a05,497366869.0
M98b63511,Ride with the Devil,1999,4,140,38000000,en,Drama,Drama|War|Romance|Western,4,US,2,Cd7a83b16|Cceac79d7,11,20,False,K399777ff|Kc5c53ac8|K724f1b7f|K9acc3568,Pf9bb3d0b|Pbced5436|Pcfe2fbb3|Pab66b653|P2c3e141f,Pfcd8ba40,635096.0
M25f15e3b,Tumbleweeds,1999,4,100,312000,en,Comedy,Comedy|Drama,2,US,1,Cbe498e61,3,1,False,Kd3103f62,P3e97ed13|P21e4a44f|P0c9256f3,Pb433db78,1281176.0
Mef665a4c,The Bonfire of the Vanities,1990,4,125,47000000,en,Comedy,Comedy|Drama,2,US,1,C3e7bdc8f,22,12,False,Kfe6fb0dc|Ked493fb4|K36437c68|K4f28f03e|Kd1b79b0e,Pd8b30691|Pbc324a94|Pd11cd035|P791fd83e|Pb66f2563,Pb1ee92f6,15691192.0
M8b8190aa,The Two Jakes,1990,3,140,19000000,en,Crime,Crime|Drama|Mystery,3,US,1,C6146f42e,18,8,True,Keb5e7681|K4642261b,P2484a098|Pfb649c8d|Pbf0cd6ac|Pf4d6002c|P85fa2fa7,P2484a098,10000000.0
M864591a3,Deuce Bigalow: Male Gigolo,1999,4,90,17000000,en,Comedy,Comedy,1,US,3,C87ffc222|C40ddffad|C0532621e,16,7,True,Kf054b630|K86b54cd4|K8997685b|Kb855ec86|K69e3eed6|K6eadcfd9|K9be00c66,P368b385e|P2d788f62|P515104d3|P417d5e81|P7f2b80f3,Pffeced8b,65535067.0
Maad62058,The Last Picture Show,1971,4,120,1300000,en,Drama,Drama,1,US,2,C52e61c78|C875b281d,22,11,True,Kfa895068|K6ee56909|Kb529fa51|K2c00a047|Ka302eae8|Ke554e571,Pbd325aeb|Pdfa9d578|Pf1fdb711|Pa0d29204|P5a51d88d,P3ba68a7e,29133000.0
Mfcd302c2,Bicentennial Man,1999,4,130,100000000,en,Comedy,Comedy|Science Fiction,2,DE|US,5,C3dcb868e|Cd05b6468|C52e61c78,17,10,False,K267cc427|K6e84f4a0|K16a5fc70|K141d5843|K4ce171fe,P8b29037b|P5a9109c6|P438852b8|Pefdc98ca|Pdd3401ce,P17f6230f,93700000.0
M054b2cd1,Stuart Little,1999,4,85,133000000,en,Animation,Animation|Fantasy|Family|Comedy,4,DE|US,3,C52e61c78|Ca5f639ad|C061ecbf0,18,9,True,K2b5d957d|K1451c5af|K9cb98d13|Kc14495e8|K1624771e|Kb517b1a9|K4368f015|K6bab75c0,P977f7843|Pc29f511b|Peb18e715|P9b914490|Pa09b464d,Pb28334ec,300135367.0
Ma7b0d13f,Fantasia 2000,1999,4,75,80000000,en,Animation,Animation|Family|Music,3,US,1,C72b723b8,12,46,True,K7ba6262d|K1484ff7d,Pa4708d8a|Pf0d7a0a9|P954a90a6|P104d62f4|P27f9bfda,P78b3f6c5,90874570.0
Mfa18a539,Magnolia,1999,4,190,37000000,en,Drama,Drama,1,US,3,C6988cd6a|C80cef579|C34d3ee96,29,44,False,Kc3c4e3e8|K118b41af|K01084bd3|K293e5fac|K126f9f16|K4eaa0722|K9dfcf494|K90ecb95a,P62eda3c0|Pe66d9e38|Pff2ae6f1|P13cbd053|P7fe5538a,P39845bd4,48451803.0
M950c46c2,Onegin,1999,4,105,14000000,en,Drama,Drama|Romance,2,GB|RU|US,2,C10aa1ccc|C5002d215,5,3,False,K43f1c417|K7aa53697|Kfd95aca2|K9d42ff64|Kcbf64eb9,P77e8a1ca|Pce2c4e19|P5abfaf11|P82a0adaa|Pf2a5c1ee,P790edcac,206128.0
Mf227f855,Simpatico,1999,3,105,10000000,en,Comedy,Comedy|Drama,2,FR|GB|US,4,Cbe498e61|Cc1ecaf77|Cc94eefdc,6,4,False,K73485e5e,Pe28239f5|Pdfa9d578|P1157c526|Pe94da565|P232079de,Pa63ffb19,929606.0
M6242f600,Any Given Sunday,1999,4,165,55000000,en,Drama,Drama,1,US,3,C3b4ef1a3|C619444a9|C3e7bdc8f,73,44,False,K63327ad9|Kb6c1558f|Kb858ed20|K27943139|Kdc87c7d5|Ke727991f,P13753a9d|P955f54ab|P967c7ac4|Pb303b271|P20c8297f,Pc20617a1,100230832.0
Mb8d73898,The Talented Mr. Ripley,1999,4,140,40000000,en,Thriller,Thriller|Crime|Drama,3,US,4,C6146f42e|Cf8f92f7f|C0f1814d3,63,58,False,Kabdaec69|Keae2ee2b|K0c50837f|K33e09618|K767bec4d|K4398eae0|K06357137|K70733318,P9d23789b|P0affa6f4|P7ad6a156|P7ee731d8|Pfe9ae21f,P8a08753e,128798265.0
Md7f9de79,Next Friday,2000,1,100,11000000,en,Comedy,Comedy,1,US,1,C6988cd6a,17,8,True,K526fab99|Ka5e98367|K169947a5|K14c94fb7|K9a16fa02|K62f81ba2|K66331d63|Keb5e7681,Pabc55b2b|P885c0e0e|P8aa1d4a7|P2e301ec2|P54eeb6ef,Pb1e37bed,59827328.0
M108368f2,The Hurricane,1999,3,145,50000000,en,Drama,Drama,1,US,3,Cd7a83b16|C6e45b448|Cdb44641a,79,20,False,K526fab99|K53c130d2|K3141628f|Kf173cd51|K4385ab38,Pbbc37df2|P685dd9d9|Pf9ed26ed|P961bdf96|P3b9da51e,P2a304f59,73956241.0
Maa9079ed,Play It to the Bone,1999,4,125,24000000,en,Comedy,Comedy|Drama,2,US,1,C0532621e,24,3,False,Kdc87c7d5,Pd761e806|P96737513|Pe7aca1dc|P575dda13|P99abea01,Pb14bfe6f,8434146.0
M0307b540,Supernova,2000,1,90,90000000,en,Horror,Horror|Science Fiction|Thriller,3,CH|US,4,C7e86926f|C1e53a163|C27217213,12,59,False,Kfe6fb0dc|K3ebbf77b|K89099cca|K50aad106|K39084038|K816ac374,P20c40fce|Pdc134fa5|Pbc571bb9|P324bdcf4|P04255411,P53cf60a7,14828081.0
Mb3c44bcf,Papillon,1973,4,150,12000000,en,Crime,Crime|Drama,2,US,3,C2819bc67|C689a2291|Cb98e0be0,26,36,False,K526fab99|K62f81ba2|K3b4475dc,Pa8930aca|P7771ab64|Pc6402541|P68502864|P1034d434,P7ed1abf6,53267000.0
M4aecc6aa,Dead Calm,1989,2,95,10000000,en,Crime,Crime|Thriller|Horror|Drama,4,AU|US,1,C15749a2b,7,5,False,K92a6dddc|K8138e4d1|Kd05b47ae|K4fdd4469|K41adc54e|Ke11db837|K5f1d30e4|K241b3a3b,P8bb333ae|P5a9109c6|P1821cffd|P78cbd57c|P3edf0718,Pc29be49f,7825000.0
M932237c3,Fast Times at Ridgemont High,1982,3,90,4500000,en,Comedy,Comedy,1,US,2,Cd7a83b16|C4dc7c221,34,15,False,K511491fa|K1451c5af|K60686471|K5011ba81|K25a3086d|Kdcd12872|K0caa4089|K6ce8e6b8,Pd76d11b5|P35d8608c|P199df314|Peff7153d|P6cb0ad24,Pa351e1f0,27092880.0
M74a59fa6,A Cry in the Dark,1988,4,120,15000000,en,Drama,Drama,1,AU|US,4,C3e7bdc8f|Cbd21c0d4|C3d8e6047,13,15,False,Kd515c294|K468dbc83|Kabb619b7|Ke30f40a7|Kaa450961|K893c461c|K241b3a3b|K1435f49d,P5601b6b3|P5a9109c6|P3c486d33|P0ecf7652|Pf03eb76a,P94c032e4,6908797.0
M44779be7,Batman: Mask of the Phantasm,1993,4,75,6000000,en,Action,Action|Adventure|Animation|Family,4,US,2,C9e2f18ea|C3e7bdc8f,19,9,True,K38b4fde2|K923101f0|K741a26f2,P1b3fa38d|Pc588bb5f|Pda01a68c|Pb7db839b|Pa7eb1dc9,P48ddabc1,5617391.0
M38a0434c,Poison,1991,2,85,250000,en,Drama,Drama|Horror|Science Fiction,3,US,1,C03ee4d2a,5,4,False,K526fab99|K96bcf62d|Kfb9c23bc|K5489feee|Keec6e143|Kd3103f62|K921968c0|Ka81fc1dc,Pe6f7bbae|P21c53c50|Pfe2cf2a3|P6a1f5de1|Pcd89be8e,Pc96228f7,609524.0
M3bbdfe25,Isn't She Great,2000,1,95,36000000,de,Drama,Drama|Comedy,2,US,7,Cd7a83b16|Ca7fe7c78|Ca27cade7,8,9,False,K2691884d,P104d62f4|Pa09b464d|P26c10363|Pfa58448a|P00c082cc,Pe0148384,3003296.0
Mcde15356,Malcolm X,1992,4,200,34000000,en,Drama,Drama|History,2,US,3,C078208f8|C1b1533bd|C3e7bdc8f,69,17,False,Kcaad487a|K33e09618|K526fab99|Kb722db6a|Kbfa5aa02|K90a69de9|K51852249|Kfbde6d20,Pbbc37df2|Pdc134fa5|P24695a3e|P5a71c89f|P1b3c94e0,P1e91a320,48169908.0
M37173bb3,Sister Act,1992,2,100,31000000,en,Music,Music|Comedy,2,US,1,C0532621e,16,6,True,K5c17811c|Kb88365f6|K965d2159|K329cb569|K87469bb8|K35fbf0b0|Ka240b893|K293c8501,P9bab5900|P12f8d604|Pcddef0e5|P138ab882|P90ce0d11,P8c25e8f9,231605150.0
M88ff8003,The Hand that Rocks the Cradle,1992,1,110,11700000,en,Thriller,Thriller,1,US,3,C2b01c913|Ceafcc337|Cc5f9ba9c,6,13,False,K301a8417|K02d5ed5f|Kc3d7081d|K8363a7bc|Kb974bb0a|K4e4be85c|K6c88b8a0|Kb4760d1a,Pe5d35e8b|P0588ee87|Pafd0f861|P382259a2|Pf084f20d,Pc47ab989,88036683.0
M21ba0c77,Alive,1993,1,120,32000000,en,Action,Action|Adventure|Drama|Thriller,4,US,2,C6146f42e|C0532621e,40,14,False,K2ca540da|Kd482d5ec|Kee7d3574|Kfc9016f3|K996ed124|K6cdab80e|K5940374e,P598f6582|Pc0bb3cc0|P6fc51e8f|P635c28e2|P6f001fc0,P7807fafd,36733909.0
Mebee64c9,Scent of a Woman,1992,4,155,31000000,en,Drama,Drama,1,US,2,Cd7a83b16|C1609c9ba,43,48,False,K293e5fac|Ke8f49a6c|K09d50f70|Ka9282ab2|Kfdbd6c92|Kc59e0c92|K6ee188c7|Kc343c0fd,P13753a9d|Pf5f9ba0e|P02309895|P60d489c9|Pfe9ae21f,P5b72860a,134095253.0
M455200bf,Wayne's World,1992,1,95,20000000,en,Music,Music|Comedy,2,US,1,C6146f42e,18,10,True,K0d4b855e|K5fc71d40|Kca8cd452|Kcbf64eb9,P872c7544|Pd27a3f5b|P7dc817d8|P9d14f05e|P945ee9f5,P38248c58,121697323.0
M5ec76346,A League of Their Own,1992,3,130,40000000,en,Comedy,Comedy,1,US,2,C52e61c78|Cc73080c1,27,8,False,K220573b1|K230a811e|Kdc87c7d5|K03737a0b|K61a944de|Kc5c6d2ba|Kcbf64eb9|K4ec70389,Pd8b30691|Pc29f511b|P23f1be74|P361b6a9f|P4706e3bb,P9c01178d,107458785.0
M61e4fdc8,Patriot Games,1992,2,115,45000000,en,Drama,Drama|Action|Thriller|Crime,4,US,2,C6146f42e|Cfe5673c8,26,10,True,Kb722db6a|K52525103|Ka5e98367|K9e190f71|K6ae60b12,Pfa43d9be|P96d6bc26|P90f6cc61|P59cadc98|P563c9b6f,Pc29be49f,178051587.0
Ma243efca,The Bodyguard,1992,4,130,25000000,en,Thriller,Thriller|Action|Drama|Music|Romance,5,US,3,Cceaa5a41|C3e7bdc8f|C3434cd13,26,56,False,K8f8f63a3|Kb7c26824|Kd2075423|K798d1d58|K6380874f|Keb5e7681,Pbb894750|P02f4f983|P5f63f05b|P803dabde|Pe64f4cbe,Pff970948,411006740.0
M12e7fb4c,Death Becomes Her,1992,3,105,55000000,en,Fantasy,Fantasy|Comedy,2,US,1,Cd7a83b16,20,8,False,K70733318|Kf9183e59|Kda40fa6b|Ka2390abe|Kec1cbec9|K376e0feb,P5601b6b3|Pbc324a94|P3525e37e|P83ac56f7|P756ec81d,P32776b6f,149022650.0
M442c8401,Far and Away,1992,2,140,60000000,en,Adventure,Adventure|Drama|Romance|Western,4,US,2,Cd927b580|Cd7a83b16,15,9,False,K38684bff|K5fce51a3|K30c774bd|K68f9bab5|Ke6244421|K93285900,P13cbd053|P8bb333ae|P0ce6a8e4|P53a3d6d4|Pb69d73d9,Pc68f979a,137783840.0
M6c0fcdfd,Buffy the Vampire Slayer,1992,3,85,7000000,en,Action,Action|Comedy|Horror,3,US,3,C6cbfdb5c|C87f3e78c|Cc588dcf4,15,6,False,K39b1b849|Kffb9e482|K25a3086d|K8b7fdd4c|K8e4844b2|Kd21fa78f|K06dfdda0|K705c0ae5,P5920226e|P38ab614f|P7162f9c7|P2ad24815|P554171e4,Pb60eea54,16624456.0
M9362b034,El Mariachi,1992,3,80,220000,es,Action,Action|Crime|Thriller,3,MX|US,1,Cf4478484,7,11,True,K72f63b48|Ke68a8371|Kca12322a|K460b0939|Ke54ca65f,P4b04cbf8|Pf95efb09|P91870de7|P345ff606|Pfc69f991,Pf41db032,2040920.0
M88f33d39,Gun Shy,2000,1,100,10000000,en,Action,Action|Comedy|Romance|Thriller,4,US,2,C2b01c913|C31560391,16,2,False,Ka7984eec|K45dbe5a1|Kd04ecf59,Pbf6fd3c6|P1b4a1135|Pefdc98ca|P71ca8755|P5ea7d2ea,P688512e4,1631839.0
M3d1525e8,The Tigger Movie,2000,1,75,30000000,en,Animation,Animation|Family,2,US,1,C72b723b8,8,30,False,Ka3620687|K6be95c51|K765736a4|Kf2637a23|K2e6897b6|K5f53e9af|Kcbf64eb9,Pc94778c6|P34268974|Pbff7d8db|P3dd71bc6|Pac63f7a2,P02012939,45554533.0
Md7b9d749,Trois,2000,1,95,200000,en,Drama,Drama|Thriller|Romance,3,US,2,Cff57c863|C9da5bdd8,15,2,False,,Pb32b4f97|P97e66466|P8236cb2a|P3aeb9eb0|P8dd9e183,P87abe661,1160268.0
Md1fc8c51,Boiler Room,2000,1,120,26000000,en,Crime,Crime|Drama|Thriller,3,US,1,C6988cd6a,13,35,False,K9ce959f1|Keb948e6a|K102e3ade,P0d4dd445|Pb2d28ee6|P62aa2743|P6ab1aed2|Pcde62a4b,Pc8804386,28780255.0
M51fea358,Hanging Up,2000,1,95,40000000,en,Comedy,Comedy|Drama,2,DE|US,4,C3dcb868e|C52e61c78|Cbba7f90a,23,24,False,K8f8f63a3|K12e0a0fd|Kf687e8e6|Kd25753cf|K6612fa4a|Kc7e10b07|K1a03e8e1|Kcbf64eb9,Pf8a6242d|P581ee292|Pf25ac6cd|P51ca2aab|Pf24e35f4,P581ee292,36037909.0
M0d3c4c6f,Pitch Black,2000,1,110,23000000,en,Thriller,Thriller|Science Fiction|Action,3,US,1,Ceafcc337,15,105,True,Kd52903b2|K7f284f24|Kb6e55aa4|K5417f32f|Kee7d3574|K89062c34|Ka817c08f|K281cff98,Pb2d28ee6|Pa5509ed0|Pe272310a|P25f5e599|P616a5b03,P4fe2005a,53187659.0
M08f796da,The Whole Nine Yards,2000,1,100,41300000,en,Comedy,Comedy|Crime,2,CA|US,6,C13852a47|C3e7bdc8f|C8679e149,10,88,True,Kfc3aa500|Kac61b270|Kab466df1|K25177432|Kb3e00e69|Kcecc4cee,Pbc324a94|P9ac76aaf|Padd04ad4|Pca66871e|P81a0406b,P6c72d377,106371651.0
Mcd11bc5d,Reindeer Games,2000,1,125,42000000,en,Thriller,Thriller,1,US,2,C07f90652|Cdbd935a2,19,16,False,K526fab99|Kc5b65b8c|K21a562d3|K04b7a06e,Pcde62a4b|P4b3bad5f|Pa9346d2f|P9ee61e4d|Pff14f26e,Pb6b27bad,32168970.0
M6016fce1,3 Strikes,2000,1,80,6000000,en,Action,Action|Comedy|Romance,3,US,0,,13,2,False,Kdc87c7d5,Pd68ea5d7|P74490104|P080ce5f6|Pe559bde6|P2bb34bd5,Paf733b25,9000000.0
M056d3ec9,Drowning Mona,2000,1,95,16000000,en,Comedy,Comedy|Crime|Mystery,3,US,2,Cea06506d|C7fc13ccf,17,2,False,Ke677fe47|K33751f28|K011bc215|K71bf1fc9|K35fbf0b0|Kedc55cc4|K14268449|Kf0767be6,P6f263068|P104d62f4|P4a65525b|Pdd6d0097|P416ef296,Pd5b89d6b,15427192.0
M68ffe7ac,The Next Best Thing,2000,1,110,25000000,en,Comedy,Comedy,1,US,2,C6146f42e|Cc032927b,11,12,False,K0c50837f|K01084bd3|K1e334f94|K9b89d663|Ke2633aff|Kab832ca0|Kc9e5c2e6|Keb5e7681,P23f1be74|P5b1db732|Pf4ed54bb|P43c021f5|P1cb7dfe7,Pce76e69f,24362772.0
M2b9163a8,Beyond the Mat,1999,4,100,2053648,en,Documentary,Documentary,1,US,3,Cd927b580|Cd7a83b16|C78367188,15,5,False,K65302cc3|Kdc87c7d5|Ka498b0d0|K59ec4153|Kdacc4cd3,Pcb90115d|Pb8d492f8|Pb90ddee4|Pe7e205e3|Pc8dd0344,P7ef0a7d4,500000.0
Md70737ef,Birdy,1984,4,120,12000000,en,Drama,Drama|History,2,US,1,C6dfc8237,7,9,False,Kafc0d0cd|K4d3b896d,P6c2b2b0b|Pa2178ef1|P7b925afe|P554f9089|Pb066f1cf,P0a536a9d,1400000.0
M58e76749,Mission to Mars,2000,1,115,90000000,en,Science Fiction,Science Fiction,1,US,4,C475937d3|C6253da04|C0532621e,17,35,False,Kdd65c3f2|K16dd7ad0|Ka96b9d40|K4d0bc3a5|Kf389d61e|K59174898|Kfae7a03b|K5d6f2b23,P4b3bad5f|Pb494fa6f|P57744027|P655299b5|Pc8bb09f1,Pb1ee92f6,60874615.0
M118e3c99,The Ninth Gate,1999,3,135,38000000,en,Horror,Horror|Mystery|Thriller,3,FR|PT|ES,10,C997115b5|C6fe791d1|Cbc05f0f8,23,23,False,K33e09618|K443b5d4d|Kc7315543|K1935cb61|K10bc36f6|K2cf201da|K9efd55fa|K6ecc96df,Pd34c4eab|P7985ee27|Pa8013276|P510fb9cb|P96728e52,Pc5c7a3cb,58401898.0
M633fadf1,Breaking Away,1979,2,100,2300000,en,Drama,Drama|Comedy,2,US,1,C6cbfdb5c,14,10,False,K9033eb93|Kdc87c7d5|Ka8a00e36|K957de3a3,P967c7ac4|Pd3742a92|P4949e04f|P71c128f0|P93779052,P46951a6d,20000000.0
Mb5970d87,Hoosiers,1986,4,115,9000000,en,Drama,Drama|Family,2,US,2,C2b1996b8|C06ba7c8c,16,31,False,Kcf7d212b|Ka30fe49b|K7486a573|Kdc87c7d5|K24762420|K329b0b67,Pa3cf7c55|P62a54651|P0fbbf0cd|Pdcfffabf|P9711374b,P204ae83f,28607524.0
Mcd5ab018,Bull Durham,1988,2,110,7000000,en,Comedy,Comedy|Romance,2,US,2,C2b1996b8|C38bec8fa,16,45,False,Kde32259e|K7fe72660|K70733318|K8dc59445|K220573b1|Kb6c1558f|Kc21d23ee|Kdf951445,P02f4f983|P105610f1|Pb494fa6f|P7316ed52|P1091ef0d,Pb14bfe6f,50888000.0
M7f9cb337,Dog Day Afternoon,1975,3,125,1800000,en,Crime,Crime|Drama|Thriller,3,US,2,C51ed3bd9|C3e7bdc8f,39,30,False,Kd95b93ea|K8b8060e4|K0d25991c|K14b0ee49|K4ab592f5|Kce05bb21|Kc6529b9e|K777c7023,P13753a9d|P664c7e76|Pf31be00d|P5340d339|P228d1836,Pa17037ae,46665856.0
M766037f8,American Graffiti,1973,3,110,777000,en,Comedy,Comedy|Drama,2,US,3,C3ea53bb0|Cd7a83b16|Caf2a80bd,26,15,True,Kc3c4e3e8|K656bf8b0|Kc5b65b8c|Kb3ea3038|Kb6334c56|K44e2b16c|K3b045687|Kd3764086,P9f4d72a6|Pc68f979a|P2cab965e|P9472181b|Pd7388e30,Pa643abc7,140000000.0
M7b227ae8,JFK,1991,4,190,40000000,en,Drama,Drama|Thriller|History,3,US,4,C8ddc677a|Cff57ba9a|C103ebc3e,81,69,False,Kb722db6a|K4d54a5a1|K1ef0082a|K649efc2b|K4d3b896d|K4fd61cd8|K011bc215|K8beac702,P02f4f983|Pb23773f6|P89aa61f8|P2aace9ed|P12f4936d,Pc20617a1,205405498.0
M08a5a65e,Blind Date,1987,1,95,18000000,en,Comedy,Comedy|Romance,2,US,5,Cbe72f625|C6dfc8237|C443b36da,13,16,False,K2b5d957d|Kc2b5e04a|K98810218|K82a98e31|Ke172ebc4|Kf7ce9b88|Kfa895068|Ka9a9e534,P59339049|Pbc324a94|P31a77b4f|Pee7a47e1|Pad61bc88,P73cee68f,39321715.0
M15cbe581,Nadine,1987,3,85,12000000,en,Action,Action|Comedy|Romance,3,US,1,C6dfc8237,6,2,False,Kf6d4d5a6|K35fbf0b0|K5ef5e3d1,Pdfa9d578|P59339049|P169f8736|Pe829c19c|P813375d7,Pdec6bf63,5669831.0
M809a0774,Erin Brockovich,2000,1,130,52000000,en,Drama,Drama,1,US,1,Ca1800b09,10,98,False,K4385ab38|K595f8623|Kbea00521|K5e710493|Kb730c39a,P9195777d|P232079de|Pe85b6a97|Pa43de348|Pf4bbda31,Pd886c47f,256271286.0
Mcf594504,Thelma & Louise,1991,2,130,16000000,en,Drama,Drama|Thriller|Crime|Adventure,4,US,3,Cd7c3e7dd|C1e53a163|Cee89e6fa,18,54,False,Kd6a05201|Kd06882ca|K94f985a9|K9726f6b6|K3d4cce0d|K1ec8dfa8|Ke366a6ba|Ke7b5e87f,P105610f1|Pc29f511b|Pfb649c8d|Pc5fe07a1|Pc05fd874,P54540f1f,45361000.0
Me69b0d74,Animal House,1978,3,110,2700000,en,Comedy,Comedy,1,US,3,Cd7a83b16|C58396ea1|C5e81a37c,41,40,False,K511491fa|K60686471|K94571983|K7273b78c|K68ef6662|K26eaef09|K1d5c053d|Ka952c321,P97feb902|P4ff6da71|P624a2b3d|P15c415e2|P7e654060,Pad9f80ca,141000000.0
M7dbb06c9,Do the Right Thing,1989,2,120,6500000,en,Drama,Drama,1,US,2,Cd7a83b16|C1b1533bd,42,17,False,Kfe6fb0dc|K8b52126e|K51852249|Ka7871417|K8e1a72e9|K46cc32f6|Ke4695ee0|K411e1bd1,P13d2dbaa|P4dceb0f7|P2c258dad|P05dc97af|Pdaba1495,P1e91a320,37295445.0
M3196d5a2,Mo' Better Blues,1990,3,130,10000000,en,Drama,Drama|Romance,2,US,2,Cd7a83b16|C1b1533bd,14,6,False,K965d2159,Pbbc37df2|P1e91a320|P953616ba|Pdaba1495|Pb8e19397,P1e91a320,16153593.0
M3f3e9dc9,Jungle Fever,1991,2,130,14000000,en,Drama,Drama|Romance,2,US,2,Cd7a83b16|C1b1533bd,22,12,False,K33e09618|Kbadc51d0|K4bc60f6a|K74b2acdb|Kca0722bc,P1e91a320|Pe5d35e8b|P2c258dad|Pb8e19397|P5749d318,P1e91a320,32482682.0
M902dedcd,Death Wish,1974,3,95,3000000,en,Action,Action|Crime|Drama|Thriller,4,US,1,C6146f42e,10,8,True,K33e09618|K938b3f55|K7a3e26a4|Kbadc51d0|K0d25991c|Ke492da05,P374ce190|Pa4945329|Pcba324b3|Pb593e9a1|Pb3903dfe,Pf17d0478,22000000.0
M0fdaae16,Death Wish 2,1982,1,90,2000000,en,Action,Action|Crime|Thriller,3,US,1,Cee302f0f,17,9,True,K5c0670e8|Kb1aa9b34|Kc9d5bef6|Ke492da05|K9a16fa02|Keb5e7681|K6692eda1,P374ce190|P37a04702|Pcba324b3|P7b0d5eb2|P4e717c3e,Pf17d0478,45000000.0
M75721e1a,Death Wish 3,1985,4,90,9000000,en,Action,Action|Crime|Drama|Thriller,4,US,1,C2d51ecb7,11,9,True,K2f74117e|Ka9d19626|Ke492da05|K9a16fa02,P374ce190|P8070b6e3|P353feeea|Pe0386e3f|P5c5488de,Pf17d0478,16945171.0
M50c86748,Cool as Ice,1991,4,90,6000000,en,Drama,Drama|Action|Comedy|Music|Romance,5,US,4,Cd7a83b16|Cdbf83370|C66b9f983,10,34,False,,P5ac93a42|Pf25b8671|P6cf69cff|P9b838e86|P9c1076d1,Pcb980d10,1193062.0
M1a64bc97,Teenage Mutant Ninja Turtles,1990,1,95,13500000,en,Science Fiction,Science Fiction|Action|Adventure|Comedy|Family,5,HK|US,2,C6988cd6a|C988197fa,17,14,True,K1f05bf13|K1308518c|Ka6194240|K5863ebf9|K87ad53db|Kc343c0fd,P476d65ee|P32b1dfbc|P4cc42e03|P1688f341|P1e1881a3,Pe6a68104,202000000.0
M8e3c18c2,Teenage Mutant Ninja Turtles II: The Secret of the Ooze,1991,1,90,25000000,en,Science Fiction,Science Fiction|Adventure|Action|Comedy|Family,5,HK|US,2,C6988cd6a|C988197fa,66,14,True,Ke3894268|K7a3e26a4|Ka6194240|K7e935a41|K87ad53db|K8be79513|Kc343c0fd,P066091e6|Pe4ff6d5f|Pc42f6a63|P1e1881a3|Pb1d8df27,P7c22bb33,78000000.0
M3dcda09d,Teenage Mutant Ninja Turtles III,1993,1,95,21000000,en,Action,Action|Adventure|Comedy|Family|Fantasy|Science Fiction,6,HK|US,3,C6988cd6a|Cefa28d45|C4ddef170,29,8,True,K94d1fa6a|K804bfd5b|K87ad53db,P066091e6|P5df4956a|Pcceb8696|Pb950a0f9|Pc59d7679,P71a1452d,42000000.0
Mea88b4ef,Red Dawn,1984,3,115,4200000,en,Action,Action|Thriller,2,US,2,C7e86926f|Cb1c9134a,18,10,False,Kfe04c37e|K88b30e7b|K80ee6e30|K040a1fcd|Kaa64d9a2|K4b4e4fa0,P842640cc|Pc1209924|P4c1d4fe7|Pb361923e|P79a733fb,P6d75925a,38376497.0
M532ea91d,Band of the Hand,1986,2,110,8700000,en,Action,Action|Crime|Drama,3,US,2,Ca93bb46d|C86e650fb,41,21,False,K0caa4089|Keede16fc|Kcd1a7e06|K197c1f2e|K0677777c,P8768aeb2|P4213ff6a|P0bb2bed6|P0360cee9|P79dc743c,P2fe4ff13,4865912.0
M8b34d0cc,Bloodsport,1988,1,90,1500000,en,Action,Action,1,US,1,Cee302f0f,9,12,True,K1308518c|K4385ab38|Kdc87c7d5|Kac201b8c|Kda0f8072|K6d7b9f81,P7ff40d0f|P69ef3379|P6d209005|P1412238c|Pdf905221,P9e61fd0a,11806119.0
Ma2f4a8b7,Eyes of Laura Mars,1978,3,105,7000000,en,Drama,Drama|Horror|Mystery|Thriller,4,US,1,C52e61c78,7,22,False,K63569927|K2a6a35c0,P413d8978|Pb23773f6|Pecb0b374|P5a3dda6e|Pfded7e8e,Pe6768f75,20000000.0
M456097d6,Romeo Must Die,2000,1,115,25000000,en,Action,Action|Crime|Thriller,3,US,2,Cd36ef9f0|C3e7bdc8f,15,7,False,K1308518c|K8ed256fc|K407bebd8|K7d59231c|K54c6f757|K1658ca5f,P9e0754f2|P10dbe928|Pd7c666b9|P1f5403b9|Pf1c49d00,Pdd50d853,91036760.0
M04dae4c5,Whatever It Takes,2000,1,95,15000000,en,Drama,Drama|Comedy|Romance,3,US,1,C52e61c78,20,32,False,,P95a98e9b|Pcd983206|P91ac528b|P58bca367|P2055b8a2,Pf50c2dda,9902115.0
Mf2f671e8,Waking the Dead,2000,1,105,8500000,en,Drama,Drama|Romance,2,CA|US,3,Cfb6db1a6|C3686df5f|Cbcfb58df,14,16,False,Ka7984eec|K511491fa|K1451c5af|K4603cffd|K60686471|Kc62bc6d3|K08d4a276|Ke0867ce1,Pcef472a3|P6a544fc5|Pa8c660b2|Pddf4576f|P9bbd9c7d,P08af26cb,327418.0
Md45014cf,Close Encounters of the Third Kind,1977,4,135,20000000,en,Science Fiction,Science Fiction|Drama,2,US,3,C52e61c78|C22c4ffc5|Cf48b4793,59,32,False,Ka30fe49b|K443b5d4d|K876f7e0d|Kfc0600a1|K33504489|K4a895e1b|K79ca46b4|K1cdca0c8,P9f4d72a6|P92daef32|P56e97dab|Pe61da26e|P0fdd69df,Pcf894350,303788635.0
M3a81defa,La Bamba,1987,3,110,6500000,en,Drama,Drama|Music,2,US,2,C52e61c78|Cfb14bfc5,47,22,False,K965d2159|Kedc55cc4|K1ca99ef6|K9f341887|K062fe34c|Kde0d4ad5|K3e88909f,P324bdcf4|P16f1404b|Pa984c515|Pfc4b5bee|P83a88c79,Pf91c449a,54215416.0
Mc85456d2,Ladyhawke,1985,1,120,20000000,en,Adventure,Adventure|Drama|Fantasy|Romance,4,US,2,C6cbfdb5c|C3e7bdc8f,15,19,False,K75b71e8e|K02a3ddab|K53b55802|K2a7607b8|K462a3a5f|Kd6151171|K7090a4a2|Kd13fe849,P21e9c370|P2ad24815|Pe39be12b|P9d25dde1|P1022e6e2,P07f9ee68,18432000.0
M5405c841,Lucas,1986,1,110,6000000,en,Comedy,Comedy|Drama|Romance,3,US,1,C6cbfdb5c,14,11,False,K25a3086d|K4aef0137|K1147d12d,P267dfb5d|Pbd744329|P79a733fb|P11a199f3|P365e65b3,P950fdca8,8200000.0
M688390fa,High Fidelity,2000,1,115,30000000,en,Comedy,Comedy|Drama|Romance|Music,4,GB|US,2,C23c77778|C0532621e,49,14,False,K018324f1|K521d74bb|K656bf8b0|Kca0d1a02|K69ceb4aa|K7fa4f963|K19acffc1|Kaa90862a,Pe00a4034|Pe5276f64|Pb94792d6|P72d7d3b1|Pd20ba4ca,P581cd374,47126295.0
M0a59525f,The Skulls,2000,1,105,15000000,en,Crime,Crime|Drama|Thriller,3,CA|US,4,Cd7a83b16|C7f4b55db|Cc58b2d2e,17,7,True,Ked493fb4|K98cad1f3|K0e27dce1|K6a651960|K27869247|Ka3780bc9|Kca5e75c9|K7273b78c,P859c27cc|Pbbb2aadf|Pa290ad05|Pba280f80|P606df67a,P64f7b4aa,35007180.0
Madc3a9c9,Midnight Express,1978,3,120,2300000,en,Drama,Drama|Crime,2,GB|US,2,Cf4478484|C1e8d591c,11,21,False,K526fab99|K97e678c5|Kcc5db06e|K66331d63|K7da32c41|K5fcea8d1|K9749c839,P87f8f4f8|Pb6fed6c5|P21f03cde|P64b06ad7|P9a074087,P0a536a9d,35000000.0
M0738b252,Misery,1990,4,105,20000000,en,Drama,Drama|Thriller,2,US,3,Cf4478484|Ce4e76224|C91c4750c,12,29,False,K1d1c144f|Ka05e8854|K7652162c|K77830caa|Ke55126ae|K77eacf9d|K5140f9b3,Pf434e2ed|Pe76df162|Pfc08ecb8|P127e3b66|Pfd4a8f20,P4bc483e6,61276872.0
M55c75237,Mr. Saturday Night,1992,3,120,43000000,en,Drama,Drama|Comedy,2,,3,Cf4478484|C6988cd6a|Ce4e76224,18,9,False,K26c70bf1|Kb6e14e6e|Kcde1d2d7,Pfa741633|P298fc20b|P46a69c72|P6194c57a|P2b83e870,Pfa741633,13300000.0
M94e348ef,Murphy's Romance,1985,4,105,13000000,en,Comedy,Comedy|Romance,2,US,1,Cf4478484,13,2,False,Kbea00521|K33dc8956|K9691da33|K795ab569|K852ce553,P05a50f1e|P9d26f5c0|Pd91c9656|P267dfb5d|Pa71f161c,P497fad25,30867525.0
M709b6d38,Network,1976,4,120,3800000,en,Drama,Drama,1,US,2,C7e86926f|C1e53a163,23,12,False,K9df93747|K511491fa|K06ec2ec0|K6f266ecf|K9061d293|K60686471|Kf3b60d20|Kb4212397,P413d8978|P27f203dd|P82aeadf6|P617d4377|P5f3c755e,Pa17037ae,23689877.0
M5fd9b911,The Outlaw Josey Wales,1976,2,135,3700000,en,Drama,Drama|Western,2,US,2,C3e7bdc8f|C0ad4e5f3,21,11,False,K2e209934|K6a356631|Kf6d4d5a6|K9122c3af|K9a16fa02|K58cd70ff|Ke464a8ea|Kf5038425,P6f65c5ac|P7a6d2ad5|P4edf7c42|P4558953b|P624a2b3d,P6f65c5ac,31800000.0
M5ad96380,Black and White,1999,3,100,10000000,en,Drama,Drama,1,US,2,C13d1e63b|C02a0f527,79,2,False,Kd3103f62,P9aaea10b|P89b363ce|P7bf6a47e|P663fb4fc|Pb35ae3b8,P21022f79,5241315.0
Mea1841cd,Frequency,2000,2,120,31000000,en,Crime,Crime|Drama|Science Fiction|Thriller,4,US,1,C6988cd6a,20,88,False,K33e09618|Kede84157|Kb1aa9b34|K220573b1|K8094c578|K969ef670|K89099cca|K5182e889,P967c7ac4|P864bcbbd|P1c0546d1|Peb8f1c49|P572b22e6,Pe5dd9852,68106245.0
Mc6b3d4ad,Return to Me,2000,2,115,24000000,en,Romance,Romance|Comedy|Drama,3,US,2,C1e53a163|C797a8deb,15,4,False,K55f7d91a|K0b2e661a|K5b9329be|Kcbf64eb9,P301fb6b8|Pbf89d8eb|P6dd57d03|Pa6a4911b|P5e5a423d,P4c455563,36609995.0
M3041632b,Rules of Engagement,2000,2,130,60000000,en,Action,Action|Adventure|Drama|History|War,5,US,3,C6146f42e|C619c257e|C42e269c0,10,84,False,K5d61d33a|Kb17aae8e|Kabb619b7|Kc6d5904a|K9ec3bc27|K7da32c41,Pb23773f6|P5eab90f9|P9491bef5|P6abc1229|P630c09d9,P51a13d4a,71000000.0
M437650d9,Force 10 from Navarone,1978,4,120,5000000,en,Action,Action|Adventure|War|Thriller,4,GB,1,C52e61c78,13,3,True,K01c1572d|K3de100c1|K75a8b02f|Kb59164e1|K9e3bc439|Kc59e0c92|K68ad2759|Kc9e6f895,Pfa43d9be|P2739454b|P40fad00d|P2cbc4f5b|P08d40dd0,Pabfb3385,7230000.0
Mab1581f4,The Prince of Tides,1991,4,130,30000000,en,Drama,Drama|Romance,2,US,1,Cf4478484,9,11,False,K63327ad9|Kb6c1558f|K0a1d0305|K0514142d|K3d77d7e7|K04b7a06e|Kcbf64eb9,Pe28239f5|P1484ef85|Pbdc63578|P55aa55c2|P1e4b773f,P1484ef85,74787599.0
Mf33f1528,American Psycho,2000,2,100,7000000,en,Thriller,Thriller|Drama|Crime,3,CA|US,3,Cb61eea90|C49e92df1|C7cf573d1,19,59,True,K1451c5af|Kb4ef9e5e|Ka05e8854|Kb7921815|K0a17c08f|K9ca8bfce|Kccd0d760|Kcbf64eb9,P1716f909|P9a2edffb|P2f0b3e83|P336346ff|P30993d11,Pe609a252,34266564.0
M9b742e6c,Keeping the Faith,2000,2,125,30000000,en,Comedy,Comedy,1,US,3,C475937d3|C0532621e|Ca510b733,12,19,False,Kde32259e|K2c62fabd|K313b854e|Ka7d27878,Pd29fc0d4|Pf6c5b6fd|Pb40d79a2|P6fa35873|P3191d0f9,Pf6c5b6fd,37036004.0
M07b17bd3,Marathon Man,1976,4,125,6500000,en,Thriller,Thriller,1,US,1,C6146f42e,13,8,False,K511491fa|K1451c5af|K60686471|K75a8b02f|K8beac702|K65cf7a95|K9fe2949c|Kda5d0fe2,P7771ab64|P6bf8ddbf|P3a5e8525|Pb4fdefbf|Pa2e21b54,Pce76e69f,21709020.0
M91aa0986,Gossip,2000,2,90,14000000,en,Drama,Drama|Mystery|Thriller,3,US,4,C1246c604|C57c68451|C3e7bdc8f,9,11,False,K94571983|Kca0f1cb3|K334af32e|K34d45ea6|K2a8be19d,P859c27cc|P003a1c95|P0d5aa382|P82a0adaa|P7af33b17,P109a015a,5108820.0
M8419dae5,Love & Basketball,2000,2,125,20000000,en,Action,Action|Comedy|Drama|Romance,4,US,1,C1b1533bd,20,38,False,K68f9bab5|Kd5490d94|Kdc87c7d5|K24762420|K329b0b67|K9d42ff64|Kcbf64eb9,Pb5a6a98d|P35a615c0|Pf6e49672|P76dbfd9b|Pb348fa32,P4a2b4f10,27728118.0
M8828392e,U-571,2000,2,115,62000000,en,Action,Action|Drama|Thriller|War,4,FR|US,3,Cd7a83b16|C2418e9a7|Ca308e3f2,11,19,False,Ke484fe84|K230a811e|Ke1a54677|Kbf31130c,P9d278739|P0fd4f855|Pfb649c8d|Pd90a4df9|P5793e735,Pe2db7597,127666415.0
Me4afd460,Jennifer Eight,1992,4,125,20000000,en,Crime,Crime|Drama|Mystery,3,US,1,C6146f42e,7,14,False,K7a3e26a4|Ke8f49a6c|K34cb2d0f|Kca0f1cb3|Ka2122fa4|K01f8fc04|Kbb1efb21|K49066ce6,P45c72dd5|P30683d6f|P8a49c60a|P29cec395|Pe8359aa6,P3bc004d9,11390479.0
M202cf617,The Flintstones in Viva Rock Vegas,2000,2,90,83000000,en,Science Fiction,Science Fiction|Comedy|Family|Romance,4,US,2,Cd7a83b16|C9710581c,14,18,True,K94f985a9|K7c6da98e|Kdbe16235|Kcfa763a9|Kc9e5c2e6|K940149f8,Pbfa56d6c|P7a71ab1b|P6a961d4d|P92596c95|P5cfb995f,Pe47f6a92,59468275.0
M1e81c4dc,The Big Kahuna,2000,2,90,7000000,en,Comedy,Comedy|Drama,2,US,2,C13852a47|Cad098c1c,8,109,False,Kd49e15ee|Kd3103f62|K9511c539|K0e99cb73,Pf21f3bf1|P6f263068|P04255411|P1323718a|P926482ee,P83b6e309,3728888.0
M45e1eeae,Carnosaur,1993,2,85,1000000,fr,Horror,Horror|Science Fiction,2,US,1,C23eab655,15,10,True,K51431265|K6a3cb94b|K940149f8|K38a7f429,P89112087|P7ec78d85|Pfcc8ee73|P4e92c869|P2021f4fc,Pcc5c4069,1753979.0
M1cb8fac9,Gladiator,2000,2,155,103000000,en,Action,Action|Drama|Adventure,3,GB|US,7,Cfa01eb95|Cd7a83b16|Cd5a1e1a6,38,101,False,K19777d74|Kd6be48f0|Kf872823e|Kd340c156|K088f2d2f|K4cd89d42|Kfb2845a0|K4b3cb02d,Pf4bdfa1a|Pdfff36db|P655299b5|Pea823c68|P31f710a3,P54540f1f,457640427.0
M3c04a33d,Human Traffic,1999,2,100,600000,en,Comedy,Comedy|Drama,2,GB|IE,2,C73ddbbab|C0143f433,9,4,False,K511491fa|K3050fd05|K403dabce|Ke6f22b28|Ka27c80f8|K35845391|K9d42ff64|Kd9198f5a,P70009ec3|P9b2ad706|Pa15482f1|P116e3784|Pea6a47d8,P9ba43c62,4000000.0
M176b2d7d,The Lords of Flatbush,1974,2,85,160000,en,Drama,Drama,1,US,1,Cf4478484,6,5,False,,Pa4b132a4|P468a604c|P905b63fe|Pb8536707|Peb2d629e,P0574d696,4000000.0
M4ca57391,Battlefield Earth,2000,2,120,44000000,en,Action,Action|Science Fiction|War,3,US,5,C13852a47|C3e7bdc8f|C2702bc3e,16,12,False,K1451c5af|K8e2e1632|K7f284f24|K9cda3ab3|Kb8213944|Kbbcbbe27|Kb02581e1|K4dbea4d9,Pe91449f5|P8c5e34bb|P52cbfc7b|Pa30692dc|P413230f2,P27e24dc6,21400000.0
M4a79452b,Center Stage,2000,2,115,18000000,en,Drama,Drama|Music,2,US,1,Cf4478484,5,4,True,K33e09618|Kda3a8325|Kbba221aa|Kb730b002|K2ff372ca|K43f280e8|Kd9ebaef7|K4fcfc4d1,Pc99985c0|P3430b4ec|P6fb4aed1|P41e13138|P50e37168,Pcb12c641,17200925.0
M9be94966,Hamlet,2000,2,110,2000000,en,Drama,Drama,1,US,2,Cf8f92f7f|C0b7ea6df,13,8,False,K76289b46|K188c501a|K4eaa0722|K38684bff|K3affd9f7|Kd3103f62|K5ea8cbb8,P598f6582|P5aff1494|P0a37f784|Peee2378c|P24a75c64,Pd6d83c47,1568749.0
Me5c90e95,Pee-wee's Big Adventure,1985,3,90,6000000,en,Adventure,Adventure|Comedy,2,US,2,C330fb92b|C3e7bdc8f,18,16,True,K97009678|Ka646ca77|K193a0e1d|Kad9ae055|K45e20761|Ke9e679ea|K72797ef4,P7162f9c7|P86480727|Pbb342d16|Pd66a2aba|P9b30af7f,P9059d147,40940662.0
Ma248a2ec,Dinosaur,2000,2,80,127500000,en,Animation,Animation|Family,2,US,2,C72b723b8|C67618fbb,10,18,False,Kae818b36|K8be3e267|K71b96fcb|Kb6e55aa4|K346367d7|K74f9fa70|K757a75e6|K940149f8,P6562d69e|Pb348fa32|P4dceb0f7|P8add54a3|P6db0bf00,P4516069c,354248063.0
M87f33646,Road Trip,2000,2,95,16000000,en,Comedy,Comedy|Adventure,2,US,2,Cfa01eb95|Ce6df453c,17,20,True,Ka7984eec|K511491fa|Ka33447c1|Ka15709db|K2e035d88|K0961ce93|K110f3ad2|Kf5e4ec95,Pd8f5904f|P7a5b3bd7|Pe6321c84|P80b32528|P77e9c9d6,P4f384f09,119754278.0
Me8fcc1ce,The Myth Of Fingerprints,1997,3,95,2000000,en,Drama,Drama|Comedy,2,US,2,C5a50f16f|Cceac79d7,8,2,False,,Pbdc63578|P4233b029|P62eda3c0|P3a5e8525|P0187468f,Pd9daf9f6,458815.0
M09a03df4,Mission: Impossible II,2000,2,125,125000000,en,Adventure,Adventure|Action|Thriller,3,DE|US,3,C6146f42e|C45816831|C68eaf06a,17,123,True,Ka5ec14be|K8eea5ed8|K4d54a5a1|K7e1398ba|K3d2b49b8|K6242373e|Kb7b43807|K566c4248,P13cbd053|Pff49d7df|P72ffb51e|P8b839607|P9d5a7207,P26bdbec9,546388105.0
Md347c4cc,Shanghai Noon,2000,2,110,55000000,en,Adventure,Adventure|Action|Comedy|Western,4,HK|US,3,C475937d3|C6a2f83c0|C0532621e,22,13,True,Ke5d6abed|Kc692b708|Kc7759f81|Kb8281719|K58cd70ff|Kb44e8055|Kbd8c56a3|Kd6073f4e,P789f5166|P66e0e26d|P99abea01|Pae85f4b7|Pa178a2d9,Pce81afe4,56932305.0
Mc24c1b6f,The Spy Who Loved Me,1977,3,125,14000000,en,Adventure,Adventure|Action|Thriller,3,GB|US,3,C7e86926f|Ccf159454|C179b944e,29,19,True,Kef728c09|Ke484fe84|Kdcf6a5ec|Kb722db6a|K33b2d0b2|K80ad8a1e|K4d2febdc|K30a53fa2,Pec8d5614|P40fad00d|P87d0fbbe|Pbec7aba6|P6b4b3312,P37cadbce,185438673.0
M578f86b8,Big Momma's House,2000,2,100,30000000,en,Crime,Crime|Comedy,2,DE|US,2,C6cbfdb5c|Cc2c73c36,6,11,True,Kb0dae377|Kf5da8b35|Kdeec1d38|Kc31d5b40,P27021ad5|P62aa2743|P8d7bcd0f|P45c02c08|P584f290b,P02060500,173959438.0
Mcca6b08e,American Gigolo,1980,1,115,4800000,en,Thriller,Thriller|Drama|Crime|Romance,4,US,1,C6146f42e,52,30,False,K30c774bd|Kf651867f|K69e3eed6,Pb8c4c754|P17fcde5a|Pa9bc506e|P06f53013|Pf8716630,P960227bb,22743674.0
M75e59ac4,Stay Tuned,1992,3,85,25000000,en,Comedy,Comedy|Fantasy,2,US,2,C3e7bdc8f|C8679e149,11,12,False,K39d50f9b,P1b949c6f|P8cfe992f|Pca52bef3|P0ca82bb1|P7dbbc0cd,Pc2c37f32,10736401.0
M20b201fb,Blazing Saddles,1974,1,95,2600000,en,Western,Western|Comedy,2,US,2,C0405a02e|C3e7bdc8f,25,12,False,K01c1572d|K53660c67|K92f716f2|K83aa1941|K8992c8bc|Kbc96911e|Ke0dd090a|K13673243,Pc463672d|Pd34be705|P163d3ea1|Pc8c08ba9|P2f51eabf,P51c6f6c0,119500000.0
M978a7fda,Eraserhead,1977,1,90,10000,en,Drama,Drama|Fantasy|Horror|Science Fiction,4,US,2,C06cc1e00|Ce02b83d9,11,11,False,K808b4a33|Ka6194240|Kd57fa339|Ke30f40a7|K251c3d93|Kffdbf513|K4730f644|Kff43a29c,Pbb185ca5|Pb7b0bb34|Pef311b64|Pf7feb489|Peb394a97,P975982f4,7000000.0
Mbdd20c92,Flatliners,1990,3,115,26000000,en,Drama,Drama|Horror|Science Fiction|Thriller,4,US,2,C52e61c78|C97a38b43,19,24,False,Kb5348ef7|Ka42eba1d|K2a86268e|K0c8ef730|K758ebd06|Kd219b32a,Pcf04e53b|P9195777d|P2aace9ed|P605dd3d9|Pefdc98ca,P59045db6,61489265.0
Mb2400ae3,Porky's,1981,4,95,4000000,en,Comedy,Comedy,1,US|CA,2,C83c74117|Cda8dca18,44,23,True,K1fc61028|Ka7984eec|K511491fa|K841cd429|K47934026|K60686471|K0f72d59b|Kd1cf7d49,P4601872e|P93fb8f86|P6e915632|Pb045d6a1|Pfe9df994,P1233e8a7,125728258.0
M1fd53c62,Porky's II: The Next Day,1983,2,100,6500000,en,Comedy,Comedy,1,CA|US,2,C6cbfdb5c|Cd7a1e364,20,4,True,Kbfa5aa02|K8e4844b2|Kb568a7d1|Ka5c63af9|K7d9df871|Ka55d0eab|K864f80ac|Kd6073f4e,P4601872e|P6e915632|P93fb8f86|P5b49533b|Pb045d6a1,P1233e8a7,33759266.0
M6f1eee3c,Predator 2,1990,4,110,35000000,en,Science Fiction,Science Fiction|Action|Thriller,3,US,4,C6cbfdb5c|Cf77e90b3|C98c258fd,38,83,True,Kc1a7e026|K52883eff|K876f7e0d|Keb5e7681|K6539fc47,Pae51a3e1|P6f155c36|P8fb4a661|P85fa2fa7|P39cb11a1,P82172aeb,57120318.0
M8c8ba4d2,The Running Man,1987,4,100,27000000,en,Action,Action|Science Fiction,2,US,4,Caf06e8d6|C1ba9ba58|C9c19f8eb,16,18,False,K526fab99|K00ee119f|Kf0583ab8|K01063181|K7f284f24|K1e9a5917,Pf3b2f25f|Pce1b1c99|P39cb11a1|P269c5a14|P7177ec2e,P2fe4ff13,38122105.0
M68527e15,Starman,1984,4,115,22000000,en,Action,Action|Adventure|Romance|Science Fiction,4,US,3,Cf4478484|Cd569edf9|Cc719a964,13,34,False,K8ca622d7|K56c900d4|K68f9bab5|K4d0bc3a5|K83c99e01|K04eaa0ba,Pdfa9d578|Pb7f50011|P9472181b|P2607ad74|P5a965bc9,Pb803aa28,28744356.0
Mda8f0242,Alien Nation,1988,4,90,16000000,en,Crime,Crime|Science Fiction|Thriller,3,US,2,C6cbfdb5c|C1cc9bcee,12,37,True,K1301ac8a|K83e592e6|K9653593d|Kbbcbbe27,Pf434e2ed|Pca8141b8|Pf38d8cc1|Paf451ef5|Pd67b93ee,Pa6fa161f,32155047.0
M69a5a541,Mad Max,1979,2,95,400000,en,Adventure,Adventure|Action|Thriller|Science Fiction,4,AU,3,C15749a2b|C4231d139|C39c363f6,18,18,True,Ke88ad4b3|K808b4a33|Kb59164e1|K8e2e1632|K7f284f24|K8661b1ad|K9764f31b|K8705cd67,P46240969|Pfb1160eb|P0882286d|P229f9351|P3a9c88ed,P807517ed,100000000.0
M38574337,Mad Max 2: The Road Warrior,1981,4,95,2000000,en,Adventure,Adventure|Action|Thriller|Science Fiction,4,AU,1,C15749a2b,18,13,True,K18f7c353|K4911aa5b|K424ad1c8|K00ee119f|K8e2e1632|K7f284f24|Kc98923f1|K2b5cdafa,P46240969|P56bba3e6|P60c25ac3|P7638ac93|P91e6bd64,P807517ed,24600832.0
M6eff03bc,Mad Max Beyond Thunderdome,1985,2,105,12305523,en,Action,Action|Adventure|Science Fiction,3,AU,1,C15749a2b,16,15,True,Kf872823e|K93f264b2|K7f284f24|Kec887464|K19a14feb|K73b89326|K39741e41,P46240969|P82deed33|P56bba3e6|Pdd56dcac|P0b74bd65,P807517ed,36230219.0
M8c0c336c,Angel Heart,1987,1,115,17000000,en,Horror,Horror|Mystery|Thriller,3,US,4,C6dfc8237|Caa79c4ad|C94b9734c,17,42,False,Kd06882ca|Kf687e8e6|K65612631|K649efc2b|K3191e80c|Kee36b977|K967bf94d|K41d0d99a,Pc810bfde|Pd9604827|Pd20ba4ca|Pc4d07f3f|P8f7b56dc,P0a536a9d,17185632.0
Med8fd44c,Nine 1/2 Weeks,1986,1,115,17000000,en,Drama,Drama|Romance,2,US,5,C1e53a163|C115cf462|C71ac9452,10,16,True,Kd2b00110|K1199c976|Ke268299f|Kd1b79b0e|Kd9593cf8|Kd345f6ab,Pc810bfde|P59339049|Pe3fb5126|P09f89d3d|P4afcd3e0,Pf20c275a,6735922.0
Mdd401481,Firestarter,1984,2,115,15000000,en,Fantasy,Fantasy|Drama|Horror|Action|Thriller,5,US,2,Cd7a83b16|Ca308e3f2,15,15,True,Ke6b45b39|Kc3529256|K6b4e6a64|K94571983,P5793e735|Pe0243597|P6a0351f3|Paabc6e3f|P5768eddf,P707abcc4,17080167.0
M803c4e7a,Gone in Sixty Seconds,2000,2,120,90000000,en,Action,Action|Crime|Thriller,3,US,2,C4fb6882a|C0532621e,23,34,False,K2b5d957d|Kb1aa9b34|Kb6334c56|K38a109ce|K50f0ee0b|K09d6b411|K71bf1fc9|K25419d9e,Pa2178ef1|P9e58b7cf|P0d4dd445|P1b3c94e0|P9c43b517,P20292b82,237202299.0
M75143f8d,Shaft,1971,3,100,4000000,en,Adventure,Adventure|Action|Thriller|Crime,4,US,2,C1e53a163|Cacb232f4,18,15,True,K33e09618|Kfe6fb0dc|Ka40b6003|K137adf5c|K0d25991c|K810eb38a,Pa70c1b55|P2ee3c00a|P1dcb88a6|Pd7c436b6|P883919da,P75eae039,12121618.0
Md818bbb8,Serpico,1973,4,130,3000000,en,Crime,Crime|Drama|History,3,IT|US,3,C6146f42e|Cfe639f35|C51ed3bd9,64,17,False,K9df93747|K6fb75ba3|K9bddb5a5,P13753a9d|Pe3656d42|Pcb269939|P5abcdcc4|P22325ef3,Pa17037ae,29800000.0
M351f2c78,The Sugarland Express,1974,2,110,3000000,en,Crime,Crime|Drama,2,US,2,Cd7a83b16|C8cee0604,13,15,False,K526fab99|K3f95dd34|Kf6d4d5a6|K8b8060e4|K9136e8a9|K1624771e|Kaa450961|K9a1562f0,P3525e37e|P5bcce21e|Pa0d29204|Pc48edf22|P32e1bb31,Pcf894350,12800000.0
M26acfbc2,Big Trouble in Little China,1986,2,100,25000000,en,Action,Action|Adventure|Comedy|Fantasy,4,US,2,C6cbfdb5c|C1ba9ba58,46,18,False,K6d7db2b4|K35d81ba9|K79547cd1|Kfcf79c07,P6265995c|P791fd83e|Pd796bf92|Pb40488f7|P500ab7e7,Pb803aa28,11000000.0
M5ae2b5cf,Titan A.E.,2000,2,95,75000000,en,Animation,Animation|Action|Science Fiction|Family|Adventure,5,US,3,C6cbfdb5c|C63c138a3|C62ff54e6,8,42,False,K038c8dca|Ke621000d|K7f284f24|K846673e8|K4d0bc3a5|K346367d7|Kbf31130c,P9d23789b|P4821cb9e|Pe0243597|Pcd89be8e|Pa09b464d,Pb12f5fba,36754634.0
Mc7c76c54,Butterfly,1999,3,95,3000000,es,Drama,Drama,1,ES,5,Ce37fce02|Cb49dab8b|Cb8946dc5,16,5,False,K3d3b2d8c|K7f60b468|Kbd4cf9e0|K6ab0e7bb|K5011ba81|K153e6530|K13818823|K6878063f,P0beb8605|Pdd07b8ae|P303c3912|Pad2e6ef4|Pd455c459,P77dea69e,6000000.0
M4856d279,Chicken Run,2000,2,85,45000000,en,Animation,Animation|Comedy|Family,3,GB,4,Cfa01eb95|C35902627|C586f6404,14,76,False,K4ab4a388|K16a5fc70|K66331d63|K0c866279|K4d36353e,P46240969|P086ca141|P3c76028e|P339559a2|Pc1cbf19d,P21ae746c,224834564.0
M01e85574,The Patriot,2000,2,165,110000000,en,Drama,Drama|History|War|Action,4,DE|US,4,C486ae29a|C52e61c78|Ca7fe7c78,21,129,False,Kcbf4eaa8|Kd06882ca|K92a6dddc|K1308518c|K9a948f66|K6a356631|K139c17cb|K7a5713fe,P46240969|Pb2b54035|P16ab16fd|P7c2203eb|P5f24fdc3,P916a7de7,215294342.0
M48fb7dbe,The Adventures of Rocky & Bullwinkle,2000,2,90,76000000,en,Action,Action|Adventure|Animation|Comedy|Family,5,DE|US,4,Cd7a83b16|C446b6c3a|Ceeffb99c,20,9,False,K84348ea3|K310d09f4|K8992c8bc|K3676f124|K3f81d0bd|K355d3705|K15a229e4,Pc3561a4c|P7b3419a4|P79baae9f|P64b06ad7|Pd9604827,P1fa19132,35134820.0
M6a4b00fc,The Perfect Storm,2000,1,130,120000000,en,Drama,Drama,1,US,3,C3e7bdc8f|C5f29c567|C3de42e40,29,16,False,K92630553|K215012da|K04a70a35|Ka3cfcce7|K128ae227|Kfc6f3e6b|K160bc543|K91d73640,Pd4551c6e|P40d10530|P938e6548|Pff2ae6f1|P416ef296,P2207a9f9,325756637.0
M78151e64,Missing in Action,1984,4,100,1500000,en,Action,Action|Adventure|Thriller|War,4,US,1,C2d51ecb7,16,14,True,Ke3d2a5d6|K4d3b896d|Kb2c2fb55,P5b4d5eba|Pec05c9df|Pe394f41e|Pdcdb58d2|Pb40488f7,P422bc9b4,22812411.0
M71c3a375,Missing in Action 2: The Beginning,1985,1,100,2410000,en,Action,Action|Adventure|War,3,US,2,Cbd21c0d4|Ccd788cf2,19,10,True,Ke3d2a5d6|Ke5d65ae2|K4d3b896d|K19f2e486|K43f1c417|K9a16fa02|K66331d63|Ka82ab652,P5b4d5eba|Pf349d0ff|P11e17e8d|P810a511a|P0b7e97af,Pef6ac9af,10755447.0
M77554a01,House Party,1990,1,100,2500000,en,Comedy,Comedy|Drama,2,US,1,C6988cd6a,8,2,True,K25a3086d|K35845391|K43425223,Pc35c0d00|P27021ad5|Pdbcfa801|P7e5b9c86|P6a22384c,Pf9d1429e,26386000.0
M7d340fe1,Shaft in Africa,1973,2,110,2142000,en,Adventure,Adventure|Action|Thriller|Crime|Mystery,5,US,2,C1e53a163|Cacb232f4,11,10,True,K24eec40f|Ke2c03db7|K99b7ca9b|K73c7a212|K2d4eafca|K05928856|Kbfdad85b|K810eb38a,Pa70c1b55|Pa1f261f8|P155165b6|P9dd60ec3|Pbe45a6e4,Pa579fc87,1458000.0
Mef9c7449,Shaft's Big Score!,1972,2,105,1978000,en,Action,Action|Adventure|Crime|Mystery,4,US,2,C1e53a163|Cacb232f4,10,7,True,Kf10ad044|K8341e452|K7e1398ba|K6fcaaeb8|K5d0ba27b|K5b07d285|K011bc215|K7e7aa96a,Pa70c1b55|P2ee3c00a|P555bd24f|P60699135|P005927e8,P75eae039,10000000.0
M5a1f32b1,Scary Movie,2000,3,90,19000000,en,Comedy,Comedy,1,US,4,C5759737e|Ce82761ec|C07f90652,14,123,True,K511491fa|K7c0be96b|Ka05e8854|K4013c5f1|Kd9198f5a,Pf5ead48e|P13a79191|P321e1002|Pea12a513|P7c5c9b52,P7770f184,278019771.0
M50ae8015,But I'm a Cheerleader,1999,3,85,1200000,en,Comedy,Comedy,1,US,1,C83ee6a0e,22,1,False,K9b9e111e|K39b1b849|K683aa1bf|Kd3103f62|K10261fed|K144474ae|Kcbf64eb9,P81577159|P10a15c5b|Pd09117cf|Pcadac074|P9cdec237,P6eca56e2,2600000.0
Mb1325435,Footloose,1984,1,105,8200000,en,Drama,Drama|Family|Music|Romance,4,US,2,C6146f42e|Cc2f1310b,13,14,False,K075bd6d3|Kbba221aa|Kb730b002|K4fcfc4d1|Kafc54ecb,P2aace9ed|P30546c37|P7e094d76|Pdc204d2a|Pda532eb9,P640b5254,80035402.0
M5b422341,X-Men,2000,3,105,75000000,en,Adventure,Adventure|Action|Science Fiction,3,US,6,C6cbfdb5c|C3b4ef1a3|C2064655e,19,23,True,Ka6194240|K12b44075|K04f1877b|K923101f0|K2f9c1556,Pd0abc51d|Pa70948d3|P6ada0366|P1de24948|P0303ea88,Pe52532d6,296339527.0
M8bdf6775,The In Crowd,2000,3,105,15000000,en,Thriller,Thriller,1,US,1,C8679e149,11,2,False,Kcbf64eb9,P93e7654e|P102d58eb|P220921db|P90c3dad2|P1bb7ebe4,P85e4463a,5217498.0
M148adf67,What Lies Beneath,2000,3,130,100000000,en,Drama,Drama|Horror|Mystery|Thriller,4,US,3,Cfa01eb95|C6cbfdb5c|C8f59c42c,15,111,False,K526c2540|Ke099800e|Kb3543543|Kff9c5036|Ka9806fd1|Kd653b7f5,Pfa43d9be|Pe39be12b|Pf1700ee0|Pfe3caa99|P7392e714,P32776b6f,155464351.0
Mf5f9ac9d,Sinbad and the Eye of the Tiger,1977,3,115,3500000,en,Action,Action|Adventure|Family|Fantasy|Science Fiction,5,GB,2,Cf4478484|C102b92e9,11,12,True,K038c8dca|Ke85cdcac,P07d1900b|Pd07a860b|P16eb38a2|P46ffd89c|P0ae539b7,Pa8d51aa3,16000000.0
M1bece6cb,What About Bob?,1991,2,100,35000000,en,Comedy,Comedy,1,US,2,C01eff2bb|C0532621e,16,11,False,K46565220|K830984ca|K3191e80c|K3d77d7e7|Ke67cc831,Pfe130811|P9f4d72a6|P4c568edc|P54dc691f|Pe3278e8a,Peabd1c1f,63710000.0
M5ec13352,Everything You Always Wanted to Know About Sex *But Were Afraid to Ask,1972,3,90,2000000,en,Comedy,Comedy,1,US,1,C7e86926f,21,9,False,K22101519|K7e91d200|K844f1d9a|Kba9cf181|Kfc36813e|K52bbb769|K683aa1bf|K0428d21e,P23c41cec|P0a726047|Pb21b9635|P753cab5b|Pb6a16903,P23c41cec,18016290.0
M1b1fe0b3,Love and Death,1975,2,85,3000000,en,History,History|Comedy,2,US,1,C7e86926f,56,12,False,Kc6263267|K22066cbf|Kfa292724,P23c41cec|P581ee292|P67e54310|P8869b29e|Pdda66deb,P23c41cec,20173742.0
M6a9b3dcf,Nutty Professor II: The Klumps,2000,3,105,84000000,en,Fantasy,Fantasy|Comedy|Romance|Science Fiction,4,US,2,Cd927b580|Cd7a83b16,19,14,True,K9489712c|Kcf159e78|K9a7a2db0|K26eaef09|Kd6073f4e|K8eb66367,P1c7f1d9d|P2468f4b0|P45da5ecf|Pc81e2f3b|Pcc6ab716,P02eb8a2f,123307945.0
M7e6b1367,Coyote Ugly,2000,3,100,45000000,en,Comedy,Comedy|Drama|Music|Romance,4,US,2,C4fb6882a|C0532621e,20,31,False,K9be97905|K965d2159|K74cdffd7,P79baae9f|P32c0cbb2|P7f88be6e|P5fbc258c|Pbbc44ce4,P511ebb84,113916474.0
M4ae00922,Hollow Man,2000,3,110,95000000,en,Action,Action|Science Fiction|Thriller,3,DE|US,2,C52e61c78|Cbba7f90a,10,13,True,K91dde98b|Kd0f4a611|Kdbe6d9ae|K10283764|K6ac3edc0,P2aace9ed|P4f05630f|Pc6b524b9|P7bb71de3|Pa8331cd0,P41054a7e,190213455.0
M31e5e45c,Space Cowboys,2000,3,130,65000000,en,Action,Action|Adventure|Thriller,3,US,6,C1246c604|C27c08183|C976c0906,17,28,False,K2c4719da|Ka96b9d40|Kfae7a03b|Kac14ea0f,P6f65c5ac|Pb23773f6|P38ab614f|P9d26f5c0|P03e2c7bc,P6f65c5ac,128884132.0
M98616593,Saving Grace,2000,1,95,10000000,en,Crime,Crime|Comedy,2,FR|GB,6,Cbe498e61|Ceec56905|C1e3bc22a,24,19,False,Kcf15988c|Kcd6f1f10|K0d25991c|Kd9198f5a|Kcecc4cee,Pd8de06b0|P1347bbae|P9e7d09d8|P5f24fdc3|Pe1f05f74,P603b8b13,26330482.0
Md963ed92,The Crush,1993,2,90,6000000,en,Drama,Drama|Thriller,2,US,2,C3e7bdc8f|C8679e149,13,15,False,Ked493fb4|K443b5d4d|K9a16fa02|Kca0f1cb3|Ka9d4c499,P70e1f767|Pd072720a|P58ab60cf|P749452ba|P7599e521,P776640b8,13609396.0
M0ef6508b,Kelly's Heroes,1970,2,145,4000000,en,Adventure,Adventure|Comedy|War,3,RS|US,3,Cf21c562c|Ccdf0893f|C1e53a163,37,15,False,K68d34ab1|K230a811e|K3ba20b75|K2b82f499|Ka2e4a547|K658213c8|K7612a306|K081e7f13,P6f65c5ac|P364886c5|Pf54d6fc3|P6dd57d03|P38ab614f,P57f09315,5200000.0
M9a982eb9,Pumpkinhead,1988,2,85,3500000,en,Fantasy,Fantasy|Horror,2,US,2,Cb0d57a09|C7fd642dc,20,17,True,K55cfa8fb|K190503f8|K088d9f13|K35fbf0b0|K6ec16270|Kf0ee355f|K003875f5|K0be7c68b,P30683d6f|P0dc93dc9|P30626ebe|Pe073621b|P782736b5,P012505d0,4385516.0
M7698ddfb,Silent Fall,1994,4,100,30000000,en,Drama,Drama|Thriller|Mystery,3,US,2,C3e7bdc8f|C8679e149,15,2,False,K2691884d|Kadd8401e,P9f4d72a6|P8bd8cfce|P30546c37|P13dc1a8a|P4022104e,P79f5904c,3180674.0
M08d44496,The Cell,2000,3,105,33000000,en,Horror,Horror|Science Fiction|Thriller,3,DE|US,5,C6988cd6a|C6497540c|Ca483740c,20,66,True,Ka33df06b|K6e02d9c8|K53ddb611|Ka2122fa4|K22538ca0|Kaf916823,P91999fa3|P5552edf8|Pe5898b7e|Pb4fbacb5|P76d268f3,P6e6c8672,104155843.0
Med454f9a,The Naked Gun: From the Files of Police Squad!,1988,4,85,12000000,en,Comedy,Comedy|Crime,2,US,1,C6146f42e,21,12,True,K220573b1|K86b54cd4|K9759e0d3|Kaf4058be|K197c1f2e|Ke40fa8a6|Kf7ffd4f8|Kfa292724,Pfff5d58e|P9357058e|P11db3ee8|P756167e5|Pfb49ba19,P28253801,78756177.0
M0c7f3522,The Naked Gun 2½: The Smell of Fear,1991,2,85,23000000,en,Comedy,Comedy|Crime,2,US,1,C6146f42e,18,8,True,K9bd9c4c0|K2b746c3e|Ke0dd090a|Kcd40bb99,Pfff5d58e|P9357058e|P756167e5|Pfb49ba19|Pf74dafa0,P28253801,86930411.0
M1541d70a,Supergirl,1984,4,125,35000000,en,Adventure,Adventure|Fantasy|Action|Science Fiction,4,GB|US,4,Cde80a298|Ce22118d1|C73ab7805,12,11,False,K38b4fde2|K79547cd1|K5f28debc|Keec6e143|K04f1877b|K0ea38f38|K387901c2|Kaeb37d24,P413d8978|P2005583a|P191dcec8|Pb7db839b|Pddfe069b,P520a392e,14296438.0
Mbdd36763,The Art of War,2000,3,115,40000000,en,Crime,Crime|Action|Adventure,3,CA|US,4,Cadae41d9|C13852a47|C3e7bdc8f,7,8,True,K2f674d5e|K6cb1864a|K742bd1e5|K2f0c7c19|K79f49190,P953616ba|P38ab614f|P718ae485|P96d6bc26|Pc1222ddb,Pd2cffd58,30199105.0
M75a03127,Bring It On,2000,3,100,28000000,en,Comedy,Comedy,1,US,1,C6e45b448,60,14,True,K39b1b849|Kdc87c7d5|K25a3086d|K9d4a30d0|K1147d12d|Ke22c341b|Kd6073f4e,Pfe6d4c3d|P85e4eff0|Pcaa16907|Pd83ca452|P3673eb62,P33297e38,90449929.0
M34b6b283,Highlander: Endgame,2000,3,85,25000000,en,Action,Action|Fantasy|Science Fiction,3,US,2,Cd577ce91|C07f90652,6,13,True,K188c501a|K10bc36f6|K5a425294|K43f1c417|Kda40fa6b,P67b39fba|P692a437e|P773e7e67|P00eb740c|P9307dc8b,Pafce7526,15843608.0
M94496cf7,The Way of the Gun,2000,3,120,8500000,en,Action,Action|Crime|Drama|Thriller,4,US,0,,15,17,False,K40b67ad5|K3e04d489|K32d43916|Ke0fff442|Kc2b726dd|K9136e8a9|Ka15709db|Ka9c90401,P1ebfa909|P958f1dd9|Pe8e35f2f|Pf434e2ed|P37b78ce4,Pc9357660,19125401.0
Mf214f88a,Almost Famous,2000,3,120,60000000,en,Drama,Drama|Music,2,US,3,Cf4478484|C022978fc|Cebcd09d8,45,16,False,Ke7253a00|Kdb2378ff|K65612631|K3ed3377f|Kda60a038|K0af39414|Kfc79c2a3|Kd5acb9df,P0d5aa382|Pcef472a3|Pf82a31ed|P1f2402be|P96a11a15,P859967b4,47383689.0
M42e31c26,Under Suspicion,2000,3,110,25000000,en,Mystery,Mystery|Thriller,2,US,2,C789b57e2|Cd3858533,17,12,False,K5c0670e8|K30c774bd|K9af29bb0|Kd7a0fe1f|Kca0f1cb3|Ka2122fa4|K7da32c41|Kfd1da9ef,Pa3cf7c55|P9c10a86e|P42c677ae|P9ab3ffdf|Pf9eb1fdd,P82172aeb,260562.0
M4c0e5cc0,Urban Legends: Final Cut,2000,3,95,14000000,en,Horror,Horror,1,CA|US,3,C7f4b55db|C3257102f|C8b657590,19,6,True,K4e49a65a|K25a3086d|K19a14feb|Ka2122fa4|K04b71262|Kfcbf608c,Pb6736e2f|Pa114a513|Pf4705028|Pb7db839b|P472302b0,P3044a1ef,38574362.0
M9d91a333,The Broken Hearts Club: A Romantic Comedy,2000,1,95,1000000,en,Comedy,Comedy|Drama|Romance,3,US,0,,15,7,False,K0c50837f|K696d8a88|K5daec4d9|K96776721|K4786f4fd|K8bb446de|K750c2f82|Kcc181d06,Pd9872637|P4002418d|P81df82ff|Pfc9fb1db|P30ae53a2,P409efe82,1744858.0
M2709b68d,Remember the Titans,2000,3,115,30000000,en,Drama,Drama,1,US,4,C72b723b8|C4fb6882a|C374961ef,67,21,False,Kbfa5aa02|K63327ad9|Kb6c1558f|Kc21d23ee|K645c4bc5|K6ed35d3d|K7932db46|Kdc87c7d5,Pbbc37df2|P9c43b517|P571ffbed|Pc42423af|P6db0bf00,Pa3a21e14,136706683.0
M75ed5a68,Hellraiser,1987,3,95,1000000,en,Horror,Horror,1,GB,4,C3ca5d16d|Ca34d30d1|C8d17e648,22,71,True,Ka37bedb4|K0de19f1e|K5ebde1b5|K5bca696c|K9a16fa02|Kdffaf2fb|Kf0ee355f|Ke0c97c80,P18b16825|P965ba7e4|P1bc93d7b|Pe51a6f6d|P329dcd37,Pc69f077c,14564027.0
M20b726a1,Hellbound: Hellraiser II,1988,4,95,3000000,en,Horror,Horror|Thriller,2,GB,4,C3ca5d16d|C68f5a903|C8d17e648,25,87,True,K0de19f1e|K9d87ed05|Kf8bdf6e9|K5bca696c|K19a14feb|K3efe6bd6|K4a23ec8e|K68ad2759,P965ba7e4|P1bc93d7b|P28b4e236|Pd6d11071|P79c64a02,P841c89bf,12090735.0
Mf6f8f352,Get Carter,2000,4,100,63600000,en,Action,Action|Drama|Thriller|Crime,4,US,4,C13852a47|C3e7bdc8f|C8679e149,15,10,False,K5d4be2c3|K52437e3f|K7652162c|K6c84f480,P468a604c|P086ca141|Pf26dccd1|Pc810bfde|P0acdb852,P4c982f57,19412993.0
M431954a0,Requiem for a Dream,2000,4,100,4500000,en,Crime,Crime|Drama,2,US,1,Caa3dc840,27,25,False,K65612631|K9925aaa6|Kf0f76cb9|K0bc8eb9e|K799f4b10|Ke971e14e|K9be00c66,Pce96e08a|P2f0b3e83|P6a544fc5|P2d1be6b8|P606df67a,Pe5b33ad5,7390108.0
Mae10db40,The Ladies Man,2000,4,85,24000000,en,Comedy,Comedy,1,US,1,C968f604c,23,18,False,Ka7984eec|K666856dc|K8094c578|K3cb9b6db|Ke7efa2f1,P45be1019|P5081684f|P14600056|P2e301ec2|Pfd01e0ba,Pf9d1429e,13700000.0
Mf5a6128d,Ghoulies,1984,4,80,1000000,en,Comedy,Comedy|Horror|Fantasy,3,US,1,C3a658986,11,3,True,K55cfa8fb|Kf0ee355f|K8ab9d1b0,P7dd157d7|Pa9ff1ddb|P12ebb3b8|Pbb185ca5|Pad233ad2,P794442fe,35000000.0
M87b9c549,Bedazzled,2000,4,95,48000000,en,Fantasy,Fantasy|Comedy|Romance,3,US,3,C6cbfdb5c|Cc2c73c36|C51ed8118,11,19,False,K0b2e661a|K4b5d944f|K71cddc9a|K4b5a4c1e|Kf0ee355f|Kde2b5438,P52453039|P02dbf1fc|P52d4df97|Pfd957aac|P35f3975b,Pc18a1935,90383208.0
M84534fef,Pay It Forward,2000,4,120,40000000,en,Drama,Drama|Romance,2,US,2,C878cc91e|C3e7bdc8f,16,6,False,Kf30dedba|Kefbdcc04|K3bf72cd6|K04799fd7|Kdaeb7ebb|K3e5b2bc3|Kf49b8933|Kaff8132a,Pf21f3bf1|P455e5488|Pc8bfe735|Pdc9a8b53|P864bcbbd,P0aa88768,55707411.0
M893a3e85,The Little Vampire,2000,4,95,22000000,en,Family,Family|Horror,2,DE|NL|US,1,C6988cd6a,9,1,False,K1451c5af|Kffb9e482|K6e6dc8aa|Kd3103f62|Ke12f48a1,Pe693233a|P9b914490|Pd6936833|P901c100c|P2930db87,P38389666,13555988.0
M69ca3efb,Charlie's Angels,2000,4,100,92000000,en,Action,Action|Adventure|Comedy|Crime|Thriller,5,US,1,Cf4478484,16,38,True,K1308518c|Ka5e5d456|K4709b558|Ka2dbcd1a,P955f54ab|P99abea01|Pe0243597|Pfe130811|P0d29d4ef,P6278871c,264105545.0
Ma314ecaf,The Legend of Bagger Vance,2000,4,125,80000000,en,Fantasy,Fantasy|Drama,2,US,5,Cfa01eb95|C6cbfdb5c|C7cc7d04d,13,34,False,Kda3a8325|K7be894cf|K2524dcc1|Kf15b5d61|K2a9ab466,P9d23789b|P74d6ac27|Pa9346d2f|Pf5e36785|P3bca8241,P81f38d6e,39459427.0
Ma112eada,Men of Honor,2000,3,130,32000000,en,Drama,Drama,1,US,1,C7f89a29f,12,11,False,K32c7600d|Kdab9be36,Pd9604827|P091308ba|Pa9346d2f|P9bcac85c|Pddf4576f,Pe83f52e7,48814909.0
Ma3e91239,Red Planet,2000,4,105,80000000,en,Thriller,Thriller|Action|Science Fiction,3,AU|US,5,C1246c604|C57c68451|C3e7bdc8f,9,93,False,Kdd65c3f2|K89099cca|Kfae7a03b|K6d28c684|K45c236aa,Pcfb78473|P5c4ac37e|Pf4ed54bb|P575dda13|P99461679,Pa3f39083,33463969.0
M2248df41,Diamonds Are Forever,1971,4,120,7200000,en,Adventure,Adventure|Action|Thriller,3,GB|US,3,C7e86926f|Ccf159454|C179b944e,24,19,True,K33b2d0b2|K7a3e26a4|K901329ee|Kfaf72a8f|K742bd1e5|K78445bea|K6f601db4|K35fbf0b0,Pf77f8198|P17fde772|P7a320b4c|Pc44394cd|Pb5d7ba20,Pabfb3385,116019547.0
M142cdb37,The 6th Day,2000,4,125,82000000,en,Science Fiction,Science Fiction,1,US,1,C3257102f,12,56,False,Kfce86ae4|K89099cca|K35fbf0b0|K0038366d|Kb2e09edb|K1e9a5917|K86a761f0|Kdf197071,Pf3b2f25f|P555ee1d0|P63897b0a|P12f4936d|P57ad7404,Padd86080,96085477.0
M440972fa,Bounce,2000,4,105,35000000,en,Drama,Drama|Romance,2,US,1,Cf8f92f7f,18,6,False,K90ecb95a|K56c900d4|Kef87afa2|K79ba8f35|Kfef45c5b,Pcde62a4b|P0affa6f4|P97289d7c|P71423043|P63897b0a,P21198a11,36779296.0
Mf8f09fab,How the Grinch Stole Christmas,2000,4,105,123000000,en,Family,Family|Comedy|Fantasy,3,DE|US,2,Cd927b580|Cd7a83b16,17,18,False,Kedb0ba53|Kfee0b656|Kfa895068|Kcf3c4678|Ke5e5cfb4|K6bab75c0,P3831e867|P900545b0|P5072be9b|P4afcd3e0|P4e903563,Pc68f979a,345141403.0
Mb677917e,102 Dalmatians,2000,4,100,85000000,en,Comedy,Comedy|Family,2,US,2,C72b723b8|Ccedd8847,5,13,True,Kef728c09|K526fab99|Kd0c73b68|K5023833e|K20aa0226|Keb26ee89|K8848e8a9|Kffef018c,P010e0927|P18e9d06f|Pf0d9e644|Pf8dc275e|P128e0651,Pd1ee7157,183611771.0
Mdc9c94e0,Quills,2000,4,125,13500000,en,Drama,Drama,1,DE|GB|US,5,C9ea1bb4a|Cf28fbfbf|Cb325d5de,17,13,False,K6a020f0a|Kf6270424|Ke4105161|K6f601db4|K0ef6400a,Pee871f87|P5516a531|Pdfff36db|P123185a4|P40269648,P88d9a490,7060876.0
M23e9a516,Unbreakable,2000,4,105,75000000,en,Science Fiction,Science Fiction|Thriller|Drama,3,US,4,Cea4e32f3|C0532621e|Cb3e71746,40,56,False,Kcf7d212b|Kb7c6f1fc|K35f4a29b|K52d403a5|Kb87e3371|K04f1877b|Kca0f1cb3|K741a26f2,Pbc324a94|P5eab90f9|Pe0da2446|Pfd345166|P4634dccd,P0e4432bf,248118121.0
M22ce7070,"Crouching Tiger, Hidden Dragon",2000,4,120,17000000,zh,Adventure,Adventure|Drama|Action|Romance,4,CN|HK|TW|US,8,C825a8443|Cfc8c2cea|C820cad9a,12,13,True,K4a64b667|K1308518c|K9f297862|K584a6860|K765736a4|K2a52ff98|K09fc1f51|K4b26a0b3,Pbf41fe4c|P6458924a|P552b9995|P433907da|P70065c90,Pfcd8ba40,213525736.0
Ma26f6ced,Dungeons & Dragons,2000,4,105,35000000,en,Action,Action|Adventure|Fantasy|Science Fiction,4,CZ|US,3,C6988cd6a|Cd36ef9f0|C389a2b6d,15,13,True,K320b23ee|K4cd89d42|K79547cd1|K27b9857c|Kd4ca8c4f|Kf6ced2f1,Pea7e7e16|P3af08c02|P59cadc98|P692a437e|P4f97dc9e,P312efbc0,15185241.0
M95c8ac9b,Vertical Limit,2000,4,125,75000000,en,Action,Action|Adventure|Thriller,3,NZ|PK|US,2,C52e61c78|Cbba7f90a,18,21,False,K1bee81c6|K43727838|K07eb013a|K4c5ab50b|K13e28f02|Kdc4190f8,Pf5f9ba0e|P87ac9bae|P0fd4f855|Pf83802ba|P5a1382a7,P61003287,215663859.0
Mfd4598e7,The Bounty,1984,2,130,25000000,en,Action,Action|Drama|History,3,US|GB,1,Ca308e3f2,28,17,False,Ka7984eec|Ke62b95f6|K72d68ef7|K11e84da5|K60686471|K137a6391|Kc8e08999|K84348ea3,P46240969|Pdff627c7|P6bf8ddbf|P2cbc4f5b|P38ff2ca0,Pebd97e65,8613462.0
M5929788f,The Living Daylights,1987,2,130,40000000,en,Action,Action|Adventure|Thriller,3,GB|US,2,C7e86926f|Ccf159454,49,18,True,Kef728c09|K01b542b2|K526fab99|Kdcf6a5ec|Kb722db6a|K33b2d0b2|Kf96aca73|K3d2b49b8,P47476efe|Pc1e8cd40|P1e4b773f|P0016a39d|Pcb327462,P2521f56b,191185897.0
Me260e76e,The Transformers: The Movie,1986,3,85,6000000,en,Animation,Animation,1,US,4,Cb0d57a09|C22a59910|Cbee66776,33,18,False,Kdc5570ed|K08b1cffe|K1b7a179f|K7f2092da|Kcc450545|K46684bfe,P728cfff0|Pac63f7a2|P859b5746|Pbd7d9466|Pdcf5a8bb,P824cd0fd,5849647.0
Me22ebf6e,Talk Radio,1988,4,110,4000000,en,Drama,Drama,1,CA|US,2,Cb8626ac4|C7067caea,7,13,False,K52168337|K5f6f063c|K36437c68|K9c59ecaa|Kd5b4f32d|Kd3103f62,P9813bde8|P3c4f7130|P9aa2b70d|P6262e1d0|Pa350e788,Pc20617a1,3468572.0
Mb02ae57a,Brewster's Millions,1985,2,95,20000000,en,Comedy,Comedy,1,US,4,Cd7a83b16|Cf77e90b3|C98c258fd,19,10,False,K1451c5af|K63569927|K220573b1|K1723ffdc|K71bf1fc9|K7da32c41|K4709b558|Kc4ef941f,Pb36299e9|P090e9526|P44deca6a|P8d503d06|P2b83e870,P53cf60a7,45833132.0
M07c3ec60,Punchline,1988,4,125,15000000,en,Comedy,Comedy|Drama,2,US,1,Cf4478484,47,13,False,Ke9c56791,P05a50f1e|Pd8b30691|P7f88be6e|P0b8af888|P6c9dedd8,P950fdca8,21032267.0
Mcbd8baeb,Chocolat,2000,4,120,25000000,en,Comedy,Comedy|Drama|Romance,3,GB|US,3,Cf8f92f7f|Cf5fd5e18|Cf01108b4,22,38,False,K14cfc77b|K2f8d3554|Ke02dac8e|Kab832ca0|K4281ec01,P2b0de4d7|P9d25dde1|Pd34c4eab|Pf0ddf122|P5ac29495,P2fb3774a,152500343.0
Mcd98bc29,"Dude, Where’s My Car?",2000,4,85,13000000,en,Comedy,Comedy,1,US,2,C6cbfdb5c|C5ce2cd37,15,122,False,K1ace772c|Kf687e8e6|K830984ca|Ka0c202ff|K5011ba81|K35e5d05e|Kc05bfb9e|Ke0dd090a,Pdbe8182c|P7a5b3bd7|P5920226e|P56976266|P91ac528b,Peb90444e,73180723.0
M1ea1f78d,The Emperor's New Groove,2000,4,80,100000000,en,Adventure,Adventure|Animation|Comedy|Family|Fantasy,5,US,2,C72b723b8|C67618fbb,11,27,True,Kdb4d900d|K17651dd4|K4cd89d42|Kdd9233bb|Ka6dd6393|K7f67f977|K93a9ab17,Pad97c69f|P7f88be6e|Pd87aa9b6|Pa3b62736|Pda010953,P3316f72b,169327687.0
Mf4bc0e1c,Finding Forrester,2000,4,135,43000000,en,Drama,Drama,1,US,4,C64344d66|C3dcb868e|C52e61c78,14,10,False,K615ad2f5|K2b5d957d|K866dc592|K9a94a39f|K1451c5af|K87001976|K126f9f16|Ka2fe4ac7,Pf77f8198|P2490c5fe|Pe58beed0|P0f48151a|Pb35f914a,Pfb9bfb55,80049764.0
M3141893e,The Gift,2000,4,110,10000000,en,Horror,Horror|Drama|Thriller|Mystery,4,US,2,Cc032927b|Cca6a6893,16,59,False,K6898ee8b|Kf8baada2|K2f603c47|K1d10c386,P7ee731d8|P0d4dd445|Pee0e1556|Pc0a9cc4f|Pa4d4e204,Pb8906202,12008642.0
M71bbffb4,Cast Away,2000,4,145,90000000,en,Adventure,Adventure|Drama,2,US,4,Cfa01eb95|C6cbfdb5c|C0dc701b8,14,13,False,Ke62b95f6|K293e5fac|Ka7955936|K0a8098b2|K996ed124|K443ee7ff|K5f91ed94|K6b95b88c,Pd8b30691|P455e5488|P03267da5|P1b98bde7|Pa356ffe3,P32776b6f,429632142.0
M41964ef8,Miss Congeniality,2000,4,110,45000000,en,Comedy,Comedy|Crime|Action,3,US,4,C1246c604|Ce4e76224|C57c68451,17,31,True,Kfb93ab74|K0bfa01de|Kaf4058be,Pbf6fd3c6|Pf4ed54bb|P123185a4|P95f45f9b|Pafbf3c18,P3acbe364,212000000.0
M080c1283,Thirteen Days,2000,4,145,80000000,en,Drama,Drama|Thriller,2,US,2,C6988cd6a|Cceaa5a41,6,36,False,K2b746c3e|K08f18d05|K4fd61cd8|K0dec1a3e|Kceffa614,P02f4f983|P630c09d9|Pdad08998|Paa341d84|P1b179163,Pebd97e65,34566746.0
M0b8032ec,Traffic,2000,4,145,48000000,en,Thriller,Thriller|Drama|Crime,3,DE|US,5,Cf6acbb08|Cafe2d19e|C830cca8d,29,25,False,Kd6a05201|K52883eff|Kc9d5bef6|Kcf15988c|K97e678c5|K224317b2|K1c0e5389|K72f63b48,P9485f066|P1ebfa909|P340be819|P7ff4e38d|Pf15ea01f,Pd886c47f,207515725.0
Meac01f0b,Shadow of the Vampire,2000,2,90,8000000,en,Drama,Drama|Horror,2,US,1,C82201f3c,15,5,False,K89f956e3|K85de5b12|K1bc35e47,Pefca9620|P9a2edffb|P90531f40|P70e1f767|P9890879c,Pa2813b1c,8279017.0
Md7301688,Annie,1982,2,125,50000000,en,Comedy,Comedy|Drama|Family|Music,4,US,2,Cf4478484|Cabfc914a,15,3,True,Kcf3c4678|K965d2159|K923101f0|Keb141b00|Kb9a5376a|K0d832f78|K4b112d80|Kc56da623,Pea6dbe5f|P232079de|P1c0033fb|P569514a4|P052dcd1b,P95cfa58a,57059003.0
M2d5e8726,Don't Tell Mom the Babysitter's Dead,1991,2,105,10000000,en,Comedy,Comedy|Family,2,US,5,C656b1c2f|Cbff8a2e3|C97b09f9c,14,10,False,Kaa0b4eca|K925c1607|K7b5b4e41,Pb0acacc8|P9ce3dc0f|Pe8884bea|P1c8a144d|Pfb88a9f3,Pfcc81a78,25196249.0
M6982d744,At Close Range,1986,2,110,6500000,en,Crime,Crime|Drama,2,US,1,C2b1996b8,33,71,False,K5c0670e8|K4603cffd|K01c1572d|K31065c79|Kd9198f5a,Pd76d11b5|P3be49d96|P5f8d8df6|Pdc204d2a|P15b496a2,P8687decb,2347000.0
Mbf91696b,Antitrust,2001,1,110,30000000,en,Action,Action|Crime|Drama,3,CA|US,4,Cf28fbfbf|C015707fe|C570a3fc3,20,21,False,K9a97b678|K7c0be96b|K0e89a273|K5daec4d9|K37fcdd14|K68fcfc7b|K408254ef|K926ca99f,P958f1dd9|Pf26dccd1|Pb494fa6f|P9dd775e7|Pa70c1b55,Pc2d24523,18195610.0
M20902371,Save the Last Dance,2001,1,110,13000000,en,Drama,Drama|Family|Romance|Music,4,US,2,C0498af6f|C101a3ed6,21,21,True,Kd9ebaef7|K965d2159|K944fb3f8,P24a75c64|Pe931821f|P6ea9ba14|P6f6abb93|P6c13795d,Pef6fceaf,91038276.0
M1065eb95,Panic,2000,4,90,1000000,en,Comedy,Comedy|Crime|Drama,3,US,0,,5,5,False,Ka646ca77|Kd3103f62|K956eb9ef,Pe66d9e38|P1b949c6f|P4a65525b|P38ab614f|Pae0e3933,Pf3335175,779137.0
M6f317170,The Pledge,2001,1,125,35000000,en,Crime,Crime|Drama|Mystery|Thriller,4,US,5,C015707fe|C13852a47|C8679e149,16,17,False,Kbb2f7e44|K35fbf0b0|K44b89cec|K9cf3a5bd|Ka00d4b8c|K7679c0af|Kb3426337,P2484a098|Pe85b6a97|P2076b2ad|Pe0da2446|Pb22d5147,Pd76d11b5,29400000.0
M5243d24c,Sugar & Spice,2001,1,80,11000000,en,Crime,Crime|Comedy,2,US,1,C6988cd6a,12,2,False,Kcbf4eaa8|K63327ad9|Kc5b65b8c|Kd95b93ea|Kf3f28ea8|K39b1b849|K25a3086d|Keec6e143,P91ac528b|P9ae58ef9|P13f340d8|Pc6e94d6b|Pa42a740b,Pddfe0baf,13276953.0
M7dd7bdd3,The Wedding Planner,2001,1,105,35000000,en,Comedy,Comedy,1,US,6,C52e61c78|Ccdc52bf4|C9b19b4e1,17,17,False,K26c70bf1|K321964c0|K335b9905,P91999fa3|P9d278739|P9bc7650b|Pbbc566d8|Paf0bb08b,P71a85149,94728529.0
Ma2199056,Barfly,1987,3,100,3000000,en,Comedy,Comedy|Drama|Romance,3,US,2,C7a0f630b|Cbd21c0d4,12,11,False,K2ff67a32|K43f280e8|K1f1ba69c|Kd3103f62|K025ddba1,Pc810bfde|P413d8978|P901c100c|Pbb185ca5|P4358eda1,P593e4b45,3221568.0
M590bc776,Beverly Hills Cop II,1987,2,100,20000000,en,Action,Action|Comedy|Crime,3,US,3,C6146f42e|C32d2aa83|Cdb23ffd3,27,26,True,K01b542b2|Kb1aa9b34|K3b1850d0|Kb7b43807|K2e0aac28|K3b418915|K011bc215|K0d25991c,P1c7f1d9d|P199df314|P5b9f81b4|Pd6d535f4|P9f2d0c9a,P1d6141ee,299965036.0
Meba57c95,Beverly Hills Cop,1984,4,105,15000000,en,Action,Action|Comedy|Crime,3,US,2,C6146f42e|C32d2aa83,18,17,True,Kc2b5e04a|K2e209934|Kb7b43807|K2e0aac28|K011bc215|K3802909b|K0d25991c|K6f601db4,P1c7f1d9d|P199df314|P5b9f81b4|Pd6d535f4|P9f2d0c9a,P5b72860a,316360478.0
Mbec39c25,Cherry 2000,1987,4,100,10000000,en,Science Fiction,Science Fiction,1,US,2,C2b1996b8|C70dabaa5,17,15,False,K267cc427|Kd0cbe5a2|K8e2e1632|K7f284f24|K95bea911|K4ce171fe,Pd11cd035|P4afefc3a|P2930db87|Pa0d29204|Pfa9064d1,P36328106,14000.0
M63b2f586,Ernest Goes to Camp,1987,2,90,3000000,en,Comedy,Comedy|Family,2,US,2,C0532621e|Ca068180d,7,1,True,K49e4c650,P67849d2f|P79763790|P624a2b3d|P328f5f37|P13279c0f,Pacf9b557,23509382.0
M290f5334,Jaws: The Revenge,1987,3,90,23000000,en,Adventure,Adventure|Thriller,2,US,1,Cd7a83b16,30,18,True,K6af381ce|K0ad7b19e|K9dfcf494|K31d9a28c|K19a14feb|K9a16fa02|Kcce77c17|K9a5ab2bc,Pfad0019f|P0f4789bb|P01a56f32|P123185a4|P349cddf2,P00d8f958,51881013.0
M87e77550,Mannequin,1987,1,90,6000000,en,Fantasy,Fantasy|Comedy|Romance,3,US,1,C49bb3adc,35,22,True,Kfa895068|K89b9bcde|K8adfda3c|K08b1cffe|K4422f337|K4786f4fd|K8e4844b2|K4bdec5d2,Pba1d414d|P791fd83e|Pa5a73bef|P20c40fce|Pf53ba28e,Pb24efa61,42721196.0
Mb61da07c,Masters of the Universe,1987,3,105,22000000,en,Action,Action|Fantasy|Science Fiction|Adventure|Thriller,5,US,3,C2d51ecb7|C49e92df1|Cbd21c0d4,24,80,False,Kd3ee2033|Kcc343814|K10f8d267|K95034136|K804bfd5b|K70912432|K00f341b1|Kfcbf608c,P3a2425fc|P7985ee27|P3862977f|Pe9254941|Pe44cf61d,P0d8ed691,17336370.0
M2932782d,The Monster Squad,1987,3,80,12000000,en,Horror,Horror|Comedy|Action|Fantasy|Science Fiction,5,US,4,C6dfc8237|Caf06e8d6|C1ba9ba58,21,19,False,K03f80d45|K85de5b12|K61b0e574|Kc2da3524|Kf3ca3961,P5f16816d|Pea01fae4|P60b2c858|P21534760|P9b4df68b,P241d395a,3769990.0
M92f54861,Head Over Heels,2001,1,85,14000000,en,Comedy,Comedy|Romance,2,US,1,C9d5bb40c,20,4,False,K781d6342|Kbc3b124f|K2bfa75eb,P8b2e157e|P08577d2f|P40bc9f91|Pe821f01f|Pa3d87978,P9f90bd02,10424470.0
M6592d4d5,Hannibal,2001,1,130,87000000,en,Crime,Crime|Drama|Thriller|Horror,4,GB|US,4,Cd7a83b16|Cd5a1e1a6|C1e53a163,30,68,True,Kabdaec69|K0df20252|Kca0f1cb3|Ka2122fa4|Kaf916823|Kfcbf608c,Pdff627c7|P62eda3c0|P89aa61f8|Pb3dd3313|Pc72bf435,P54540f1f,351692268.0
Me57cb9cf,Saving Silverman,2001,1,90,22000000,en,Comedy,Comedy|Crime|Romance,3,US,3,C1246c604|C57c68451|C52e61c78,13,8,False,Ka7984eec|Kb8d5135f|K5daec4d9|Ka646ca77|K139aa5aa|Kd6073f4e,P3f2c2df0|P2a4182bf|P72d7d3b1|Pc19b2250|Pcfd5bbc4,Pad403284,19351569.0
Mb5c92a44,Recess: School's Out,2001,1,85,10000000,en,Science Fiction,Science Fiction|Animation|Comedy|Family,4,US,2,C89121351|Ce0df4712,10,3,True,Kedb0ba53|K6b005d67|Kc5c53ac8|Kb27e6995|K37228ca6|K4fae042c|K03280447,P214700fb|P1345906d|P3043c258|Pb5b74b29|P86cf9505,P191b5069,44460850.0
Mf1f749b0,Sweet November,2001,1,120,40000000,en,Drama,Drama|Romance,2,US,2,C878cc91e|C3e7bdc8f,15,20,False,K5b2172f3|K289fa5b7,Pee0e1556|Pa9346d2f|P7c2203eb|P91911bb2|P13c6bc31,Pd7537154,65754228.0
Ma6741b24,Monkeybone,2001,1,95,75000000,en,Adventure,Adventure|Fantasy|Animation|Action|Comedy,5,US,3,C6cbfdb5c|Cd05b6468|C3bd0f64f,100,31,False,Kfe7b2be7|Ka6be497f|K053cdae0|Kfcbf608c,P02dbf1fc|Pfa3b55fa|Pb8e19397|Pd1c9c73a|Pdaba1495,Pf7381c9d,5409517.0
Me3f101d9,3000 Miles to Graceland,2001,1,125,62000000,en,Action,Action|Adventure|Comedy|Thriller|Crime,5,US,3,C13852a47|C3e7bdc8f|C8679e149,13,15,False,Ke33fde63|K03ffe7ca|K065bfd74|Kb172a4ac|K8fea502f|Kd6073f4e,P6265995c|P02f4f983|Pe44cf61d|Pd9f4bddb|P81a0406b,P429bbb95,18720175.0
Mc992b7b5,The Mexican,2001,1,125,57000000,en,Action,Action|Comedy|Crime|Romance,4,MX|US,4,Cfa01eb95|Cc58b2d2e|C5f0d773c,14,10,False,K9136e8a9|Kf27a41b9,Pc5fe07a1|P9195777d|P87a98968|P8b74a486|Pa3cf7c55,Pb3125d33,147845033.0
Mbd8f72e7,"Me, You, Them",2000,3,105,1900000,pt,Comedy,Comedy|Drama|Romance,3,BR,3,C52e61c78|Ceda77490|C7b001ad4,4,3,False,Kde32259e,Pb0268336|Pa37477b9|Pe3e21329|Pe3ee6b70,Peb1f813e,2070806.0
M395a20bb,15 Minutes,2001,1,120,60000000,en,Action,Action|Crime|Thriller,3,DE|US,4,C6988cd6a|Cf28fbfbf|C5844cbc7,86,338,False,K33e09618|Ka7984eec|K526fab99|K1199c976|K5c0670e8|Kc5b65b8c|Ke6b45b39|Kb1aa9b34,Pd9604827|Pa9346d2f|Pd6f7c718|Pc6c0443f|Pb3ada189,Pb1af5040,56359980.0
Ma92b5080,Double Impact,1991,3,110,15000000,en,Thriller,Thriller|Action|Crime|Drama,4,US,1,C84b4c660,13,12,False,K44b419b3|Kea685510|Kde84f630|K9a16fa02|K6d7b9f81|K77f05966|Kcecc4cee,P7ff40d0f|P87f2091d|Pc7afe7b8|Pcd9b2c9d|P1412238c,Pbd6381ce,30102717.0
M1e560762,Harley Davidson and the Marlboro Man,1991,3,100,23000000,en,Action,Action|Thriller,2,US,3,C1e53a163|C40f044dc|C5c5d1472,16,10,False,K9df93747|K43f8907d|Kcf15988c|Keb5e7681|K309b728a,Pc810bfde|P6a5889be|P97ac7007|Pbd3cbe45|Pdaba1495,P52d7dfcc,7434726.0
Mb4614c5b,Losin' It,1983,2,100,7000000,en,Comedy,Comedy,1,CA|US,2,C876455a4|Cdeb35da3,15,20,False,K1fc61028|Ka7984eec|K3e04d489|K1199c976|K60686471|K25a3086d|K3a2aa8da|Kd3103f62,P13cbd053|P4949e04f|P8221fe1d|P411324ea|Pa7ec8b9b,Pc47ab989,1246141.0
M1f5359cb,Mermaids,1990,4,110,31000000,en,Comedy,Comedy|Drama|Romance,3,US,1,C2b1996b8,8,15,False,Ka11d7b42|K953fadad|K87ea9b85|Kafb1520d|K3a7d779a|K268a3497|Kfd0c33e3|Kd8feda07,Pf108d77e|P11a199f3|Pb1255d95|P09ae177a|P8d55c685,P4173d81f,35419397.0
M9903e475,Death on the Nile,1978,4,140,7920000,en,Mystery,Mystery,1,GB,2,C3b9e730d|C45adac80,18,14,False,K30a53fa2|Kd99af4ba|K45bb6637|Kcdc51843,P5b67f1e4|Pddfe069b|P10c72e64|Pe20a8dcb|Pc0e6515a,Pa579fc87,14560084.0
Mfe5e9836,C.H.U.D.,1984,3,90,1250000,en,Horror,Horror|Science Fiction,2,US,2,C3ca5d16d|Cba4aab8b,18,17,True,K038c8dca|Ka6194240|K2829a3c5|K0d25991c|K7cb2f9cd|Kdc63e329|Kd3103f62|K6a3cb94b,Pa905d419|Pd3742a92|P7205d185|P6c9dedd8|Pcc5f3229,P62789aec,3412497.0
M9689989b,Enemy at the Gates,2001,1,130,68000000,en,War,War,1,IE|US|DE|GB,8,C6146f42e|C7e032326|C52c2683a,17,77,False,K12864c24|K0c24b3e3|K230a811e|K49f3e163,P7ad6a156|P614f6326|Pceb538c7|Pc94a8b75|P09ae177a,P25398c8b,96976270.0
Mdcb62405,Exit Wounds,2001,1,100,50000000,en,Action,Action|Crime|Thriller,3,CA|US,3,C1246c604|C57c68451|C3e7bdc8f,27,70,False,K9df93747|K34120150|K34242680|K0d25991c,Pe756e8b3|Pf1c49d00|Pd7c666b9|P472302b0|P4e8e9813,Pdd50d853,79958599.0
M9cdf167b,Memento,2000,4,115,9000000,en,Mystery,Mystery|Thriller,2,US,4,Cceb4e3c9|Cc58b2d2e|C13591aeb,13,21,False,Kab720d41|K3a20c47e|K666856dc|K94f985a9|Kf687e8e6|K7f49c806|K0d174855|K9a16fa02,P9491bef5|P5c4ac37e|Pc21fb361|P0d30679b|P7329e4e8,P271d3962,39723096.0
M54f83dc8,Spy Kids,2001,1,90,35000000,en,Action,Action|Comedy|Family|Adventure,4,US,3,C07f90652|Cc3a27bd2|Cb48e5b8f,16,55,True,K4398eae0|K01084bd3|Kee199654|K44b419b3|K742bd1e5|K4ce171fe,P4527f80e|P85558d8d|Pd761e806|P20f57bc9|Pc78e2f8c,Pf41db032,147934180.0
M2ea9e3a9,Tomcats,2001,1,95,11000000,en,Comedy,Comedy|Romance,2,US,2,Cf4478484|C98fdcebd,9,7,False,K63bb2015|K14f3f017|K57c38f2b|Kbeffda7e,Pc8bb09f1|P62aa0f18|P19fcf744|P55bd0956|P4efa7adf,P54f60132,23430766.0
M63387e8b,The Tailor of Panama,2001,1,110,21000000,en,Drama,Drama|Thriller,2,IE|US,2,Cf4478484|Cf70a3dfa,14,35,False,K075bd6d3|K33b2d0b2|K17651dd4|K2be1f0c3|K63549e00|Kb59164e1|K742bd1e5|Kc6e19df4,Pc745bfc7|Pee871f87|Pdd6d0097|P3e0cd67e|P72092b5c,P8df99013,28008462.0
Mbb283c46,Along Came a Spider,2001,2,105,60000000,en,Crime,Crime|Mystery|Thriller|Action,4,CA|DE|US,6,C6146f42e|C2d550881|Cf5fd5e18,11,27,True,K99fe2dfb|K1c0e5389|K0d25991c|Kffca883b,P9c10a86e|P8b2e157e|P77f5af5c|Paa341d84|Pda703e7e,Pa93f1f6b,105178561.0
M60012033,Blow,2001,2,125,53000000,en,Crime,Crime|Drama,2,US,1,C6988cd6a,34,39,False,K4603cffd|K52883eff|K65612631|Kc9d5bef6|K97e678c5|Kef3e9596,Pd34c4eab|Pfac84536|P110b7c6d|Pb3dd3313|Pdc3528ff,P6d4cea6b,83282296.0
Mf2c3a4a2,Pokémon: Spell of the Unknown,2000,3,95,16000000,ja,Adventure,Adventure|Fantasy|Animation|Action|Family,5,JP,8,Cda1560fb|Ce0c9a078|C3134bf61,3,4,True,Ke09d99ff|K4bd90910|K5011ba81|Kb27e6995|Ke6356cde|K18407cd6|Kc9e5c2e6|K273cecd6,Pf536e6fb|Pa86e5dc9|Pe72b80fd,Pe158deaf,68411275.0
M83ca8738,Brigham City,2001,1,120,1000000,en,Crime,Crime|Drama|Mystery|Thriller,4,US,1,Cf3974e1f,3,2,False,,P7014327b|Pde68163d|P06757c30,P7014327b,852206.0
Me0a7b3ca,Bridget Jones's Diary,2001,2,95,25000000,en,Comedy,Comedy|Romance|Drama,3,FR|IE|GB|US,5,Cf8f92f7f|Cd7a83b16|Cf988914f,23,96,True,Kedb0ba53|Kef728c09|Kdcf6a5ec|K30ba46ef|K511491fa|K767bec4d|K44a8387d|K17651dd4,P79cd1763|P292df613|P3f407781|P43cac260|Pecc8fbbe,Pc49f86b3,281929795.0
Mef2be2fd,Joe Dirt,2001,2,90,17700000,en,Mystery,Mystery|Adventure|Comedy|Romance|Drama,5,US,2,Cf4478484|C87ffc222,19,7,True,K01084bd3|K44b419b3|Kb32761f9|K68c2373f|Kb43e50e9|Ka6770340|Kcbf64eb9,Pad97c69f|P971a5af8|P97644175|P3852b165|P8732f807,P1130db8e,30987695.0
M9b4dc376,Crocodile Dundee in Los Angeles,2001,2,90,21150000,en,Adventure,Adventure|Comedy,2,AU|US,3,C8c29bf70|C5fb15793|C98c0008d,19,14,True,Kdc02fbe1|Kc36fabd2|Keb5e7681|K4f316603,Pf3bfbf5f|Pb686763f|Pc8e92360|P07eeab3e|Pdbd345c1,P52d7dfcc,39438674.0
Mb1d6638e,Scarface,1983,4,170,25000000,en,Action,Action|Crime|Drama|Thriller,4,US,1,Cd7a83b16,63,42,False,Kf01a1f7b|K9df93747|K755126fd|K3d95dcb2|K71a7414b|Kee199654|K88847b06|Kfd0f8efa,P13753a9d|Pfc37e6fb|Pe39be12b|P5f9fd6ff|Pa6a4911b,Pb1ee92f6,65884703.0
Mcbf84d48,Driven,2001,2,115,94000000,en,Action,Action,1,AU|CA|US,4,C015707fe|C13852a47|Cf8d88739,17,9,False,Kda3a8325|K34c58965|K43f280e8|K44099f71|K488692b9,P9c374aa5|Pe8efa241|Pc9c4249e|P15be9ff7|P468a604c,Pc9ab0a9c,54744738.0
M2b763b61,Town & Country,2001,2,105,90000000,en,Comedy,Comedy|Romance,2,,1,C6988cd6a,10,3,False,Kbadc51d0|K19d74957|Kc5c53ac8|K7ad61df6,P7f7977c4|P581ee292|P3525e37e|P767b46cb|P23ac6758,P1fe13db1,10372291.0
M6b8e5b9c,The Mummy Returns,2001,2,130,98000000,en,Adventure,Adventure|Action|Fantasy,3,US,3,Cd7a83b16|Cca6a6893|Cfc3e2d82,19,11,True,K7486a573|K21a560e6|Kabbe1457,P02dbf1fc|P614f6326|P3b9da51e|P2407f86e|P7f2b80f3,Pa7172560,433013274.0
Md3db8e0e,Krull,1983,3,115,27000000,en,Fantasy,Fantasy|Action|Adventure,3,ES|GB|IT|US,2,C52e61c78|C5af4cac3,25,15,False,Ka6dd6393|K921766af|Kbd2d1ba7|K86c86c74|Kb7ec3d9c|K7338e2ab|K22bcfb2f|Kf5d23b34,P4865f449|Pb0a06cba|Pe4a7744b|P5bfc413f|Pecc637a2,P46951a6d,16519460.0
M569550ca,A Home of Our Own,1993,4,105,12000000,en,Comedy,Comedy|Drama,2,US,2,C3686df5f|C7b551e32,8,9,False,K24e26ceb|K56c900d4|K4385ab38|Kd47abffe|Kf30dedba,P32cffca3|Pe76df162|P502e800a|Pf349d0ff|P393a026c,P3515d4c9,1703282.0
M75736543,For the Boys,1991,4,140,40000000,en,Music,Music|Drama,2,US,1,C1998e0f9,7,14,False,Kbba221aa|K5555b3f8|K87469bb8,P104d62f4|Pf434e2ed|Pbcc7fd72|P29de6e3e|Pc5284ab4,P0b8af888,23202444.0
Mfd0c43fa,Love Story,1970,4,100,2200000,en,Drama,Drama|Romance,2,US,1,C6146f42e,12,9,False,K1451c5af|K67237633|K94571983|Kfb9c23bc|K23e3c2ed|Kfd95aca2|K37daa7dc|K3b14bd33,Pca688d50|Paa9145d2|P95f00e56|Pc1e7f0ba|Pc14ed66c,P967a299d,136400000.0
M62cf0011,Angel Eyes,2001,2,100,53000000,en,Drama,Drama|Romance|Thriller,3,US,5,C015707fe|C8679e149|Cf18e8922,27,21,False,K7652162c|K49066ce6,P91999fa3|P864bcbbd|Pe13616e6|P584f290b|P3e11855e,P4b9f64d2,29700000.0
M41dadcad,Shrek,2001,2,90,60000000,en,Adventure,Adventure|Animation|Comedy|Family|Fantasy,5,US,3,Cfa01eb95|C4562a606|C586f6404,29,76,True,K79547cd1|Ke5d65ae2|K82cdf56c|K6ecc96df|K77548ee7|K34cae8d7|Kcb4f81cd|Ke5d6abed,P872c7544|P1c7f1d9d|P955f54ab|P30546c37|P11383cde,Pa2845afc,484409218.0
M939819ae,Moulin Rouge!,2001,1,125,52500000,en,Drama,Drama|Music|Romance,3,AU|US,2,Cd2458bcc|C6cbfdb5c,100,19,False,K7841eb0b|K965d2159|Kf549963a|K4fcfc4d1|Kc8906f3c|Ka43fbb3a|K27469257|Kf7c92d8a,P8bb333ae|P5d50695a|Pcd89be8e|Pecc8fbbe|P9d5a7207,P53b7ebbb,179213434.0
M44901106,Pearl Harbor,2001,2,185,140000000,en,History,History|Romance|War,3,US,2,C4fb6882a|C0532621e,101,114,False,K1d1c144f|Ke4d9968a|Kb83ee9ca|K230a811e|K424ad1c8|K91895acf|K92630553|K877e62a3,Pcde62a4b|P28304cc9|P1210b4c7|P091308ba|Pb3cd0383,Pbac03e2c,449220945.0
M1d1d963e,Postcards from the Edge,1990,3,100,22000000,en,Comedy,Comedy|Drama,2,US,1,Cf4478484,11,4,False,Kcd97a98f,P5601b6b3|Peec93c55|P967c7ac4|Pa3cf7c55|P9f4d72a6,P2a00dbe0,39071603.0
M752aa662,City Slickers,1991,2,110,27000000,en,Action,Action|Adventure|Comedy|Drama|Western,5,US,3,Cf4478484|C6988cd6a|Ce4e76224,22,14,True,Keaa2c548|Kd6f9fb9b|K6eadcfd9|K7f25384f,Pfa741633|Pd3742a92|P3eb5eded|P0031593b|P5cd19b9c,Pc1d4ae68,179033791.0
Mae0f6c45,Evolution,2001,2,100,80000000,en,Action,Action|Comedy|Science Fiction,3,US,3,Cfa01eb95|C52e61c78|C7de5d669,20,173,False,Ke366a6ba|K92f716f2|K5df00d7b|Ka4d1787f|K06465afe|K24eba1fd|Kd1c7a8ae|K130c3b21,P301fb6b8|P62eda3c0|Pfd957aac|P7a5b3bd7|P56c03652,P069fb67f,98376292.0
M3a590d61,Swordfish,2001,2,100,102000000,en,Action,Action|Crime|Thriller,3,AU|US,5,C1246c604|C57c68451|Cd36ef9f0,53,10,False,Ka7984eec|K0e89a273|Kaf4058be|K3c6f9488|Kd000636e|K7e9c0be6|Kbdcdf99a|K56275715,Pe91449f5|Pa70948d3|P1de24948|P57744027|Peee2378c,P20292b82,147080413.0
M5f14e8b1,Catch-22,1970,2,120,18000000,en,War,War|Comedy|Drama,3,US,2,C6146f42e|C13c7d147,20,21,False,K230a811e|K566c4248|Kb73ae987|K2bc4f702|Kf78e52f0,P5ea8cfef|Pe0386e3f|P4173d81f|P52213c15|P7beada95,P2a00dbe0,24911670.0
Md736d0da,Point Break,1991,3,120,24000000,en,Action,Action|Thriller|Crime,3,US,3,Cc9bda6ce|C09588f71|Cb6a5a9f0,35,13,False,K4ab52561|Kb7b43807|K82704fa2|K5e61f360|Ka55f4d57|K9cc50066|Kc612ab1b|K1c0e5389,P842640cc|Pee0e1556|P8fb4a661|P361b6a9f|P6262e1d0,Pb7944fa9,83531958.0
M27ca4239,Unlawful Entry,1992,2,115,23000000,en,Crime,Crime|Thriller,2,JP|US,3,Cc9bda6ce|C09588f71|Cb6a5a9f0,24,3,False,K9df93747|K1199c976|K511491fa|K70733318|K7a3e26a4|K4d23e9ec|K60686471|K0d25991c,P6265995c|Pb3dd3313|Pf4d6002c|P731de345|P9340ac7c,P244b2986,57138719.0
M6d7b3816,Tootsie,1982,4,115,21000000,en,Comedy,Comedy|Romance,2,US,5,C52e61c78|Cb99e3e4b|C35777b1b,45,33,False,Kb8d59c8d|Keec6e143|Kc5c53ac8|K7550115d|Kb4d25575|K1e4b2839|K7e9ebbed|K545472e2,P7771ab64|P2bab004c|P56e97dab|Pfa09da95|Pf31be00d,Pe1f0e7d0,177200000.0
M956ddb71,Atlantis: The Lost Empire,2001,2,95,120000000,en,Animation,Animation|Family|Adventure|Science Fiction,4,US,2,C72b723b8|C67618fbb,15,68,True,Kaa9e3589|K1b460150|K346367d7|Kcce77c17|Kc2da3524,P977f7843|Pf72fc6f5|P9cc8b317|P9d26f5c0|P75ccf234,Pdf5286d0,186053725.0
M3ac77b12,Lara Croft: Tomb Raider,2001,2,100,115000000,en,Adventure,Adventure|Fantasy|Action|Thriller,4,US,7,C6146f42e|C521095af|Ca7fe7c78,23,41,True,K08ca496b|K46681d34|Ka7f82c65|K198aa36f|K1e5a9afd|K48ff95a4|K96372f51|Kf37f81c3,P9e58b7cf|Pb3cd0383|P8de86138|Pa14d13eb|P3d5ce154,Pcebf9f1a,274703340.0
M5dd8fa7d,Dr. Dolittle 2,2001,2,85,70000000,en,Comedy,Comedy|Family|Romance|Fantasy,4,US,3,C6cbfdb5c|C74b72c5f|C98c258fd,48,74,True,K5b9329be|Kd0196534|K2e6897b6|K242d9985|Kfc575d06,P1c7f1d9d|P2e90d3d1|P4f07096d|P35a615c0|P2ee78517,Pb1e37bed,176104344.0
M70a7cd8a,The Fast and the Furious,2001,2,105,38000000,en,Action,Action|Crime|Thriller,3,DE|US,4,Cd7a83b16|C7f4b55db|Cedb306d8,30,141,True,K44f3e3ef|Kb6334c56|Kb7b43807|Kd5f1dd69|Keb5e7681|K7b0dfbd5|Ka7d37777|Kfcbf608c,Pbbb2aadf|Pb2d28ee6|P6b7675df|Pb1da65f4|P8f4c1baf,P64f7b4aa,207283925.0
M83bd9e0f,A.I. Artificial Intelligence,2001,2,145,100000000,en,Drama,Drama|Science Fiction|Adventure,3,US,4,Cfa01eb95|C9710581c|C2e93baec,23,146,False,K497a09fb|Kc7c9387f|K1199c976|K267cc427|K0167559b|K876f7e0d|K36fdfbba|K1624771e,Pc8bfe735|P52d4df97|P04ced50e|Pc3a7efa1|P7ad6a156,Pcf894350,235926552.0
M7bd3a8ad,Baby Boy,2001,2,130,16000000,en,Crime,Crime|Drama|Romance,3,US,2,Cf4478484|Cd4764b45,11,7,False,K60561435|K12fa9017|K413cf7fa|K0e6c2b21|K32aef5c9|K2d5b6229|Kdf026a39|K5852d5b1,P4af9778b|Pc94a193b|P5196be0a|P8b839607|Pfcd96401,P96e224e3,29381649.0
Me36c58c5,Crazy/Beautiful,2001,2,100,13000000,en,Drama,Drama|Romance,2,US,2,C0532621e|Ce58a3f63,15,22,False,K767bec4d|K70733318|K01084bd3|K0b2e661a|K4d66eb3b|K4bc60f6a|Ke6244421|K2ec4a374,Pfe6d4c3d|P7f835c3c|P12a17d60|P9e73bc51|P808831ff,P8221fe1d,16929123.0
Ma94929c7,Cats & Dogs,2001,3,85,60000000,en,Comedy,Comedy|Family,2,US,6,C1246c604|C57c68451|C976c0906,8,10,True,K7a3e26a4|Kd4ca8c4f|Keb26ee89|K059e42f4|Kb312f8f4,P8ee73a48|Pb4712fa7|Pcc4dad7d|P0de3d4e2|Pf9bb3d0b,Pd9a5fa4a,93375151.0
Mb9e012d2,Kiss of the Dragon,2001,3,100,25000000,en,Action,Action|Crime|Thriller,3,FR|US,6,C6cbfdb5c|Cb0e2042e|C9168b047,16,17,False,K24eec40f|K1199c976|Kd9198f5a,P9e0754f2|Pfa3b55fa|P5f24fdc3|Pf99dc813|P6add0108,P76f1c581,64437847.0
M9d917016,Scary Movie 2,2001,3,85,45000000,en,Comedy,Comedy,1,CA|US,4,C5759737e|Ce82761ec|C07f90652,16,127,True,K511491fa|K719e729e|K4c6568e5,P321e1002|P2d1be6b8|P7a29768b|Pb70efc9c|Pd531e946,P7770f184,141220678.0
M8a14e33a,The Cannonball Run,1981,2,95,18000000,en,Comedy,Comedy,1,US,1,C5a4a53d0,33,7,True,Kd4c4d30a|K9eff6008,Pdd352fba|Pec8d5614|P7fd3c55d|P0f2c4a32|P5649d2dd,P0f6b3ec9,72179579.0
Mf19cbb78,Shadows and Fog,1991,4,85,14000000,en,Thriller,Thriller|Comedy,2,US,1,C2b1996b8,21,12,False,Ke492da05|Kd3103f62|Ka2122fa4,P23c41cec|Pe76df162|Pe00a4034|Pddfe069b|P312369ee,P23c41cec,2735731.0
M79844b2a,The Last Dragon,1985,1,110,10000000,en,Action,Action|Adventure|Comedy,3,US,3,C6dfc8237|C6c25b6cf|C894b657c,13,4,False,K1308518c|Kcb98e4ee|K08d1cdff|K4fcfc4d1,P66df30bf|P95bd183c|Pcf2a99ee|Pcfc96ab8|P0fdff8d7,P31084203,25754284.0
M563ae00a,Outland,1981,2,110,16000000,en,Science Fiction,Science Fiction,1,GB,2,Cebd90dc7|C13a4bb89,17,22,False,K92996a59|Kb1b2d050|K59a24d6e|Kbe604f09|K7f284f24|Kf3572fd4|K206f9905,Pf77f8198|P80529898|P127e3b66|P2b856f48|Pd992882e,Pc2c37f32,17374595.0
Mdfa1fab2,The Way of the Dragon,1972,2,100,130000,cn,Action,Action|Crime,2,HK,2,C988197fa|Ca9f8640d,15,9,False,K19777d74|K6d7db2b4|Kc0bb51b1|K7c7fe3bc|K6d7b9f81|K25177432|Kcecc4cee,Pe2002094|P4a50b1a4|P5b4d5eba|Pb81b6b24|P9d3cec59,Pe2002094,85000000.0
M81821197,Legally Blonde,2001,3,95,18000000,en,Comedy,Comedy,1,US,2,C912e4a96|C1e53a163,21,24,True,K0cd1aa42|Kaff43c0d|K89c5f968|K621096ab,P4d20c8bc|P65676666|P9ba0093c|Pa114a513|Pcbec6fc0,P57a1ed5d,141774679.0
M15c94cf4,The Score,2001,3,125,68000000,en,Action,Action|Crime|Thriller,3,DE|US,3,C6146f42e|C52c2683a|C471fe90c,24,13,False,K49eb1525|Kc5493297|Kbc43f98c|Kd25efce6|K23eca15b|K57fa5e15|Kb6228d22|Kb9434a78,Pd9604827|Pf6c5b6fd|P1fbea9a2|Pdc134fa5|P3813af50,Peabd1c1f,71069884.0
Meaa652f8,Made,2001,3,95,5000000,en,Action,Action|Comedy|Thriller,3,US,1,Caa3dc840,13,5,False,,Pe5898b7e|Pd539ecc7|P26e9a23b|P0303ea88|P83cb9f56,Pd539ecc7,5476060.0
M89a58f97,Above the Law,1988,2,100,7500000,en,Action,Action|Adventure|Drama|Thriller,4,HK|US,1,C3e7bdc8f,8,10,False,K9df93747|K018324f1|K4d54a5a1|K1308518c|K1d42b6b9|K853fc10a|K9653593d|K5fcea8d1,Pe756e8b3|Pea553968|P24149090|P1157c526|P0998da84,P5f0866de,18869631.0
Md1a2bf65,Apartment Zero,1988,3,125,4000000,en,Thriller,Thriller|Horror|Drama,3,AR|GB,0,,7,4,False,K4d54a5a1|K8459da36|K9cb98d13|Kb51b61a8|Kf172f9db|Kd6a2f816|Ke7dde3b3|K1a23acf2,Pb7db839b|P292df613|Pd14aedb7|P71a81c87|P5f3eda6c,P1b02f1a8,670774.0
M90737406,Bad Dreams,1988,2,85,4000000,en,Horror,Horror|Thriller,2,US,1,C0059f471,13,21,False,,P58ab60cf|Pf61d8112|Paee4ce90|Pb54f30a3|P5d7cd16a,Ped266f41,9797098.0
M085cb967,Biloxi Blues,1988,1,105,20000000,en,Comedy,Comedy|Drama|Romance,3,US,2,Cd7a83b16|Cabfc914a,13,13,False,K230a811e|Kda8550d2|Kb106c76a,P21e9c370|P3be49d96|P5b6b1e2a|P52827f86|P908650d3,P2a00dbe0,51684798.0
Ma3847565,Camille Claudel 1915,2013,1,95,3512454,fr,Drama,Drama,1,FR,5,Cc94eefdc|Ce4bc0ff3|Ce309311a,14,17,False,Kc56ceab0|K309b4d79|K4385ab38|Ke94fbb7e|K195656c1|K89bfebca|K8ae9d43f|K7151d758,P2b0de4d7|P341287e6|P17ae6e2f|P12411bc4|Pe2a1a4a2,Pf0e6d46b,115860.0
M0796ff20,Cocktail,1988,3,105,20000000,en,Drama,Drama|Romance,2,US,1,C0532621e,13,9,False,K33e09618|Kebfedc52|Kb3a97a30|K2ff67a32|Kc52f1d5b|Ka9c90401,P13cbd053|Pda042e37|P4f05630f|P95125235|P7d97d382,Pebd97e65,171504781.0
Mbefde3ff,Coming to America,1988,2,115,39000000,en,Comedy,Comedy|Romance,2,US,2,C6146f42e|C32d2aa83,14,12,False,K403dabce|K2f880fce|Kda0c4a9e|K3e02671b|Kc343c0fd|Kd0c9a59a|Kd6073f4e|Kdc7da5ce,P1c7f1d9d|P4475ff89|P27f9bfda|P8b3678b6|P41b96cad,Pad9f80ca,288752301.0
M638fcca1,Critters,1986,2,80,2000000,en,Action,Action|Comedy|Horror|Science Fiction|Thriller,5,US,3,C6988cd6a|C7c1106fa|C5a5bdc21,13,16,True,K27d5bfeb|K52726ab3|K9cb98d13|Kee199654|Kc5a122eb|K63195295|K8da1ab78|K2e49d805,Pe156777b|Pec05c9df|P1821cffd|P6c510213|Pbe79abb0,Pfcc81a78,13167232.0
M25174eb2,Critters 2,1988,2,85,4500000,en,Comedy,Comedy|Horror|Science Fiction|Thriller,4,US,2,C6988cd6a|C5a5bdc21,15,11,True,Ka7984eec|K52726ab3|Kc5a122eb|K60686471|K2e49d805|K19a14feb|K6b674f5c|Ke461af81,P6c510213|P42081e08|P56b0ba13|P7bb1a03d|Pbe79abb0,P626b3567,3813293.0
Ma650cb11,Ernest Saves Christmas,1988,4,95,6000000,en,Comedy,Comedy|Family,2,US,1,C0532621e,7,1,True,Kedb0ba53,P67849d2f|P27e70aed|Pde808123|P328f5f37|Pe706323c,Pacf9b557,28202109.0
M83731942,Frantic,1988,1,120,20000000,en,Crime,Crime|Drama|Mystery|Thriller,4,FR|US,2,C38bec8fa|C3e7bdc8f,13,17,False,Kb1b2d050|K41adc54e|Kbe604f09|K89abed2b|K6d6614f0,Pfa43d9be|P510fb9cb|P89a58641|P75ccf234|Pe935a75e,Pc5c7a3cb,17637950.0
Mebb0ef6c,Hot to Trot,1988,3,90,9000000,en,Comedy,Comedy,1,US,1,C3e7bdc8f,7,15,False,,Pefb89503|P090e9526|Pfa09da95|Pda83617f|P8daefada,P0ccc7b9d,6436211.0
Med7048e2,The Land Before Time,1988,4,70,12300000,en,Animation,Animation|Adventure|Family,3,IE|US,6,C3ea53bb0|Cd7a83b16|C9710581c,8,22,True,Kbd59e554|K0167559b|K243d823e|Kaf306dc5|Kdd37318d|K940149f8,P7b6e9a3a|Pc33d2dff|Paf1fb0dd|P1781ca3e|Pc63b58d1,Pbd8cf45f,84460846.0
M561aaa1c,License to Drive,1988,3,90,8000000,en,Comedy,Comedy|Family,2,US,2,C6cbfdb5c|C98c258fd,8,10,False,K223c53b6|K7f4753d9|K14d94591|Kedafcc66|Kc4402d4e|K3dc3ee9e,P267dfb5d|P0c5fd148|P29c8e76d|P26e3f83d|Pad09b284,P19b0e88e,22433275.0
M6e771bbd,My Stepmother is an Alien,1988,4,110,20000000,en,Comedy,Comedy|Science Fiction,2,US,2,Ce6b757ec|Ce118aef9,11,12,False,K4d0bc3a5|Ke0dd090a|K448e218e|Kfaa089eb|Ke508fcd7,Pe236144b|P59339049|P4706e3bb|P0ad01ed1|P41a49491,P4173d81f,13854000.0
M1f65e37c,Off Limits,1988,1,100,12000000,en,Action,Action|Crime|Drama|Mystery|Thriller,5,US,2,C6cbfdb5c|Cdcdd6f28,6,14,False,K7e1398ba|Kb7b43807|K16d14ec6|K434779d5|K3c6f9488,P9a2edffb|Pe7e471d1|Pb08ae3d9|P71a4175c|Pf83802ba,Pdbf37eae,7242035.0
M08653b73,Permanent Record,1988,2,90,8000000,en,Drama,Drama,1,,0,,15,44,False,Kc8aa65cd|K4fcfc4d1|K25a3086d|Kcbf64eb9,P2930db87|P56545216|P30cf53b3|P58ab60cf|P48111838,Pe731fda8,1893139.0
Mffe136c9,Red Heat,1988,2,105,29000000,en,Action,Action|Crime,2,US,4,C6dfc8237|C800a454f|Cb2a3330c,12,14,False,Kd6a05201|K51852249|K9d999169|K9ff6cdc6|Kcf15988c|K011bc215|K0d25991c|K45dbe5a1,Pf3b2f25f|P5e5a423d|P5e53afc5|P80529898|P05d35fbc,P53cf60a7,34994648.0
Me3ffa342,Return of the Living Dead Part II,1988,1,90,6200000,en,Comedy,Comedy|Horror,2,US,1,Cba1dc6cf,17,2,True,Kdffaf2fb|K8dfac82b,P39c1dfa2|P1ce122c5|Peb9b9b6e|P77be0f28|P516a1360,Pa09a107f,9205924.0
Mc901d98f,The Man from Snowy River,1982,1,105,3500000,en,Family,Family|Drama|Action|Western|Romance,5,AU,2,C6cbfdb5c|Cfeed4b53,15,4,True,K118b41af|Kbf16afac|Kd081507d|K193051bb|K241b3a3b|Kaa3784a6|K923f69d4|K0220c882,P140efc20|Pd809a67c|Pb38d031e|P59f40e01|P250895cc,Pc64d95ed,20659423.0
M862df72d,Sunset,1988,2,100,16000000,en,Action,Action|Comedy|Crime|Mystery|Thriller,5,IT|US,3,Ca8eae704|Cfd559055|C69c44ccc,10,3,False,K2e209934|K4e148615|K35fbf0b0|Kb2de85fc|Ke8dd0c41,Pbc324a94|P9d26f5c0|P6ffb425f|Pc7c20b79|P0ecffd57,P73cee68f,4594452.0
M9ee3dc32,They Live,1988,4,95,4000000,en,Action,Action|Horror|Science Fiction|Thriller,4,US,3,Cd7a83b16|Cdbf83370|Ca664539c,47,23,False,K7f284f24|K128ca250|Kbbcbbe27|K435aef64|K0b5096c0,P674edd0d|P4fa7fc5d|P3862977f|P8c697c4c|P441ca639,Pb803aa28,13008928.0
M0707c82f,Twins,1988,4,105,15000000,en,Comedy,Comedy,1,US,1,Cd7a83b16,52,18,False,Kbcbacd58|K702c857c|K0a99c53a|Kfb3be534|K19ea8708|K30c84d2c|K25d82f13|K4ae3171f,Pf3b2f25f|P6f263068|Pd28879e0|P0184a854|Pdafc48f8,P069fb67f,216614388.0
Ma0bfb65b,Always,1989,4,120,31000000,en,Fantasy,Fantasy|Drama|Romance,3,US,3,Cd7a83b16|C9710581c|C7e86926f,7,10,False,K969ef670|K424ad1c8|K877e62a3|Kd653b7f5|K1a11ceb5,P9f4d72a6|P281a5f82|P7f88be6e|Pb4fc86f8|Pe2e50d7c,Pcf894350,74134790.0
M48075f32,The Big Picture,1989,3,100,5000000,en,Comedy,Comedy|Drama|Romance,3,US,1,Cf4478484,39,18,False,K5011ba81|Kcd97a98f|Kfd22eabb,P2aace9ed|P5e792a5a|P13dc1a8a|P35d8608c|P6a2abb1a,Pf4c89087,117463.0
Md835a257,Bill & Ted's Excellent Adventure,1989,1,90,10000000,en,Adventure,Adventure|Comedy|Science Fiction,3,US,1,C2b1996b8,22,12,True,K70733318|K24cf581d|K505fbf8e|K804bfd5b|K5fc71d40|K1ccec8e7|Kac295930|K2595dcc5,Pee0e1556|P21f6a91c|P60cd7cf5|P5413b049|P2ea85841,Pfcc81a78,40485039.0
M2f3eb19d,Black Rain,1989,3,125,30000000,en,Action,Action|Thriller|Crime,3,US,3,C6146f42e|C85384237|C9dce6edb,53,43,False,K94d1fa6a|K2710a3f2|K8f677677,P9485f066|P45c72dd5|P5878989d|Pe9ca302c|P0fea1022,P54540f1f,45892212.0
M5df9d087,Casualties of War,1989,3,115,22500000,en,Drama,Drama|History|War,3,TH|US,1,C52e61c78,11,10,False,K5c0670e8|Ka3c13b6b|K4d3b896d|K19f2e486|Kd2e5bc2f|Kb2c2fb55|K51e02761,P977f7843|Pd76d11b5|P03c87537|Pff2ae6f1|Pcd89be8e,Pb1ee92f6,18671317.0
M4c1e072a,Cyborg,1989,2,85,500000,en,Action,Action|Science Fiction,2,US,2,C2d51ecb7|Cfc6ae2fe,16,20,True,Kf93b4bf6|K1308518c|K89099cca|K8e2e1632|K599144f3|K3c6f9488|K1580f9a9,P7ff40d0f|P3f3d7a36|P709a10d9|Pcb1d82f0|Pdaa6ec7c,P7dbd995a,10166459.0
M8fe57951,Harlem Nights,1989,4,115,30000000,en,Comedy,Comedy|Crime|Drama,3,US,1,C6146f42e,10,9,False,K9df93747|K0d25991c|Kc5c53ac8|Ka2390abe|Kcecc4cee|K202aa1e8,P1c7f1d9d|Pb36299e9|P19b796b0|P13d2dbaa|P4db3595f,P1c7f1d9d,60864870.0
M2aefaef7,Johnny Handsome,1989,3,95,20000000,en,Crime,Crime|Drama,2,US,3,Cb17e9af1|C20dc60b8|C94b9734c,10,26,False,Kab720d41|K526fab99|Kc5b65b8c|K895bdf93|K0ad20bc2|Kb91cc689|K649efc2b|K51a3cf8c,Pc810bfde|P11dff755|P9c10a86e|P52cbfc7b|Pff4e44b7,P53cf60a7,7237794.0
M4e87dff9,K-9,1989,2,100,17000000,en,Action,Action|Comedy|Crime,3,US,2,Cd7a83b16|C8641b7c6,31,48,True,K7e1398ba|K1c0e5389|K34242680|Kf6a651ee|Kd9198f5a|K956eb9ef|Kffef018c|K99c29d22,P5e5a423d|P225d6737|P2f568bc5|P806553c5|P7c1b45a6,Pbd5b818d,78247647.0
M8e495649,Kickboxer,1989,2,95,1500000,en,Action,Action|Thriller,2,US,1,Cd07cc355,15,10,True,K2b5d957d|K1308518c|Kc9b037e6|Kefe0a483|K3ae80f7d|Kdc87c7d5|K85b290fb|K560cac45,P7ff40d0f|Pcc8168d4|Pa2ce6275|P9efb8d3b|P5e0b652a,P7ff40d0f,14697005.0
M9a1e7e48,Leviathan,1989,1,100,25000000,en,Adventure,Adventure|Horror|Action|Thriller|Science Fiction,5,IT|US,3,C8641b7c6|C08cf698c|C1e53a163,13,30,False,K709db681|K30ba46ef|Kaa9e3589|K038c8dca|K0edca959|K4fdd4469|Kd0f4a611|K2238060d,Pd86162cf|P3a2fa534|P71a4175c|P382259a2|Pd3742a92,P1ebeccc3,15704614.0
M91033af6,Little Monsters,1989,3,100,7000000,en,Adventure,Adventure|Fantasy|Comedy|Family,4,US,0,,7,3,False,K038c8dca|Kce877ce5|K5011ba81,P1463c316|Pdbb144bb|Pd3742a92|Pe3fb5126|Pe27e0ced,Pfe60c906,793775.0
M4cf47856,Lock Up,1989,3,115,24000000,en,Action,Action|Adventure|Crime|Drama|Thriller,5,US,4,C6dfc8237|C8641b7c6|C94b9734c,20,20,False,K526fab99|Kdc2daa91|K7eb0a356|K7aa454e1,P468a604c|P38ab614f|P8b3678b6|P9f96d2ed|P575dda13,P186b898d,22099847.0
Md7bef7b5,Look Who's Talking,1989,4,95,7500000,en,Comedy,Comedy|Romance,2,US,2,C6dfc8237|Ce12399c8,8,6,True,K60561435|K808b4a33|K07b14717|Kd6073f4e|Kcbf64eb9|K9a167ee7,Pe91449f5|Pada98783|P0af16de9|Pbcc7fd72|Pbc324a94,Pa351e1f0,296000000.0
Mafd93142,Major League,1989,1,105,11000000,en,Comedy,Comedy,1,US,2,C6146f42e|Cb99e3e4b,19,12,True,K220573b1|Kdc87c7d5|Kcbc1baa7|Kc4337062|Kd73a44ae|K02850a62|K2a107b4c|K423ea3aa,P5ba48ddb|P79a733fb|Pa4aec2b2|Pe3fb5126|P016b24a9,Pdfccf0a8,49797148.0
M57792fdd,Miracle Mile,1989,2,85,3000000,en,Romance,Romance|Science Fiction|Thriller,3,US,2,C96008119|C96403046,18,15,False,K7e1398ba|K01c1572d|Ke63eacc3|K706bcd22|Ka7d35b39|K65351ef5|K64dee69a|K73e20684,P6ad5be64|P5d40c6a4|P3c1372e2|Pdf86be57|P6b0ba4af,P36328106,1145404.0
M1502cc4d,Next of Kin,1989,4,110,12000000,en,Adventure,Adventure|Drama|Action|Thriller,4,US,1,C973d5ff1,53,19,False,,P842640cc|P1b4a1135|P81e8c3c4|P455e5488|P0fd4f855,P1ea93907,15942628.0
Me012dae5,Red Scorpion,1988,4,105,16000000,en,Action,Action|History|War,3,NA|US|ZA,3,C342ffd5b|Ca49b1d04|Cbf7bf380,8,9,False,K3de100c1|K9d999169|K5b049f92|K658fee08|K65cf7a95|K53d67835|K9a16fa02|Ka2dbcd1a,P3a2425fc|Pec05c9df|Pf6a69455|P3ab04337|Padb8ed11,P422bc9b4,4192440.0
Ma6d48a7e,Jurassic Park III,2001,3,90,93000000,en,Adventure,Adventure|Action|Thriller|Science Fiction,4,US,2,C9d5bb40c|C9710581c,15,117,True,Ke62b95f6|K83f5b2e6|K778f963f|K243d823e|Kd0fd3122|K29304af6|K877e62a3|Kb8281719,P5a9109c6|Pe66d9e38|P5d357b0a|P31b12a54|P3abe965b,Pa589cb62,368780809.0
M1e47994d,Brother,2000,3,115,12000000,ja,Crime,Crime|Drama|Thriller,3,GB|JP|US,6,C4612eaa2|C4a04f924|C2a8bc397,12,17,False,K2b5d957d|Kb722db6a|K8e1a72e9|K52883eff|K2710a3f2|K04fcbfff|Kdc3fd4cb|Kcf15988c,P54a2cb21|P76dbfd9b|Pa99042a9|Pe39ea32e|P501f91d2,P54a2cb21,15250000.0
M4ba5c923,Planet of the Apes,2001,3,120,100000000,en,Thriller,Thriller|Science Fiction|Action|Adventure,4,US,3,C6cbfdb5c|C30a4a967|Cef6232f2,23,20,False,K427fb8c0|K546d281f|K876cba1d|K7ad05542|Kec18bf8a|Kfb2845a0|Ka96b9d40|K804bfd5b,P40d10530|P7ee1c6be|Pe42cb422|Pca66871e|Pbe8d5d9c,P9059d147,362211740.0
M57817b74,Cure,1997,4,110,20000,ja,Crime,Crime|Horror|Mystery|Thriller,4,JP,1,C350d802c,15,2,False,K94d1fa6a|K1199c976|K32d43916|K1451c5af|Kabe04825|Kb0b641f3|K011bc215|K35fbf0b0,P85c3c382|Paa57f3a7|Pa35ca4ea|P24d0c7b8|P32353459,P62156ba7,99000.0
M7bf8b640,Wet Hot American Summer,2001,3,95,5000000,en,Comedy,Comedy,1,US,1,C5a50f16f,53,19,False,K193b3455|Kdeabce62|Kd3103f62,P43b9c297|Pfa58448a|P728bb13b|P1e2f635d|Pb33386a7,Pd36b57a5,295206.0
M11dd2d99,Road House,1989,2,115,15000000,en,Action,Action|Thriller,2,US,3,C7e86926f|Cd93e7bd8|Cd36ef9f0,28,10,True,Kfa895068|K2912b9a3|K4d23e9ec|K9627f0af|K9a16fa02|Kcecc4cee|K0b5096c0,P842640cc|P7d97d382|P6c1d6a47|P7cabd3bc|Pbd7e1f93,Pcab14d0f,30050028.0
M3ca5384e,Sea of Love,1989,3,115,19000000,en,Drama,Drama|Crime|Mystery,3,US,1,C39583b6e,12,7,False,K33e09618|K30ba46ef|K511491fa|Kb1aa9b34|K29e6a2b4|K60686471|K33751f28|K0d25991c,P13753a9d|P11dff755|P7f88be6e|P12f4936d|P37d43732,P633cc321,110879513.0
Mc2601de6,"See No Evil, Hear No Evil",1989,2,105,18000000,en,Crime,Crime|Comedy,2,US,1,C6dfc8237,33,18,False,Kd57e20ca|Ke8f49a6c|K30c774bd|K8c892a2d|K5011ba81|K35fbf0b0|Kdd8d7da8,Pb36299e9|Pd34be705|P3b116967|Pf21f3bf1|P1193c780,P967a299d,46908987.0
M76c90782,Three Fugitives,1989,1,95,15000000,en,Comedy,Comedy,1,US,2,C0532621e|Ce86f99f4,7,4,False,K71bf1fc9|K5ef5e3d1|Kcec27f06|Kb4e71443,Pe28239f5|Pb2cc6074|P219b9809|P27f9bfda|P14b9a172,P445904c8,40590000.0
M32d75753,The Wizard,1989,4,100,6000000,en,Adventure,Adventure|Comedy|Drama|Family|Romance,5,US,1,Cd7a83b16,12,2,False,Kda3a8325|K3ea5ce14|Kc2b5e04a|K09d6b411|Kf3892b74|K60afb9b2|K0f8bfdb8|K355d3705,P1463c316|Pd15c35b0|Pac202943|Pd9f4bddb|Pdfdc4736,P1a992578,14278900.0
M575210a5,The Cotton Club,1984,4,125,58000000,en,Music,Music|Drama|Crime|Romance,4,US,3,C2b1996b8|C425af8e3|C4854bf9a,32,17,False,Kc42414c8|K7cc671fa|K965d2159|Ke864e2ff,Pb8c4c754|Pe7e471d1|P938e6548|P44deca6a|P09ae177a,P47881235,25928721.0
Mfa7c069f,Original Sin,2001,3,120,42000000,en,Thriller,Thriller,1,FR|US,7,Ccdc52bf4|C9ecbdc9b|C015707fe,10,11,False,K4cbeb026|K511491fa|K3d95dcb2|Kb8ac4260|Kbf75451f|K139c17cb|Kba03fc3c|K4a55f24b,P9e58b7cf|Pd761e806|Pab728350|P8c6bcccc|Pda3317a6,P62673c5f,35402320.0
M1ecb9394,The Princess Diaries,2001,3,115,37000000,en,Comedy,Comedy|Family|Romance,3,US,3,C72b723b8|Cbc5dec13|C3ca3b12a,85,10,True,Kda0c4a9e|Ka6f15f13|K25a3086d|Ke5d6abed|K66ef882a|K8e4844b2|Ke6c41798|K2d8d089b,Pfd2a74e7|P81dc151c|P5849f6b9|P4591e634|P06f53013,Pccbd9923,165335153.0
Mb93eaeb7,Rush Hour 2,2001,3,90,90000000,en,Action,Action|Comedy|Crime|Thriller,4,US,1,C6988cd6a,16,10,True,Kd6073f4e,Pcfb2c9bb|P789f5166|P552b9995|Pedb6866a|P2c55688a,P781658fe,347325802.0
M5f6d5d3d,Altered States,1980,4,100,15000000,en,Mystery,Mystery|Drama|Fantasy|Science Fiction|Thriller|Horror,6,US,1,C3e7bdc8f,20,26,False,K1fc61028|Ka7984eec|K1451c5af|K71b54ee7|K60686471|K5d4be2c3|Kd76cca5b|Kca0f1cb3,P9cf8177c|P6bb04de9|P0fdd69df|P34a2db0d|Pc7141e2e,P6319e3ec,19853892.0
Mbda9c8a1,American Pie 2,2001,3,110,30000000,en,Comedy,Comedy|Romance,2,US,3,Cd7a83b16|C6d36e4ce|Cb6c0f7b7,89,109,True,K511491fa|K35845391|K37228ca6|K39c0f1a8|Kbeffda7e|K68ef6662|Ka694450c|Kfa24848c,P3f2c2df0|Pf604a1f6|P7f8c65a4|P7a5b3bd7|P4794dec8,P70549859,287553595.0
Mf23da2b2,Osmosis Jones,2001,3,95,75000000,en,Adventure,Adventure|Animation|Action|Comedy|Family,5,US,3,Cabe2e2f8|C6b31c114|C3e7bdc8f,8,65,False,Ke02b0841|K22afad42|K29198b47|Kde70aa5b,P560244ba|P05d35fbc|Pfa58448a|P7ec6a609|Pfe130811,Pb3499efe,13596911.0
Mb304e99c,American Outlaws,2001,3,95,35000000,en,Action,Action|Western,2,US,1,C8679e149,15,11,False,K27d5bfeb|Kd081507d|K6bf58623|K7ce426de|K1faeef01,P7b34c4be|P89b363ce|P5f77d0b4|Pdf6df1b0|P17a28407,P5b2f2e43,13678913.0
M4c2996f7,Session 9,2001,3,100,1500000,en,Horror,Horror|Mystery,2,US,3,C2020f7d5|Cf6acbb08|Cfc8c34ec,9,31,False,Ke126f69b|Kafc0d0cd|K99fe2dfb|K1ccb81b9|Ka127aed2|K2b3bfa3a|K225af31b|K1ec34a52,Pe4f71194|Pdafc48f8|P48ce7d00|P336346ff|P30482176,P5aec6bd6,373967.0
M5bfd802e,Rat Race,2001,3,110,48000000,en,Adventure,Adventure|Comedy,2,CA|US,3,C6146f42e|C7eb18eec|Cca6a6893,20,14,False,Ke33fde63|K34c58965|Ke0a2a1bf|K4709b558|K355d3705,P091308ba|P41a49491|P9bab5900|Pd8f5904f|Pe6321c84,P577eabec,85498534.0
Mc2c54d12,Jay and Silent Bob Strike Back,2001,3,105,22000000,en,Comedy,Comedy,1,US,3,C07f90652|C71ce43ef|Cb48e5b8f,29,117,False,K4e49a65a|K4cb1beed|Ka58ba884|K77f74cb6|Kd9f43202|K09ed6fe3|K5a33d6f2|Kabd7fe3c,P7e090b5e|P6d1560b2|Pcde62a4b|Ped4e8b25|P8c09e3e1,P7e090b5e,33788161.0
M744d66b7,Ghosts of Mars,2001,3,100,28000000,en,Action,Action|Horror|Science Fiction,3,US,3,Ceba6d050|C71edaba6|Ca896f0ec,21,24,False,Kf931b9bc|Kc54ee3eb|K1b9c8f97|K8f3a6e9d|K77c8e28e|K0c51c93a|Kddfe5f13,P71423043|Pabc55b2b|P4b27ca24|Pa17129d8|Pea553968,Pb803aa28,14010832.0
M86d72af1,Summer Catch,2001,3,110,34000000,en,Drama,Drama|Comedy|Romance,3,US,2,Ceb7a7765|C3e7bdc8f,9,2,False,Kfbde6d20|K220573b1|Kdc87c7d5|K0caa4089|K35845391|Keec6e143|Ke578b0ae|Kfdbd53f1,P08577d2f|Pe2235564|Pb08ae3d9|P20c64aeb|Pabff7fb3,P7c99a637,19693891.0
Mbffedf74,Jeepers Creepers,2001,3,90,10000000,en,Horror,Horror|Thriller,2,DE|US,5,C7e86926f|C947c3de9|C3b0472c8,16,87,True,K4f1bb2e0|Kc1293130|K09d6b411|K16600711|Kfcbf608c,Pfc553855|P3d8c4551|P08af8ed4|P1e5aee9c|Pd7cfcf93,Pf835a0b8,59217789.0
M0350d8b1,Vamp,1986,3,95,1900000,en,Comedy,Comedy|Horror,2,US,2,Ccff6c5f0|C7058e46e,23,16,False,Ka7984eec|K60686471|Kffb9e482|K2e0aac28|K00ee119f|K35fbf0b0|Kd3103f62|K6a3cb94b,P79567fb2|P554f9089|Pcf25905e|P584f899b|P4fcf814d,P759b57e3,4790926.0
M4b474099,The Musketeer,2001,3,105,40000000,en,Action,Action|Adventure|Drama,3,GB|US|DE|LU,8,C4e8acbb2|Cc0ab0abf|Cde244dcf,15,116,False,K6a356631|K8e2e025f|Kf3b60d20|K881f3fa7|Ka6dd6393|K66ef882a|K3ef85819|Kfd1da9ef,P7d3d0982|Pc6e94d6b|Pb968a7ba|P7ee1c6be|P9bc7650b,Pc2c37f32,27053815.0
M1c6fdb3e,Rock Star,2001,3,105,57000000,en,Music,Music|Drama|Comedy,3,US,5,C878cc91e|C3e7bdc8f|C0f74b7ab,16,10,False,Kdaf3dc08|K36437c68|K0504c0e0|K5fc71d40|Ka27c80f8,P40d10530|P0151a8e9|P13c6deee|P706b881f|Pc66ecec1,Pfcc81a78,16991902.0
Mc63aa842,L.I.E.,2001,1,95,700000,en,Drama,Drama,1,US,0,,9,4,False,Kd3103f62,P6d085933|P829bbe4b|P7df79f5c|P51381776|Pcbb7a621,Pc5fcfc7e,1667192.0
M989323b5,The Glass House,2001,3,105,30000000,en,Drama,Drama|Thriller,2,US,1,C7f4b55db,19,49,False,Kc2b5e04a|Kee199654|K44b419b3|Kca0f1cb3|K92b39d7d|K4b112d80|Kd40899dc,Paa86d2b1|P938e6548|P10291a37|Pdba508fc|Pe8359aa6,P14907279,23619609.0
M783a7407,Hardball,2001,3,105,32000000,en,Comedy,Comedy|Romance,2,DE|US,4,C6146f42e|C26cf9262|C28eefba0,21,11,False,K0c50837f,Pee0e1556|P938e6548|P2c31c831|P6562d69e|Pfab4aa23,P416cd319,40222729.0
M68073cb8,Big Trouble,2002,2,85,40000000,en,Action,Action|Comedy|Thriller,3,US,1,C0532621e,33,6,False,K741ee0b7,P7e44f8c4|Pc3561a4c|Pa3b62736|P2e4d1f59|P5616da73,P7d51e148,8493890.0
Mae67683a,Glitter,2001,3,105,22000000,en,Drama,Drama|Romance,2,US,5,C6cbfdb5c|C3dcb868e|C52e61c78,9,12,False,Kdd9ed465|Kee6d5712|K6c9829d9|K69162ea8,Pa7dffdb9|Pd63f3647|P584f290b|P5dd59bb5|P5e1a32fd,P785255e5,5271666.0
Mc76c77f1,Training Day,2001,4,120,45000000,en,Action,Action|Crime|Drama|Thriller,4,AU|US,5,C1246c604|C57c68451|C3e7bdc8f,14,20,False,K51852249|K52883eff|Kc9d5bef6|Kcf15988c|Keb5e7681|K3511e608|K062fe34c|Kd705a36b,Pbbc37df2|P598f6582|Pf83802ba|P5ba48ddb|P5d7cd16a,P0efd056c,104876233.0
M22415d51,Sidewalks of New York,2001,4,105,1000000,en,Comedy,Comedy|Drama|Romance,3,US,1,Cfd5a68d0,8,8,False,Kd3103f62,Pd6f7c718|P26e3f83d|Pefe166d2|P9ee61e4d|P61e1b201,Pd6f7c718,2402459.0
M39a96b15,Play Misty for Me,1971,4,100,725000,en,Crime,Crime|Drama|Romance|Thriller,4,US,2,Cd7a83b16|C27c08183,15,11,False,K7fa4f963|K4b802e88|Ke55126ae|Kfd106a53|K597e298b,P6f65c5ac|Pf41a3c60|P8191b6a4|P423e69c7|P100ccc56,P6f65c5ac,10600000.0
M3426b308,SpaceCamp,1986,2,105,18000000,en,Family,Family|Adventure,2,US,1,C372b8c8d,8,3,False,K846673e8|Kfae7a03b|K23fc9730|K86385cf0|K18ebf7fb,P5878989d|P4c1d4fe7|Pd28879e0|P6e3a4ffa|Pdfff36db,Pefafa94f,9697739.0
Mde79c819,Hearts in Atlantis,2001,3,100,31000000,en,Drama,Drama|Mystery,2,AU|US,3,C1246c604|Ce4e76224|C3e7bdc8f,14,7,False,K63327ad9|Kf5d2e27f|K281686dd|K476d3e93|Ka807be0a|K1797df49|Kf6c33d31|K969368d5,Pdff627c7|Pd1cdca42|Pe8b36871|Pda703e7e|P45b0b121,Pab4ba709,24185781.0
M39972b2b,Zoolander,2001,3,90,28000000,en,Comedy,Comedy,1,DE|US,9,C6146f42e|C1246c604|C57c68451,104,95,True,K3e6e0b4a|K511385c1|K326cf271|K2a46c827|K67c24c6e|Kdf9de628|Kb63f857f,Pd29fc0d4|P66e0e26d|P01ef4b1d|Pc488f7aa|P7ba65775,Pd29fc0d4,60780981.0
M10a09828,Joy Ride,2001,4,95,23000000,en,Mystery,Mystery|Thriller|Drama,3,US,5,Cc2c73c36|C015707fe|C86dceb6f,28,15,True,K88b30e7b|K5011ba81|K4b802e88|K0cebe369|K1d99025a|Kd4d115ac|K8dd10c70,P2a4182bf|Pbbb2aadf|Paa86d2b1|Pc81834a5|P25b30f73,Pcb706474,36642838.0
Mbb69dcae,Serendipity,2001,4,90,28000000,en,Comedy,Comedy|Romance,2,US,3,Cf8f92f7f|C0dd933c9|C1d61164e,19,27,False,Kdd4cdb43|Kfa895068|K2cf201da|K1723ffdc|Kc4a16dfb|Kfef45c5b,Pe00a4034|P1210b4c7|P4c8a2eee|P55688699|Pbff7fdac,P1fe13db1,77516304.0
Mc19a7234,The Big Red One,1980,2,115,4500000,en,Drama,Drama|War,2,US,1,Cccbfd50f,16,7,False,Ke2c03db7|Kc6fe0868|K37a6001f|Kafa7641b|Kaeff569f|Kc9e6f895,P4b833ac9|Pc588bb5f|P40f741d4|Pef0cb251|P9dcd4672,P06255ec0,7206220.0
M8d728e7d,Coal Miner's Daughter,1980,1,125,15000000,en,Drama,Drama|Music,2,US,1,Cd7a83b16,21,17,False,K27c90c92|Ka5e5d456|K4385ab38|K76450b8a|K3c33a2be|K56c28309|K8af1c937|K3af41f7a,P45da86ac|Pb23773f6|P396259e8|P5e6f1657|P35201528,Pbc390e3a,67182787.0
M19c27484,Bandits,2001,4,125,75000000,en,Action,Action|Comedy|Crime|Romance,4,US,7,Cf1e5dfa2|C015707fe|C3a658986,10,104,False,K526fab99,Pbc324a94|P08e0c086|P7ee731d8|P95355ddf|P62dd3150,P88a4894e,67631903.0
M160f43a7,Corky Romano,2001,4,85,11000000,en,Action,Action|Comedy|Crime,3,US,2,Caef19b2e|C0532621e,15,3,False,,Pd1c9c73a|Pf6a80736|P83cb9f56|Pb1ff26d6|Pdc204d2a,P4c327e08,23978402.0
M4b403664,Mulholland Drive,2001,2,145,15000000,en,Thriller,Thriller|Drama|Mystery,3,FR|US,5,C5f7c3bc9|C31404357|C28c4818a,71,17,False,Ke126f69b|K1fb4ebf8|Kf687e8e6|K83e2e77f|K0514142d|K59cab57a|K10f8d267|Kdbd8b8b9,P8ea19000|P8b20e37f|Pf0803c3c|Pe4f91ee4|P55160022,P975982f4,20117339.0
M58a2e121,Bones,2001,4,95,10000000,en,Action,Action|Horror|Thriller,3,US,1,C6988cd6a,9,7,False,Kfe6fb0dc|Kcf15988c|K9dfcf494|K95034136|K0ad56e35,Pfcd96401|Pea553968|Pd629f094|Pccbad079|P34fa7d6d,P2584778e,7316658.0
Mcef98074,Dirty Harry,1971,4,100,4000000,en,Action,Action|Crime|Thriller,3,US,2,C3e7bdc8f|C0ad4e5f3,48,30,True,Kc2ed15d1|K2c1bbb24|Kb1aa9b34|Ke0fff442|K3f95dd34|K0c24b3e3|K2f8d3554|K9136e8a9,P6f65c5ac|P1c2586ee|P608f831c|P624a2b3d|P18b16825,P412a83d7,35976000.0
M39484a74,Fiddler on the Roof,1971,4,180,9000000,en,Drama,Drama|Romance,2,US,3,C7e86926f|Ccc5cc99b|C7ae1cd14,41,35,False,Kaadbd93b|Kf8baada2|K965d2159|K42135c15|K4281ec01|K3676f124|K27944eb3|Kdfdab5f8,P72cea7a1|Pba5fcc3e|P8c645486|P3d765c7e|P1b780b54,P2a304f59,83304330.0
M81752148,The Last Castle,2001,4,130,72000000,en,Action,Action|Drama|Thriller,3,US,1,Cfa01eb95,11,15,False,K526fab99|K9a948f66,P81f38d6e|P87a98968|P282469c4|Pb62e3044|P1b3c94e0,Pb5992745,27642707.0
M60636a4f,Riding in Cars with Boys,2001,4,130,48000000,en,Comedy,Comedy|Drama|Romance,3,US,1,Cf4478484,17,6,False,K808b4a33|K126f9f16|K0be16708|Kf8baada2|K65612631|Kbe604f09|K9b4b8a12|Ka43fbb3a,Pe0243597|P2a4182bf|P32c0cbb2|P61e1b201|P5c436162,P9c01178d,35743308.0
M9d4d3b4e,K-PAX,2001,4,120,48000000,en,Drama,Drama|Science Fiction,2,DE|GB|US,4,Ccdc52bf4|Cf77e90b3|C578e9e9b,30,58,False,Kc5b65b8c|Kf8baada2|Ke6ffbdf3|K011bc215|K35fbf0b0|K4d0bc3a5|Ka69f7dd5|K5cfd6def,Pdfa9d578|Pf21f3bf1|P078cf4d1|Pb348fa32|P30ecb92f,P292ea6d7,50315140.0
Mfa5f917c,Donnie Darko,2001,1,115,6000000,en,Fantasy,Fantasy|Drama|Mystery,3,US,4,C2a68b907|C6cbfdb5c|Cf811e59d,28,35,True,K01084bd3|K877e62a3|K804bfd5b|K2595dcc5|K5fc70480|K61503241|K838ef4ab|Ka9501200,P536a41bf|P7d81cf61|P842640cc|P3ded3528|Pe0243597,P4d3c204b,1270522.0
Mf6c9801a,Domestic Disturbance,2001,4,90,75000000,en,Mystery,Mystery|Thriller|Crime,3,US,1,C6146f42e,9,8,False,Ka3c13b6b|K1624771e|K9c59ecaa|Kddcea65c|Keed87833|K2d5b6229|K35fbf0b0|K33dc8956,Pe91449f5|Pe5898b7e|Pf3518582|P8f6d12ca|Pa887b05b,P633cc321,54249294.0
M2c5f7f10,"Monsters, Inc.",2001,4,90,115000000,en,Animation,Animation|Comedy|Family,3,US,2,C72b723b8|C5f1dc623,53,242,True,K038c8dca|Kb974bb0a|K152802bd|K926ca99f|Ka2390abe|K96d9a8a9|Kc9e5c2e6|K4b8c9492,P7f88be6e|Pfa741633|P6fd82961|Pa887b05b|Pd2d9e6d7,Pb4e46c51,562816256.0
M8da412ab,The One,2001,4,85,49000000,en,Action,Action|Science Fiction|Thriller,3,US,4,Cf4478484|C98fdcebd|Cfc1069e9,19,77,False,K06357137,P9e0754f2|P4b27ca24|P20f57bc9|P1b3c94e0|Pce8efadb,P3b48ec2c,72700000.0
M0458a22a,Tape,2001,1,85,100000,en,Drama,Drama,1,US,5,Cb3219ad7|Cf9a0d8fc|Cbed940b5,3,2,False,K489cee79|K30ba46ef|K511491fa|K70733318|K08665fa5|K526c2540|K443b5d4d|K7a3e26a4,P8a49c60a|P598f6582|Pe8efa241,P6f0ffd49,490475.0
M350bb09f,Shallow Hal,2001,4,115,40000000,en,Comedy,Comedy|Romance,2,US,1,C6cbfdb5c,19,14,False,K39a824af|Kf9183e59|Ke6ffbdf3|Ka41a706f|Kef70da46|Kf33fa133|Kf707c5ad|Kdbe591c3,P0affa6f4|P72d7d3b1|P7b3419a4|P471ce33f|P74d6ac27,Pb3499efe,141069860.0
M38ae28b3,The Wash,2001,4,95,7000000,en,Action,Action|Comedy,2,US,1,C78367188,9,2,False,K511491fa|K7a3e26a4|K4fcfc4d1|Kb3c077ed|Kaa232171|K86315a24|K44215587|K4f9a997b,Pea141968|Pfcd96401|Paf733b25|P54e47a49|Pa8b15683,Paf733b25,10229331.0
M36aefcda,Harry Potter and the Philosopher's Stone,2001,4,150,125000000,en,Adventure,Adventure|Fantasy|Family,3,GB|US,3,Cd05b6468|C3e7bdc8f|C6c10da85,58,134,True,K55cfa8fb|Kfee0b656|K79547cd1|K4d66eb3b|Ke7186c43|K03a83b12|K786baa11|K489ed63a,Pa9ffe9b7|P7aef44db|P187f1470|P31f710a3|Pdcf7d7b4,P17f6230f,976475550.0
M373ba54e,Novocaine,2001,4,95,6000000,en,Comedy,Comedy|Crime|Thriller,3,US,1,C1a3a5b28,37,21,False,K35fbf0b0|Kd3103f62|Kd9198f5a|Kb3e00e69,Pd999c03a|Pa4708d8a|Pbdc89d4d|P47ed64c4|P863d0596,Pbbcb972e,2025238.0
Ma5dd7d70,Out Cold,2001,4,90,24000000,en,Comedy,Comedy,1,US,4,C475937d3|C3b4ef1a3|C015707fe,11,5,False,K98810218|K30ba46ef|Kc1457fdc|Ke09d99ff|K421b6404|Kf21aa5e0|K877e62a3|K3affd9f7,P3b1bf6d0|P3b6e8d91|P27550147|P41ac7131|P842eb32b,Paed686dd,14782676.0
M76e24802,Spy Game,2001,4,125,92000000,en,Action,Action|Crime|Thriller,3,GB|US,6,Cd7a83b16|Cd4fd11b6|C521095af,14,32,False,K33b2d0b2|K2f674d5e|K4d54a5a1|K9d999169,P81f38d6e|Pc5fe07a1|P9890879c|Pd7be9752|P80bec45d,P1d6141ee,143049560.0
Mb3ac8200,The Devil's Backbone,2001,2,105,4500000,es,Fantasy,Fantasy|Drama|Horror|Thriller|Science Fiction,5,ES|MX,5,Cd0fb9e22|Cb49dab8b|C0ba862fd,13,12,False,Kf10ad044|K511491fa|K7a3e26a4|K60686471|K65cf7a95|K5ebde1b5|Kb517b1a9|K9a16fa02,Pd4807822|Pe34b3201|Pe5a59b94|P72b1992a|P3657d00f,P2b09a029,6459020.0
M772991a9,Subway,1985,2,105,2000000,fr,Action,Action|Thriller,2,FR,1,C47d534f6,8,7,False,K24eec40f|K8e1a72e9|K253334af|Kf60e6e9a|K50f0ee0b|K8dfa302b|K956eb9ef|Kd43a11bb,Pb9e3ec44|P67b39fba|P2749066b|P968e3e2c|P51b0cbac,Pad9f53b5,390659.0
Ma2561edf,The Last Wave,1977,1,105,810000,en,Drama,Drama|Mystery|Thriller,3,AU,1,Cf6f887b8,9,12,False,Kf8baada2|Ke30f40a7|Kcf60ec2b|Kee9373a7|K241b3a3b|K7f91459d|Kd2e5bc2f|K7da32c41,P2f92d106|P6fa72cb9|Pd9e657fa|Pe6357d53|Pcbd67b8a,P02b6bc1a,1258000.0
M9c2e2140,Flash Gordon,1980,3,110,35000000,en,Science Fiction,Science Fiction,1,US,2,Ca308e3f2|C931cc075,19,14,False,K4cd89d42|Kd13fe849|K2f880fce|K7ccad698|Kde84f630|Kf743e542|Kc26b1a77|Kdbe6d9ae,Pf499831e|P84c9a481|P63524ef0|P72cea7a1|P3a78ff8a,P78278ab6,27107960.0
M2e5a8980,The Enforcer,1976,4,95,9000000,en,Action,Action|Crime|Thriller,3,US,1,C3e7bdc8f,15,6,True,K2c1bbb24|Kf0c3da3c|K1e247995|K81afcd34|K1df5d6b0|Kf8396fb1,P6f65c5ac|Pf392251c|P1c2586ee|P8c0a066e|Pfe84510b,Pc0c6544c,46236000.0
Mbdd9619a,The Gauntlet,1977,4,110,5500000,en,Drama,Drama|Action|Crime|Thriller,4,US,2,C27c08183|C3e7bdc8f,11,20,False,Kc2ed15d1|K1199c976|K7e1398ba|K2e209934|Kfd546110|K0c24b3e3|Kc2b726dd|K013a553e,P6f65c5ac|P4edf7c42|Pc63b58d1|P619b2a03|P4558953b,P6f65c5ac,26414658.0
M30221a37,Lone Wolf McQuade,1983,2,105,5000000,en,Action,Action|Crime|Drama|Romance|Thriller|Western,6,US,3,Cc0267ae4|C8d47eeaf|C44357749,23,41,False,K1308518c|K6d7db2b4|Kf6d4d5a6|K4869d83d|Kc9b037e6|K9a1562f0|K3802909b|K543489ca,P5b4d5eba|Pe1d9889c|Pfab46d49|Pd127957f|P5b7c0f90,P1581f6bc,12232628.0
M2601c62d,Sudden Impact,1983,4,115,22000000,en,Action,Action|Crime|Thriller,3,US,1,C3e7bdc8f,17,14,True,Kee36b977|K00ee119f|K31543a8d|Kf8396fb1,P6f65c5ac|P4edf7c42|Pc63b58d1|P8c0a066e|P87bd83c4,P6f65c5ac,67642693.0
M3ed8d23d,Behind Enemy Lines,2001,4,105,40000000,en,Action,Action|Drama|Thriller|War,4,US,2,C6cbfdb5c|C98c258fd,19,52,True,K7e1398ba|K613cd66a|K0c24b3e3|Kbf720ed8|K9c5003b4|Ke2b7a849|Kb8281719|K66331d63,P66e0e26d|Pa3cf7c55|Pdf6df1b0|P80fd214f|P5793e735,Pd01865f1,91753202.0
Mfce0c798,Ocean's Eleven,2001,4,115,85000000,en,Thriller,Thriller|Crime,2,US,6,C1246c604|C2f946fee|C57c68451,23,121,True,K526fab99|K8f7e11ed|K2e0aac28|Kcf252581|K603db90a|Kaabd478a|K309b728a|K3f478845,Pd4551c6e|Pc5fe07a1|P9d23789b|P45c72dd5|P9195777d,Pd886c47f,450717150.0
M3f414faa,Amélie,2001,2,120,10000000,fr,Comedy,Comedy|Romance,2,FR|DE,9,C5af7551b|Cb4b4844e|Ce7f0fc08,55,80,False,K24eec40f|Kde32259e|K1a95ba80|Kf6996907|K489cee79|K990917be|K137adf5c|Kdcee5d60,P32a43c7b|P410b53e5|P75c03fad|P437afb2c|P8fe64dcf,P649904b4,173921954.0
M218c4f41,Not Another Teen Movie,2001,4,90,16000000,en,Comedy,Comedy,1,US,3,C7f4b55db|C52e61c78|C9e73f13a,96,29,False,Kcc576f2d|K2ff372ca|Ke6244421|K25a3086d|K78abbdae|Ka9306de8|K2ec4a374|Kb9a6319c,P49254014|P8164fa59|P8732f807|Pb66a28ad|Pddceec1c,P48b478e2,66468332.0
Mee9a3de2,The Royal Tenenbaums,2001,4,110,21000000,en,Comedy,Comedy|Drama,2,US,1,C0532621e,14,35,False,Kdcf0ed6d|K70acbef7|Kc8906f3c|K8d86fd42|K3704155c|K4e2bb6af,Pa3cf7c55|P8c0c45c1|Pd29fc0d4|P0affa6f4|P65676666,Pf67b3ebf,71441250.0
Maf2022ff,Sheena,1984,3,115,25000000,en,Action,Action|Adventure|Comedy|Fantasy|Science Fiction,5,,3,C52e61c78|Cd569edf9|Cfe7ec7ad,8,5,False,Ke2c03db7|K13a62eac|K84348ea3|K5e392f78|K30914744,Pea760a43|Pfbdd006d|Pc6856ca1|P8f7e5dfc|P856d8723,Pa579fc87,5778353.0
M2338ed63,Silent Rage,1982,2,105,4500000,en,Action,Action|Horror|Science Fiction|Thriller,4,US,2,C52e61c78|C44357749,10,17,False,K1fc61028|Ka7984eec|K1308518c|K6d7db2b4|K2e209934|K27d5bfeb|Kf6d4d5a6|K60686471,P5b4d5eba|P4b4903cd|Pb593e9a1|P85ff270b|Pa3bc9505,P81606e98,10500000.0
Ma94387f7,Spacehunter: Adventures in the Forbidden Zone,1983,2,90,15000000,en,Adventure,Adventure|Science Fiction,2,US,3,C52e61c78|C341f2055|Cd569b301,8,16,False,Ka934a10d|K998c4175|K8e4a8494,P42cf3bd9|Pa3139a87|P36374ee9|P382259a2|P6cfca912,Pecde872b,16500000.0
Mbda3ddaf,How High,2001,4,95,12000000,en,Comedy,Comedy,1,US,3,Cd7a83b16|Ca1800b09|C76b47e9b,10,70,False,K291743ca|K2f7092f1|K67237633|Kd6576785|K35e5d05e|Ka21fedad|K4e408e8a|K3e79bd56,Pfaaaf9de|P30adae71|P5f36658f|P885c0e0e|P050808ce,P6f86775f,31155435.0
M6eba4e7d,Jimmy Neutron: Boy Genius,2001,4,85,25000000,en,Action,Action|Adventure|Animation|Comedy|Family|Fantasy|Science Fiction,7,US,3,C507cfe58|Cacf1ccaf|Cbd577dde,23,18,False,K2e209934|K73aca268|Kc720e141|K357b9c0d|K4d0bc3a5|Kb8281719|K0a06d8dd|K4ce171fe,Pa5eb7b91|P2780d199|P3f0b2f07|Pb55c66cd|Pd0abc51d,P33b5dc9b,80936232.0
Me0c6d9b6,The Lord of the Rings: The Fellowship of the Ring,2001,4,180,93000000,en,Adventure,Adventure|Fantasy|Action,3,NZ|US,3,Cfa9f1be7|C6988cd6a|C5fe1f969,26,30,True,K82d85bd6|K743ae960|K98f12e70|K62b46e1c|K38519a3c|K1451c5af|Ke09d99ff|K63549e00,P6f0b74b5|P6ada0366|P7ee731d8|P8e74e958|Pa0abef07,P715cf7f1,871368364.0
M2c65871c,The Majestic,2001,4,150,72000000,en,Drama,Drama|Romance,2,US,4,C1246c604|Ce4e76224|C57c68451,17,28,False,Kc2b5e04a|Kf96aca73|Ka77deba2|K040a1fcd|Kcd97a98f|Ka43fbb3a,P3831e867|Pf5453513|Pcc2ebe72|P5e0e9ca9|Pddf4576f,P07c43f5f,37317558.0
M0ca39726,Ali,2001,4,155,107000000,en,Drama,Drama,1,US,1,C52e61c78,56,32,False,Kd6a05201|K8e05e851|K53c130d2|K4385ab38|K99a79121,Pf5e36785|P20c8297f|Pb3cd0383|P01a56f32|P4b4903cd,Paa8ef28b,87713825.0
Mfbbd1ea1,Black Hawk Down,2001,4,145,92000000,en,Action,Action|History|War,3,GB|US,3,C4fb6882a|C98fdcebd|Cd5a1e1a6,34,156,False,Ke3d2a5d6|Kb17aae8e|K8720c3f2|Ked259e49|K9101fa5c|Kcc33cda2|K96fd9080,P28304cc9|P5d50695a|P7c2203eb|P575dda13|P416ef296,P54540f1f,172989651.0
M1568c241,Yentl,1983,4,130,12000000,en,Music,Music|Drama|Romance,3,GB|US,3,C7e86926f|C6904b44e|C0d3630e8,7,9,False,Kee9a8bda|K4fcfc4d1|Kb9a41c4a|K547bb331|Kb803ee48|Kcbf64eb9,P1484ef85|Pca8141b8|P7697666b|P1d32a662|Pa9532af6,P1484ef85,30400000.0
Md0dc04d7,Gosford Park,2001,4,135,19800000,en,Drama,Drama|Mystery|Thriller,3,DE|GB|US,1,Cf6acbb08,30,21,False,K4e383866|K9bddb5a5|Kd1456531,P2076b2ad|P0707f4cd|P12f8d604|Pa233bc31|P6f5f734d,P513294b5,87754044.0
M5b5d6d24,I Am Sam,2001,4,130,22000000,en,Drama,Drama,1,US,1,C6988cd6a,38,42,False,Kefc3ad50|Ka9d0609c|Keb66d646|K74a29c7f|Kcc53aa91|Kbea31162|K63234882|K93ed811d,Pd76d11b5|Pe39be12b|P7e094d76|Pda09c683|P8c8ccd85,Pdcc83b17,92542418.0
M723903ce,Monster's Ball,2001,4,110,4000000,en,Drama,Drama|Romance,2,US,2,Cb61eea90|C0e9f010d,18,21,False,Kd06882ca|K94f985a9|K01084bd3|K2b63af85|K301a8417|Kfa895068|Ke971e14e|Kaf438612,P1de24948|P08e0c086|Pb2b54035|P26e9a23b|P35a053ac,P6621f3f1,44909486.0
M8757a759,Silent Trigger,1996,2,95,15000000,en,Drama,Drama|Action|Thriller,3,CA|GB,5,Cc58b2d2e|Ce2106496|C60b88a36,4,2,False,,P3a2425fc|P3f13cd24|Pa6cbf436|P62a15e01,P90d9e51d,76382.0
Mf33a4510,Brotherhood of the Wolf,2001,1,135,29000000,fr,Adventure,Adventure|Horror|Action|History,4,FR,6,Ce4f77d56|Ce1dc7996|Cc7ffd06c,21,45,False,Ka7984eec|K5c0670e8|K60686471|K35fbf0b0|Kda5d0fe2|K0014db0b|Ka2f91569|K3c6f9488,Pc52e9ac6|P11383cde|Pa5c2f671|P9ab3ffdf|Pf3b7bb76,P12f09299,70752904.0
M5be1ff9c,Another 48 Hrs.,1990,2,95,38000000,en,Thriller,Thriller|Action|Comedy|Crime|Drama,5,US,1,C6146f42e,15,7,True,K526fab99|Ke63eacc3|Kcf15988c|K011bc215|K3802909b|Ka82ab652|K58378910|K3f264905,P1c7f1d9d|Pe28239f5|P91c624f3|P2f568bc5|P5e53afc5,P53cf60a7,153518974.0
Mc4356253,Conan the Destroyer,1984,2,105,18000000,en,Adventure,Adventure|Fantasy|Action,3,US,2,C9d5bb40c|Cb0d57a09,11,64,True,K53b55802|K37f20444|K79547cd1|K21bae33a|K50e22a50|Ke3c6e159|K66ef882a|Keba12322,Pf3b2f25f|Pd99b83cd|Pe4d12a27|Pdf3f10fc|Pc58901fa,Pa40a74b9,100000000.0
M80609d91,Fire and Ice,1983,1,80,1200000,en,Animation,Animation|Fantasy|Science Fiction,3,US,2,C9109da00|C115cf462,14,14,False,K8a951deb|K503f5c06,P01a18914|P7f6ba5c1|Pebb1b202|P80c41643|Pe99ed2d1,P11f9b9b7,760883.0
M15618a7e,Brainstorm,1983,3,105,15000000,en,Science Fiction,Science Fiction|Thriller,2,US,1,C1e53a163,9,4,False,K53ddb611|K0c8ef730,P3be49d96|P7e6f0c0b|P7d2022b6|Pf07c8f26|Pfa6ced3c,P87135c63,10219460.0
M661a74a9,Dragon: The Bruce Lee Story,1993,2,120,14000000,en,Drama,Drama,1,US,2,Cd7a83b16|C8ba0fb2f,46,28,False,Kb5348ef7|K1308518c|Kb858ed20|K4385ab38|Kf6ead8ef,Pb95e95ce|P4213ff6a|P6b54277c|Pd3b2a6e1|P9835df4a,P64f7b4aa,63513743.0
M0216d764,M*A*S*H,1970,1,115,3500000,en,Comedy,Comedy|Drama|War,3,US,3,C6cbfdb5c|C705425b1|Cc5730a15,25,15,False,K82f2244d|K290beaae|K61bb7b29|K6d90a030|K76284bcb,P38ab614f|P525cf6b2|Pbab534b5|P399a8dc3|P617d4377,P513294b5,81600000.0
Mcff2ee92,The Count of Monte Cristo,2002,1,130,35000000,en,Action,Action|Adventure|Drama|Thriller,4,US,4,C475937d3|Cb0f5c822|Ca9f32e01,10,6,False,K188c501a|Kbf75451f|K058625bc|K5fcea8d1|K71ef249e,P864bcbbd|P9491bef5|P31f710a3|P345564c8|P01298b15,Pb79c9a4e,75395048.0
M1c8c5625,The Mothman Prophecies,2002,1,120,32000000,en,Drama,Drama|Horror|Mystery,3,US,1,Cc032927b,33,19,False,K1451c5af|Kc5a122eb|Kf8baada2|K7f49c806|Kabe04825|Kb59164e1|K5417f32f|Kbe066ab6,Pb8c4c754|P94e5548f|P9c43b517|P40a723a8|Pcc51d817,P85813725,55157539.0
M29398fdb,A Walk to Remember,2002,1,100,11000000,en,Drama,Drama|Romance,2,US,4,C9ecbdc9b|C824da68c|C647d911e,31,14,False,K1451c5af|K982a5711|K56b57e97|Kef677a4f|K25a3086d|K23e3c2ed|K6878063f|Kfd95aca2,P2ee78517|Pcd983206|P355cfb59|Pa85a1840|P2c97c3f7,P71a85149,41227069.0
M7ba6359b,Metropolis,2001,2,110,14500000,ja,Animation,Animation|Science Fiction,2,JP,12,C4612eaa2|C462d5784|Ca27cade7,38,8,False,K70733318|Kf60e6e9a|K89099cca|K7486a573|K936368ab|K923101f0|K4ce171fe|Kf5ea9d4f,P71072178|Pc4c05fea|P7cc1b5ba|P900bf04c|P22bbab68,Pd0a82746,95789342.0
Mbad703f7,Slackers,2002,1,85,14000000,en,Comedy,Comedy|Romance,2,CA|US,2,C6fc703e1|Ceba6d050,12,3,False,K1fc61028|Kcca842bb|Kecfc7d39|K34a19b5f|Ka4aed610|K8992c8bc|K542ffc57|K19f9c0e9,P8961bd5c|Pc3971226|P7ba508aa|P4827df80|P955f54ab,P9f7dc31f,6413915.0
M110a277c,Honky Tonk Freeway,1981,3,105,24000000,en,Action,Action|Comedy,2,US,0,,13,1,False,,P1d389e0d|P8fa6aca4|Pb8519dd2|P56e97dab|P42dbe794,Pce76e69f,939423.0
M290f5d82,Big Fat Liar,2002,1,90,15000000,en,Comedy,Comedy|Family,2,US,1,Cd7a83b16,19,7,False,K752a77a9|Kd72736af|Ka0c202ff|K0037c0dd|K5c35eca7|K16e1db83|Kcc0ea06d,Pa4af9f55|P8d7bcd0f|Pe7a68aa4|Pcfd5bbc4|P77e59c1c,P6d9a86b4,52970014.0
Mff5df12a,Collateral Damage,2002,1,110,85000000,en,Action,Action|Thriller|Drama,3,US,4,C2c576375|C878cc91e|C3e7bdc8f,21,151,False,K4d2febdc|K4869d83d|K66f7db2a|K969ef670|K9a16fa02|K20be92c5|K667093db|Ke3b33f20,Pf3b2f25f|P4239d614|P32b1dfbc|P92c82f6a|Pb8e19397,P5f0866de,78382433.0
M4feaaf18,The Man Who Loved Women,1983,4,110,19000000,en,Comedy,Comedy,1,US,1,Cf4478484,62,11,False,Kdf026a39,Pdd352fba|P81dc151c|P59339049|P810ae70c|P07ee27e2,P73cee68f,11000000.0
Mf0cee7e7,Crossroads,2002,1,95,12000000,en,Action,Action|Adventure|Comedy|Drama|Family|Music|Romance,7,US,2,C6146f42e|C0498af6f,32,129,False,K075bd6d3|K4cbeb026|K511491fa|K85110bcc|Kf8baada2|K8e218bcf|K47934026|K7f49c806,P679cbf6f|P3430b4ec|P07127556|Pa3c29363|Pe236144b,P75eb84c2,61141030.0
Mb45f27b9,Hart's War,2002,1,125,70000000,en,Drama,Drama|War,2,US,4,C2c576375|Cf1e5dfa2|C1e53a163,20,20,False,Kfe6fb0dc|K230a811e|Ke3d2a5d6|Ka2e4a547|K65cf7a95|K66331d63|Kbe4f3838|K554cf43d,Pbc324a94|P7b34c4be|P584f290b|P1675c997|Pe272310a,Pe5dd9852,32287044.0
Mee61f6a2,Return to Never Land,2002,1,70,20000000,en,Adventure,Adventure|Fantasy|Animation|Family,4,AU|CA|US,5,C72b723b8|C89121351|Cf1a97c47,12,9,True,K346367d7,P46b2bcce|P171bdc1d|P18e2bab0|P6830856d|Pf72fc6f5,P6402360f,109862682.0
Mc1fcef5b,Super Troopers,2001,1,100,3000000,en,Comedy,Comedy|Crime|Mystery,3,US,2,C9ea1bb4a|C1e5d6ac4,16,6,True,K30ba46ef|K8094c578|K43802e56|K3d4cce0d|Kf831234d|K13285af5|K95299216|Kf8b2c0f0,P0daa7ad0|P539c6c05|Pcd03dccf|P2ebcf007|P4aff1465,P0daa7ad0,18492362.0
Mcddbc507,The Good Son,1993,3,85,17000000,en,Drama,Drama|Horror|Thriller,3,US,1,C6cbfdb5c,15,10,False,Kca0f1cb3|Kb301f9b4|K9f849061|K084c87ae|K01712a7f|K4c4087d9|K97a7b2a9|K1663353e,P6cd24a36|P6f0b74b5|P6ed0a6d2|P45b0b121|P19ced898,Pdf3dd1c2,44456478.0
Mdf77c4fb,Used Cars,1980,3,115,8000000,en,Action,Action|Comedy,2,US,1,C52e61c78,15,12,False,Kd340c156|K7a3e26a4|K0e99cb73|K09fc1f51|K7b0dfbd5|Kd1c92ad1,P6265995c|P5e393724|Pe4d23bd8|Pbd0330d9|P8afe924e,P32776b6f,11715321.0
M99735d6c,Dragonfly,2002,1,105,60000000,en,Drama,Drama,1,DE|US,6,Cd7a83b16|C475937d3|Cef8b6ef3,23,67,False,K3f0adf56|Kfcdb4df8|K29b9044d|K7652162c|Kb2c2fb55|Ka69f7dd5|K6d90a030|Kf3658e40,P02f4f983|P97289d7c|Pb567cf90|P58840536|Pe76df162,P24e6c418,52322400.0
M093f8d1d,The Bad News Bears,1976,2,100,35000000,en,Comedy,Comedy|Family,2,US,1,C6146f42e,17,2,True,K220573b1|Kdc87c7d5|K2b8a2d21,P51ca2aab|P38bda1ac|Pe3ff255a|Pbe3a3a5f|P01129fc1,P6639abc9,35323292.0
M7d4fb767,Intersection,1994,1,100,45000000,en,Drama,Drama|Romance,2,US,1,C6146f42e,51,14,False,Ka7984eec|Kb8d59c8d|K71bf1fc9|K2db559a5|Kd40899dc|K7d9142e3,Pb8c4c754|P1157c526|Pe7aca1dc|Pf5453513|Pb6736e2f,P0b8af888,21355893.0
Mc0b116d3,The Time Machine,2002,1,95,80000000,en,Science Fiction,Science Fiction|Adventure|Action,3,US,2,Cfa01eb95|C3e7bdc8f,27,19,False,K89099cca|K43bab5e9,P9491bef5|Pbfa56d6c|Paff99d56|P0e6fa9f3|Pc88aa61d,Pa81a7423,123729176.0
Mf3fc1372,Full Frontal,2002,3,95,2000000,en,Comedy,Comedy|Drama|Romance,3,US,3,Cf8f92f7f|Ce979fab0|Cbacce112,17,21,False,Kd3103f62,P301fb6b8|Pfb4ff08e|Pe94da565|P078cf4d1|Pfa58448a,Pd886c47f,2506446.0
M45bfd3bd,Heaven's Gate,1980,4,220,44000000,en,Action,Action|Drama|History|Western,4,US,2,C7e86926f|Cfed10159,23,12,False,Ke1a7ed2f|K2e209934|K50d76002|K59a24d6e|Kb730b002|K6cb61a2e|Kee9a8bda|K2aaa6001,Pbe8d5d9c|P3be49d96|P9a074087|P603908f8|P782a82ff,Pe6e45a6b,3484331.0
M5f50f308,The Long Riders,1980,2,100,10000000,en,Western,Western|History,2,US,1,C7e86926f,15,30,False,K2b5d957d|K7ce426de|K1faeef01,Pe1d9889c|P6cb36b8b|P40f741d4|Pa4a9a852|P14038a03,P53cf60a7,15795189.0
M25bed324,Ice Age,2002,1,80,59000000,en,Animation,Animation|Comedy|Family|Adventure,4,US,3,C6cbfdb5c|C2a29849a|C7940c1ce,18,58,True,K1d59e7d4|K01084bd3|K12bd2862|K8a951deb|K301a8417|K7ea91886|K85469ed0|K9dfcf494,Pa4798128|Pcd89be8e|Pb316026c|P164e8d08|P72d7d3b1,P01fc44b7,383257136.0
Mdfc5122b,Resident Evil,2002,1,100,33000000,en,Horror,Horror|Action|Science Fiction,3,FR|DE|GB|US,4,Cf9732504|Ce4f77d56|C6daa3ae7,22,103,True,Kb7b43807|Ka6194240|K7f284f24|Kda5d0fe2|K8dfac82b|Kb4e75fa3,P7ba65775|P6b7675df|Pe8fb1800|P7cd16ae6|Paf6a8162,P5257d233,102984862.0
M091171e5,Showtime,2002,1,95,85000000,en,Action,Action|Comedy,2,AU|US,6,C1246c604|C57c68451|C3e7bdc8f,7,20,False,K1c0e5389|K38ff239a|Kc8232ad2,Pd9604827|P77280b6b|P1c7f1d9d|Pb8e5a696|Pafbf3c18,Pce81afe4,77741732.0
Mac7ccac0,Kissing Jessica Stein,2001,2,95,1000000,en,Comedy,Comedy,1,US,5,C9ea1bb4a|C01b99028|C04462176,9,21,False,Kbef3ef96|Keb141b00|Kd3103f62|K750c2f82|K10261fed|K1eb03ca1|Kc94cc0fd,P3367fb1d|P91d529b7|P1ba6d9e7|P08f700cc|P33bb4cb4,Pb470271d,10013424.0
M164c5d7f,Y Tu Mamá También,2001,2,105,5000000,es,Drama,Drama|Romance,2,MX,3,C4012f092|Cd0fb9e22|Cfed10159,20,15,False,K3e04d489|K511491fa|Kfbde6d20|Kb64565dc|K5daec4d9|K110f3ad2|K6878063f|K8e4844b2,Pc3284856|P906305c0|P97362523|P1c12773e|P765e9e4b,Pa6dc9439,33616692.0
M9b49936a,Taps,1981,4,125,14000000,fr,Drama,Drama,1,US,1,C6cbfdb5c,16,14,False,K01c1572d|K28b6e785|K457d3cd2|K569f8490|K628d97c5|K20493cf9|K55446fdd|K3af559b8,P5ba75910|P99022af1|Pd6d535f4|Pd76d11b5|P13cbd053,P633cc321,35856053.0
M6e8da0f0,Clockstoppers,2002,1,95,26000000,en,Adventure,Adventure|Family|Science Fiction|Thriller,4,US,3,C6146f42e|C507cfe58|Cc4719158,12,62,False,K5182e889|K877e62a3|Kb16bdd57|K55c6bf1c,P85e4eff0|P71c6b978|P319da806|P28b6f0a0|Pc1222ddb,Pcfb077fb,38793283.0
Mbe9153fb,The Rookie,2002,1,125,20000000,en,Drama,Drama|Family,2,US,3,C72b723b8|C0c3e6e3c|C67960a28,9,2,False,Kcf7d212b|K220573b1|Kc21d23ee|Kdc87c7d5|Ka58354b0|Kba0ea723,P967c7ac4|P5e91d232|P5ac785b5|Peb765fa3|P7df79f5c,Pcdf66a5f,75597042.0
Mcb1fa840,The Piano Teacher,2001,2,130,3000000,fr,Drama,Drama|Romance,2,AT|FR,5,C5b2e0aad|Cc94eefdc|C37ec9998,15,7,False,Kede84157|K511491fa|K1451c5af|K60686471|K442c9be4|K395dab45|Kb49892ff|Kf3b60d20,P603908f8|Pcbba0f3f|P44462348|Pea76890f|Pedf10f1a,P379d3438,9801375.0
Mcdae55cb,High Crimes,2002,2,115,42000000,en,Drama,Drama|Mystery|Thriller|Crime,4,US,6,C6cbfdb5c|Cc2c73c36|C6824af1b,36,14,False,K1451c5af|K8c892a2d|Ke5e5cfb4|Kd2e5bc2f|Keec6e143|K35fbf0b0|K7da32c41|K2725a786,P89367870|P9c10a86e|P864bcbbd|Pc19b2250|Pcdb2bdab,P2678121e,63781810.0
Mdedeaf64,Changing Lanes,2002,2,90,45000000,en,Action,Action|Adventure|Crime|Thriller,4,US,1,C6146f42e,11,8,False,K33e09618|K1e334f94|Kca0f1cb3|K7da32c41,Pcde62a4b|P5eab90f9|Pa279a518|P174e117d|Pe1f0e7d0,Pf61371d2,94935764.0
M3eee22c9,The Sweetest Thing,2002,2,85,43000000,en,Romance,Romance|Comedy,2,US,1,Ca212ea4c,12,57,False,K696d8a88|K33437310|Kfcbf608c|Kd6073f4e,P955f54ab|Pb0acacc8|P42c677ae|P9ba0093c|Pd99e7ba1,Pc6531b5c,68696770.0
M997035aa,The Cat's Meow,2001,3,115,7000000,en,Drama,Drama|Mystery|Thriller,3,DE|GB|US,3,Cb61eea90|Cdc51d49e|Ca0799f6e,6,8,False,K511491fa|K50f0ee0b|K5f1d30e4|Ke6244421|K35845391|Keec6e143|K35fbf0b0|Kd1bb4b04,Pfe6d4c3d|P74b14980|P36b0fdec|P70e1f767|Pe220346c,P3ba68a7e,3646994.0
Mf26a7902,Human Nature,2001,2,95,6000000,en,Drama,Drama|Comedy,2,US,6,Cbe498e61|C9fc0b22f|C0af80a31,10,15,False,Kab720d41|K1d59e7d4|K8d907d83|K96bcf62d|Kd45f1817|Kd0bf5062|Ka2fe4ac7|Kc14495e8,P9e148a63|Pb494fa6f|P85ac7180|P7392e714|P450a57fa,P6dc329cf,705308.0
M0194c969,Breakout,1975,2,95,1000000,en,Action,Action|Adventure|Thriller,3,US,1,C52e61c78,14,13,False,K526fab99|K3e04d489|K424ad1c8|K66331d63|K5fac633e|K96fd9080,P374ce190|P617d4377|P37a04702|P64b06ad7|Ped5c7e56,Pf6d6e834,16000000.0
Mc509176e,Murder by Numbers,2002,2,120,50000000,en,Crime,Crime|Drama|Thriller,3,US,3,Ce4e76224|C3e7bdc8f|C26d09d9d,26,30,False,Kb1aa9b34|K526c2540|K4869d83d|Kc1abf13e|Kcc8edd30|K191ea337|K1730ad7b|Kfb82b75e,Pbf6fd3c6|Pac2783a6|Pfc16b487|Pb9deb6f3|Pbe020e20,P593e4b45,56714147.0
M51a3d4d0,The Scorpion King,2002,2,90,60000000,en,Action,Action|Fantasy|Adventure,3,US|DE|BE,4,Cd7a83b16|C1cd92960|C93bdf2cf,18,22,True,K30a53fa2|Ka6f4d5fe,P4da7c12b|P76d7be7a|Pca66871e|P7a9fb074|P9d2adb5f,P4908e927,165333180.0
M9549693f,Jason X,2001,3,90,11000000,en,Horror,Horror|Science Fiction,2,US,3,C6988cd6a|Ceb6e59ed|C39fd30bd,11,9,True,K8ca622d7|K546d281f|K89099cca|Kef90f057|K846673e8|K0a168e68|Kbb1efb21|Kdbe6d9ae,Pa32ebcdb|P7db13783|P553ecca2|P61cb6064|P501bf7bf,P08d62249,16951798.0
Mf570e1f3,Salton Sea,2002,1,105,18000000,en,Crime,Crime|Drama|Mystery|Thriller,4,US,3,Ce4e76224|Cbc05957a|C90e09618,36,74,False,K06357137|K1fb4ebf8|K52883eff|K7cc671fa|K95293772|K496d2cff,Pcfb78473|P5552edf8|Pa7632749|Padb86a9e|Pb647eafa,Pc15edde6,676698.0
Mc8cc0ece,Vulgar,2000,3,85,120000,en,Drama,Drama|Horror|Thriller|Crime,4,US,0,,8,2,False,,P8c09e3e1|P1f29ae2c|P3a5f833f|P110b7c6d|P7e090b5e,P3a5f833f,14904.0
M1a938b32,Delirious,1991,3,95,18000000,en,Fantasy,Fantasy|Comedy|Romance,3,US,1,C1e53a163,16,23,False,Ka43fbb3a|K2d8b300b|K81151113,P090e9526|Pc7c20b79|P8935096c|P844063f8|Paa341d84,P91a6042f,5546827.0
M985f31dc,Joe,1970,3,105,106000,en,Drama,Drama,1,US,0,,10,8,False,K615ad2f5|Kaad95068|Kcca842bb|K3380d21e|K498a2533|Kcf15988c|Ka39c9365|K2e4e981e,P80529898|P105610f1|P2ff57a9f|P7aee37ac|Pf6e7ae48,P12f7170c,19319254.0
Md41fbaac,Thief of Hearts,1984,4,100,9000000,en,Crime,Crime|Drama|Romance|Thriller,4,US,1,C6146f42e,15,15,False,K1fc61028|Ka7984eec|K06ec2ec0|Kfbde6d20|K767e5108|K60686471|K87bd8b37|K0de19f1e,Pfc37e6fb|P5196e510|Pfb88a9f3|Pdafc48f8|P5a0c3087,P4d80e22d,10364904.0
M2ea06a34,Rambling Rose,1991,3,110,7500000,en,Drama,Drama,1,US,2,C619c257e|C94b9734c,19,4,False,K1199c976|Keec6e143|Kcbf64eb9|K8a6a2c59|K964ecd73,Pbdc89d4d|P617d4377|P89112087|P24be1f65|Pa905d419,Pe0dc26a0,6266621.0
M44524a12,White Fang,1991,1,105,14000000,en,Action,Action|Adventure|Drama|Family,4,US,3,C72b723b8|Ce86f99f4|Cca1a8738,12,18,True,K1451c5af|K68d34ab1|K08ca496b|K5d0ba27b|K7b913106|K5011ba81|K163eb34a|Ka82ab652,P27c018df|P598f6582|P415cca59|P902893d4|Pfe3caa99,P5cfdb416,34793160.0
M709d8977,Unfaithful,2002,2,125,50000000,en,Thriller,Thriller|Drama,2,US,4,Cc2c73c36|C7f89a29f|C015707fe,12,26,False,K06ec2ec0|Kb8d59c8d|Kb8ac4260|Kce7bd21b|K02bd59a8|Kc343c0fd|Ka9d4c499,Pb8c4c754|P938e6548|P368e7bb0|P5636ae22|Pa0df170a,Pf20c275a,119137784.0
M342faf47,My Beautiful Laundrette,1985,3,95,860000,en,Romance,Romance|Drama|Comedy,3,GB,3,C002f977c|C0110c455|C52c0cafb,31,18,False,Kef728c09|K0c50837f|K3b0680c6|K744c0ebb|K89b75a49|Kd3103f62|Kcc181d06|K16d14ec6,P88e6c70e|P38ff2ca0|Pd0a4fd2a|P15057b90|Pd3f23e0c,P581cd374,2451545.0
M26f56498,About a Boy,2002,2,100,27000000,en,Drama,Drama|Comedy|Romance,3,GB|US,1,Cd7a83b16,33,17,False,Kef728c09|K656bf8b0|K60561435|Kbf8c37bb|Kf7ce9b88|K126f9f16|K5011ba81|Kab832ca0,P3f407781|P65627fc6|P174e117d|P614f6326|P1cbd7dbe,P18fd55c7,129000000.0
Ma1632c30,Star Wars: Episode II - Attack of the Clones,2002,2,140,120000000,en,Adventure,Adventure|Action|Science Fiction,3,US,1,C3ea53bb0,42,20,True,Kd340c156|K011bc215|Kef0c5442|Kc4ad91bf|Kcf0b105a|Ka4ec5114|K6c87d899|K3c6f9488,P5d50695a|P158ca9d1|P598805c2|P5a0c79fb|P5eab90f9,Pa643abc7,649398328.0
M4f1a3dca,The Believer,2001,1,100,1500000,en,Drama,Drama,1,US,2,C8e3c8035|C619c257e,33,20,False,Kf10ad044|K354b630b|K230a811e|Kc2e4a3f5|Kbef3ef96|Ka5ee829f|K773f1791|Kd3103f62,Pfc16b487|P9d628c05|P36a235ff|P1821cffd|P6829a0ea,Pfd3cf2c2,416925.0
M8115c672,Insomnia,2002,2,120,46000000,en,Crime,Crime|Mystery|Thriller,3,US,3,C2f946fee|C5ce2cd37|Ceb6489b5,25,40,False,Kb1aa9b34|Kaf5e7471|K4869d83d|Kc1abf13e|K50f0ee0b|K33751f28|Keec6e143|K35fbf0b0,P13753a9d|P8b29037b|Pc23204e6|P91ea8c55|Pf2a5c1ee,P271d3962,113714830.0
M52df7bf0,Spirit: Stallion of the Cimarron,2002,2,85,80000000,en,Western,Western|Animation|Adventure|Comedy|Family,5,US,2,Cfa01eb95|C586f6404,15,25,False,Ke933f1ae|K16a5fc70|K844aa1cd|Ka2390abe|K3beb7c7f|K346367d7|K3d452d40|K7b918fa3,P9d23789b|P03e2c7bc|P371d2502|P3241a7e7|P9764e995,P77c78b5d,122563539.0
Mfd515188,The Sum of All Fears,2002,2,125,68000000,en,Thriller,Thriller|Action|Drama,3,US,5,C6146f42e|Cfe5673c8|C765ec336,21,135,True,K4d54a5a1|K4d2febdc|K08f18d05|K9d999169|K7c75bfad|K6ae60b12,Pcde62a4b|P9c10a86e|P03e2c7bc|P07b2403f|P961bdf96,Pe76ca132,193000000.0
Maba2bcdd,Undercover Brother,2002,2,85,25000000,en,Action,Action|Comedy,2,US,1,Cd7a83b16,11,13,False,K2b746c3e|K4398eae0|K4baa423e|Kb7b43807|K6b4e6a64|Kb72a3d3e|Kd6073f4e,P515104d3|Pd1c9c73a|P16523f1f|P9bcac85c|P88deb675,P15491de3,41604473.0
M26b87734,Rapid Fire,1992,3,95,10000000,en,Action,Action|Thriller,2,TH|US,1,C6cbfdb5c,9,24,False,K78d3caf5|Kef44797d|K80de1d62,P56c53ef5|P387c2084|P9c060f29|P12aa5436|P3d4fd962,Pfef06342,14356479.0
M59d09d4d,Bad Company,2002,2,115,70000000,en,Action,Action|Adventure|Comedy|Thriller,4,US,3,C4fb6882a|C0532621e|Ca2f841df,17,24,False,Kc2ed15d1|K4d54a5a1|K52525103|K4d23e9ec|Kff45878f|Kb7b99f26|Kd3e98d7d|Kfb93ab74,Pdff627c7|P560244ba|P01aa2946|Pdf6df1b0|P6ea9ba14,P59045db6,65977295.0
M7e6dda72,Atanarjuat: The Fast Runner,2002,1,170,1934000,en,Fantasy,Fantasy|Drama,2,CA,1,Cfbde01ef,15,6,False,K2b5d957d|K70733318|K7b71d21c|K9a16fa02|K04065198,P2a69b3d4|P4a1d4712|P6a89ab3d|Pdbcbb961|P19b33e02,P77254ea6,3786801.0
M496b302b,The Bourne Identity,2002,2,120,60000000,en,Action,Action|Drama|Mystery|Thriller,4,US|DE|CZ,5,Cd7a83b16|Cfaf731e1|Cf375ad4d,51,147,True,K24eec40f|K0ac7d79e|K52525103|K1451c5af|K3d2b49b8|Kf687e8e6|K0c24b3e3|K7ac4e20d,P9d23789b|Pdc3528ff|P2db253cf|P0707f4cd|P7df79f5c,P10130871,214034224.0
M476b4654,Scooby-Doo,2002,2,90,84000000,en,Mystery,Mystery|Adventure|Comedy,3,US,3,C8e42f8bf|Ccb3dad99|C3e7bdc8f,11,118,True,K6a0a165e|Kcf60ec2b|K0a39b401|K49189dc1,P08577d2f|P1c20804a|P20c64aeb|Pa6cbe985|P62db77cb,P02060500,275650703.0
Md5d74160,Windtalkers,2002,2,135,115000000,en,Drama,Drama|Action|History|War,4,US,2,Ce2d69c59|C1e53a163,10,35,False,K94d1fa6a|K230a811e|Kd5b4f32d|Ka74a19d5|Ka2e4a547|K74f63ba2|Kad6bc63d|K2568ead2,Pa2178ef1|P3852b165|P01aa2946|P572b22e6|P282469c4,P26bdbec9,77628265.0
Mc05891ce,The Manhattan Project,1986,2,120,18000000,en,Science Fiction,Science Fiction|Thriller,2,US,1,C49bb3adc,8,11,False,Kf10ad044|K7e1398ba|Kd91eba8c|K5f28debc|K25419d9e|Kc8232ad2|K8e4844b2|Kdbe6d9ae,P30546c37|Pbfd873d1|Pa57ab65c|P65198b3f|P75ccf234,P6e242cdc,3900000.0
M5ab10f59,Lilo & Stitch,2002,2,85,80000000,en,Animation,Animation|Family,2,US,2,C72b723b8|C67618fbb,11,33,True,K8f8f63a3|K876f7e0d|Kb83ee9ca|K1624771e|K7b1fe1e7|K5417f32f|K9b4e0f2d|K346367d7,P55065474|Pbf74683f|P9d14f05e|P5e0e9ca9|P6b3c82e7,Pe002662f,145771527.0
M4d003eb0,Minority Report,2002,2,145,102000000,en,Action,Action|Thriller|Science Fiction|Mystery,4,US,7,Cfa01eb95|C45816831|C9710581c,23,156,False,K6727f618|K9bd9c4c0|Kcc8edd30|K89099cca|K6e84f4a0|K7f284f24|K35fbf0b0|K496d2cff,P13cbd053|P7b34c4be|Pdd0e3f04|P63524ef0|P133e7401,Pcf894350,358372926.0
Mb202aa4c,Mr. Deeds,2002,2,95,50000000,en,Comedy,Comedy|Romance,2,US,4,C6988cd6a|C52e61c78|C21fb6339,13,12,False,Kd264d468|K56330ef9|K7f4753d9|K5c35eca7|Kfa426ce7|Kb55544ab|Kba73167d|Kc343c0fd,Pc82d1114|P11a199f3|Pb8e19397|Pd7cbcf3b|P41e13138,P4c0d45a9,171269535.0
M740369e6,Lovely & Amazing,2001,3,90,250000,en,Comedy,Comedy|Drama|Romance,3,US,0,,16,2,False,Kcbf64eb9,Pe94da565|Pd8de06b0|P43f01c1e|P536a41bf|P4233b029,P548c453c,4186931.0
M66641b8e,Men in Black II,2002,3,90,140000000,en,Action,Action|Adventure|Comedy|Science Fiction,4,US,4,Cf4478484|C9710581c|C52e61c78,23,147,True,Kd3ee2033|K3d2b49b8|Ka7871417|Kb7b43807|K546d281f|K99b7ca9b|K235f906f|K986d1419,Pb23773f6|Pf5e36785|P169f8736|P945ee9f5|P38b61b35,P7d51e148,441818803.0
M25f74a79,The Powerpuff Girls Movie,2002,3,75,10000000,en,Animation,Animation|Action|Family,3,US,3,C2d54d9a7|C6b31c114|Cbcfac308,8,17,False,Kb27e6995|K6e11d73b|K741a26f2|K534e4656,P30fbd559|Pbcc6bfcd|P86480727|Pf605351c|Pfe3a0e3f,Pa802e779,11411644.0
Mc9a9812b,Reign of Fire,2002,3,100,60000000,en,Adventure,Adventure|Action|Fantasy,3,IE|GB|US,5,C5c652f15|C475937d3|Cb0f5c822,15,122,False,Kf6ced2f1|Ke7637d34|K4a87a7e1|K495785ba|K40192080|K35720e21|K66e1b496|K8ca8db3c,P1716f909|P9d278739|P5a1382a7|P979428ee|P21536e72,P5953ff6a,43061982.0
Me89d5dd3,Road to Perdition,2002,3,115,80000000,en,Thriller,Thriller|Crime|Drama,3,US,3,Cfa01eb95|C5c652f15|C6cbfdb5c,32,117,False,Ke93ce105|K6431daa1|K06994315|K834017a3|K3564ea35|K739fb108|Ke32a9d4d|K7dab690d,Pd8b30691|P421c965a|P35d8608c|P18b56162|P5c9978f1,Pc1703105,181001478.0
M6b25d71f,Perfect,1985,2,115,19000000,en,Drama,Drama|Romance,2,US,3,C52e61c78|C894b657c|Ce5221a16,7,17,False,K84ad63f2|K75b56050|K3d065d14|Ka18021b3,Pe91449f5|Pdd6d0097|P810ae70c|Pd05746e6|Pab254572,Pd3e38d06,12918858.0
Me4d36fd3,The Legend of Boggy Creek,1972,3,90,100000,en,Mystery,Mystery|Horror|Drama,3,US,1,C649f03f9,5,9,False,K7a5bfa8a|K1ec8dfa8|K595f8623|K62e757e2|Kf6c1b28a|K6b8e2f2e|Kc7774ebf|K05ae55af,P731a9ae1|Pe278e328|Pf33e754d|Pe2a9e8fa|P8efc8bc2,Pcbe2b853,22000000.0
Mcd1ae542,Halloween: Resurrection,2002,3,95,13000000,en,Horror,Horror|Thriller,2,US,1,C07f90652,30,6,True,Kee199654|K1435f49d|Ka2122fa4|K08ae2dd7,Pdd6d0097|Pe23074a8|Pb35f914a|P2fe75d42|P0b34dd79,Pa2fb36a0,37664855.0
M57bd5d90,K-19: The Widowmaker,2002,3,140,100000000,en,Drama,Drama|History|Thriller,3,CA|DE|GB|US,6,C6146f42e|Ccdc52bf4|C4488a7d9,29,15,False,Ke484fe84|K62487044|K29cf3e52|Ke1a54677|K2f47b1b7|Kcbf64eb9,Pfa43d9be|P1b4a1135|Pc3ac31e9|Pd0a38f6b|P9d8a4f8a,Pb7944fa9,35168966.0
Mb640ba49,Austin Powers in Goldmember,2002,3,95,63000000,en,Comedy,Comedy|Crime|Science Fiction,3,US,5,C6988cd6a|Cf3336a38|C13591aeb,114,144,True,Kd3ee2033|Ke484fe84|K2b5d957d|Kfce86ae4|K33b2d0b2|K7e1398ba|K68d34ab1|K03ffe7ca,P872c7544|Peb9c80e6|P41a49491|P21b1383d|Pdde20dae,Pa2caa452,296655431.0
M6b5f2544,The Kid Stays in the Picture,2002,1,95,40000,en,Documentary,Documentary,1,US,3,C12f39e83|Cb128a2e8|C051cc5da,10,2,False,Kfd0f8efa|Kcb4d17ec|Keec6e143|Kcd97a98f|Kcbf64eb9,P95975c6c|P2df9373a|Pca688d50|Pb105fea9|P7d3d0982,Pceb01e50,1434436.0
M6e8b74e3,Happy Times,2000,4,100,1900000,zh,Drama,Drama|Comedy,2,CN,0,,7,4,False,,P9cc22245|Pf2f0ee03|P387973d0|P65520e67|P7c466441,P7e7a1042,240093.0
Mec385eb6,Top Secret!,1984,2,90,9000000,en,Comedy,Comedy,1,GB|US,1,C6146f42e,14,17,False,K33b2d0b2|K656bf8b0|Ke99876ac|Kfbde6d20|Kae263b85|Kcb64b30f|K877e62a3|Kc612ab1b,Pcfb78473|P5eaf7d9a|P5ca98cab|P2d1ff234|P40085090,P577eabec,20458340.0
Mf096e314,Signs,2002,3,105,72000000,en,Drama,Drama|Thriller|Science Fiction|Mystery,4,US,3,Cfaf731e1|C0532621e|Cb3e71746,15,88,False,K05c2a702|Kee9373a7|Kd3d56b8a|K648bad42|K4d0bc3a5|Kd47abffe|Kc3ff5557|Kbbcbbe27,P46240969|Pdfff36db|Pdd0d73b0|P00b5326f|Pf4bbda31,P0e4432bf,408247917.0
M92eb52c4,Spy Kids 2: The Island of Lost Dreams,2002,3,100,38000000,en,Action,Action|Adventure|Family,3,US,1,C07f90652,28,64,True,K33b2d0b2|Kd0bf5062|K566c4248|K901329ee|K70912432|K3802909b|Ka2390abe|Kdbe6d9ae,Pd761e806|P20f57bc9|P4527f80e|P85558d8d|Pa887b05b,Pf41db032,119723358.0
Mbac35720,Blue Crush,2002,3,105,25000000,en,Adventure,Adventure,1,DE|US,4,Cd927b580|C200cc054|Cd7a83b16,15,18,True,Kaa9e3589|K4ab52561|Kb83ee9ca|Kdc87c7d5|K91d31f90|K00561754|Kaf7068f0,P06351fdd|Pa114a513|P6b7675df|P1de94b99|Pda703e7e,P8221fe1d,51842679.0
Mda195737,The Isle,2000,2,90,50000,ko,Drama,Drama|Thriller,2,KR,1,Cfcbd9fb3,6,10,False,K70733318|K4db8dd0a|Kb8ac4260|K2fde2a71|Kd345f6ab,P621c28f9|P910fd208|P8716e49b|P409b835b|Paab42a5b,Pfe36f6d3,21075.0
M18f9e081,Possession,2002,4,100,25000000,en,Drama,Drama|Mystery|Romance,3,GB|US,3,C2d54d9a7|Ccef37e26|C5f29c567,20,9,False,,P0affa6f4|Pe85b6a97|P6f5f734d|P8d765fd4|P82a0adaa,Pcc53fa2f,10113733.0
Mae0c2d0b,One Hour Photo,2002,3,95,12000000,en,Horror,Horror|Thriller,2,US,2,C9ea1bb4a|Cb8279c12,24,39,False,K0c537174|Ke7253a00|K12e0a0fd|K79a56504|K44d286ce|K60686471|K2f73b47d|K50b811b6,P8b29037b|P655299b5|Peda25f2c|P3f38a1cd|P5c6e9afb,P9ef8688c,52223306.0
M7ef632d6,Serving Sara,2002,3,100,29000000,en,Comedy,Comedy|Romance,2,DE|US,1,C6146f42e,7,10,False,K6a651960|K01f8fc04|K33dc8956|Kaf7068f0|Ka4fbb14a,P9ac76aaf|P52453039|P010e8782|Pd3554668|Pc7895e74,Pf9d1429e,16930185.0
M4764609b,Undisputed,2002,3,95,20000000,en,Action,Action|Adventure|Drama|Thriller,4,US,2,Cf8f92f7f|Cadae41d9,21,3,True,Kdc87c7d5,P953616ba|P8b839607|P83cb9f56|P12f4936d|P6485430a,P53cf60a7,12398628.0
Mb2cc0104,Clash of the Titans,1981,1,120,15000000,en,Adventure,Adventure|Fantasy|Family,3,US,2,C1e53a163|C23a5dd15,19,9,False,K71840e6c|Kfbd674bb|K095c6b0e|K2a0a6f5a|K25bf066d|K3326aa88|K0a66eca0|K5d13274a,P6bf8ddbf|Pac42166c|P12f8d604|P9729d805|P00d5caa9,P2db2ee58,41092328.0
M13bfe43f,Camilla,1994,4,95,8500000,en,Adventure,Adventure|Drama|Comedy|Family,4,,0,,6,5,False,Kcbf64eb9,P2cd8db95|Pfa3b55fa|P32b1dfbc|P718ae485|P38ce8e67,Pda5467af,250993.0
Mcc36c7aa,Down and Out in Beverly Hills,1986,1,105,14000000,en,Comedy,Comedy,1,US,2,C0532621e|Ca068180d,7,7,False,K40c4ef28|K585e49eb|K6a651960|Kffef018c|K9a7a2db0|K04b7a06e,Pe28239f5|P104d62f4|P9f4d72a6|Pa984c515|P59207f4e,P1533660c,62134225.0
Mb4061c6c,Wolfen,1981,3,115,17000000,en,Drama,Drama|Horror,2,US,2,C94e9821e|C3e38a18f,17,17,False,K1451c5af|K2ae7ec5e|K08b1cffe|K011bc215|Kc343c0fd|K98c1dc1e,P232079de|P0a37f784|P5db6c18a|Pe7e471d1|P9b4df68b,P2d2d4811,10626725.0
Mf4d1484c,FearDotCom,2002,3,100,40000000,en,Horror,Horror|Thriller,2,DE|LU|GB|US,8,Caba3e5f6|C13852a47|C8631febe,20,63,False,K42cfc769|Ka05e8854|K102846de|K9653593d|K6d90a030|Kfdce3c5a|K6ed603be|K1b481c7f,Pb9fdccdb|Pc63449c9|Pb968a7ba|P90531f40|Pb2643e41,Pc1e32af4,18902015.0
M9d34e294,Swimfan,2002,3,85,8500000,en,Drama,Drama|Thriller,2,US,5,C6cbfdb5c|C3721cb6d|C31c6e392,32,110,False,Kda3a8325|K45d12a23|Kb8d59c8d|K443b5d4d|Kd9b34922|K25a3086d|K710f87ef|K0b568d4a,P85e4eff0|P81752aa3|Pa105f23a|Pb15cbf6d|Pd9b36fc9,P829c8c43,34411240.0
Maebd15f5,Barbershop,2002,2,100,12000000,en,Comedy,Comedy|Drama,2,US,1,C1e53a163,12,12,True,K62a68d17|K3ea73fb5|K251f030c|K17fd8902|K5582011a|Kcecc4cee,Pabc55b2b|P472302b0|Pc7895e74|Pe931821f|P360ceddc,P0f9f87a2,75781642.0
M16740640,Igby Goes Down,2002,3,95,9000000,en,Comedy,Comedy|Drama,2,US,1,C7e86926f,15,13,False,Kcf7d212b|Ka527cfaf|Kd3103f62|K01f8fc04,P741e6594|P01069b87|P8ee73a48|Pd55cb47f|Pc19b2250,Pdc08ef65,4777465.0
Md497ef25,Captain Ron,1992,3,100,24000000,en,Action,Action|Adventure|Comedy|Family,4,US,2,C01eff2bb|C0532621e,17,9,False,K9092c8fe,P6265995c|Pb2cc6074|P934291ec|P4f142857|P0604be18,Pdf66b882,22518097.0
M444c6e80,The Hills Have Eyes,1977,3,90,230000,en,Horror,Horror,1,US,1,C84ac74af,13,8,True,K5c0670e8|K7b1fe1e7|K8beac702|K35fbf0b0|K68ad2759|K3597b56d|Kffef018c|K3b3b69c7,Pa2ba87a3|P96910d71|P92b42faa|Pafe0bcd6|Pabeb666f,P3f55f911,25000000.0
Md9c302ac,Spaced Invaders,1990,2,100,3000000,en,Comedy,Comedy|Family|Science Fiction,3,US,2,C0532621e|Ce86f99f4,4,2,False,K4d0bc3a5|K26533889|Kf89d5d76|Kd3b5133a,Pf33d0647|Pccf2ab22|Pd2be3b51|Pda1877a0,P3720ceb6,15369573.0
M722913f6,Ballistic: Ecks vs. Sever,2002,3,90,70000000,en,Action,Action|Adventure|Thriller,3,DE|US,6,C015707fe|C13852a47|Cf67ab44d,5,15,False,K6a356631|K7ab512dd|K49e3220f|Ka2dbcd1a,Pd761e806|P99abea01|Pb730fc8e|Pbe2e3b08|P8ea9cab7,P3ac3689b,19924033.0
M9588dab2,The Four Feathers,2002,3,130,35000000,en,War,War|Adventure|Drama|Romance,4,GB|US,6,C6146f42e|Cf8f92f7f|Cdbd935a2,49,15,False,Kcaad487a|K511491fa|Kdc3fd4cb|K6a646879|Kef0c5442|K9a16fa02|K6b781b96|K35fbf0b0,Pb2b54035|P3fb4b40c|P0d5aa382|Pba7f0b0a|P66319b2e,P5cd36cc9,29882645.0
M639142c1,Trapped,2002,3,105,30000000,en,Action,Action|Crime|Drama|Thriller,4,DE|US,3,C9fc0b22f|C757257b9|C80c77d58,15,15,False,Ke0fff442|K8b8060e4|K9136e8a9|K6612fa4a|Ka05e8854|Kca0f1cb3|Kf2b60381,Pa9346d2f|P2aace9ed|Pe7724b79|Ped00b02e|Pda09c683,P4b9f64d2,6916869.0
M8013dbb7,Spirited Away,2001,3,125,15000000,ja,Fantasy,Fantasy|Adventure|Animation|Family,4,JP,1,C5e2a080a,15,25,False,K55cfa8fb|K01084bd3|K79547cd1|Kd52903b2|K93a3471c|Kb6cbf2bb|Kfe7b2be7|K6de58ed8,P93af69db|Pec9f51e7|P74b543bb|P2fc2753b|P40f70b3e,P8513cc51,274925095.0
M07f75e64,Sweet Home Alabama,2002,3,110,30000000,en,Comedy,Comedy|Romance,2,US,1,C0532621e,16,35,False,K33e09618|K7c6da98e|K4d3a89c3|Kee6d5712|K7ec19939,P4d20c8bc|P336346ff|Pd1604614|P95f45f9b|Pa8331cd0,P4d83d7bd,180622424.0
Mf61487fa,Moonlight Mile,2002,3,115,21000000,en,Romance,Romance|Drama,2,US,5,C35777b1b|C0532621e|C652d0c8a,16,16,False,,P536a41bf|P7771ab64|P105610f1|P9f4c6bed|P67bcca9b,P9b9f585b,10011050.0
M705ac7cd,Red Dragon,2002,3,125,78000000,en,Crime,Crime|Thriller|Horror,3,DE|US,2,Cd7a83b16|C1e53a163,15,9,True,Ka05e8854|Ka2122fa4|Kaf916823,Pdff627c7|Pf6c5b6fd|P77e8a1ca|Pfb649c8d|Pc3043c91,P781658fe,209196298.0
M6c6cc27d,Valmont,1989,4,135,33000000,en,Drama,Drama|Romance,2,FR|US,2,Cd5c7f3d1|C477ce187,14,14,False,Kd3103f62,P292df613|Peb51c4ea|Pbf0cd6ac|P63def586|P689fe42a,Pe26700e0,1132112.0
M24ed8271,Claire of the Moon,1992,3,105,130000,en,Drama,Drama|Romance,2,US,1,Cfaa25aa5,13,3,False,K8bb446de|K683aa1bf|Kd3103f62|K10261fed|Kcbf64eb9|K6f6dba0c,P355c33f3|P6d69b8a2|P2bc8cbb1|Pc27ebc0e|Pa10d57d4,Pdcfefe1d,799674.0
M7bef4085,Brown Sugar,2002,4,110,8000000,en,Comedy,Comedy|Romance,2,,0,,22,2,False,,Pf6e49672|P37b78ce4|P86dccb1d|Pc2dfb497|P890f1411,P25ce80df,27362712.0
M46f00e19,Tuck Everlasting,2002,4,90,15000000,en,Drama,Drama|Family|Fantasy|Romance|Science Fiction,5,US,1,C72b723b8,8,1,False,K48cf5c34|K1451c5af|K526c2540|Kda40fa6b|Kd0196534|Kb8dd9a75|Kb9a6319c|K9d4a30d0,P023d8650|P9cf8177c|P45da86ac|P126b9e53|P0d18bda2,P8fc5f7cd,19158074.0
M921f6e95,Bowling for Columbine,2002,4,120,4000000,en,Documentary,Documentary,1,US,7,C35283342|C6586af20|C1c603869,21,23,False,Kd6a05201|Kdd6cc548|K01c1572d|Kc1abf13e|Kd7e147eb|K7b04ba9b|Kb3e1af88|Kf2805c53,Pac4ce1e3|Pd110aede|Pd4740682|P11e6bab3|P47374014,Pac4ce1e3,35564473.0
Md306d1a2,Punch-Drunk Love,2002,4,95,25000000,en,Comedy,Comedy|Drama|Romance,3,US,3,Cf4478484|C6988cd6a|C80cef579,25,15,False,K489cee79|Kee199654|K7a3df123,Pc82d1114|Pc3043c91|Pfe9ae21f|Padb86a9e|P698aeadc,P39845bd4,17000000.0
Mbbcdfb8c,Swept Away,2002,4,90,10000000,en,Comedy,Comedy|Romance,2,IT|GB,3,Ceba6d050|Cd8c8ad5e|C2e50eb61,6,16,False,K06ec2ec0|K566c4248|K4fdd4469|K5f91ed94,P23f1be74|P0579cfa6|P630c09d9|P291847b2|P1d793380,P4d1bb4c3,598645.0
M63258aae,The Ring,2002,4,115,48000000,en,Horror,Horror|Mystery,2,JP|US,3,Cfa01eb95|Cd8e4f059|Cf0e478f8,15,131,True,Ked493fb4|Ka33df06b|K566c4248|K6f266ecf|Kd081507d|K64563e1b|K011bc215|K6612fa4a,P8ea19000|P1ac7085d|Pe320e702|P7df79f5c|Pec20318d,Pb3125d33,249348933.0
M127164ca,Auto Focus,2002,4,105,7000000,en,Drama,Drama|Crime,2,US,3,C825a8443|C757257b9|Cceac79d7,23,6,False,K1fc61028|K06ec2ec0|K1451c5af|Kb8d59c8d|K0d4b855e|Kf00fbeba|K7d378723|K4385ab38,Pa4d4e204|P9a2edffb|Pf3f850eb|Pa90449bf|P0fa00028,P960227bb,2062066.0
M7ddfa8cc,Jason Goes to Hell: The Final Friday,1993,3,85,3000000,en,Fantasy,Fantasy|Horror|Thriller,3,US,2,C6988cd6a|Ceb6e59ed,12,15,True,K1fc61028|Ka7984eec|K94f985a9|Kd515c294|K60686471|Ka05e8854|K19a14feb|K35fbf0b0,Pa32ebcdb|P99540756|P54f723d3|P11e17e8d|Pdad08998,P07f62d66,15938065.0
M4afb39fc,Saturday Night Fever,1977,4,120,3500000,en,Drama,Drama|Music,2,US,2,C6146f42e|Cd8ad2a74,19,10,True,K2fb62106|Kf7dd367f|Kbf75451f|Kedb203e8|Kdbccb24d,Pe91449f5|P37c6df40|P0b19b6c1|Pd13f3cbf|P48c2bbff,P4ec614a4,237113184.0
M3cd6847d,When Time Ran Out...,1980,1,120,20000000,en,Action,Action|Adventure|Drama|Thriller,4,US,2,C3e7bdc8f|C66cfcaa6,17,10,False,K32d43916|K566c4248|Kd9b431f9|Ke578b0ae|Ke85f007d|K66331d63|K102f7f06|Kf48476e1,P5c9978f1|P6b129dca|P27f203dd|Pefa3b919|P5a59e4b4,Pdfafd7cb,3763988.0
Mb6ba8aaa,Xanadu,1980,3,95,20000000,en,Fantasy,Fantasy|Music|Romance,3,US,1,Cd7a83b16,19,15,False,K965d2159|Kec22e780|Kb71004ae|Kdbccb24d|K7b533ed3,Pd76ea06b|P76f78ecf|Pc4750870|P0b25b71d|P6b21f9f3,P4c4cd66d,22471595.0
M7dc155af,Absence of Malice,1981,4,115,12000000,en,Drama,Drama|Romance|Thriller,3,US,2,C52e61c78|Cb99e3e4b,10,22,False,K8f1a87af|Keb90c31b,P5c9978f1|P05a50f1e|P0fdd69df|Pe61da26e|Pd4e769b5,Pe1f0e7d0,40716963.0
M5e3f4786,The Amateur,1981,4,110,10000000,en,Action,Action|Crime|Thriller,3,CA,0,,15,4,False,Kca0f1cb3,Pccc5f0d8|Pa54c1475|Pa2e21b54|Pf6c9b649|Pa400d8c8,P7788884a,6892098.0
Mfccdf5f2,Dead & Buried,1981,2,95,3000000,en,Horror,Horror|Mystery,2,US,1,C5af4cac3,29,45,False,K27d5bfeb|K35fbf0b0|K5b99e83e|Kc67feb60,P98fbce3b|P84c9a481|P06bc7d99|Pa7fbb231|Pb50ec6e4,P897707a7,216166.0
M3a4debcd,Gallipoli,1981,3,110,3000000,en,Adventure,Adventure|Drama|History|War,4,AU,2,C2b2aaf0f|C2ed3d1a9,13,16,False,K7be894cf|K3b01c649|K8adf4b5a|K241b3a3b|Kce3eea82|K4d28368f,P46240969|P7513e91f|Pb309d626|P707e3fb4|P145023ed,P02b6bc1a,11740000.0
M27dc5425,Goodbye Pork Pie,1981,1,105,300000,en,Adventure,Adventure|Comedy,2,NZ,6,C8b18d4aa|C7dd47715|C0ef327bf,5,3,False,Ke184998e|K110f3ad2,Pa3e203fd|P87614c48|P8953af77|Pcc35a691|P97cdbec4,Ped3899aa,1400000.0
Me701962d,Heartbeeps,1981,4,80,10000000,en,Comedy,Comedy|Romance|Family,3,US,1,Cd7a83b16,11,14,False,K4e383866|K89099cca|K00ee119f|K68f9bab5|K6bf58623|K4ce171fe,P00915e22|P45692d20|P64b06ad7|Pd51448b7|P61dc355f,Pa8f86c0f,2154696.0
Mc05c7f23,The Legend of the Lone Ranger,1981,3,100,18000000,en,Action,Action|Adventure|Romance|Western,4,US,1,Cee7ae582,14,3,False,K8b4a145a|Ke31f7aba|Kc0107ea8|Kee5815d0,P65c2b572|Pe41da318|Pfa70d424|P62182dd1|P0b5454e1,P7c701bf3,2945600.0
M84fc48aa,Neighbors,1981,4,95,8500000,en,Comedy,Comedy,1,US,1,Cf4478484,7,3,False,K1451c5af|Kdbcc2a99|Kf2b11147,P97feb902|Pe7ca15be|Pa1818865|Pe236144b|Pd5dd74dc,P12f7170c,29916207.0
M392f73dc,Pennies from Heaven,1981,4,110,22000000,en,Drama,Drama|Music|Romance,3,US,3,C4637b80a|C1e53a163|C7aa95cfa,10,18,False,Kedb203e8|Kc1293130|K33437310|K13818823,Pa4708d8a|P45692d20|P7f39fa25|P9f6726a7|P716c799d,P640b5254,9171289.0
M00b6a6cb,Ghost Ship,2002,4,90,35000000,en,Horror,Horror|Mystery|Thriller,3,AU|US,5,C1246c604|C57c68451|C32d6fdc3,11,105,False,Kcc094e84|K424ad1c8|K7349e962,Pbb2d8b2b|Pf4601e22|P2c7fa70c|Pdd1cfd23|Pd7c666b9,P7c3990db,68349884.0
M1d254330,Jackass: The Movie,2002,4,85,5000000,en,Documentary,Documentary|Comedy,2,US,4,C6146f42e|C0498af6f|Cca5a49e2,32,15,True,Kb6e69059|K9d87ed05|Ke3af0cc3|K34a9b081|Kfb36e1cd|K0ed44ab9|Kf61191fa,P38b61b35|Pa7961a3f|P5d5f0e9b|Pc719053b|Pee7ee0b0,P4253fd70,64282312.0
M1563a483,All The Queen's Men,2001,4,100,15000000,en,Action,Action|Comedy|Drama|History,4,AT|HU,0,,9,2,False,K550ea887|K230a811e,Pc9a5687d|P36b0fdec|P69c5a0de|P65fc4fde|Pb70eb42b,Pa2be58e6,23000.0
M049aaa84,I Spy,2002,4,95,70000000,en,Action,Action|Adventure|Comedy|Thriller,4,US,1,C52e61c78,9,10,False,K3b9d7d86|K9136e8a9|K53c130d2|K742bd1e5|K631a98f4|K90d5865e|Kcbf64eb9,P1c7f1d9d|P66e0e26d|P0303ea88|Pca156642|P6ffb425f,P41fc29a2,33561137.0
Mbdde6d91,The Santa Clause 2,2002,4,105,65000000,en,Fantasy,Fantasy|Comedy|Family,3,US,3,C72b723b8|C64fdaa80|Ce0b4c9ec,13,37,True,Kedb0ba53|Kfee0b656|Ke808a15b|Kcf3c4678|K79547cd1|Kdc5570ed|K4b5d944f|K7486a573,P7e44f8c4|Peb8f1c49|P2774546c|Pefabc2c2|P9e79f4a8,P67b80631,172855065.0
M3ef94e1d,The Weight of Water,2000,3,115,16000000,en,Crime,Crime|Drama|Mystery,3,FR|US,4,C668b01c5|C02b03d7d|Ca70a9795,22,13,False,Kca0f1cb3|Kcbf64eb9,Pd76d11b5|P9890879c|P52453039|P07624456|P336346ff,Pb7944fa9,109130.0
M40073d15,Femme Fatale,2002,4,115,35000000,en,Thriller,Thriller|Crime|Romance,3,CH|FR,2,C015707fe|C40ddffad,19,20,False,K24eec40f|Kc56ceab0|K986d1419|Kdfc0b517|K0f59e329,P3999e66a|Pd761e806|P355cfb59|P9c6beaea|Pb730fc8e,Pb1ee92f6,16838910.0
M55311a0b,Far from Heaven,2002,3,105,13500000,en,Drama,Drama|Romance,2,US,1,C47d62866,10,14,False,Kfe6fb0dc|Kb1b2d050|K244b35b0|K683aa1bf,P62eda3c0|P967c7ac4|P9cac27f5|Pa9b844fc|Pe7fd819d,Pc96228f7,29027914.0
M8af1e75d,Harry Potter and the Chamber of Secrets,2002,4,160,100000000,en,Adventure,Adventure|Fantasy|Family,3,DE|GB|US,3,Cd05b6468|Cce91b416|C3e7bdc8f,61,141,True,Kb76b8ce1|K55cfa8fb|K79547cd1|K4d66eb3b|K03a83b12|K786baa11|K1d3ca58f|K3858ab61,Pa9ffe9b7|P7aef44db|P187f1470|P31f710a3|P4827d768,P17f6230f,876688482.0
M3351bd18,Men with Brooms,2002,3,100,7500000,en,Comedy,Comedy,1,CA,0,,12,1,False,Kdc87c7d5,P656b8751|P448f98fd|Pfff5d58e|Pa8ea06e5|P14145bde,P656b8751,4245870.0
Ma46a64c1,Return to the Blue Lagoon,1991,3,100,11000000,en,Adventure,Adventure,1,US,2,C52e61c78|Ce41cb77b,15,14,True,K566c4248|K466bc409|Kdfc9968c|K8e4844b2|K443ee7ff|K5f91ed94,P7ba65775|P01d2cde8|Pa9ff1ddb|P682f5ee7|Pa2f38bf2,P248fa87b,2807854.0
Mad163e93,Roadgames,1981,2,100,1750000,en,Thriller,Thriller|Horror|Mystery,3,AU,3,C0d80cb00|C0e4e1297|C83f8249a,18,15,False,K241b3a3b|Kfe075bcf|Kca0f1cb3|Ka2122fa4|K6850b12d|K1d99025a|K39741e41,P14038a03|Pdd6d0097|Pf37372d7|P79c205d8|P002e8a04,Pfbb69d7f,100000.0
Md02fca10,Sphinx,1981,1,120,14000000,en,Adventure,Adventure|Mystery|Thriller,3,NL|US,2,C2b1996b8|C67a2cc0b,12,13,False,K80ad8a1e|K1451c5af|K30a53fa2|K6a580b43|K7b6f0775|K03f80d45|K35fbf0b0|Kd3103f62,Pc8e9e17c|P7985ee27|Pe5a6227a|P2ffbf11a|P094bd4db,P7ed1abf6,439564.0
M56d2d45e,This Is Elvis,1981,2,145,5000000,en,Drama,Drama|Music|Documentary,3,,0,,5,6,False,K656bf8b0|K6f266ecf|K63686dc5|Kd5acb9df|K4385ab38|K4fcfc4d1|K87469bb8|Kc1eb0e48,P8a4340e6|P2ab4ac5e|P91833396|P280e9298|Pc49b3ace,P7a609fc2,2028612.0
M0a74be51,Die Another Day,2002,4,135,140000000,en,Adventure,Adventure|Action|Thriller,3,GB|US,1,Ccf159454,21,7,True,K5f28debc|K0d2e7f11|Kca7b6deb|K52f25917,Pc745bfc7|P1de24948|P34b1521d|P8f4c1baf|P5abfaf11,Pa93f1f6b,431971116.0
M4ff05bb9,Friday After Next,2002,4,85,20000000,en,Comedy,Comedy,1,US,1,C6988cd6a,12,12,True,K6e66e380|Kdcd12872|K5852d5b1|Kd9198f5a,Pabc55b2b|P885c0e0e|P2e301ec2|P54eeb6ef|P050808ce,Pd66d93d4,33526835.0
Mf3a765fc,Talk to Her,2002,1,110,9285469,es,Drama,Drama|Romance,2,ES,4,C6a27c5a9|Cceac79d7|Cff0e5325,18,12,False,Kc8aa65cd|K8eea5ed8|K5c0670e8|K45d12a23|Kbe5f99b4|K2d338b34|Ked493fb4|K0c537174,Pd151c045|P39930638|P5356849b|P1ed8fe43|Paeaf8dbb,Pd0704ab7,51001550.0
M3d981d86,Extreme Ops,2002,4,95,40000000,en,Action,Action|Adventure|Drama|Thriller,4,US,3,C6146f42e|C249895e9|Cde244dcf,10,17,False,K22028009,Pc3971226|P4c184363|Pcfa03d94|Pa01ab3f1|P69d11e39,Pd2cffd58,10959475.0
M74867556,Solaris,2002,4,100,47000000,en,Drama,Drama|Science Fiction|Mystery|Romance,4,US,2,C6cbfdb5c|Ccec7fdeb,13,55,False,Kfce86ae4|K83e2e77f|Kabe04825|Ka96b9d40|Kb76fa970|K846673e8|Kffca883b|K59174898,Pd4551c6e|Pc63449c9|Pe7fd819d|P615e94c1|P2e906145,Pd886c47f,30002758.0
Mcc74ecdd,Treasure Planet,2002,4,95,140000000,en,Adventure,Adventure|Animation|Family|Fantasy|Science Fiction,5,US,2,C72b723b8|C67618fbb,28,39,False,Kf93b4bf6|K1451c5af|K546d281f|K72d68ef7|K4eaa0722|K2be1f0c3|K81a527f0|K96372f51,P8e89b53a|P6e639c3e|Pfa58448a|Pe3b4e9ba|P77f5af5c,Pd08b7f82,109578115.0
M8399266c,The Sword and the Sorcerer,1982,2,100,4000000,en,Action,Action|Adventure|Fantasy,3,US,1,C9c83ca52,52,28,False,Kfbd674bb|K2f880fce|Kaae2caa3|K3a9cfbfe|K0e0f83d5|Ke5d6abed|Kfd335d37|K8e1e1083,P0557c746|Paee4ce90|Pc4a9aac0|P10c72e64|P3e533f78,P7dbd995a,39103425.0
M3a5303ee,Analyze That,2002,4,95,60000000,en,Comedy,Comedy|Crime,2,AU|US,6,C1246c604|C57c68451|C3e7bdc8f,10,15,True,K526fab99|K68d34ab1|K6e02d9c8|K25177432,Pd9604827|Pfa741633|Pf25ac6cd|P471ce33f|Pa1818865,Pc18a1935,55003135.0
Mbcb74023,Adaptation.,2002,4,115,19000000,en,Comedy,Comedy|Crime|Drama,3,US,6,C0af80a31|C757257b9|Cd196108b,25,18,False,Ke450125b|K52d403a5|Kf549963a|Kc68cb9da,Pa2178ef1|P5601b6b3|P2db253cf|Pae3524a1|P569be7a4,Pe51003a1,32801173.0
M9b62fcb6,Escape to Victory,1981,2,115,10000000,en,Action,Action|Drama,2,US,2,Cb19306e0|Ce4679c50,20,9,False,K66331d63|Kd7eb086c|Kc7cade6b,P123185a4|P468a604c|P63524ef0|P58301fd7|Pf302563f,P95cfa58a,27453418.0
Mf50eff3e,The Best Little Whorehouse in Texas,1982,3,115,35000000,en,Comedy,Comedy,1,US,2,Cd7a83b16|Cb2a9979b,37,18,False,K50d76002|K260f3f56|Kf7504097|K965d2159|K92f716f2|Keb141b00|K19c1b07e|K8522d469,Pdd352fba|P70d1c5a5|P5649d2dd|Pf31be00d|Pc9e90a31,Pf4a98951,69701637.0
Md55a26f1,"Come Back to the 5 & Dime, Jimmy Dean, Jimmy Dean",1982,4,110,850000,en,Comedy,Comedy|Drama,2,US,2,Ca0c5167c|C36b67445,8,2,False,Kf6d4d5a6|Kd3103f62|K62fab60e,Pf108d77e|Pc0c3550d|P16c94183|Pf9c86f86|Pe76df162,P513294b5,840000.0
Mbcd861c9,Drumline,2002,4,120,20000000,en,Drama,Drama|Romance|Comedy|Music,4,US,1,C7f89a29f,15,9,False,K4f27b36d|K6c6acdc1|K1cf45ffe|Ked2e56f3|K666c4ab8|K6a91dcce,Pf50e3c01|P3430b4ec|Pfd957aac|P0f2c321e|P1cda591b,Pc5328e10,57588485.0
M3bbc6e11,Star Trek: Nemesis,2002,4,115,60000000,en,Science Fiction,Science Fiction|Action|Adventure|Thriller,4,US,1,C6146f42e,18,19,True,Kfce86ae4|Kb722db6a|Kc2ed15d1|K44060099|K37979622|K9f493c65|Kc090490d|K267cc427,Pd0abc51d|Pcfb077fb|P90e956c3|P2bcb7a1a|Pbdd47552,Pe6ed9ce6,67312826.0
M195b469d,About Schmidt,2002,4,125,30000000,en,Drama,Drama|Comedy,2,US,2,C6988cd6a|C6497540c,14,25,False,Kb1b2d050|K73d6deb9|Kcfd2ad3f|Kc92ac1ae|Kc9c6e653|K1ab2d520|Kaf99de21,P2484a098|Pe76df162|Pe8b36871|P1dff6e01|P4ecf2abc,P74e65ede,105834556.0
M606019b2,The Lord of the Rings: The Two Towers,2002,4,180,79000000,en,Adventure,Adventure|Fantasy|Action,3,NZ|US,3,Cfa9f1be7|C6988cd6a|C5fe1f969,34,36,True,K82d85bd6|K98f12e70|K62b46e1c|K38519a3c|K1451c5af|K18f7c353|K9ec3c94f|K7e1d91ff,P6f0b74b5|P6ada0366|P45ae55c7|Pce2c4e19|P8e74e958,P715cf7f1,926287400.0
M25ed903b,25th Hour,2002,4,135,15000000,en,Crime,Crime|Drama,2,US,2,C1b1533bd|C0532621e,18,27,False,K526fab99|Kae263b85|Kf8baada2|Kcf15988c|K4d23e9ec|K5fce51a3|K5daec4d9|K4d89505f,Pf6c5b6fd|Pfe9ae21f|P8c5e34bb|Pefe166d2|P0f48151a,P1e91a320,13060843.0
Ma041f612,Antwone Fisher,2002,4,120,12500000,en,Drama,Drama|Romance,2,US,2,C9ea1bb4a|C52c0863d,10,9,False,Kdab9be36|K4385ab38,P680196b9|Pe5a19c1e|P974244f2|Pbbc37df2|Pc119c673,Pbbc37df2,23367586.0
Mbe48ca3b,Gangs of New York,2002,4,165,100000000,en,Drama,Drama|History|Crime,3,US|IT,3,Cf8f92f7f|Cafe2d19e|Cd400ef78,30,38,False,Ke6b45b39|K3775276a|K6cb61a2e|K169947a5|K8f7e11ed|Kc8e08999|Kb8504f9e|K8a9b5f1e,P2cb99efe|P38ff2ca0|P955f54ab|P1b4a1135|P72092b5c,Pc1b16bc3,193772504.0
M1f521a04,Two Weeks Notice,2002,4,100,60000000,en,Comedy,Comedy|Romance,2,AU|US,4,C1246c604|Ce4e76224|C57c68451,26,7,False,K6a6623ca|K1adec311,Pbf6fd3c6|P3f407781|P13fccc9f|P8bc130ef|P30a2ca6a,P7dc48889,93354918.0
M5995a6ca,Narc,2002,1,105,6500000,en,Action,Action|Crime|Drama|Thriller,4,CA|US,3,C6146f42e|Cb61eea90|C45816831,12,11,False,K9da4a5d5|K011bc215|Ke724d549|K9f5097a5,Pee263a29|Pb3dd3313|P88deb675|Pb35f914a|P22e5e830,P82f51058,12633747.0
M2ee3fb48,Body of Evidence,1993,1,100,30000000,en,Drama,Drama|Thriller|Romance,3,DE|US,1,C1e53a163,11,30,False,K511491fa|Kb8d59c8d|Kb8ac4260|K60686471|K0de19f1e|K35fbf0b0|Kd9198f5a|K496d2cff,P23f1be74|P9a2edffb|P62eda3c0|P96d6bc26|Pefa7481d,P38389666,13273595.0
Me50c75a5,Pinocchio,2002,4,110,40000000,it,Comedy,Comedy|Family|Fantasy,3,IT|US,3,Cf8f92f7f|C34f14954|Cf60af06f,6,12,False,Keae2ee2b|K5bcb4bcc|Ka9021da2|Ke136abff|K4422f337|K75e367d2,Pd6818470|P5e5a423d|P86c78454|P9066fe8d|P80bea55e,Pd6818470,41323171.0
Mb66c2f89,The Hours,2002,4,115,25000000,en,Drama,Drama,1,US,3,C6146f42e|Cf8f92f7f|Cda813610,19,18,False,Kef728c09|Kc8aa65cd|K0c50837f|K9a94a39f|Kf6118f7e|Ka33df06b|Kc6484f9a|Ke808a15b,P8bb333ae|P62eda3c0|P5601b6b3|Pd7be9752|P086ca141,Pbabc1386,41597830.0
M533ce789,The Pianist,2002,3,150,35000000,en,Drama,Drama|War,2,FR|DE|PL|GB,16,C997115b5|C77a1c285|C405df7f6,74,45,False,Kab720d41|Ke7fd3ddd|K44e2b16c|K613cd66a|K6a356631|K825ca0e9|Kd27cedae|K230a811e,Pd2914092|P88ce8fad|Pa1f261f8|P6830711c|P0cffa6b8,Pc5c7a3cb,120072577.0
M5b3819c1,Confessions of a Dangerous Mind,2002,4,115,30000000,en,Comedy,Comedy|Crime|Drama|Romance|Thriller,5,US,3,Cf8f92f7f|Cd2629222|C976c0906,26,16,False,Ka7c34208|K4385ab38|Ka92c2ffe|K19167eeb,P14f62872|Pe0243597|P9195777d|P2ad24815|Pc5fe07a1,Pd4551c6e,33013805.0
Mcf5c9ac3,Just Married,2003,1,95,18000000,en,Comedy,Comedy,1,DE|US,3,C6cbfdb5c|Caef19b2e|C22c687f1,10,30,False,Kabdaec69|Kc56ceab0|K526fab99|Ke6b45b39|K5ec58f64|K41adc54e|K164b8bbd|K6ecc96df,Pdbe8182c|P61e1b201|Pc3f258b9|P9f57b5d2|Pc8235422,P6d9a86b4,101564935.0
Mc238a84f,A Guy Thing,2003,1,100,20000000,en,Comedy,Comedy|Romance,2,US,2,C1e53a163|C531dce2c,16,11,False,Kb8d59c8d|Kf7ce9b88|K50f0ee0b|K442c9be4|Kfe79fa59|K35845391|K5c35eca7|Kc5c53ac8,P1f2402be|P24a75c64|P9ba0093c|P294ad1b3|Pa7a78b64,P0b1719a3,17432163.0
M68f6f990,Final Destination 2,2003,1,90,26000000,en,Horror,Horror|Mystery,2,US,2,C6988cd6a|Cb6c0f7b7,31,88,True,K8144bfb6|Kb2cadd4a|Ka69f7dd5,P5f77d0b4|Pb94b8ad1|Pb49ef353|P5cf71fdb|Pcf21cd7c,P6c5b02b8,90426405.0
M9624bb60,May,2002,1,95,500000,en,Drama,Drama|Horror|Thriller|Romance,4,US,2,C300f7d1f|C94470b5a,17,12,False,K7af4787d|Kdff7e362|K35fbf0b0|K0a8098b2|K28cea495,P8cecc1ef|Pe13616e6|P321e1002|P776d5354|P48de6b47,P854bbd8b,150277.0
M4c8d5b65,Firefox,1982,2,135,18000000,en,Science Fiction,Science Fiction|Action|Adventure|Thriller,4,US,1,C27c08183,54,41,False,K4a64b667|K424ad1c8|K49e28473|Kdffee990|Kb67ea35c|Kca0f1cb3,P6f65c5ac|P6a0351f3|Pd303c181|P9a49ac0f|P7cf00e79,P6f65c5ac,70687344.0
Mefe1f514,How to Lose a Guy in 10 Days,2003,1,115,50000000,en,Comedy,Comedy|Romance,2,DE|US,1,C6146f42e,22,11,False,K33e09618|Kcdcd7d77|Ked493fb4|K6e02d9c8|K71cc04af|K9d42ff64,P0d5aa382|P9d278739|Pa6bce221|P74814d9b|Pa7632749,P3acbe364,177371441.0
M080378e9,Shanghai Knights,2003,1,115,50000000,en,Action,Action|Adventure|Comedy|Western,4,HK|US,5,C475937d3|C0532621e|Cb14ded9d,47,15,True,Kef728c09|K7904303e|K4cd89d42|K9a16fa02|K35fbf0b0|K676ae011|Kd6073f4e|K8f343d72,P789f5166|P66e0e26d|P1084c9ea|P3ffa4742|P44b954b2,Pc46269a8,88323487.0
Ma756538f,Daredevil,2003,1,105,78000000,en,Fantasy,Fantasy|Action|Crime|Science Fiction|Thriller,5,US,5,C6cbfdb5c|Cc2c73c36|C015707fe,73,196,False,Ke8f49a6c|Ka3337f91|K12b44075|K04f1877b|K0e4a806b|K90205f62|K10450c44|Kd6073f4e,Pcde62a4b|P56976266|P7b34c4be|Pca66871e|Pd539ecc7,P148cee9d,179179718.0
M259e80d2,The Jungle Book 2,2003,1,70,20000000,en,Family,Family|Animation|Adventure,3,AU|US,4,C72b723b8|C89121351|Cf1a97c47,9,10,True,Kbf16afac|K965d2159|K765736a4|Ke5e5cfb4|Kfec77ccf|K19a14feb|K2e6897b6|Kb2c2fb55,P7f88be6e|Pc8bfe735|Pf43e7b96|Pc0503c49|P25c8d8f3,Pb90d81da,135680000.0
M8248543b,10 to Midnight,1983,1,100,4520000,en,Horror,Horror|Crime|Thriller|Drama,4,US,3,C2d51ecb7|C06579010|Cd242bc31,27,12,False,Ka7984eec|Kb1aa9b34|Kcc8edd30|K34cb2d0f|K0d25991c|K35fbf0b0|Kbc3b124f|Ka2122fa4,P374ce190|P093e9171|P4381acd9|P87f2091d|P7255d3fe,P010f1164,7175592.0
M28a4279c,A Prayer for the Dying,1987,3,105,6000000,en,Crime,Crime|Drama|Action|Thriller,4,GB,1,C7fbae49e,17,6,False,Kb73ae987|K9e190f71,Pc810bfde|P09ae177a|P271d457f|P3d2244de|Pe1d327c6,P78278ab6,1432687.0
Mea8e2cbc,Dark Blue,2002,4,120,15000000,en,Action,Action|Crime|Drama|Thriller,4,DE|GB|US,6,C7e86926f|Ccdc52bf4|Cdffb0b38,17,22,False,K9df93747|K51852249|K706bcd22|Ka40b6003|K46cc32f6|K065bfd74|K8ddf3e21|K11ee75e7,P6265995c|P4c3a688a|P2795d202|P72092b5c|P8b839607,Pb14bfe6f,9237470.0
Mb85c9015,Gods and Generals,2003,1,215,56000000,en,Drama,Drama|History|War,3,US,3,C2d54d9a7|C9396b5c7|C24cfeba9,21,72,False,K65cf7a95|K10a4d48b|Kea56a011|K02d9bbdb|Kf5038425|K8322b095,P8768aeb2|P63cebd80|P617d4377|P6f42ed6b|Pc1209924,P709595bd,12923936.0
M8f20d6ef,Old School,2003,1,90,24000000,en,Comedy,Comedy,1,US,2,Cfa01eb95|Ce6df453c,14,12,False,Ke99e24c3|Kad7c6fe9|K8e09dff5,P65676666|Pc488f7aa|Pe5898b7e|P67bcca9b|P99c85139,P4f384f09,87055349.0
M0a0bbcae,Cradle 2 the Grave,2003,1,100,25000000,en,Action,Action|Crime|Drama,3,US,2,Cd36ef9f0|C3e7bdc8f,9,9,False,Kc5b65b8c|K2b55e3e0|K6b4e6a64|Kb2dd1d83|K5852d5b1|Kcec27f06|Kf7f88e91|Kcecc4cee,P9e0754f2|Pf1c49d00|P76d7be7a|P472302b0|P5010bf75,Pdd50d853,56489558.0
M42923dde,Bringing Down the House,2003,1,105,20000000,en,Comedy,Comedy,1,US,2,C570a3fc3|C0532621e,59,10,False,K526fab99|Kd067d312|K3db4d6c8|K66331d63|K7da32c41,Pa4708d8a|Pc2dfb497|Pbff7fdac|Pdcd8384e|P04e83853,P71a85149,132675402.0
M983f1ba9,Tears of the Sun,2003,1,120,70000000,en,Action,Action|Drama|War,3,US,4,Cf4478484|C98fdcebd|Cf1e5dfa2,31,138,False,Ka2e4a547|K98121b1b|Kc6e19df4,Pbc324a94|P9ab3ffdf|Pe272310a|Pd21aeea2|Pb7ab22bd,P0efd056c,85632458.0
M828ae975,Bend It Like Beckham,2002,2,110,3500159,en,Comedy,Comedy|Drama|Romance,3,IN|DE|GB|US,4,C9ea1bb4a|C79be19d8|Cfe51063e,13,22,False,Kef728c09|Kaadbd93b|K8867be76|K8e1a72e9|K3b0680c6|Ke3581457|Kf32b54ae|Kd896e0c7,Pd6fd201d|P73f53fc6|P2c3e141f|P34392fc0|Pec15000f,P51735abb,76578641.0
Mf2a3c299,The Hunted,2003,1,95,55000000,en,Drama,Drama|Action|Thriller|Crime,4,US,2,Cc032927b|Cca6a6893,5,53,False,Ke7bdc112|K4869d83d|K2f73b47d|K3bb19cbb|Kb8dd9a75|Kebdb4d1e|K0a168e68|Ke75e2e3c,Pb23773f6|P1ebfa909|P655299b5|P6659d8cf|Pcf11e967,P51a13d4a,34234008.0
Me976b72a,Ringu 2,1999,1,90,6000000,ja,Horror,Horror,1,JP,0,,16,5,True,K6a020f0a|K64563e1b|K19a14feb|Kf1b1594d|Kccb63461,P47b2d87f|P00df5356|Pb4b8a61c|Pb7299109|Peb1d3367,P1256186a,18686644.0
Maee39c35,Boat Trip,2002,4,95,20000000,en,Comedy,Comedy,1,DE|US,2,C451a9185|Caa3dc840,13,30,False,K0c50837f|K0caa4089|Kb89c6bcc|K1139b110,P091308ba|P55bd0956|Pedb6866a|Pf2a3f46d|P2d720116,Pca09f2b0,8586376.0
M15973677,Dreamcatcher,2003,1,135,68000000,en,Drama,Drama|Horror|Science Fiction|Thriller,4,US,5,C1246c604|Ce4e76224|C57c68451,16,88,False,Kd49e15ee,P9c10a86e|P42c677ae|P1f2402be|Pe12d51ba|P4002418d,P9414e168,75715436.0
Mfccf4466,Wind,1992,3,125,29000000,en,Action,Action|Drama,2,US,2,C947c3de9|C6dfc8237,6,5,False,K5c5e4382|K137a6391|K241b3a3b|K2af03737|Kb19ddca7|Ke292b350,P6c2b2b0b|Pf30b3bc1|Pf07c8f26|P8c6bcccc|P10291a37,Pb8081d9c,5519569.0
Mb6db2f7a,The Core,2003,1,135,60000000,en,Action,Action|Thriller|Adventure|Science Fiction,4,US|CA|DE,6,C6146f42e|C2c576375|C8e1be51e,54,222,False,Kc3deea1b|K8cd4996c|Ka725b11d,Pe85b6a97|Pc23204e6|P1b3c94e0|Pae29ae2b|P5f24fdc3,P957c8b3c,74208267.0
M2b980f80,Raising Victor Vargas,2002,2,90,800000,en,Drama,Drama|Romance,2,US,0,,9,3,False,Kd3103f62,P346d1f24|P17d5241b|P1664cae0|P01fd510e|P75797032,Pe6223366,2816116.0
M5ad3fe8e,A Man Apart,2003,2,110,36000000,en,Action,Action|Drama,2,DE|US,4,C6988cd6a|C096c902f|C9ec05aaf,15,17,False,Ka5e98367|Kf3a365f3|K9653593d|Kc7e10b07,Pb2d28ee6|P23ca8104|P4002418d|P1dc7eee7|Pc87ded08,P04bcabef,44350926.0
Ma575666c,Phone Booth,2002,3,80,13000000,en,Thriller,Thriller|Drama,2,US,1,C7f89a29f,10,12,False,K4d2febdc|K8fe5ddeb|Ka05e8854,P7b34c4be|Pcf04e53b|P52cbfc7b|Pa5509ed0|Pc0a9cc4f,P59045db6,97837138.0
Mb9ffb141,Levity,2003,1,100,7500000,en,Crime,Crime|Drama,2,FR|US,4,C825a8443|C668b01c5|C146bb014,6,5,False,K526fab99|Kc5b65b8c|Kd3764086|K0d25991c|K4a55f24b|K35845391|K9a16fa02|Ka240b893,P08e0c086|P9c10a86e|P281a5f82|Pfe6d4c3d|Pd3aabc2f,P4f448ce5,209151.0
M52926cf4,Ghosts of the Abyss,2003,2,90,13000000,en,Documentary,Documentary,1,MX|US,3,C72b723b8|C016bc731|C19b97d0c,10,50,False,K32c7600d|Kfa0063d6|K4fdd4469|K641d00b7|Kcce77c17|Kcd60469d|K812768d3,P0fd4f855|Pfa562fcf|P98706d3f|P8c099ab5|P4c3b6e7c,P98706d3f,17040871.0
Maebdd4cb,A Mighty Wind,2003,2,90,6000000,en,Comedy,Comedy|Music,2,US,1,Ce4e76224,20,11,False,Kf33b31dd|K01399813,P0fdd69df|Pf4c89087|Pbc846e8b|Pbff7fdac|P1fcb8ebf,Pf4c89087,18750246.0
Mdb556da2,Straw Dogs,1971,4,120,2200000,en,Crime,Crime|Drama|Thriller|Mystery,4,GB|US,1,Cc3099f94,15,13,False,Kdcf6a5ec|K5c0670e8|Kd2111336|K70e493ba|K9a16fa02|K8ade060b|Kc3ff5557|K3c6f9488,P7771ab64|P7a79fe8d|Pcbdc7961|P3ab04337|Pcd2b8732,P0c160c54,3251794.0
M6db577c5,The Andromeda Strain,1971,1,130,6500000,en,Science Fiction,Science Fiction|Thriller,2,US,1,Cd7a83b16,22,17,False,K2c4719da|K06311639|K0e8f4232|Kff5d69ac|Kcd3b334a|K9b4e0f2d|K85cada54|K4e42fe9c,Pf6c9b649|P1b275b34|Pd9f921f2|Pf3c855cc|P10f0d755,P033a6f4d,12376563.0
M181ff980,The Wiz,1978,4,135,24000000,en,Adventure,Adventure|Family|Fantasy|Music,4,US,2,Cd7a83b16|C6c25b6cf,10,10,False,K4d89505f|Keb141b00|K759de3b0|K406f41cf|Kd119a8ee,P73f87ca0|Pb8dbc720|P0b31c0cb|Pe2e20d7f|Pa2548d7f,Pa17037ae,21049053.0
M0282918c,The Marrying Man,1991,2,115,26000000,en,Action,Action|Comedy|Romance|Thriller,4,US,1,C2b01c913,6,3,False,K1ca3731a|K7054c626,P59339049|Pa350e788|Pa6a4911b|P4f05630f|Pa9220d48,P938e0c0f,12454768.0
Mdd399c58,Scenes from a Mall,1991,1,90,3000000,en,Comedy,Comedy,1,US,2,C0532621e|Ce86f99f4,7,15,False,,P23c41cec|P104d62f4|P4e903563|P1533660c|P44a9adef,P1533660c,9563393.0
Mda3c03a1,Identity,2003,2,90,30000000,en,Mystery,Mystery|Thriller,2,US,2,Ca212ea4c|C52e61c78,22,28,False,K1199c976|Kb1aa9b34|Ke6a0d063|Kae263b85|K21b70957|K7f49c806|Ka60df4c2|K8ac88806,Pe00a4034|Pb3dd3313|Pc19b2250|Pfab4aa23|P9d25dde1,P1783672c,90259536.0
M43c32d4e,House of Fools,2002,4,105,2500000,ru,Drama,Drama|Music|Romance|Foreign,4,,0,,4,4,False,,Pe9205fba|Pa66fc94c|P9721c767|P85f7f644,Pb8921229,57862.0
M1aa34358,The Lizzie McGuire Movie,2003,2,95,17000000,en,Family,Family|Comedy,2,US,2,C72b723b8|Ce6039b27,24,8,False,,Pb867ac16|P3a99fd6d|P461c34de|P40f741d4|Pc3a7efa1,Pc30d9a81,55534455.0
M938ff075,X2,2003,2,135,110000000,en,Adventure,Adventure|Action|Science Fiction|Thriller,4,US,6,C6cbfdb5c|C3b4ef1a3|C2064655e,31,28,True,Ka6194240|K12b44075|K04f1877b|K923101f0|K2f9c1556,Pd0abc51d|Pa70948d3|P6ada0366|P1de24948|P0303ea88,Pe52532d6,407711549.0
Mdd1507de,Daddy Day Care,2003,2,90,60000000,en,Comedy,Comedy|Family,2,US,3,Cf4478484|C98fdcebd|C98c258fd,52,32,True,Kda3a8325|K36437c68|K0e0d0928|K6c33796a|K52016c09,P1c7f1d9d|Pf301c844|P2a4182bf|Pf0b8dc21|P8c14090c,Pb1e37bed,164433867.0
Mf728bcf1,The Matrix Reloaded,2003,2,140,150000000,en,Adventure,Adventure|Action|Thriller|Science Fiction,4,AU|US,5,C1246c604|C57c68451|Cf1c1d34b,74,23,True,Kd3ee2033|K497a09fb|K935ce48d|K1308518c|K6d7db2b4|K471d573d|Kf8baada2|Kcc343814,Pee0e1556|P5c4ac37e|P05d35fbc|P243d60a3|P292d55be,P6e42404e,738599701.0
M1ef3d2d2,Down with Love,2003,2,100,35000000,en,Action,Action|Comedy|Romance|Thriller,4,DE|US,5,Cc2c73c36|C7f89a29f|C015707fe,42,20,False,K511491fa|Ked493fb4|Kce3ab7a5|Kdf026a39|Kd5755bc3|K3b91ae49|K77830caa|K7ab71e36,P79cd1763|P5d50695a|P989e841a|Pfa58448a|Pa839379f,P33297e38,20298207.0
M1e86c338,The Spanish Apartment,2002,2,120,5300000,fr,Drama,Drama|Comedy|Romance,3,FR,1,C230c9340,20,11,True,K24eec40f|K0ac7d79e|K30ba46ef|K696d8a88|Kab832ca0|Kc7759f81|K2ec4a374|K6ee188c7,Peb00d82e|P32a43c7b|Pc99207cc|P2efdd821|P4161241c,P29d250fb,3897799.0
M714f21df,Bruce Almighty,2003,2,100,80000000,en,Fantasy,Fantasy|Comedy,2,US,4,Cd7a83b16|C475937d3|Cef8b6ef3,11,124,True,Kb38c398c|K75b71e8e|K25251821|K49bee7c5|K44f3e3ef|K767bec4d|K00b0e1a7|Kfa895068,P3831e867|P0151a8e9|P7fe5538a|Pee2b3eec|P504c75d0,P24e6c418,484572835.0
M74821152,The Italian Job,2003,2,110,60000000,en,Action,Action|Crime,2,GB|US,2,C260d7df4|C0110c455,22,115,False,Kabdaec69|Kc2b5e04a|Kbda797ac|K7e1398ba|K07855152|Ke09d99ff|K68d34ab1|K253334af,P40d10530|Pa9346d2f|Pf6c5b6fd|P41a49491|P4b27ca24,P04bcabef,176070171.0
M8e652235,Wrong Turn,2003,2,85,12600000,en,Horror,Horror|Thriller,2,DE|US,7,Cceb4e3c9|Cc58b2d2e|Cc2c73c36,10,100,True,Kb5348ef7|K43f1c417|Kebbad824,P2c7fa70c|Pcaa16907|P8329d18d|Pe13616e6|P08c82a79,Pa5304c9b,28650575.0
Ma2678b5d,2 Fast 2 Furious,2003,2,105,76000000,en,Action,Action|Crime|Thriller,3,US,4,C200cc054|Cd7a83b16|C7f4b55db,40,105,True,Kf01a1f7b|Kb6334c56|Kff432af5|Keb5e7681|K7b0dfbd5|Ka7d37777,Pbbb2aadf|P4af9778b|P750e20b3|Pe272310a|Pa68864f5,P96e224e3,236350661.0
M7c01b43e,Whale Rider,2003,1,100,8000000,en,Drama,Drama|Family,2,NZ,1,C19cb58ac,12,9,False,K709db681|K0167559b|Kaadbd93b|Kb028491c|K126f9f16|Ke3581457|Kce3ab7a5|Ke184998e,P35276140|P14034494|P3251c1a4|P92c82f6a|Pcf266ad6,Pe36b859e,41400000.0
M0fecb2d8,Oscar,1991,2,110,35000000,en,Action,Action|Comedy|Thriller|Family,4,US,3,C0532621e|Ce86f99f4|Cd33829a2,34,44,False,K9bc149a5|K7a3df123,P468a604c|P3a78ff8a|P99fdcaa0|P3601e0f9|P052dcd1b,Pad9f80ca,23562716.0
M2fcedb35,Barton Fink,1991,3,115,9000000,en,Comedy,Comedy|Drama,2,GB|US,3,C6cbfdb5c|C0110c455|Cd2b15383,14,16,False,K2363d16c|K752a77a9|Kd72736af|K891ad3b4|K08b20374|K4f1bb2e0|Keb5e7681,Pb8e19397|P7f88be6e|P63d412e7|P4db3595f|Pf423dbcb,P86646577,6153939.0
M96bbede3,Dumb and Dumberer: When Harry Met Lloyd,2003,2,85,19000000,en,Comedy,Comedy,1,US,1,C6988cd6a,16,11,True,K1f05bf13|K1624771e|K5011ba81|Kc4a16dfb,P48d769f9|Pb66a28ad|Padb86a9e|P4d2180f0|Pbff7fdac,P0bb8ad5a,39267515.0
Mecf1dbf7,From Justin to Kelly,2003,2,90,12000000,en,Comedy,Comedy|Romance,2,US,1,Cd53adba9,52,30,False,K965d2159,Pb7efa15c|Pbfb77d76|Pf91b0667|P62b2ea61|Pcf5efc63,P53f6f742,4922166.0
M50a8ba85,Alex & Emma,2003,2,95,30000000,en,Comedy,Comedy|Romance,2,US,4,C015707fe|C13852a47|C8287d6b8,22,12,False,K8341e452|K511491fa|Ke33fde63|K1451c5af|Kd3764086|K5bcb4bcc|Ke6244421|Keec6e143,P65676666|P0d5aa382|P57add64d|P298fc20b|P83b6f0ff,P4bc483e6,15368897.0
M9818e7c6,28 Days Later,2002,4,115,5000000,en,Horror,Horror|Thriller|Science Fiction,3,GB,2,C60c81b3f|C1f804b7b,22,36,True,Kef728c09|K938b3f55|K32403564|K03ffe7ca|Ke63eacc3|K2b5cdafa|K137adf5c|K203a4f8b,P2053e144|P58270b08|P538fd88e|Pcb8ed398|P5a828432,P8c6407a8,82719885.0
M7d7a8e39,Charlie's Angels: Full Throttle,2003,2,105,120000000,en,Action,Action|Adventure|Comedy,3,US,4,Cf4478484|C62730ca8|C586d5e7c,24,13,True,Kc5b65b8c|K3d2b49b8|K742bd1e5,P955f54ab|Pe0243597|P99abea01|P19165e19|P81c51e0c,P6278871c,259175788.0
Me8ebde6a,"Bodies, Rest & Motion",1993,1,95,2500000,en,Drama,Drama|Romance,2,US,3,Cbe498e61|Cf3976aed|C387b1e25,6,2,False,K511491fa|K3d4cce0d|K110f3ad2|Keec6e143|Kc5c53ac8|Kd3103f62|K0e99cb73,Peff7153d|Pfa3b55fa|P7ee1c6be|P37948f21|P13fccc9f,P5aae0a4f,764083.0
M11d92092,Hulk,2003,2,140,137000000,en,Drama,Drama|Action|Science Fiction,3,US,4,Cd7a83b16|Cceac79d7|Cc4719158,17,145,False,Kc2b5e04a|K2c1bbb24|K038c8dca|K9a948f66|K01c1572d|K83f5b2e6|K7b1fe1e7|K99fe2dfb,Pa357a9b4|P6a544fc5|P6c1d6a47|P336346ff|Pe28239f5,Pfcd8ba40,245360480.0
M7bfb8779,"Legally Blonde 2: Red, White & Blonde",2003,3,95,45000000,en,Comedy,Comedy,1,US,3,C221fd149|C912e4a96|C1e53a163,31,8,True,K9bd9c4c0|K9c580a0a|K69569dc6|K14d79aa7|K7da32c41,P4d20c8bc|P05a50f1e|Pf0b8dc21|P5974c4db|P15f16b16,Pb470271d,124914842.0
Mfd746a01,Sinbad: Legend of the Seven Seas,2003,3,85,60000000,en,Family,Family|Animation|Adventure,3,US,1,C586f6404,13,30,False,K2f880fce|K6cfd534d,Pc5fe07a1|P76ffd39b|Pe39be12b|Pc94a8b75|P9cac27f5,Pe1df90f8,26288320.0
M613b8c58,Terminator 3: Rise of the Machines,2003,3,110,200000000,en,Action,Action|Thriller|Science Fiction,3,DE|GB|US,6,Cf4478484|Ccdc52bf4|C3e7bdc8f,14,144,True,Kd3ee2033|K497a09fb|K935ce48d|Kf93b4bf6|K9f1d9feb|Ka7871417|Kf21dbd9c|Kaa11187d,Pf3b2f25f|P549b38f1|P01069b87|Peacd457d|P4afefc3a,Pe2db7597,435000000.0
M2665042c,Pirates of the Caribbean: The Curse of the Black Pearl,2003,3,145,140000000,en,Adventure,Adventure|Fantasy|Action,3,US,2,C72b723b8|C4fb6882a,70,160,True,Ke62b95f6|Kc29f41d4|Kcbbf78c5|K68d34ab1|K7c6da98e|K72d68ef7|Kb3a97a30|K95034136,Pd34c4eab|Pee871f87|P8e74e958|P73f53fc6|P7ea01475,Pb3125d33,655011224.0
M5ba76caa,The League of Extraordinary Gentlemen,2003,3,110,78000000,en,Fantasy,Fantasy|Action|Thriller|Science Fiction,4,CZ|DE|GB|US,5,C6cbfdb5c|C8db76eb9|Ce5afb0b8,33,150,False,Kd3ee2033|Kffb9e482|K6e6dc8aa|Keaa2c548|K10283764|K9fa27394|Kbad50e54|K0cb3c790,Pf77f8198|P95c03ee7|Pcd983206|Ped00b02e|P13c6deee,Pdba004a9,179265204.0
Med6ea684,Bad Boys II,2003,3,145,130000000,en,Adventure,Adventure|Action|Comedy|Thriller|Crime,5,US,2,C52e61c78|Cdb23ffd3,21,163,True,Kf01a1f7b|Kbfa5aa02|K3d95dcb2|Kb7b43807|Kc2b726dd|Kf423db81|Kd28b3bc7|K0a168e68,P27021ad5|Pf5e36785|P236e26c9|Pd83ca452|P01aa2946,Pbac03e2c,273339556.0
M6aef006f,Johnny English,2003,2,90,40000000,en,Adventure,Adventure|Action|Comedy,3,FR|GB,2,Cd7a83b16|C668b01c5,17,11,True,K33b2d0b2|Kcc343814|K8e2e025f|K6b4e6a64|K8cdcbacb|K8ededc31|K742bd1e5|K9759e0d3,P62db77cb|Pefca9620|P9e20ae3f|P38825433|P538763e6,Pc2d24523,160583018.0
M9c8c82d4,Loose Cannons,1990,1,95,1500000,en,Action,Action|Comedy|Crime|Mystery|Thriller,5,US,1,C6dfc8237,51,119,False,K7e1398ba|K253334af|K6463d258|Kd345f6ab,Pa3cf7c55|Pe236144b|P5649d2dd|Pd6d535f4|P6a0fd482,P1233e8a7,5585154.0
M56418e66,Seabiscuit,2003,3,140,87000000,en,Drama,Drama|History,2,US,5,Cd7a83b16|C475937d3|C68a78e06,12,60,False,Keb567ddb|K5fce51a3|K3f829b19|K2524dcc1,Pdfa9d578|P7165a91c|P2db253cf|Pf9bb3d0b|P291847b2,P4d7088a8,148336445.0
Ma8141a96,Spy Kids 3-D: Game Over,2003,3,85,38000000,en,Action,Action|Adventure|Comedy|Family|Science Fiction,5,US,1,C07f90652,33,10,True,K3ea5ce14|K6b4e6a64|Ke5d65ae2|K03a83b12|Kbf31130c,Pd761e806|P20f57bc9|P4527f80e|P85558d8d|P468a604c,Pf41db032,197011982.0
M0fc5de52,Mondays in the Sun,2002,3,115,4000000,es,Drama,Drama,1,ES|FR|IT,11,C6a27c5a9|Ce3cc6f95|C60f36030,11,13,False,K8eea5ed8|K9be97905|Kc8e08999|Kfb9c23bc|Kc5c53ac8|K61f43b33|K4fc0e5b1,P9f0e9d1d|Pbd91674b|P28e88635|P739e262c|P1dbe209e,P927db1e5,146402.0
Md78025e4,The Private Life of Sherlock Holmes,1970,4,125,10000000,en,Adventure,Adventure|Comedy|Crime|Mystery|Romance|Thriller,6,GB,3,C7e86926f|Cd6d98218|C1395e4d4,20,20,False,K0f6b0d66|K176264e7|Kb3ad8a89|K82ca5511,P0d30158b|P56375fe9|P0344525f|P5b8ce720|P4328aa4b,Pf530aa12,1500000.0
Mc895b39a,American Wedding,2003,3,105,55000000,en,Comedy,Comedy|Romance,2,US,4,Cd7a83b16|Cb6c0f7b7|C86dceb6f,15,110,True,K2a89ee7a|K8f8f63a3|K5f0ed95f|Kf00fbeba|K57c38f2b|K6c87d899,P3f2c2df0|P0ad01ed1|P7a5b3bd7|P4794dec8|Pf604a1f6,P6f86775f,231449203.0
M7d2f7d19,Gigli,2003,3,120,54000000,en,Drama,Drama,1,US,3,C1609c9ba|C98fdcebd|C4c819766,18,27,False,K33e09618|Kd45f1817|K9136e8a9|K50f0ee0b|K658fee08|K68f9bab5|K10261fed|Kfe856611,Pcde62a4b|P91999fa3|P8a2232bf|Pcd017538|P448f6e7c,P5b72860a,7266209.0
Mec338ba4,Freaky Friday,2003,3,95,26000000,en,Comedy,Comedy,1,US,3,C72b723b8|Cf2580e12|C11db6d9b,34,29,False,K60561435|Kee199654|K39cb7140|Ka90ee41e|Kcc02a346|K64a5fe24|K60311f71|K25a3086d,Pdd6d0097|P1f2640df|P39af6887|Pe601e783|P8926db9b,P9f90bd02,110230332.0
M0d338864,S.W.A.T.,2003,3,115,80000000,en,Action,Action|Thriller|Crime,3,US,5,C7f4b55db|C52e61c78|C901db3b0,16,100,True,Ke5d65ae2|K84e1acd0|K11ee75e7|K3802909b|Keb5e7681,P5eab90f9|P7b34c4be|P6b7675df|P38e5ab9d|Pe8884bea,Pe923d6b9,116643346.0
M2426eb35,Freddy vs. Jason,2003,3,95,30000000,en,Horror,Horror,1,CA|IT|US,7,C6988cd6a|Ca8eae704|C6497540c,43,154,True,K35fbf0b0|K95299216|K8e4844b2|K57b90168,P96cb97e4|P5663ac4c|Pd9b36fc9|P29fdffae|Pf564ed67,P89ff3c79,114908830.0
M4c1ea6ec,Uptown Girls,2003,3,90,20000000,en,Comedy,Comedy,1,US,2,C54b333e3|C1e53a163,16,4,False,K33e09618|K02d5ed5f,P61e1b201|Pda09c683|P9ae58ef9|P77e59c1c|P7a482f65,Pa3a21e14,37095657.0
M1315c93e,Agent Cody Banks,2003,1,100,28000000,en,Action,Action,1,CA|US,5,C45347b50|C8acaf6d9|C1e53a163,21,50,True,K33b2d0b2|K4d54a5a1|K9f1d9feb|K1106c828|Kc79212af,Pa4af9f55|Pb867ac16|P777209ed|P4fa7fc5d|Ped9b2b1b,P7d56ba51,58795814.0
M68f37136,Valley Girl,1983,2,100,350000,en,Comedy,Comedy|Romance,2,US,2,C025e5d75|C849c781e,27,18,False,K30ba46ef|K511491fa|K60686471|Ka9d19626|K4fcfc4d1|K35845391|Keec6e143|Kc5c53ac8,Pa2178ef1|P86480727|Pf056ff5d|Pd12aad9f|P492fa2ab,Pe0dc26a0,17343596.0
M881848db,Showdown in Little Tokyo,1991,3,80,8000000,en,Action,Action|Thriller,2,US,2,Ce626bfab|C3e7bdc8f,14,65,False,K2710a3f2|Keb5e7681|Ka0492cf9,P3a2425fc|P56c53ef5|P0e1d6048|P9d14f05e|P01cfe249,P707abcc4,2275557.0
Mae043348,THX 1138,1971,1,85,777000,en,Drama,Drama|Mystery|Science Fiction,3,US,2,C947c3de9|C3e7bdc8f,14,12,False,K526fab99|K65612631|Kbdd0379a|K9ad923bc|Kdf54fc6d|Kbc9ae21b|K7f284f24|K408254ef,P617d4377|Pf9e294e6|P51c9328c|Pf53a9c99|Pbff80436,Pa643abc7,2437000.0
Ma1bbef7c,The Keep,1983,4,95,6000000,en,Horror,Horror,1,GB,3,C6146f42e|C1d91c06a|C2c2bbb3f,8,23,False,K75a8b02f|Kb87cf20a|Kf0ee355f|Kabac3eb4,Pf83802ba|Ped31974f|Pefa7481d|P53a3d6d4|Pbb2d8b2b,Paa8ef28b,3661757.0
Md92df426,Marci X,2003,3,85,20000000,en,Comedy,Comedy,1,US,1,C6146f42e,5,4,False,,Pf25ac6cd|Peb26c138|P4173d81f|P92596c95|P4afcd3e0,P4173d81f,1675706.0
Me140da70,Jeepers Creepers 2,2003,3,105,17000000,en,Horror,Horror|Thriller,2,US,4,C7e86926f|C947c3de9|C7e1b5b8e,16,106,True,Kcf7d212b|K5d80869d|Kae4dbdef|Kd3d56b8a|Kda40fa6b|K692be979|K3affd9f7,P7495daac|P08af8ed4|P97325b65|Pcd7ef95b|Pac305553,Pf835a0b8,63102666.0
M0e21aba4,The Order,2003,3,100,35000000,en,Drama,Drama|Fantasy|Horror|Mystery|Romance|Thriller,6,DE|US,3,C6cbfdb5c|Cec355ea4|C5dd88bd4,10,85,False,K71840e6c|K19777d74|K2b024aec|K901329ee|K011bc215|K4a55f24b|Kca2fa31e|K313b854e,Pb2b54035|Pde05c06e|Pd334fad9|Pbfa56d6c|Pd86162cf,P2c8c6040,11560806.0
Mca178264,Cabin Fever,2003,3,95,1500000,en,Horror,Horror,1,US,6,Cb61eea90|C9d2dede2|C3c9d826e,13,62,True,K511491fa|K11e84da5|K60686471|K94571983|K34cb2d0f|K1a471745|K6eadcfd9|Kb8dd9a75,P2cc4b4a2|P60f15afd|P7a29768b|P7c775a75|P1d77f701,Pb20b324b,30553394.0
M97a4e601,Once Upon a Time in Mexico,2003,3,100,29000000,en,Action,Action,1,US,3,C52e61c78|C07f90652|Cc3a27bd2,11,50,True,K9df93747|K4d54a5a1,Pd761e806|Pb48255ea|Pd34c4eab|P750e20b3|Pc810bfde,Pf41db032,98185582.0
Mc5b703d7,Lost in Translation,2003,3,100,4000000,en,Drama,Drama,1,JP|US,1,C947c3de9,22,47,False,K615ad2f5|Ke7253a00|K8dc59445|K32c2e49d|K85110bcc|K17462b09|K8e1a72e9|Kd5429115,Pfe130811|Pb214a37a|P321e1002|P0d4dd445|P5f8c8db7,Pfc1993d7,119723856.0
M0fe4d8e0,Convoy,1978,2,110,12000000,en,Action,Action|Comedy|Drama,3,GB|US,2,C7e86926f|C3b9e730d,17,12,False,K1fc61028|Ka7984eec|K51852249|K94f985a9|K7a3e26a4|K60686471|K3d4cce0d|K00ee119f,Pbe8d5d9c|Pca688d50|P5a59e4b4|Pe7367b58|P076714c8,P0c160c54,22765081.0
Md7f0e63d,Day of the Dead,1985,3,95,3500000,en,Horror,Horror|Science Fiction,2,US|JP,3,Ced16977c|Ce34f3446|Cd886947d,39,8,True,K841cd429|K23578550|K45164048|K8dfac82b|K4391efbf|K1fbd181f|Kb41a6491|Ka0214839,P672b921e|Pe78edbca|P9075f050|Pfddc0ddd|P5d61c70d,Pb8c916b2,34000000.0
Mb1c50b93,Memoirs of an Invisible Man,1992,1,100,40000000,en,Comedy,Comedy|Fantasy|Science Fiction,3,FR|US,5,Cc2c73c36|C82fd76cf|Cc94eefdc,12,24,False,K10283764,Pd730679d|Pa85a1840|P5a9109c6|P6a2abb1a|P7329e4e8,Pb803aa28,14358033.0
M6650df9b,The Rose,1979,4,125,9250000,en,Drama,Drama|Music|Romance,3,US,1,C6cbfdb5c,12,20,False,Kd9198f5a|K165fbb60|Ka2a83174,P104d62f4|P271d457f|P66f1ee30|P37c598e5|P5793e735,P0b8af888,29174648.0
Mdd531a99,Once Bitten,1985,4,95,3200000,en,Horror,Horror|Comedy|Romance,3,US,1,Cf2132151,6,1,False,,P3831e867|P17fcde5a|Pb4666ae7|Pc463672d|P2b402499,P93f79d8b,10000000.0
M24d9fb2c,The Fighting Temptations,2003,3,120,15000000,en,Comedy,Comedy|Music|Romance,3,US,1,C6146f42e,8,4,False,K5c17811c,Peb9c80e6|P091308ba|Pc5c09e02|P329b1144|P46fb0574,P6c72d377,30238577.0
Mf6c7d416,Underworld,2003,3,120,22000000,en,Fantasy,Fantasy|Action|Thriller,3,DE|HU|GB|US,5,Cc032927b|Cbab22e44|Ca38e2f14,32,102,True,K3b9d7d86|K253334af|K0b2e661a|Kffb9e482|K6e6dc8aa|K7e95b324|K85f54509|Ka82ab652,P1210b4c7|P4c3a688a|P66319b2e|P20f9a663|Pdaeaa73e,Pc88313a5,95708457.0
M3e208c06,The Rundown,2003,3,105,85000000,en,Adventure,Adventure|Action|Comedy|Thriller,4,US,6,Cf4478484|Cd7a83b16|C24b92766,21,34,False,Ke7bdc112|Kfc3aa500|K52726ab3|K7a3e26a4|Keadbd67f|K96372f51|Kb2c2fb55,P4da7c12b|P7a5b3bd7|Pefe166d2|P3be49d96|P2c55688a,Pb1ff26d6,80916492.0
M27036b4b,Under the Tuscan Sun,2003,2,115,18000000,en,Romance,Romance,1,IT|US,4,C0f1814d3|Cf7c9ce81|C0532621e,18,20,False,Kc6484f9a|K156f1919|K2b80805e|K77830caa|K33dc8956|Kcbf64eb9,P938e6548|P14a5cdcd|Pd48fbca7|P66abd50c|P0418e514,P06e883e5,58878723.0
M85307d1f,Mambo Italiano,2003,2,90,4361898,en,Comedy,Comedy|Romance,2,CA,1,C4f924fa4,15,12,False,K0c50837f|Kcf7d212b|K511491fa|K8b52126e|K767bec4d|Kba26f7b4|Kdd6cc548|Kfa895068,P84b886d3|P9c7750b6|P95753b1a|Pa3194548|P1037dee2,Pf9c15e2e,3031801.0
M390776a9,Videodrome,1983,1,85,5952000,en,Horror,Horror|Mystery|Science Fiction,3,CA,4,Cd7a83b16|C18fd208d|C5e84b0bf,20,18,False,Kc8aa65cd|K0d4b855e|Kabe04825|K6ebc1ad0|K5f6f063c|K74538db0|K7f284f24|K460241c8,Pb303b271|P81dc6c39|P57989a65|P562793a2|P86ea7db6,P501bf7bf,2120439.0
M8f978153,Lagaan: Once Upon a Time in India,2001,2,225,5200000,hi,Adventure,Adventure|Drama|Music|Romance,4,IN,1,C5d971f88,32,28,False,Kdc87c7d5|K89b75a49|K885aea9a|K9b879472|K2bfb8706|K22c53eec|Kb318e1c8,P655d94a7|Pd216ea06|Pc817522f|P66fb1e6b|P32d5fe11,Pb033a166,8100000.0
Mb1ef58b5,All the President's Men,1976,2,140,8500000,en,Drama,Drama|History|Mystery|Thriller,4,US,2,C7cc7d04d|C3e7bdc8f,52,15,False,Kd6a05201|Ked493fb4|K29e6a2b4|K767e5108|K4869d83d|K4ec2da08|K85e45b97|K4e9d06e4,P81f38d6e|P7771ab64|P5e393724|Pe0386e3f|Pddf4576f,P6415aca0,70600000.0
M4f858e86,Beethoven's 2nd,1993,4,90,15000000,en,Family,Family|Comedy,2,US,2,Cd7a83b16|C373dbd1c,9,11,True,Kce672f60|K73233a70|Keb26ee89|K9ce15b1d,P8e34619f|P4c455563|Pbd912c43|P5220719c|P49e8cfa5,Pbd5b818d,118243066.0
M8f474445,Bugsy,1991,4,135,30000000,en,Drama,Drama|Crime,2,US,2,C6dfc8237|C0c781e22,12,43,False,Ka37bedb4|Ke7dde3b3|K4385ab38|Ka05e8854|Ke578b0ae|K9bddb5a5|Kcecc4cee,P7f7977c4|Peb51c4ea|Pfb649c8d|P6abc1229|P525cf6b2,P88a4894e,49114016.0
M338152c4,Consenting Adults,1992,4,100,18000000,en,Crime,Crime|Drama|Mystery,3,US,3,Cbe72f625|C2b01c913|C01eff2bb,19,53,False,Kca0f1cb3,Pfc8c3208|P5f9fd6ff|Pf21f3bf1|P1cf41d35|P52cbfc7b,P6415aca0,21591728.0
M39133f74,Sleeping with the Enemy,1991,1,100,19000000,en,Drama,Drama|Crime|Thriller,3,US,1,C6cbfdb5c,15,54,False,Kfbf063b9|Kca0f1cb3|K3e943185,P9195777d|P90f6cc61|Pc1379845|Pc4104b3a|P09e4e970,Pdf3dd1c2,174999005.0
M19191489,PCU,1994,2,80,9000000,en,Comedy,Comedy,1,US,1,Ce844130c,36,14,False,K1b52480d|K14dce5e1|K2a915a12|Kbc28521b|K1a6ac6a5|Kd3d6a4db|K7763d263,P4c8a2eee|Pf22bd416|Pad97c69f|P49201d47|Pe69f9a77,Pb7db839b,4350774.0
M04f1c4cf,The Rookie,1990,4,120,10000000,en,Action,Action|Crime|Drama|Thriller,4,US,2,C27c08183|C3e7bdc8f,34,8,False,K263aad4a,P6f65c5ac|P79a733fb|Pfded7e8e|P3e11855e|Pbab534b5,P6f65c5ac,21633874.0
M32ac7303,City Heat,1984,4,95,25000000,en,Action,Action|Comedy|Crime,3,US,3,C3e7bdc8f|C1eebd203|C48959939,18,10,False,K63569927|K7ca652f3|K969a7fbb,P6f65c5ac|Pdd352fba|P84e5e73c|P2f51eabf|P169f8736,P4173d81f,38348988.0
M064a50de,A Rage in Harlem,1991,2,115,8000000,en,Crime,Crime|Comedy,2,GB|US,2,Cf8f92f7f|Cc5f2c563,6,2,False,K68d34ab1|Ka82ab652|K25177432|Kac7e1050|K833818e1,P52cbfc7b|Pe7e471d1|P7a593b63|P6f155c36|P64725629,P4e8e9813,10400000.0
M0465e98d,More American Graffiti,1979,3,110,2500000,en,Comedy,Comedy|Drama|War,3,US,2,C3ea53bb0|Cd7a83b16,22,16,True,K0edca959|K853fc10a|K685246a1,Pee022ecc|P21f03cde|Pc68f979a|P2cab965e|P5c9d64b6,Pe02471df,15014674.0
M3e76db23,The Gun in Betty Lou's Handbag,1992,3,90,13000000,en,Comedy,Comedy|Thriller|Mystery,3,US,4,C0532621e|Ceafcc337|Cc5f9ba9c,12,14,False,K35fbf0b0|Ka8fc7db9,Pa5ea289b|Pdacfba04|Pb348fa32|P62eda3c0|P2d788f62,P7144bba9,3721911.0
M09abc31b,Article 99,1992,1,100,18000000,en,Comedy,Comedy|Drama,2,US,1,C2b1996b8,7,2,False,K6a020f0a|K4400d802|Ka69f7dd5,Pb3dd3313|Pcf04e53b|P52cbfc7b|P4c1d4fe7|P6262e1d0,Pcd55a224,6375979.0
M3a9f4e61,There Goes My Baby,1994,3,100,10500000,en,Drama,Drama|Comedy,2,US,1,C91c4750c,9,15,False,,P1dff6e01|Pdce3f8b3|P75aead43|P0187468f|P60d1bf13,P47c2fe3d,123509.0
Mbb829ca7,Mobsters,1991,3,105,23000000,en,Drama,Drama|Action|Thriller|Crime,4,US,1,Cd7a83b16,17,25,False,K249af4ee|K1c044cce|Kfe856611,Pd9f4bddb|P775f1759|P7684fcfc|Pd1604614|P945ee9f5,P7f93873b,20246790.0
Mc754e33a,Out of Time,2003,4,105,50000000,en,Thriller,Thriller|Crime|Drama,3,US,3,C7f4b55db|C6824af1b|C1e53a163,12,109,False,Kf01a1f7b|K841cd429|Kadd8401e|K33dc8956,Pbbc37df2|P750e20b3|Pf6e49672|Pe38aea0b|P30ae53a2,P2678121e,55495563.0
Mc838a822,School of Rock,2003,4,110,35000000,en,Comedy,Comedy|Music,2,DE|US,6,C6146f42e|Cda813610|C507cfe58,75,21,False,K656bf8b0|Kd5acb9df|K25a3086d|K67e29fee,P72d7d3b1|Pf948d741|P94d24188|P21c520f9|P121da633,P6f0ffd49,131282949.0
Mc1014116,The Station Agent,2003,1,90,500000,en,Drama,Drama|Comedy,2,US,2,C4a36c93d|C1246b928,15,16,False,Kbda797ac|Kd67871a7|Kceebe7cb|K5011ba81|Kbfacad38,P2c86490d|Pa9b844fc|Pb6fdc6b8|Pcadac074|Pc3aa47b4,Pbe5250ac,8679814.0
Maf5b0b1a,Wonderland,2003,4,105,5000000,en,Crime,Crime|Drama|Mystery|Thriller,4,CA|US,1,Cb61eea90,18,9,False,Kc5b65b8c|K9925aaa6|K011bc215|Kbd6586c3|K35fbf0b0|Keb5e7681|K3c6f9488|Kd9198f5a,Pcfb78473|P56441ff2|P06351fdd|P336346ff|Pf25ac6cd,P6c338392,2466444.0
Mf3bfa1f4,House of the Dead,2003,2,90,7000000,en,Horror,Horror|Action|Thriller,3,CA|DE|US,4,C2c5a6d27|Ce53d0721|C769efb26,17,97,True,K566c4248|K1d968ed3|K3802909b|K6ee188c7|Kb4e75fa3,Pb6c3776b|P855612e7|P66e68ec9|Pe12d36fa|P822bdc09,P57279a17,13818181.0
M0bdfbe19,Kill Bill: Vol. 1,2003,4,110,30000000,en,Action,Action|Crime,2,US,3,Cf8f92f7f|Cd77377a4|C50fe7c56,36,161,True,K94d1fa6a|K45d12a23|K1308518c|K6d7db2b4|Ka37bedb4|K2710a3f2|K37f20444|Ka90ee41e,P8a49c60a|P99abea01|Pf2a3f46d|Pa85a1840|Pe1d9889c,Pa480d3d3,180949000.0
Mf92abb38,Runaway Jury,2003,4,125,60000000,en,Drama,Drama|Thriller,2,US,3,Cc2c73c36|C015707fe|Cfc1e76ab,16,15,False,Kabb619b7|K2e4e981e|Ke25b932f|Kb1449fb7|Kca0f1cb3|K01917df2|Ka4d4ba26,Pe00a4034|Pa3cf7c55|P7771ab64|P614f6326|P74d6ac27,Pd43821ba,80154140.0
Me88d8507,The Texas Chainsaw Massacre,2003,4,100,9500000,en,Horror,Horror,1,US,6,C6988cd6a|Ce0b288df|C46f771f9,11,87,True,K59cab57a|Ka05e8854|K4b802e88|Kc5c53ac8|K35fbf0b0|K6a3cb94b|K68ad2759|K6850b12d,Pe2235564|P0e1c71ad|P7e0a6d3b|P17525a89|Pbc2fa241,Pe54b7198,107071655.0
M68bca6fa,Sylvia,2003,4,110,7000000,en,Drama,Drama|Romance,2,GB,1,C94ac9dbe,13,14,False,Kfbde6d20|Kb8d59c8d|K5c5e4382|K16797949|K4385ab38|K0db744f4|Keec6e143|K6e781bd1,P0affa6f4|P3d5ce154|Pd55cb47f|P580e9714|Pbdc63578,P0ea6a18d,10000000.0
M19f4d53e,Veronica Guerin,2003,3,100,17000000,en,Drama,Drama|Crime|Thriller,3,IE|GB|US,2,C4fb6882a|C0532621e,28,23,False,K00b0e1a7|K0d25991c|K95293772|K35fbf0b0|K80de1d62,P7ee731d8|P808b0857|Paa96a2ea|P8507caf4|Pee8b8ae1,P59045db6,1569918.0
M9deee883,Radio,2003,4,110,32000000,en,Drama,Drama,1,US,2,C98fdcebd|Ceb7a7765,6,10,False,K4385ab38|K5011ba81|Kdc87c7d5,P091308ba|Pceb538c7|Pb348fa32|P61937508|P4d4b354e,P7c99a637,52277485.0
M472b2f3c,Scary Movie 3,2003,4,85,48000000,en,Comedy,Comedy,1,US,2,C07f90652|Cbec34bd5,17,118,True,Kb9aa4e67,P410e84dc|Pc1f5dbbc|Pe6733054|P79a733fb|P238b7b94,P28253801,220673217.0
Mb7cea70d,Elephant,2003,2,80,3000000,en,Drama,Drama|Crime,2,US,2,Cc01849d5|C5997fa1d,16,4,False,K3ea5ce14|K01c1572d|Ke235feee|K4f1bb2e0|K99500dc4|Kb3e1af88|K6ee188c7,P60cf760b|P3cb44ad6|P1aaa3cb3|P895f9572|P0bb4b8dd,Pfb9bfb55,10012022.0
Mc4a5517d,Shattered Glass,2003,4,95,6000000,en,Drama,Drama|History,2,CA|US,3,Cb61eea90|C45816831|C5dd88bd4,18,9,False,,P598805c2|Pc3ac31e9|P94f9b11f|Pefe166d2|P1c56c30e,Pf27239f8,2944752.0
M6f352fb1,The Matrix Revolutions,2003,4,130,150000000,en,Adventure,Adventure|Action|Thriller|Science Fiction,4,US|AU,4,C1246c604|C57c68451|Cd36ef9f0,22,25,True,Kd3ee2033|K497a09fb|K935ce48d|K4a64b667|K8d907d83|K6898ee8b|K6d7db2b4|K471d573d,Pee0e1556|P05d35fbc|P5c4ac37e|P243d60a3|P6cdd9e5d,P6e42404e,424988211.0
Me8278d15,Elf,2003,4,95,32000000,en,Comedy,Comedy|Family|Fantasy,3,US|DE,3,C6988cd6a|C5759737e|C42e40803,24,53,False,Kedb0ba53|K82d85bd6|Kcf3c4678|Kb32761f9|Ke578b0ae|K4f96fd10|K399ba99f,Pc488f7aa|Pf434e2ed|P5616da73|P585b87be|P5cc12d61,Pd539ecc7,173398518.0
Mf0a7ebff,Love Actually,2003,3,135,40000000,en,Comedy,Comedy|Romance|Drama,3,GB|US,4,Cd7a83b16|C60c81b3f|C668b01c5,39,16,False,Kef728c09|K1fc61028|Ka7984eec|Kb3ea3038|K2b746c3e|K8d92e0bc|Kd2b660db|Kfee0b656,P73f53fc6|Pe72e89af|Pe3b4e9ba|P94e5548f|P3f407781,P5fda7421,244931766.0
Mca4b1c1a,Master and Commander: The Far Side of the World,2003,4,140,150000000,en,Adventure,Adventure,1,US,4,Cd7a83b16|C6cbfdb5c|C77ec1a19,26,168,False,K24c2bd24|K67f2af3e|K97d3bccb|Keaa05d5a|K34f03fda,Pf4bdfa1a|P4bc8082e|P6755b72e|Pfb769c03|P8e81fe3a,P02b6bc1a,212011111.0
M400bb304,Gothika,2003,4,100,40000000,en,Horror,Horror|Thriller,2,US,3,C52e61c78|C32d6fdc3|C3e7bdc8f,11,117,False,Kf687e8e6|Kc3deb9ff|K071e5192|Kfd0a7a26|K6cdb963a|K8acb1aad|Kd52e70c4|K729957f8,P1de24948|P9aaea10b|Pee130dfa|Pfac84536|P48e87e08,P410b53e5,141591324.0
M72d7f2e6,21 Grams,2003,3,125,20000000,en,Drama,Drama|Crime|Thriller,3,US,3,C3f8aa01e|Cd9c7a425|Cd68691f3,27,14,False,Kb5348ef7|K55f7d91a|K293e5fac|K46565220|K6a356631|K895bdf93|K4c442588|K4e4be85c,Pd76d11b5|P8ea19000|P1ebfa909|Pf8af4a2a|P6c7f9896,Pd62e8d76,60427839.0
M18ca9556,Bad Santa,2003,4,90,23000000,en,Drama,Drama|Comedy|Crime,3,DE|US,3,Cf4478484|C4923dac1|C571243fc,19,11,True,Kedb0ba53|K82d85bd6|Kfee0b656|K89b9bcde|K47cc689a|K1ececd00|Kce3f1bba|K45ea3192,P08e0c086|P2f63adbd|P1d91e786|P19165e19|P1b949c6f,Pdcb3acb6,76488889.0
Mea5ac76d,The Haunted Mansion,2003,4,85,90000000,en,Thriller,Thriller|Fantasy|Comedy|Family|Mystery,5,US,3,C72b723b8|Cf2580e12|Ca79cdba6,25,12,False,K74e5a4d1|K79547cd1|K77ea49da|Ke099800e|Kc5dda34f|Kd653b7f5|Kfcbf608c,P1c7f1d9d|Pf38d8cc1|Pd6f649db|Pf6ea1318|P77496d83,Pb28334ec,182290266.0
Mf9fc6e9b,Timeline,2003,4,115,80000000,en,Action,Action|Adventure|Science Fiction,3,US,5,C6146f42e|C3b4ef1a3|Ca7fe7c78,16,114,False,Ka2fe4ac7|K804bfd5b|K53ea474c|Kaa20bb68|K0f64e744|Kbdce27e1|Kab8d6d52,Pbbb2aadf|P52d4df97|P979428ee|P349feb94|P4c0744b0,P07f9ee68,43935763.0
M458c4fdf,Darkman,1990,3,95,16000000,en,Action,Action|Science Fiction|Crime,3,US,2,Cd7a83b16|C95ccbb8a,21,60,True,K9df93747|Kd0bf5062|K05366e1f|Kf3f28ea8|Kac61b270|Keb5e7681|Kb7d29535|K98d3fade,P1b4a1135|Pf82a31ed|Pdb7e8f41|P8e11ddfb|P875a17ed,Pb8906202,48878502.0
M4f84dfbc,New Jack City,1991,1,95,8500000,en,Thriller,Thriller|Crime|Drama,3,US,3,C3e7bdc8f|C92b08766|Cb99cce61,27,11,False,Kcf15988c|Kfb93ab74|Ka1055592|K0ad56e35|Kf831234d,P953616ba|P73554210|Pc92bcf8d|P560244ba|P01a56f32,P01a56f32,47624253.0
Ma5859b99,WarGames,1983,2,115,12000000,en,Thriller,Thriller|Science Fiction,2,US,2,C7e86926f|Ceb6e88fa,33,15,True,K3ea5ce14|K497a09fb|K4869d83d|K9d999169|K0e89a273|Ka77deba2|K49902a06|K8beac702,P21e9c370|Pfa09da95|P49217e8d|P1022e6e2|P56b0ba13,P4ec614a4,79567667.0
Ma951b241,Hannah and Her Sisters,1986,1,105,6400000,en,Comedy,Comedy|Drama,2,US,1,C2b1996b8,24,12,False,K16797949|K3ad66c05|K09d50f70|K2c762bcf|Kca8cd452|K2f44ef96|K0e1a3ef7|Kc343c0fd,P23c41cec|P123185a4|Pddfe069b|P5d3ea09b|P62a54651,P23c41cec,40084041.0
Mf9ab3869,Highlander II: The Quickening,1991,1,90,30000000,en,Action,Action|Fantasy|Science Fiction,3,AR|FR|GB,1,C46ee2bea,15,5,True,K33e09618|K866dc592|Kda40fa6b,P67b39fba|Pf77f8198|Pda83617f|P36374ee9|P6262e1d0,P90d9e51d,15556340.0
M96530bd2,Hudson Hawk,1991,2,100,65000000,en,Action,Action|Adventure|Comedy,3,US,2,C6dfc8237|Cd36ef9f0,8,12,False,K2b024aec|Kf9d22c2c|K9636e000|K690fcee2,Pbc324a94|P13d2dbaa|P23ac6758|Pd2d9e6d7|Pe693233a,Pa821a443,17218080.0
Mbd0bda42,Kindergarten Cop,1990,4,110,15000000,en,Comedy,Comedy,1,US,2,Cd927b580|Cd7a83b16,85,35,True,Ke3894268|K12749c65|Kcf15988c|K9dfcf494|K0e0d0928|Ke6244421|K0d25991c|K13818823,Pf3b2f25f|Pa5ea289b|Pe9702014|Pfc41e61f|P00317999,P069fb67f,201957688.0
Ma14ad49b,The Last Boy Scout,1991,4,105,29000000,en,Action,Action|Thriller,2,US,3,C0ba73b2b|Cd36ef9f0|C3e7bdc8f,29,31,False,Kf10ad044|K9df93747|K52525103|K0c24b3e3|K9ad21213|Kfd0f8efa|K1d42b6b9|K2e0aac28,Pbc324a94|Peb26c138|P97ac7007|P2938a29b|P1de24948,P1d6141ee,59509925.0
M78b30ddd,Last Tango in Paris,1972,4,130,1250000,fr,Drama,Drama|Romance,2,FR|IT,3,C7e86926f|Ca07124ca|C1f82920e,12,11,False,K24eec40f|K511491fa|K60686471|K7a3df123|Keec6e143|Kea290360|K9d42ff64|Kf78e52f0,P1fbea9a2|Pe62146fa|P90b0dfd6|P9db0bfa7|P3283b26f,P296be7fb,36144000.0
M02d99b1b,Mr. Destiny,1990,4,110,20000000,en,Fantasy,Fantasy|Comedy|Science Fiction|Romance,4,US,1,C0532621e,8,8,False,K4b5d944f,P5e5a423d|P123185a4|P8bd8cfce|P4706e3bb|Pc3561a4c,P921323f7,15379253.0
M2903e762,Over the Top,1987,1,95,25000000,en,Action,Action|Drama,2,US,3,C2d51ecb7|Cfc6ae2fe|C3e7bdc8f,9,10,False,Kdc87c7d5|K914515a1|K39f75b51,P468a604c|Pa6a4911b|P5808d618|P61b382cc|Peb9d8e9b,P2381de88,16057580.0
Mbc35561b,Passenger 57,1992,4,85,15000000,en,Action,Action|Adventure|Thriller,3,US,1,C3e7bdc8f,15,9,False,K31249f48|K841cd429|K4869d83d|Kf00c2125|Kdea39ed5|Keb5e7681|Kaf916823,P953616ba|P692a437e|P575dda13|Pefd010a5|P630c09d9,P9238fbeb,44065653.0
Mb0a9f7df,Project X,1987,2,110,18000000,en,Drama,Drama,1,US,4,Cc9bda6ce|C13914883|Cdcdd6f28,13,13,False,Kec18bf8a,P21e9c370|P455e5488|P72dbe027|P59e9b19c|P07c8bda1,P244b2986,18532286.0
M3701b33e,Pure Luck,1991,3,95,17010000,en,Comedy,Comedy|Crime|Mystery,3,US,3,Cd7a83b16|C5fb15793|C4d5f1934,7,12,False,Kcbf64eb9,Pb2cc6074|P6f155c36|P03d62b2a|P273abf86|Pa8d51aa3,Pfc2b1b4e,24941969.0
M7404c6ce,The Wedding Banquet,1993,3,110,1000000,zh,Comedy,Comedy|Drama|Romance,3,TW|US,2,Cdde3d3c6|Cceac79d7,8,11,False,K0c50837f|K33e09618|Kcf7d212b|Kb1b2d050|K9b9e111e|K0d3906a7|Kdd4a9ca8|K683aa1bf,Pfc187a16|P7b4d2cb1|P3d2afc19|P27a47a3d|Pa1c8e09e,Pfcd8ba40,6933459.0
M11ae5b18,The Secret of My Success,1987,2,110,12000000,en,Comedy,Comedy,1,US,1,Cd7a83b16,12,9,False,K06357137|K39cb7140|K94571983|K36437c68|K6a651960,P977f7843|P2005583a|P99600202|Pe3fb5126|P5f22a408,P640b5254,110996879.0
M569a8279,Streets of Fire,1984,2,95,14500000,en,Action,Action|Thriller|Music,3,US,1,Cd7a83b16,35,7,False,K967bf94d|Kb8281719|Ka240b893|K58378910|K85d20f98,P2632330f|P938e6548|Pc04911e1|P4fcb6e94|P9a2edffb,P53cf60a7,8089290.0
M1c33acf6,Wild at Heart,1990,2,125,9500000,en,Comedy,Comedy|Crime|Thriller,3,US,1,Cad2653b6,20,14,False,K526fab99|K511491fa|K55cfa8fb|Ke7253a00|Kf6d4d5a6|K4eaa0722|K9b138983|K649efc2b,Pa2178ef1|Pbdc89d4d|P9a2edffb|P823dd6d9|Pf678e4a8,P975982f4,14560247.0
M7b106956,Year of the Dragon,1985,3,135,24000000,en,Action,Action|Crime|Drama|Thriller,4,US,2,C1e53a163|Ca308e3f2,16,9,False,Kf0f76cb9|K97e678c5|K7c7fe3bc|K9653593d|K80a51d22,Pc810bfde|P0dd45700|P10e14163|P0953c4da|P12aa5436,Pe6e45a6b,18707466.0
M4f3bdbd0,A Passage to India,1984,4,165,8000000,en,Drama,Drama|Adventure|History,3,GB|US,4,Cf4478484|C3b9e730d|Ce6767400,7,2,False,K6d90a030|Kcbcfea8c|K9bef033e|Kd5a02f8b|K731d4c1b|K85e11fd2,P63d412e7|Pe91e6812|P9d27477f|P563c9b6f|Pbab1c46e,Pb1db8c0f,27187653.0
M2182f705,Hero,2002,4,100,31000000,zh,Drama,Drama|Adventure|Action|History,4,CN,2,C329e0c3b|Cfc8c2cea,27,19,False,Kd45dd87d|K188c501a|K0037c0dd|K3374976b,P9e0754f2|Pb3242959|Paf7faa83|P00eb740c|P552b9995,P7e7a1042,177394432.0
M44035355,Nausicaä of the Valley of the Wind,1984,1,115,1000000,ja,Adventure,Adventure|Animation|Fantasy,3,JP,1,C375bfc73,14,21,False,Kd3ee2033|K9d95c995|K9d8c22fd|K89099cca|K877e62a3|K8e2e1632|K65cf7a95|Kdc63e329,P91816c81|Pe8635c2c|Pf68c92f6|P056d147e|P26742070,P8513cc51,3301446.0
M277fc92f,Dragnet,1987,2,105,20000000,en,Action,Action|Comedy|Crime,3,US,1,Cd7a83b16,11,11,False,K28b55ffe|Ked318b84|Kae2acec0|Kf6d89b28|Kc79f9ab2|K22f2d318|K5f249a13|K8663a582,Pe236144b|Pd8b30691|Pa54c1475|Pc4098cb9|Paad23b28,P91a6042f,66673516.0
M6e77233c,1941,1979,4,115,35000000,en,Action,Action|Comedy,2,US,3,Cf4478484|Cd7a83b16|C8dcb3bfb,36,10,False,Ke484fe84|Kc2b5e04a|K230a811e|K6eb56b3a|K91895acf|Kba7e4369|Keb5e7681|Kfa292724,Pe236144b|Pad073e73|P97feb902|Pfad0019f|P0b5fdc4a,Pcf894350,31755742.0
M2ea982ee,Leprechaun,1993,1,90,900000,en,Comedy,Comedy|Horror|Thriller,3,US,1,Cc2f303a1,7,8,True,K137adf5c|K3d187be1|K51cdbaa0|K3acb6f36|K35fbf0b0|K46cfcf72,P0b45c6fa|P0151a8e9|P5ed687d1|Pbb342d16|P17f9dc5d,Pf922d0b3,8556940.0
M2bed0741,The Last Samurai,2003,4,155,140000000,en,Drama,Drama|Action|War|History,4,JP|US|NZ,4,C45816831|C3e7bdc8f|C1844b0e3,47,21,False,K94d1fa6a|K613cd66a|K8138e4d1|K53b55802|K9a948f66|K8f34cc69|K3380d21e|Kd5778b99,P13cbd053|P4ca40cde|P5bcce21e|P296b3a8d|P349feb94,Pe91fb048,456758981.0
M34607140,Big Fish,2003,4,125,70000000,en,Adventure,Adventure|Fantasy|Drama,3,US,4,Cf4478484|C5c652f15|C60edcf2b,43,137,False,K22aa7ca6|Kcf7d212b|K55cfa8fb|Kf054b630|Kdd40b23e|K0b2e661a|Kccd4616a|K92772355,P5d50695a|P232079de|Pcef472a3|P2bab004c|Pe42cb422,P9059d147,122919055.0
Medea9b45,Stuck on You,2003,4,120,55000000,en,Comedy,Comedy,1,US,2,C6cbfdb5c|Cabe2e2f8,40,14,False,K511491fa|Kbba221aa|K1308518c|K12749c65|K0f72d59b|Keec6e143|K0c2e638b|Kcd97a98f,P9d23789b|Pa4d4e204|P750e20b3|P5b999af8|P415cca59,Pb3499efe,33828318.0
M7f97e5fe,The Lord of the Rings: The Return of the King,2003,4,200,94000000,en,Adventure,Adventure|Fantasy|Action,3,NZ|US,2,Cfa9f1be7|C6988cd6a,29,29,True,K82d85bd6|K98f12e70|K62b46e1c|K1451c5af|Ke677fe47|K6a646879|K65cf7a95|K6b781b96,P6f0b74b5|P6ada0366|P45ae55c7|Pce2c4e19|P8e74e958,P715cf7f1,1118888979.0
M3da56bfa,House of Sand and Fog,2003,4,125,16500000,en,Drama,Drama,1,US,3,Cfa01eb95|C31c6e392|C82f91df6,9,38,False,K2c1bbb24|K6cb61a2e|Kb855ec86|K2f112c78|Kc6d564c1,P6a544fc5|P6abc1229|Pdd1cfd23|P28a79bd6|P7bb71de3,P26178d7b,16942795.0
M1b5bfdc3,Monster,2003,4,110,8000000,en,Crime,Crime|Drama,2,US,1,Cffa0f88f,10,30,False,Ka7984eec|K1199c976|K5c0670e8|K0c537174|K46565220|Ka3baf52f|K7f49c806|Kecfc7d39,Pa9346d2f|Pb1255d95|Pdba508fc|P09018b02|Pa57c8375,P3304ca27,60378584.0
M5577c629,Cheaper by the Dozen,2003,4,100,40000000,en,Comedy,Comedy,1,US,2,C6cbfdb5c|Caef19b2e,17,13,True,K19bab12a|K00a1e654|K3dee860e|Kbc1de7b1,Pa4708d8a|P4c455563|P79baae9f|P8a429f6b|Pb867ac16,P6d9a86b4,190212113.0
M5c5a1c41,Paycheck,2003,4,120,60000000,en,Action,Action|Adventure|Mystery|Science Fiction|Thriller,5,CA|US,6,C6146f42e|Cfa01eb95|C98c258fd,46,120,False,Kc7c9387f|K47c1f5a0|Kdbe6d9ae|K4709b558,Pcde62a4b|Pe85b6a97|P8a49c60a|P8d7bcd0f|P7da52033,P26bdbec9,96269812.0
Mff4fa771,Peter Pan,2003,4,115,100000000,en,Adventure,Adventure|Fantasy|Family,3,GB|US,4,Cf4478484|Cd7a83b16|C98fdcebd,11,40,False,K4a64b667|Ke5d65ae2|Kc2644603|K6a429914|K81a527f0|K7465e29d,Pab91eeff|P7c2203eb|P142bb8f4|Pfb7c3d0c|Pb3267f80,Peeca9d3a,121975011.0
Mfeb02c5a,The Company,2003,3,110,15000000,en,Drama,Drama,1,,1,C825a8443,15,17,False,Kd9ebaef7|Kd3103f62|K944fb3f8,P4a65525b|P6ffb425f|P58bca367|Pcc5cd3fe|Pa06f705b,P513294b5,2281585.0
Mc12f8e87,Along Came Polly,2004,1,90,42000000,en,Comedy,Comedy|Romance,2,US,2,Ca1800b09|Ca4f4109b,26,89,False,Kfbde6d20|K164b8bbd|Ka90ee41e|K90ecb95a|Kfbeb704c|K1ccb81b9|Kfda3dda1|K4786f4fd,Pd29fc0d4|P0151a8e9|Pfe9ae21f|Pcc51d817|Pa350e788,Pa00923fc,171963386.0
M532cb049,Torque,2004,1,85,40000000,en,Action,Action,1,AU|US,3,C1246c604|C7f4b55db|C3e7bdc8f,31,98,False,Ke7a5d80c|Kcf15988c|Keede16fc|K58378910,P1ac7085d|Pabc55b2b|P29a625c4|Pcdb2bdab|P3ee3692f,P2270b303,46546197.0
M60ccb3c9,The Great Gatsby,1974,1,145,6500000,en,Drama,Drama|Romance,2,US,1,C6146f42e,13,6,False,Kfda3dda1|K2ec4a374|K6a651960|K4709b558,P81f38d6e|Pddfe069b|Pdba508fc|P16c94183|P782a82ff,P61ea3ffa,26533200.0
Mb6037a79,"Car 54, Where Are You?",1994,1,90,10700000,en,Action,Action|Comedy,2,US,1,C2b1996b8,13,6,False,K0d25991c|Kb27e6995,Pb636f7f3|P6262e1d0|P0aabee58|P0b31c0cb|Pb694a2f6,P89403f76,1238080.0
Mca3cf75e,Only the Strong,1993,3,100,6000000,en,Action,Action,1,US,2,C412b6d48|C7f9fdb3e,8,6,False,,P6f13cb2d|P87f2091d|P5d8c5fae|P5e5f6193|P1c433bb3,Pbd6381ce,3283371.0
M05ad5340,The Adventures of Ford Fairlane,1990,3,105,49000000,en,Action,Action|Comedy|Thriller|Crime|Mystery,5,US,2,C6cbfdb5c|Cd36ef9f0,55,32,False,K656bf8b0|Kb5659b99|Kdaf3dc08|K5fc71d40|K35fbf0b0|K4642261b,P4a5ad6ce|P937355b4|P9357058e|Pee15c42c|P4213ff6a,Pc9ab0a9c,20423389.0
M276dce3d,The Pick-up Artist,1987,3,80,15000000,en,Romance,Romance|Comedy|Crime|Drama,4,US,3,C6cbfdb5c|C13914883|Cdcdd6f28,38,15,False,Kdf026a39|K17fd8902|Kf3ebd62a,Pa3139a87|P9aaea10b|P0fbbf0cd|P13d2dbaa|Pfb649c8d,P21022f79,13290368.0
M66c58c3f,Cool World,1992,3,100,30000000,en,Animation,Animation|Comedy|Fantasy,3,US,2,C6146f42e|Cbd577dde,15,43,False,K511491fa|K0de19f1e|K35f4a29b|K9a70e6ce|K503f5c06|K2fd28e9b|K7eef7ccf,P59339049|Pbb2d8b2b|Pc5fe07a1|P008cd51a|Paf39ed73,P11f9b9b7,14110589.0
M5245bd42,The Butterfly Effect,2004,1,115,13000000,en,Science Fiction,Science Fiction|Thriller,2,CA|US,5,C6988cd6a|Cfbf0b933|C0b8e9208,28,125,True,Kf687e8e6|Kf6fd45be|K33504489|K804bfd5b|K62fab60e,Pdbe8182c|P7273a6cd|Pe6321c84|P7226866a|P8bb801cd,Pd54e4f87,96060858.0
Mdb012849,Win a Date with Tad Hamilton!,2004,1,95,17000000,en,Comedy,Comedy|Romance,2,US,1,Cfa01eb95,11,3,False,K09ae40ae|K4786f4fd|Kb92c5fc4|K69162ea8,Pd07cd801|P06351fdd|P88f192ec|Pa09b464d|Pdd95ec23,P57a1ed5d,16980098.0
M220876a3,The Big Bounce,2004,1,90,50000000,en,Comedy,Comedy|Crime,2,US,3,C62d6d2d6|Ccc04f89f|C033959d5,15,12,False,K32d43916|Kc5b65b8c|K1451c5af|K82a98e31|Kb83ee9ca|K50f0ee0b|K0de19f1e|K5f1d30e4,P66e0e26d|P9c10a86e|P4b3bad5f|P3fdcc0ba|P9e42a69e,Pc0ddbc35,6808550.0
M64900315,Latter Days,2003,3,105,850000,en,Drama,Drama|Comedy|Romance,3,US,1,Ccba76128,11,2,False,K0c50837f|K9b9e111e|K0bdfaae8|Kb87d5bdc,P42dbbf9d|Pb5f898e6|P6b129dca|P8e89b53a|P233ed86d,P4e8010f5,819939.0
M13b885aa,Catch That Kid,2004,1,90,18000000,en,Family,Family|Action|Adventure,3,US,5,C7f89a29f|C976c0906|C9e6a9f22,34,21,False,Kcec27f06,Pff66170f|P19bfd40c|P32b759c9|P07d171ba|P04ced50e,Pd9daf9f6,16702864.0
M0b9ccffe,The Dreamers,2003,3,115,15000000,en,Drama,Drama|Romance,2,FR|IT|GB,3,C8f89952f|Cf0ac274a|Ce70fc3c6,12,24,False,K24eec40f|Kde32259e|K1fc61028|Ka7984eec|K511491fa|K32d43916|K96bcf62d|K4864d126,Pb9deb6f3|P25926a42|P993995f7|P974c92d0|P4b123031,P296be7fb,15121165.0
Ma467f8f0,Let's Do It Again,1975,4,110,70000,en,Comedy,Comedy|Action|Crime,3,US,3,C36c508bd|C3e7bdc8f|Ca75dce4a,8,11,False,K8341e452|Ke6ffbdf3|K9bddb5a5|K810eb38a|Keede16fc|K9b0a830c,Pb323b92d|P538ff88f|Pad2be3d6|P8b3678b6|P54cf243d,Pb323b92d,11800000.0
M700a7afb,Thirteen,2003,3,100,2000000,en,Crime,Crime|Drama,2,US,4,C9ea1bb4a|C6d4b9d29|C0110c455,16,26,False,K12e0a0fd|K8d86fd42|K3376b6ba|Kedafcc66|Ke431848f|K51d55234|K759319bb|Kd47640c7,P28fb5c65|P6115687d|P5a6a43b8|P281a5f82|P37273b55,Pa3ce008f,4601043.0
M492eeb17,Best Defense,1984,3,95,18000000,en,Action,Action|Comedy,2,US,2,C6146f42e|C14ab3a39,5,27,False,K59543204|K3ba20b75|K3198e020|Kf77f38fc|K10953268|K47c1f5a0|Kef0c5442,P19241645|P1c7f1d9d|P5878989d|Pcac0dcc5|P50ef45c0,Pdeb66421,19265302.0
M58c1ae16,50 First Dates,2004,1,100,75000000,en,Comedy,Comedy|Romance,2,US,4,C52e61c78|C87ffc222|C1b020c70,55,108,False,K6935c473|Kf687e8e6|Kb83ee9ca|K1ca3731a|K4786f4fd,Pc82d1114|Pe0243597|P368b385e|P27ef56e2|P6e1cd023,P02eb8a2f,196482882.0
Maf698443,Welcome to Mooseport,2004,1,110,30000000,en,Comedy,Comedy,1,DE|US,4,C6cbfdb5c|Ccdc52bf4|C30d26d8a,10,12,False,,Pa4798128|Pa3cf7c55|Pf934ebfb|P91ea8c55|P4ecf2abc,P3acbe364,14000000.0
M5c997829,Vanishing Point,1971,1,100,1300000,en,Action,Action|Thriller|Drama,3,US,2,C6cbfdb5c|Cd4abe0ab,19,13,False,K2c1bbb24|Kcdcd7d77|Kd21321bf|K0d25991c|Kd5f1dd69,P5351e256|Pc463672d|Pa35afec9|P432bdf11|P2ad88823,Pac6d42f2,72266306.0
M4865b680,King Solomon's Mines,1985,1,100,12500000,en,Action,Action|Adventure|Comedy,3,US,3,C2d51ecb7|Cbd21c0d4|Cf8049597,5,9,True,Ke2c03db7|K71840e6c|K08ca496b|K84348ea3|K96372f51|K6b9ad492|Kf37f81c3|K7e1291e9,P2f92d106|P1157c526|P7db0b17a|Pcb327462|Pafee2c46,P010f1164,238227.0
M14e6a46f,Confessions of a Teenage Drama Queen,2004,1,90,15000000,en,Comedy,Comedy,1,DE|US,1,C72b723b8,8,8,False,Kdaf3dc08|Ke1625f65|K25a3086d|K35845391|Ka2390abe|Kcbf64eb9|K95add46d,P1f2640df|P32c0cbb2|P813375d7|P0c752a18|P040a1202,P4f72ec9a,29331068.0
Mf22e19f4,The Passion of the Christ,2004,1,125,30000000,en,Drama,Drama,1,US,2,C8bbc0a3e|C6cbfdb5c,24,119,False,Kb38c398c|K354b630b|K088f2d2f|Kee6520fd|K9b3ec961|K8ee63aa5|K9e7cf571|K8a28c7c8,P864bcbbd|P737ce117|P9ab3ffdf|P3bc87c4c|Pdae61120,P46240969,611899420.0
Mb3cc7abe,Dirty Dancing: Havana Nights,2004,1,85,25000000,en,Drama,Drama|Romance,2,US,5,Cf8f92f7f|Cb61eea90|Caa3dc840,19,16,True,Kb730b002|K9344a7e8|Kde6b2b1c|Kc4d7749d|K01f8fc04,P906305c0|P3f44f403|P86bb3b10|P96e591c4|P126b9e53,P421e572b,27685016.0
M99c95cb1,Twisted,2004,1,95,50000000,en,Action,Action|Adventure|Crime|Drama|Thriller,5,DE|US,5,C6146f42e|C80562ec2|C21a032d1,11,107,False,,P89367870|P5eab90f9|P45c72dd5|P8e1bdae6|P1f5403b9,P88d9a490,25195000.0
Md6e888ca,"Good bye, Lenin!",2003,1,120,4800000,de,Comedy,Comedy|Drama|Romance,3,DE,3,C7ee27c4d|C5b2e0aad|C687fb912,16,39,False,K09a778ea|Kf69c4608|Ka2527a55|K45d12a23|K0167559b|Kb1b2d050|Ke4d9968a|Ke7ec735c,P8b0aeaa5|P8f27b33f|P3d390c54|Pb6aa237e|P11a2c88a,Pd5bb394c,79384880.0
M0610f40c,Agent Cody Banks 2: Destination London,2004,2,100,26000000,en,Comedy,Comedy,1,US,5,C45347b50|C8acaf6d9|C1e53a163,16,2,True,Kef728c09|K4d54a5a1|K30164b21|Kc79212af|K1d86df1d,Pa4af9f55|P472302b0|P655f85cd|P54c6b08b|Ped9b2b1b,P00d1bb4a,28818995.0
M2cc16c1f,The Girl Next Door,2004,2,110,25000000,en,Comedy,Comedy,1,US,4,Cc2c73c36|C015707fe|Cfc1e76ab,23,102,False,Kad6405c4|K52437e3f|K25a3086d|K78abbdae|K0961ce93|Ka44699dd,Pa68f8508|P2ddc34ad|P4002418d|Pfe3caa99|P8186f832,P19352113,30411183.0
M605f19dd,Clifford,1994,2,90,19000000,en,Comedy,Comedy|Family,2,US,1,C2b1996b8,9,14,False,K77b66672|K111e2b6a,Pb2cc6074|P8e34619f|P585b87be|Pfa09da95|Pf9e112db,Pfa476993,7411659.0
M06558d64,Dawn of the Dead,2004,1,100,28000000,en,Fantasy,Fantasy|Horror|Action,3,US,5,Ca99c34f1|C24b92766|Cd4fd11b6,20,120,False,K16c52a8a|K4f1bb2e0|K80e3a8e6|K9b138983|K89b9bcde|K33504489|K276df420|K3f0adf56,P07624456|P8b839607|Pe51657c8|Pec4fcf4a|Pf73f885f,P7dac83b0,102356381.0
Mb1615533,Eternal Sunshine of the Spotless Mind,2004,1,110,20000000,en,Science Fiction,Science Fiction|Drama|Romance,3,US,3,C1b020c70|C3f8aa01e|Ccef37e26,19,21,False,K6935c473|K118b41af|K70733318|Kf687e8e6|Kf8baada2|K0ad20bc2|Ka27c80f8|Keec6e143,P3831e867|P5516a531|Pfe6d4c3d|P282469c4|P6f0b74b5,P6dc329cf,72258126.0
M68b75a82,Jersey Girl,2004,1,100,35000000,en,Comedy,Comedy|Romance,2,US,4,Cf8f92f7f|C0af80a31|C71ce43ef,14,23,False,Ka9a9e534|K137adf5c|Kc7e10b07,Pcde62a4b|Pb3631c3b|Pce2c4e19|P91999fa3|P60cd7cf5,P7e090b5e,36098382.0
M68c60d5c,Never Die Alone,2004,1,90,3000000,en,Action,Action|Adventure|Crime|Drama|Thriller,5,US,5,C4f54834c|C9203d15c|C586c692a,12,5,False,,Pf1c49d00|P09fe7ca4|P89503150|P17d4ec0b|P2eaaba41,P2584778e,5923000.0
M46c058ec,Dogville,2003,2,180,10000000,da,Crime,Crime|Drama|Thriller,3,DK|FI|FR|DE|IT|NL|NO|SE|GB,19,Cc8ba30c0|C73261401|C2305da34,31,49,True,K5c0670e8|K97e39667|K16c52a8a|Ke09d99ff|K4d096beb|K50f0ee0b|K5fce51a3|Kb2dd1d83,P8bb333ae|P6f75f817|Pfd4a8f20|P20e87fb3|P4bc8082e,P2ba31d94,16680836.0
M7847efe6,Hellboy,2004,2,120,66000000,en,Fantasy,Fantasy|Action|Science Fiction,3,US,5,Cf4478484|C98fdcebd|C9a28f4be,21,111,True,K37b98a59|K32aef5c9|Kb7d5ad7d|K04f1877b|K663d0d34|Kbc72ed36|Kf0ee355f|K0ea38f38,Pf7136100|P9ba0093c|P0816ddc7|P9a074087|P5072be9b,P2b09a029,99318987.0
Ma80e76a5,Walking Tall,2004,2,85,56000000,en,Adventure,Adventure|Drama|Action|Thriller,4,US,6,C1e53a163|Cbaaa629a|C61cd275e,49,34,True,Ke33fde63|K27d5bfeb|Ke808a15b|K3c6f9488|Kf80e2c12|Kf6b2b675,P4da7c12b|P38b61b35|P5b6ff605|P2e90d3d1|P12b6482a,Pc0cdbd20,57223890.0
Me21444db,Johnson Family Vacation,2004,2,95,12000000,en,Comedy,Comedy|Family,2,US,4,C9ea1bb4a|C98008420|C1eff22b3,11,6,False,,Pc7895e74|P789c4e74|Pf2405e06|P41b96cad|P79b2e016,Pb3de44fb,31179516.0
M0768c62b,The Alamo,2004,2,135,145000000,en,Western,Western|History|War,3,US,2,Cd927b580|C0532621e,20,145,False,Kf6d4d5a6|K689747db|K53d67835|K4cc47561|Kd0a76954,P967c7ac4|P08e0c086|Pee263a29|Pf3405eca|Pc3c5185f,Pcdf66a5f,25819961.0
M8afc2c04,The Whole Ten Yards,2004,2,100,40000000,en,Comedy,Comedy|Thriller|Crime,3,US,6,Cf1e5dfa2|C13852a47|C430af061,10,93,True,Ke7dde3b3,Pbc324a94|P9ac76aaf|Pc19b2250|P81a0406b|P1dafaf6d,Pcd55a224,26155781.0
M2e87e37d,Dawn of the Dead,1978,3,125,650000,en,Horror,Horror,1,IT|JP|US,2,C2640eeb4|C7a3cd2cf,37,24,True,K7e1398ba|K7cc82e0c|K1afac70d|Kc2492ead|K6e6dc8aa|K65351ef5|K7ce1aed8|K050361cd,P5bff60f1|P0f7122c0|P5b858210|P338c9de0|P135a906a,Pb8c916b2,55000000.0
Mbff2bbe1,After Hours,1985,3,95,4500000,en,Comedy,Comedy|Thriller|Drama,3,US,2,C912c32d4|C555a9e83,17,14,False,Kc8aa65cd|K33e09618|Kd5641b5e|K253334af|K4d23e9ec|Kda60a038|K4f7fe086|Kf5099662,P639f8694|Padd04ad4|P15c415e2|Pf8317939|P8e2275a8,Pc1b16bc3,10609321.0
M499f11db,Connie and Carla,2004,2,100,20000000,en,Music,Music|Comedy|Crime,3,US,4,Cd7a83b16|C475937d3|C015707fe,14,10,False,K0c50837f|K8459da36|Kfeeda837,Pac135869|P174e117d|P301fb6b8|P57bc13cd|P6ff50a6d,P67b80631,11341016.0
M3ad01bc6,The Punisher,2004,2,125,33000000,en,Action,Action|Crime|Drama,3,DE|US,5,Cb61eea90|Cda2367f5|Cc4719158,33,112,False,Ke88ad4b3|K03ffe7ca|Kb7b43807|K6f601db4|K60846bfa|K12b44075|Kf2e9adce|K4209a93a,P42c677ae|Pe91449f5|P9c43b517|P3a5e8525|P8b20e37f,Pc5625cf1,54700105.0
M73a81d2c,Young Adam,2003,3,95,6400000,en,Drama,Drama|Thriller|Crime|Romance,4,FR|GB,1,Cf0ac274a,14,10,False,Kab720d41|K866dc592|K06ec2ec0|K2e68a08b|Kbf16afac|K5c5e4382|Kabb619b7|K9dfcf494,P5d50695a|Pae3524a1|Pe4f71194|P43f01c1e|P3f5f10a9,P0f8b8170,2500000.0
Mf893875c,13 Going on 30,2004,2,100,37000000,en,Comedy,Comedy|Fantasy|Romance,3,US,3,Cf4478484|C98fdcebd|Cfb520725,50,45,False,K33e09618|K63569927|K48cc5a81|K4b5d944f|Kbb5db1aa|Kd2151807|K9a9bc742,P56976266|P282469c4|Pdc0a48a7|P56bf7213|Pe8359aa6,P100a490f,96455697.0
M9fd69429,Godsend,2004,2,100,25000000,en,Drama,Drama|Horror|Science Fiction|Thriller,4,CA|US,4,Cb61eea90|C202af22f|C2bcfa438,8,24,False,Ke126f69b|Kfce86ae4|K92a6dddc|Ke30f40a7|K6d90a030,Pa4d4e204|P3999e66a|Pd9604827|Pd00ac651|Pca7c5130,P2ecd435a,30114487.0
Md29d0868,Mean Girls,2004,2,95,17000000,en,Comedy,Comedy,1,US,3,C6146f42e|C5b129385|C5f20dce5,38,43,True,Ka5e5d456|K25a3086d|K3e02671b|Kc9e5c2e6|K8e4844b2|Ke6c41798|K334af32e|Kc862f9f3,P1f2640df|Pca60e6c7|P45be1019|P0ab3f087|Pabb5b404,P9f90bd02,129042871.0
M651cad52,Mickey,2004,2,90,6000000,en,Drama,Drama|Family,2,US,0,,3,3,False,,P6e4d9cf5|P8f9b1e39|P0a427d14,Pf7f5df2c,293793.0
M9b792ee4,Van Helsing,2004,2,130,160000000,en,Horror,Horror|Adventure|Action,3,CZ|US,3,Cd7a83b16|Ca2f841df|Cb756f5e0,15,130,True,K83f121ca|K2b024aec|Kffb9e482|K85de5b12|K6e6dc8aa|Kd309184a|K89a13bfa|Kfc003d00,Pa70948d3|P1210b4c7|P9d5a7207|P210792a8|P467a335e,Pa7172560,300257475.0
M273a3465,The Mudge Boy,2003,1,95,800000,en,Drama,Drama,1,US,0,,6,2,False,K4ab4a388|K612c5674|K5ad86d95|Kc79f1b80|K683aa1bf|Kd3103f62|K6878063f|K4a598d77,Pa68f8508|Pe1fa7bf4|P0ca0f182|P44135192|P1e27bd0c,P21ed444e,62852.0
Meb09a5b6,D-Tox,2002,1,95,55000000,en,Action,Action|Thriller,2,US,1,Cd7a83b16,12,15,False,K1f1ba69c|Ka2122fa4|Ka69f7dd5|K49066ce6|Kf80f433b,P468a604c|Pfc420846|P5ba48ddb|Pee130dfa|Pcfe2fbb3,P57679556,6416302.0
M069de175,Enemy Mine,1985,4,110,40000000,en,Drama,Drama|Science Fiction,2,US,4,C6cbfdb5c|C4637b80a|C3d9da02c,15,49,False,Ka3337f91|Kfb2845a0|Kbf6599d1|K89099cca|Kdaa8ee81|K2b5cdafa|K5011ba81|K65cf7a95,P967c7ac4|Pf931c6f4|P91c624f3|P98b34fde|P35d018ba,P2207a9f9,12303411.0
M47051d47,Enter the Dragon,1973,3,100,850000,en,Action,Action|Crime|Thriller,3,HK|US,4,C988197fa|Ca9f8640d|C3e7bdc8f,22,22,False,K02a3ddab|K1308518c|K6d7db2b4|Ka6f4d5fe|K566c4248|K962f88ff|Kd2095ac7|K4379ed84,Pe2002094|Pa76fdb0a|P789f5166|P825ac2f6|Pef5b88a6,P65811974,90000000.0
M03dabc38,Octopussy,1983,2,130,27500000,en,Adventure,Adventure|Action|Thriller,3,GB|US,1,Ccf159454,83,18,True,K08f18d05|K8bda69a2|Kdc02fbe1|K58bb6de8|K3198e020|K0dda07bd|K1eee616e|K38e490df,Pec8d5614|Ped532354|P5d3e8a12|P0c6f8739|P12ebb0a5,P2521f56b,187500000.0
M1946e682,Never Say Never Again,1983,4,135,36000000,en,Adventure,Adventure|Action|Thriller,3,DE|GB|US,3,C425af8e3|C71b886bb|Ce08d6f34,37,6,True,K3ea5ce14|K33b2d0b2|K0ad7b19e|K89b75a49|Ka5d227bd|K2238060d|K92897a61|K0d2e7f11,Pf77f8198|P59339049|P27c018df|P2cbc4f5b|Pfab46d49,Pe6768f75,160000000.0
M0790e93b,Desert Hearts,1985,4,95,350000,en,Drama,Drama|Romance,2,US,2,C7fbae49e|C0e2b1f83,11,15,False,K1451c5af|Ke6a0d063|K9b9e111e|Kd3d56b8a|Kd7bb1f7f|K10261fed|K33dc8956|K1dd7c969,P50ef45c0|Pf4fdbecc|P426b9ca3|Pcbe3d12e|P172fb1d8,P235efcd2,2400000.0
M46a554f2,Body Double,1984,4,115,10000000,en,Crime,Crime|Mystery|Horror|Thriller,4,US,2,C52e61c78|Cd569edf9,17,24,False,Ka7984eec|K0f0db118|Kd57fa339|K60686471|K8c892a2d|K0d25991c|Kdd969d43|K35fbf0b0,P4f648c23|Pd11cd035|Pb730fc8e|P326e060a|P531147f5,Pb1ee92f6,8801940.0
Mc0b3caf1,Raising Cain,1992,3,90,12000000,en,Drama,Drama|Horror|Thriller|Crime,4,US,2,Cd7a83b16|C52706ed5,22,23,False,,P30546c37|Pe7aca1dc|Pfc37e6fb|P127e3b66|Pb730fc8e,Pb1ee92f6,37170057.0
Mcffb7cc0,Noises Off...,1992,1,100,12000000,en,Comedy,Comedy,1,US,2,C9710581c|C0532621e,15,3,False,K7546bef8|Kedcf0160,P1c0033fb|P123185a4|Pcb438cf8|P4c568edc|P810ae70c,P3ba68a7e,2280148.0
Maa83d489,The China Syndrome,1979,1,120,5900000,en,Thriller,Thriller|Drama,2,US,2,Cf4478484|C90d73e03,16,13,False,Kc2b5e04a|K44a8387d|Kae7e473d|Kc03731cf|Kaf306dc5|K6ebc1ad0|Kc8f482a7|K622dc2e5,Pc1b22bed|P6c638f36|P9485f066|P9546ef2c|Pa1bf2c70,Pd3e38d06,51718367.0
Md2f0530f,Good Guys Wear Black,1978,2,95,1000000,en,Action,Action|Thriller,2,US,0,,12,5,False,,P5b4d5eba|P96d6bc26|P2ea2dee9|Pefa3b919|P579980e2,Pf9766dce,18300000.0
Mc214aece,On Deadly Ground,1994,1,100,50000000,en,Action,Action|Thriller,2,US,1,C3e7bdc8f,10,12,False,K7a3e26a4|K7b71d21c|K8136954c|K926ca99f|K163eb34a|K33f5711b,Pe756e8b3|P123185a4|P4de128e8|P6262e1d0|P5eb9b5cf,Pe756e8b3,49000000.0
Md22b4e47,Forever Fever,1998,2,95,1070000,en,Comedy,Comedy|Music|Romance|Foreign,4,SG,2,C7cdb0edf|Cdc818884,5,12,False,,P590e62f1|P53b3cd2f|P338121f5|P1a4ac366|P323a631d,Pf3e52d90,570000.0
Mf6b83445,Explorers,1985,3,110,25000000,en,Adventure,Adventure|Family|Fantasy|Romance|Science Fiction,5,US,1,C6146f42e,25,8,False,Kf8baada2|K16dd7ad0|Ka96b9d40|K612c5674|Kc9e5c2e6|K73f80f07|K8f5d3802,P598f6582|Pcfa99af0|P304728b9|Pb0ccbd05|Pd17e6161,P4fc0296a,9873044.0
Medd84c2d,The Warriors,1979,1,95,4000000,en,Action,Action|Adventure|Crime|Drama|Thriller,5,US,1,C6146f42e,15,8,False,K44f3e3ef|K7fa4f963|K169947a5|Kac61b270|K49d9765a|Keede16fc|Kc343c0fd|K3511e608,Pc4750870|Pfe3caa99|Pd038d5d3|Pa73d94e8|P3b13dee5,P53cf60a7,22490039.0
M6d5a3959,Waterloo,1970,4,130,25000000,en,History,History|Action|Drama,3,IT|RU,3,C6146f42e|C368bae91|C5a7186c7,21,15,False,K4385ab38|K71ef249e|Kcfa3ad5b,P142a8978|Pa54c1475|Pdcf5a8bb|P8f5f2bc2|P96f57bac,Pa8762804,3052000.0
M19402ed7,Woodstock,1970,1,225,600000,en,History,History|Documentary|Music,3,US,2,C3ce961d3|C3e7bdc8f,12,20,False,K6fb75ba3|Kaad95068|K965d2159|K4fcfc4d1|K013ef231|Kdba80b55|K963ca0f3|K37228ca6,Pd85f98dc|Pd601d237|P4822e268|Pa252a6a9|Pd2b34e18,P2d2d4811,34505110.0
M6829d340,Pat Garrett & Billy the Kid,1973,2,105,4638783,en,Western,Western,1,US,1,C1e53a163,37,33,False,K27d5bfeb|Kdb691a95|Kac295930|K7639482e|K543489ca|K6a3cb94b|K798f0a14|Kbfc37771,Pd2d9e6d7|Pbe8d5d9c|P2607ad74|Pa9cc0470|P4482919c,P0c160c54,11000000.0
M90df60ea,The Ballad of Cable Hogue,1970,2,120,3716946,en,Action,Action|Comedy|Western,3,US,1,C3e7bdc8f,13,13,False,K1199c976|K40c4ef28|K5609530a|Kf6d89b28|Ka94dc238,P62182dd1|P34a90b75|Pe4ff6d5f|Pc8c08ba9|P48cd1830,P0c160c54,5000000.0
M3b106c47,Nightbreed,1990,1,100,11000000,en,Action,Action|Drama|Fantasy|Horror,4,US,2,C1b30bb99|C8679e149,16,17,False,K038c8dca|K5ebde1b5|K66331d63|Ka2122fa4|K649ccc80|Kfe7c4c95,P0efba383|P350440d9|P501bf7bf|P34a2db0d|P4664f465,Pc69f077c,8862354.0
Mce34081a,Ken Park,2002,3,95,1300000,en,Drama,Drama,1,FR|NL|US,4,C52d25432|C3842d70d|C8652849e,13,16,False,Kc8aa65cd|Kc2b5e04a|K511491fa|Kb8d59c8d|Ke808a15b|K60686471|Kb8d5135f|K3affd9f7,P33c7907b|P7b10bd72|P68037bd2|Pd457b2e0|Pc1eacc59,Pbde3b136,447741.0
Mb74c4286,Broadway Danny Rose,1984,1,85,8000000,en,Comedy,Comedy,1,US,1,C94e9821e,8,8,False,K4f7fe086|K99500dc4|K0b00441b,P23c41cec|Pddfe069b|P396ef637|P95a87b35|Pf8151320,P23c41cec,10600497.0
M1753a1b6,Space Truckers,1996,1,95,25000000,en,Comedy,Comedy|Science Fiction|Thriller|Adventure,4,IE|GB|US,5,Cc1b3796b|Cd2da6014|C531a7cae,10,27,False,K9f1d9feb|Kaf5cc81f|K9c59ecaa|K050361cd,P0fbbf0cd|Pb9fdccdb|P9e8d315e|P61246d5a|P471cda5c,P47065a17,1614266.0
M73d34f45,Not of This Earth,1988,2,80,210000,en,Horror,Horror|Science Fiction,2,US,1,C02b03d7d,20,11,False,K1d1c144f|K1199c976|K511491fa|K60686471|Kffb9e482|K71bf1fc9|K4d0bc3a5|K649ccc80,P87ac5f75|P3c1659e6|Pfab1dc27|P93262a2a|P7bebe11e,Pcf2316ef,107352.0
M2d097bb2,Death Race 2000,1975,2,80,300000,en,Action,Action|Comedy|Science Fiction,3,US,1,C3ca5d16d,15,9,True,K7f284f24|K720fc195|K7f59e139,Pe1d9889c|Pffde1457|P468a604c|Pd1396c8b|Pecef5c90,P594f6031,8000000.0
M25c90b78,Dahmer,2002,2,100,250000,en,Drama,Drama|Horror,2,US,4,C8f89952f|Cf9567417|C62c051d2,22,16,False,K5c0670e8|K73a1b48e|K4385ab38|K0e56c0d6|K35fbf0b0|Ka2122fa4|K3a8d21c5|K8f5b3581,P1180ab67|P12a17d60|Pa2c38005|P30f5bf0f|Pba49dbeb,P4ca0b0bc,144008.0
M1ad78552,Paradise,1991,3,110,34000000,en,Drama,Drama|Family|Romance,3,US,4,C01eff2bb|C0532621e|Ceafcc337,8,3,False,Ka27c80f8|Kb76fa970|K37228ca6|Kbc54d4bc|Kcbf64eb9|K9bb88be0,Pd11cd035|P6f0b74b5|P59cadc98|P6a5889be|P731f28cb,Pba348495,18634643.0
M2daa4747,Beyond the Valley of the Dolls,1970,3,110,2090000,en,Comedy,Comedy|Drama|Thriller,3,US,1,C6cbfdb5c,22,25,False,K19acffc1|Ka0de5fc2|K965d2159,P7d825803|P109fbb0a|P6fd88cf2|Pf4a22c4e|Pff3a3d98,Pbe09c3bb,40000000.0
M8f608285,At Play in the Fields of the Lord,1991,4,190,36000000,en,Drama,Drama|Romance,2,BR|US,2,Cd7a83b16|C5fe1f969,6,19,False,K4d2815bf|K6ead42e4|Kfe543f69,P5ba48ddb|P30546c37|Pa85a1840|Pc4f599c9|Pc3fa4428,Pc0ce2377,1345903.0
Mef957ac2,Night of the Living Dead,1990,4,90,4200000,en,Horror,Horror,1,US,2,C52e61c78|C7330b82f,21,10,False,K71bf1fc9|K7563a553|K8dfac82b|K4a3d8658,Peee184ed|P6f42213b|Pe45f52f2|Pa7da66e9|P168f4ac1,P7eef0ce7,5835247.0
M199a1fd8,Purple Rain,1984,3,110,7200000,en,Drama,Drama|Music|Romance,3,US,3,C3e7bdc8f|C8aef5116|Ced11ea9f,12,16,False,K293e5fac|Ka0de5fc2|Keeac0817,P0129608a|P47354f68|Pee15c42c|P1bfdc54a|Pf8e011ff,P216850b7,68392977.0
M519bf76f,Escape from Alcatraz,1979,2,110,8000000,en,Crime,Crime|Drama,2,US,2,C6146f42e|C0ad4e5f3,45,38,False,K526fab99|K1451c5af|K566c4248|Kc14495e8|Kf0c3da3c|K4385ab38|K7aa454e1|Ke6813b04,P6f65c5ac|P72ba9a4c|P966172d4|Pebc9e2ce|Pb08ae3d9,P412a83d7,43000000.0
M1dc8b0f1,Shrek 2,2004,2,95,150000000,en,Adventure,Adventure|Animation|Comedy|Family|Fantasy,5,US,3,Cfa01eb95|C4562a606|C586f6404,25,72,True,K526fab99|K79547cd1|Ke5d65ae2|K164b8bbd|K251c3d93|Ka6dd6393|K34cae8d7|Kedb203e8,P872c7544|P1c7f1d9d|P955f54ab|P81dc151c|Pd761e806,Pa2845afc,919838758.0
M8599e749,The Day After Tomorrow,2004,2,125,125000000,en,Action,Action|Adventure|Science Fiction|Thriller,4,US,5,Cb61eea90|C6cbfdb5c|C486ae29a,27,228,False,Kd3ee2033|Kec8db847|Kae818b36|Kfae81169|K7089e4ae|K69078877|Kbd9fcc47|K0791e92e,P967c7ac4|P536a41bf|Pe4345fb3|P19ab2e7c|Pcd791216,P916a7de7,544272402.0
Mc06d58a3,Raising Helen,2004,2,120,50000000,en,Drama,Drama|Comedy|Romance,3,US,3,C0532621e|Cce4c6bd7|Cbaaa629a,28,63,False,K33e09618|K42a8abf4|K8600da20|K44b419b3|K8adfda3c|K7ec19939|Kd47abffe,P0d5aa382|P3dfada77|Pf948d741|P6db0bf00|P9e79f4a8,Pccbd9923,49718611.0
Me501ece6,Soul Plane,2004,2,85,16000000,en,Romance,Romance|Comedy,2,US,1,C1e53a163,33,13,False,Kfe6fb0dc|K8ed256fc|K4d23e9ec|K877e62a3|K65351ef5|K223c53b6,P5010bf75|P037f5849|Pfaaaf9de|Pfcd96401|P92ce3e45,Pf74c88a4,14822346.0
Mbdc202da,The Mother,2003,1,110,2500000,en,Drama,Drama|Romance,2,,0,,10,1,False,K4281ec01|K60e9ea0a|K2e4f7f83,P5e4445ce|P3d5ce154|Pcbdc7961|Pde35274d|P113d0e1a,Pf61371d2,1062253.0
M95e925ed,Harry Potter and the Prisoner of Azkaban,2004,2,140,130000000,en,Adventure,Adventure|Fantasy|Family,3,GB|US,3,Cd05b6468|Cce91b416|C3e7bdc8f,51,147,True,K4a64b667|K3de100c1|K79547cd1|K4d66eb3b|K03a83b12|K786baa11|K1d3ca58f|K3858ab61,Pa9ffe9b7|P7aef44db|P187f1470|P89aa61f8|P4c0744b0,Pa6dc9439,789804554.0
M471599db,Mindhunters,2004,2,105,27000000,en,Mystery,Mystery|Thriller|Crime,3,FI|NL|GB|US,10,C0f2c6faf|Cce89c773|Ccdc52bf4,14,135,False,K4869d83d|K566c4248|Ka2122fa4|Kbb1efb21,P38e5ab9d|P6a1eb854|P377099a5|P4bcaca87|P793b9b83,Pc9ab0a9c,21148829.0
M9159ec8c,The Chronicles of Riddick,2004,2,120,105000000,en,Action,Action|Science Fiction,2,US,2,Cc16ef045|C1844b0e3,19,193,True,K526fab99|K7f284f24|K8661b1ad|K59174898|K82d01b63,Pb2d28ee6|P72ffb51e|P7f9caf38|P7da52033|Pa2cb4f4a,P4fe2005a,115772733.0
Mdada6394,Garfield,2004,2,80,50000000,en,Animation,Animation|Comedy|Family,3,US,3,C6cbfdb5c|C98c258fd|C7940c1ce,14,12,True,Kda3a8325|K827b8484|K5b2447b4|K8a87dc33,Pfe130811|Pd8f5904f|P9ad995c6|P7329e4e8|P20e42552,P4e53d623,200804534.0
M3096e704,The Stepford Wives,2004,2,95,90000000,en,Action,Action|Comedy|Science Fiction,3,US,3,C6146f42e|C260d7df4|Cebcd09d8,22,19,False,K267cc427|Kee5de369|K08b1cffe,P8bb333ae|P21e9c370|P104d62f4|P010e0927|P3be49d96,Peabd1c1f,102000000.0
M0f00119b,Napoleon Dynamite,2004,2,95,400000,en,Comedy,Comedy,1,US,6,C6146f42e|C9ea1bb4a|C0498af6f,13,6,False,Kcc576f2d|K2b5d957d|K7c97d03a|K25a3086d|K6e04f419|Kd3103f62|K8e4844b2|K04b99396,P94171e12|P61e74571|Pc4c14b5d|Pa0161654|Pe123f4f0,P0e42ba5b,46118097.0
M2293e082,City of Joy,1992,2,130,27000000,en,Drama,Drama,1,FR|GB,4,C6dfc8237|Cd2629222|C1b5c04c3,6,3,False,K4727f806|Kcbcfea8c|Ked8a216e|K428b0728|K711458a2,P842640cc|P7ff51e5d|P347de920|P7a280eea|P72917f57,P4f37dfbb,14683921.0
M52e16690,The Molly Maguires,1970,1,125,11000000,en,Drama,Drama|History,2,US,2,C6146f42e|C34203b4e,10,17,False,Kb1823169|K522de131|K61d207c8|Kb63f857f|Kd8fdee78,Pf77f8198|P44df4cdd|P31f710a3|Pa1f261f8|P1034d434,P497fad25,2200000.0
Mb4bfdade,Meet the Applegates,1991,1,90,5000000,en,Comedy,Comedy|Science Fiction,2,,0,,13,3,False,,Pa9b8f8a4|P26c10363|Pfa09da95|P5c321ad9|P1b4fdead,Pa821a443,485772.0
M6efd777f,Super Size Me,2004,1,100,65000,en,Documentary,Documentary|Comedy|Drama,3,US,1,C75107d2a,15,8,True,Kd0bf5062|K2ccc811c|K0b68fb32|K6f574e8b|Kdd56128c|K61db319b,P6ba1e96b|P07af6f75|P9b36c950|P46f67aee|P4a03b453,P6ba1e96b,28575078.0
Me6257092,Around the World in 80 Days,2004,2,120,110000000,en,Action,Action|Adventure|Comedy,3,DE|IE|GB|US,7,C295bb1fa|C016bc731|Cba872286,26,135,False,K24eec40f|Kef728c09|K33e09618|K5a7426ab|K2c1bbb24|K6d63f82c|K1eee616e|Kba02ba4a,P789f5166|Pf9ddcb76|P2efdd821|Pbbc9f7e5|Pecc8fbbe,P45fe1df4,72178895.0
Md6670dd1,DodgeBall: A True Underdog Story,2004,2,90,20000000,en,Comedy,Comedy,1,DE|US,3,C6cbfdb5c|C9e48d798|C30d26d8a,19,109,False,Kcc576f2d|Kda3a8325|Kd95b93ea|K9be97905|K2ff372ca|K39b1b849|K799f4b10|Kbe604f09,Pe5898b7e|P01ef4b1d|Pd29fc0d4|P169f8736|P3d8c4551,P14d608d5,167722310.0
Mabbb7042,The Terminal,2004,2,130,60000000,en,Comedy,Comedy|Drama,2,US,3,Cfa01eb95|C9710581c|C333317d5,23,68,False,K33e09618|K31249f48|K7c6da98e|K982dcd60|K35d630ec|K3ed3377f|K99b7ca9b|Kc2320ea9,Pd8b30691|P76ffd39b|Pae29ae2b|P88deb675|P906305c0,Pcf894350,219417255.0
M870ebe2d,The Notebook,2004,2,125,29000000,en,Romance,Romance|Drama,2,US,1,C6988cd6a,39,45,False,K7fe72660|Kbf16afac|K4c442588|K7a3e26a4|K0b2e661a|K5f1c888d|K355afc75|Kd1f0857a,Pca60e6c7|Pfc16b487|P626388c0|P9d26f5c0|Peee2378c,P6af89baf,115603229.0
M265deca1,Two Brothers,2004,2,110,74500000,en,Adventure,Adventure|Drama|Family,3,FR|GB,5,C41920a40|Cc7ffd06c|Cc94eefdc,15,11,False,K2b5d957d|Kb028491c|K013f0688|K00ee119f|K765736a4|K92f716f2|K66ef882a|K2bbbff41,Pebca4739|P9491bef5|P77fa1a68|Pea886a32|Pc1fe61cf,P25398c8b,62172050.0
M09f6504c,Rapa Nui,1994,3,105,20000000,en,Adventure,Adventure,1,US,5,Cceaa5a41|C436775e1|C3e7bdc8f,15,10,False,K8779cfd8|Kbbdeeb53|K566c4248,Pb95e95ce|P83a88c79|Pbaab3b22|P57170e02|Pda47ca9e,Pb79c9a4e,305070.0
Ma695d83c,Juice,1992,1,95,5000000,en,Action,Action|Crime|Drama|Thriller,4,US,1,C6146f42e,6,3,False,K44f3e3ef|Kfe6fb0dc|Kbf8c37bb|K8ed256fc|K3c6f9488,P76dbfd9b|Pa0ac74cd|P53888114|Pd6a4976e|P5eab90f9,P2584778e,20146880.0
M0cd040db,Taxi 3,2003,1,80,14500000,fr,Action,Action|Comedy,2,FR,1,C575e997e,33,7,True,Kc5b65b8c|Kcf3c4678|K3ba20b75|Kb9a41c4a,P1b5f133d|Pd87987bf|Pea601c7b|P43c1e759|Pff6a1db8,P609df528,65497208.0
Ma83e51e1,Overboard,1987,4,105,1880006,en,Comedy,Comedy|Romance,2,US,3,C1e53a163|C3e361eb9|C05543713,22,15,False,Kf687e8e6|K2990c1d0|K5f1d30e4|K7486a573,P3525e37e|P6265995c|P74b14980|Pa1780abd|Pd77c57c8,Pccbd9923,26713187.0
M6a198842,Search and Destroy,1995,1,90,4000000,en,Action,Action|Comedy|Drama|Thriller,4,US,3,C2020f7d5|Ce660b27b|C7fd945e5,11,20,False,Kd3103f62,Pb8e19397|P3be49d96|P598f6582|Padd04ad4|Pc1b16bc3,P3051ca4d,389503.0
Ma8977eb5,Hard Times,1975,3,95,2700000,en,Drama,Drama,1,US,1,C52e61c78,14,14,False,K273cecd6|K8465d8c7|K60b0e0f0|K74413312|Ka8fb2a38|K4c48c3cb|K7e1a17f8|K86fddfac,P374ce190|Pd2d9e6d7|P37a04702|Pfa76d52a|P306e9973,P53cf60a7,5000000.0
Mea1120be,The Last Starfighter,1984,3,100,15000000,en,Adventure,Adventure|Science Fiction|Action,3,US,2,Cd7a83b16|C973d5ff1,16,7,False,Kb76b8ce1|K267cc427|Ka38abaff|K9d0ee53c|K546d281f|K9c5003b4|Kaf767ab6|K4d0bc3a5,P0f4789bb|P9c0f54bb|Peb9b9b6e|Pba9f0813|Pb79486a2,Pf8ae38e3,28733290.0
M8aadcd9f,Spider-Man 2,2004,2,125,200000000,en,Action,Action|Adventure|Fantasy,3,US,3,Cf4478484|C99dba64f|Cf60e0133,76,128,True,K06357137|K0b2e661a|K3ed8404d|K12b44075|K19a14feb|K04f1877b|K6d90a030|Kdbe6d9ae,Pf9bb3d0b|Pfe6d4c3d|P58bca367|P9d25dde1|P355187eb,Pb8906202,783766341.0
M00053cf6,Before Sunset,2004,1,80,2700000,en,Drama,Drama|Romance,2,US,3,Ce4e76224|Cc30efeef|C37794aa2,10,15,True,K24eec40f|Ked493fb4|K4688311a|K6f4effaf|Kdd4cdb43|K78c74a04|Ke99876ac|K0b2e661a,P598f6582|Pe3fffc54|P2a28c4aa|P7a4c55a3|P312e721a,P6f0ffd49,15992615.0
M6b4d1206,King Arthur,2004,3,125,120000000,en,Adventure,Adventure|War|History,3,IE|GB|US,4,C4fb6882a|Cb0f5c822|C0532621e,26,131,False,Ked44a84b|K5074ac49|K65c6effc|K2a50fc8a,P0707f4cd|P18e9d06f|P73f53fc6|Pa208cfd9|P098619b4,P0efd056c,203567857.0
M1d4d7cad,A Cinderella Story,2004,3,95,19000000,en,Comedy,Comedy,1,CA|US,4,C647d911e|C3e7bdc8f|Cf9c0b462,67,31,True,K70733318|K059a5fd2|K027dc9a7|Ke85cdcac|K25a3086d|K78abbdae|K4b112d80|K8e4844b2,Pb867ac16|P5974c4db|P4c9485c7|Pffaaa2da|Pf0b8dc21,P77bb04f8,70067909.0
Md4d8810a,"I, Robot",2004,3,115,120000000,en,Action,Action|Science Fiction,2,US|DE,6,C6cbfdb5c|C3dcb868e|C98c258fd,21,138,False,Kc8aa65cd|K497a09fb|K935ce48d|K018324f1|K1451c5af|Kcc343814|K89099cca|K03618637,Pf5e36785|P55688699|P4f424405|P03e2c7bc|P630c09d9,P8ebfac63,347234916.0
Mc2c1a83e,The Bourne Supremacy,2004,3,110,75000000,en,Action,Action|Drama|Thriller,3,DE|US,5,Cd7a83b16|C68a78e06|Cf375ad4d,46,160,True,K0fc9b725|K52525103|K1451c5af|Kf687e8e6|K0c24b3e3|K5bcb4bcc|K19a14feb|Kca0f1cb3,P9d23789b|Pdc3528ff|P7df79f5c|P24a75c64|P7f9caf38,Pf667602e,288500217.0
Mae571d0d,Catwoman,2004,3,105,100000000,en,Action,Action|Crime,2,US,6,C1246c604|C9ecbdc9b|C3e7bdc8f,58,162,False,Kc2b20155|K511491fa|K38b4fde2|Kf9183e59|Ka33447c1|K24762420|K1c2c3e23|K6e11d73b,P1de24948|Pf4ed54bb|P1157c526|Pe6c96e9e|Pc2b65c32,P88e7918a,82102379.0
M2046ad6e,A Home at the End of the World,2004,3,95,6500000,en,Romance,Romance|Drama,2,US,2,Cd6f28c26|Cc068fe18,9,3,False,K0c50837f|Kf6118f7e|K1451c5af|Kb14b6db0|K35b709d8|K1eb03ca1|K1dd7c969,P7b34c4be|P7a08690d|Pe0da2446|P45da86ac|P84f434b7,P8b768718,1548955.0
M7d1a8759,Stay Hungry,1976,2,100,5000000,en,Comedy,Comedy|Drama,2,US,2,C7e86926f|C1253e68b,19,9,False,K1451c5af|Kdc87c7d5|K5449fd42|K75b56050,Pdfa9d578|P05a50f1e|Pf3b2f25f|P29cefdc7|P96cb97e4,P6db2b9e6,24854765.0
M37e1307f,The New Adventures of Pippi Longstocking,1988,3,100,5000000,en,Fantasy,Fantasy|Adventure|Family,3,SE|US,1,Cf4478484,13,15,False,Kb76b8ce1|K965d2159|K0d832f78|K9e61184a,P9b4c78fe|P75e7d9f3|Pf1628eb9|Pd7cfcf93|Pad403284,P84d608bf,3569939.0
M0c873ef1,The Super,1991,4,85,22000000,en,Comedy,Comedy,1,JP|US,3,C078208f8|C6cbfdb5c|C09588f71,12,12,False,K7444e5f9|Ke4f33951,Pce3512b8|Pcba324b3|P4e0b99cc|P5d8c5fae|P3c669a4d,Pbd5b818d,11000863.0
Mf67ee229,The Manchurian Candidate,2004,3,130,80000000,en,Drama,Drama|Thriller|Mystery,3,US,3,C6146f42e|Cda813610|Cd196108b,29,97,False,K1d42b6b9|Kd9fc2b5d|Ke263ef71|K9e6be77c|Kda5d0fe2|Ke5baca04|Kf2739c0f|Ka2be9ba2,Pbbc37df2|P5601b6b3|P961bdf96|Pb3cd0383|Pcd6b9a13,Peb35fbab,96105964.0
M10cd9a92,Thunderbirds,2004,3,95,57000000,en,Action,Action|Adventure|Comedy|Family|Fantasy|Science Fiction,6,GB|FR,3,Cf988914f|C0110c455|Cdfcbb101,28,20,False,K901329ee|Kb27e6995|K931cc768|Kf13563ef|Ka7bc5ff0|K30164b21|K1cf5dbdc|K8102d6b4,P37273b55|Pa9d3cf6f|P7b718b9d|P230c7a07|P7644681c,Pcfb077fb,28283637.0
Mc5b8c9aa,The Village,2004,3,110,60000000,en,Drama,Drama|Mystery|Thriller,3,US,3,Cda813610|C0532621e|Cb3e71746,16,121,False,K526c2540|Kd0196534|Kc3ff5557|Kdd8d7da8|Kc8c4961a|K517c59d2|K3caad6fe|Kee6edc8a,P1f53cfec|Pdfff36db|Pd2914092|P9cf8177c|Pab61d2a5,P0e4432bf,256697520.0
M6ca8e2a8,Collateral,2004,3,120,65000000,en,Drama,Drama|Crime|Thriller,3,US,4,C6146f42e|Cfa01eb95|C333317d5,20,142,False,Kc2b5e04a|K938b3f55|K52525103|K8b8060e4|K8a63c14d|K4869d83d|Ke7dde3b3|K0d25991c,P13cbd053|P20c8297f|P94cdbb6d|P282469c4|Pb1ff26d6,Paa8ef28b,217764291.0
M6a89cb12,Little Black Book,2004,3,110,35000000,en,Comedy,Comedy|Romance|Drama,3,US,2,C98fdcebd|C08441bef,20,25,False,K4e9d06e4,P61e1b201|P281a5f82|Pe76df162|Pe5752711|P2a46f413,Pe12885eb,22034832.0
Md548582a,Harold & Kumar Go to White Castle,2004,2,90,9000000,en,Comedy,Comedy|Adventure,2,US,1,C6988cd6a,16,23,True,K2b5d957d|K49389e2a|K0c4a0d2b|K110f3ad2|K35e5d05e|K95299216|Kf79682d4|K685246a1,Pd235a0d3|P31cd8751|P71c6b978|P8b3c5c26|P2774546c,Peb90444e,23936908.0
Mba187736,AVP: Alien vs. Predator,2004,3,100,70000000,en,Adventure,Adventure|Science Fiction|Action,3,CA|CZ|DE|GB|US,11,Cf9732504|C295bb1fa|C6cbfdb5c,25,137,True,Kd3ee2033|Kc1a7e026|K963b4efd|K546d281f|K6a580b43|K87316254|K4d0bc3a5|K289ff6bd,Pf6e49672|P66abd50c|P9e1d24ed|P73a167bf|Pe942da6a,P5257d233,171183863.0
Mf5e512fe,We Don't Live Here Anymore,2004,1,100,3000000,en,Drama,Drama|Romance,2,US|CA,3,Caed2054d|C8b5128e3|C3e7bdc8f,14,4,False,K06ec2ec0|Kdc3fd4cb|K4bc60f6a|K33437310|Ke578b0ae|Kd3103f62|K2d03c74c,P282469c4|Pbdc89d4d|Pacd11787|P8ea19000|Pdedd3904,P78d523e3,2037545.0
M416c1407,Without a Paddle,2004,3,95,19000000,en,Action,Action|Adventure|Comedy|Thriller,4,US,2,C6146f42e|C260d7df4,22,94,True,K43f1c417|K96372f51,P41a49491|P20c64aeb|P19f25908|P88f3a0e2|P08f5e820,P4c0d45a9,69631118.0
Mc48ee507,Exorcist: The Beginning,2004,3,115,80000000,en,Horror,Horror|Mystery|Thriller,3,US,2,C8679e149|Cdb1cd0bb,26,13,True,K526c2540|K443b5d4d|K719e729e|K71bf1fc9|K313b854e|Kf48bddfa|K78fa11fe|Ked907cc5,P10291a37|P5a1382a7|P6755b72e|P900672a4|P94713dd1,Pc9ab0a9c,78000586.0
M04c96b46,Anacondas: The Hunt for the Blood Orchid,2004,3,95,20000000,en,Adventure,Adventure|Action|Horror|Science Fiction|Thriller,5,US,2,Ceba6d050|Cb43087c5,12,78,True,Ka3356dfa|Kfa0063d6|K3de100c1|Kb7121b65|Kc68cb9da|Kb2c2fb55|K032c98de,Pb7ab22bd|P9b5fe7de|Pf4f26c58|P1e20ed36|P5ecb21a3,Pfef06342,70992898.0
M5ff26c96,Vanity Fair,2004,3,140,23000000,en,Drama,Drama|Romance,2,GB|US,2,C14fcbad7|Ccef37e26,13,14,False,Kef728c09|K8bccb984|K02bd59a8|K5b22ccd3|K2e750cb4|Kcbf64eb9,P4d20c8bc|Pf00e4d4a|P2c3e141f|P3f44f403|Pbb2d8b2b,Pa1451aed,16123851.0
M011e26b5,Paparazzi,2004,3,85,20000000,en,Action,Action|Drama|Thriller,3,US,3,C8bbc0a3e|C6cbfdb5c|Cfe554a3f,10,34,False,Kd3103f62,Pe272310a|P87ac9bae|P9ee61e4d|Pbd3cbe45|P575dda13,Pb7a9e73d,16605763.0
M28bfdcdb,Night of the Demons,1988,4,90,1200000,en,Horror,Horror,1,US,3,C82732a1b|C78f36fe1|C0711e1b7,16,9,True,Ke7186c43|K31d67b3d|Kf0ee355f|Kb95b5cef,Pa3652451|Pe83732a4|P54df9c62|Pf1d70a1f|P33f8b65f,P2070aa89,3109904.0
M1711344d,Resident Evil: Apocalypse,2004,3,95,45000000,en,Horror,Horror|Action|Science Fiction,3,GB|US|DE|FR|CA,2,Cf9732504|Cb63e3ba8,87,121,True,K1308518c|Ka6194240|K7f284f24|Kb8281719|Kda5d0fe2|K0bab9b28|K8dfac82b|Kb4e75fa3,P7ba65775|P0e6fa9f3|P7f2b80f3|P88ce8fad|Pde728da2,P4d8f6658,129394835.0
M5d437701,Mr. 3000,2004,2,105,30000000,en,Comedy,Comedy|Drama,2,US,1,C0532621e,11,23,False,K220573b1|Kdc87c7d5,P19165e19|Pdc134fa5|P192f3f43|P22913d4e|P43707690,Pc5328e10,21800302.0
M26a25320,Sky Captain and the World of Tomorrow,2004,3,105,70000000,en,Mystery,Mystery|Action|Thriller|Science Fiction|Adventure,5,GB|US,6,C6146f42e|C0b35155f|C7b2aedea,11,105,False,Kef728c09|K1bee81c6|Ked493fb4|K9f1d9feb|K5ffafece|K4ce171fe,P7ad6a156|P0affa6f4|P0d4dd445|P9e58b7cf|Pf74cceaa,P9e87c6c3,57958696.0
M4b07965f,Wimbledon,2004,3,100,31000000,en,Comedy,Comedy|Romance,2,FR|GB,1,Cd7a83b16,10,12,False,Ke53f53d8|Kfa895068|Kb3142063|K241b3a3b|K93cc6405,Pfe6d4c3d|P4bc8082e|P5a9109c6|P443289f8|P9d2adb5f,Pea2e766d,41512007.0
M2d6d8361,The Forgotten,2004,3,90,42000000,en,Crime,Crime|Drama|Horror|Mystery|Science Fiction|Thriller,6,US,3,C98fdcebd|C60edcf2b|C70aaa27c,12,66,False,K92a6dddc|K7f49c806|K877e62a3|K5b68bb6a|Kb76fa970|K0c8ef730|Kd7e48405|K38373846,P62eda3c0|P6ad5be64|P793a0579|P25151878|P706b881f,Pdf3dd1c2,117575636.0
M09c7c9f6,A Dirty Shame,2004,3,90,15000000,en,Comedy,Comedy,1,US,4,Cbe498e61|Cd6f28c26|C140b051a,17,10,False,K1fc61028|Ka7984eec|Kbba221aa|K498a2533|Kb64565dc|Kfbb0c1ef|K6f911408|K934d2ffa,Pae0e3933|P38b61b35|P9ba0093c|P47ddcc25|P5c3d1421,Pa7f6a992,1914166.0
M3879599b,Shaun of the Dead,2004,2,100,4000000,en,Horror,Horror|Comedy,2,GB|US|FR,8,Cd7a83b16|Cdefa0672|C668b01c5,22,17,False,K530f3c80|Kef4eed7e|K965abb03|Kb5dbe09d|Kbf7d8d2f|K4786f4fd|K8dfac82b|K9bef033e,P77e32dde|Pde9a236a|Pe5a4d3ee|P1cd44ab7|P643c5ea2,P42d4c0d3,30039392.0
M23df3537,Orca: The Killer Whale,1977,3,90,6000000,en,Drama,Drama|Adventure|Horror,3,US,1,C368bae91,11,12,False,Kc8e08999|K682d5a03|K3f6d12d4|Kbfacad38|K9c5a3aa7,P31f710a3|Pc4d07f3f|P8bd31d1b|Pe5ee9a51|P418185cc,P7e543c4f,14717854.0
Mc9233a59,1492: Conquest of Paradise,1992,4,155,47000000,en,Action,Action|Adventure|Drama|History,4,FR|CR|ES|GB|US,9,C6146f42e|C47d534f6|C5af7551b,18,58,False,Kbbdeeb53|K4696b817|Kc7fd2414|K785c8f37|K77332852,P128e0651|Pa9220d48|Pab61d2a5|P3e03a29f|Pe093ac26,P54540f1f,7191399.0
M2b65ae06,Shark Tale,2004,3,90,75000000,en,Animation,Animation|Action|Comedy|Family,4,US,3,Cfa01eb95|C4562a606|C586f6404,16,76,False,Kf054b630|Kcc343814|K658fee08|Keed87833|Kd1f0857a|K346367d7|K9a5ab2bc|Kcbf64eb9,Pf5e36785|Pd9604827|P79cd1763|P72d7d3b1|P9e58b7cf,Pe1f96bb2,367275019.0
M0365bbdd,Raise Your Voice,2004,3,105,15000000,en,Music,Music|Drama|Romance,3,US,4,C6988cd6a|Cfbf0b933|C746e6608,12,13,False,K4fcfc4d1|Ka58354b0|Keeac0817|Ka240b893|K8e4844b2|K91502f00|K74c27fc9|Ked6e3ed8,Pb867ac16|P94fe780f|P5793e735|Pac84a7a5|Pf3f850eb,P8308108c,14867514.0
M0634b689,Taxi,2004,4,95,25000000,en,Thriller,Thriller|Action|Comedy|Crime,4,FR|US,3,C6cbfdb5c|Caef19b2e|C0b057e79,18,93,False,K8a63c14d|Kb2dd1d83,Pc2dfb497|P8df07f80|P88998bc7|Pc5deb710|P75ac45b5,P0f9f87a2,36609966.0
Mb9b40e18,Shall We Dance?,2004,4,105,50000000,en,Drama,Drama|Romance|Comedy,3,US,1,Cf8f92f7f,18,13,False,K70733318|Kb1b2d050|K2fb62106,Pb8c4c754|P91999fa3|P105610f1|P504c75d0|Pae29ae2b,P1fe13db1,170128460.0
M8b32185d,Surviving Christmas,2004,3,90,45000000,en,Comedy,Comedy|Romance,2,US,3,Cfa01eb95|C86dceb6f|C586d5e7c,15,5,False,Kedb0ba53,Pcde62a4b|P87a98968|Pb0acacc8|Pb3c10df7|P3b974957,Pffeced8b,14793624.0
Mab0e4bc0,The Grudge,2004,4,90,10000000,en,Horror,Horror|Mystery|Thriller,3,JP|US,5,Cd037f327|C336c2b47|C195dba0b,15,73,True,K1fc61028|K1d1c144f|Kcc150bfb|Kb855ec86|K71bf1fc9|Kf1b1594d|K16e15cc3|K89083400,P1c20804a|Pbf8ab48f|Pa17129d8|P4821cb9e|P6db6d5fe,Pbda6b2a7,183474602.0
Md10221a7,Alfie,2004,4,105,60000000,en,Comedy,Comedy,1,GB|US,2,C6146f42e|C838154af,17,18,False,K33e09618|K12e0a0fd|Kdbe16235|K02bd59a8|K8cfbd3dd|Kd5755bc3,P7ad6a156|Pacdffa16|P76dbfd9b|P92596c95|Pfb0ef905,Pb8c26bc4,13395939.0
Mb75ea223,Sideways,2004,4,125,16000000,en,Comedy,Comedy|Drama|Romance,3,US,3,C9ea1bb4a|C54d5213e|C5af0b3cf,18,28,False,Kc2b5e04a|Kb7f1519f|K6380874f|K7a533b1a|K57c38f2b|K95299216|Ka43fbb3a,P8d7bcd0f|P524a1a69|Pda83617f|P14a5cdcd|P247ad485,P74e65ede,109502303.0
M512396e2,Saw,2004,4,105,1200000,en,Horror,Horror|Mystery|Crime,3,US,4,Cb61eea90|C48500673|C08869c5b,17,67,True,K1b326384|K6fe274c7|Kd79210b5|Kf27a41b9|K16360b31|K8c99ccc0|K6814d3d8,P70e1f767|P6f155c36|P8b2e157e|Peffcd88f|P589220c0,P0ace500a,103911669.0
M66899018,The Incredibles,2004,4,115,92000000,en,Action,Action|Adventure|Animation|Family,4,US,2,C72b723b8|C5f1dc623,44,85,True,K3d2b49b8|K526c2540|Kcc343814|K566c4248|K70912432|K00f341b1|K3802909b|K7c644273,Pb1885140|P281a5f82|P5eab90f9|P1f2402be|P0952295e,P2a2a6f5b,631442092.0
Mcf1805ee,Seed of Chucky,2004,4,85,12000000,en,Drama,Drama|Horror|Comedy,3,RO|US,1,C26794216,14,9,True,K808b4a33|K4422f337|Kad57c49e|K35fbf0b0|K50835a41|Kbbfdb21c|K9062a211|Kb1d982e1,Pecb0b374|P77496d83|Pfb769c03|P30adae71|P655f85cd,Peebfff20,24829644.0
Mfa736f8b,After the Sunset,2004,4,95,60000000,en,Action,Action|Comedy|Crime|Drama,4,US,3,C6988cd6a|C593b51a0|C46cdb83b,35,23,False,K0ad7b19e|K690fcee2|Ka9741c96,Pc745bfc7|Pb48255ea|P96737513|P95355ddf|P8219cd42,P781658fe,61347797.0
M36d08485,Bridget Jones: The Edge of Reason,2004,4,110,50000000,en,Comedy,Comedy|Romance,2,FR|DE|IE|GB|US,6,Cf8f92f7f|Cd7a83b16|Cf988914f,43,86,True,Kef728c09|K767bec4d|K3ae80f7d|K22c602f4|K216f0e7c|K63113bb1|Kcbf64eb9,P79cd1763|P3f407781|P292df613|Pecc8fbbe|P43cac260,Pc40c00fb,40203020.0
M80ec7395,Veer-Zaara,2004,4,190,7000000,hi,Drama,Drama|Romance,2,IN,1,Cd925d19e,13,15,False,K0b2e661a|K424ad1c8|K9ec0e227|K43727838|Kcbcfea8c|Kb83a0ee3,Pa6041114|P5dfe45a1|P3342e2ae|Pa798f148|Pfc19e7ae,Pa8506af8,29385320.0
M7e7ca736,National Treasure,2004,4,130,100000000,en,Adventure,Adventure|Action|Thriller|Mystery,4,US,4,C72b723b8|C4fb6882a|C82201f3c,38,125,True,K71840e6c|K08ca496b|K96372f51|Kf37f81c3|K7e1291e9,Pa2178ef1|P8a81e10e|P8a2232bf|Pa0abef07|Pb3cd0383,Pbe6a4304,347451894.0
M03b917fe,Bad Education,2004,1,105,5000000,es,Crime,Crime|Drama|Romance|Thriller,4,ES,3,C67cf598f|Cb49dab8b|Cff0e5325,20,12,False,Kab720d41|K550ea887|K0c50837f|K8eea5ed8|K2bd1297c|K22101519|Kcca842bb|K0c537174,Pc3284856|P9653f374|P4debd9b5|Peef82221|P1683e824,Pd0704ab7,40266982.0
M4db7fd12,The SpongeBob SquarePants Movie,2004,4,85,30000000,en,Animation,Animation|Comedy|Family,3,US,3,C6146f42e|C507cfe58|Cea2c64ef,10,31,True,K709db681|Kaa9e3589|K50aad106|Kee9373a7|Kf9f9542c|K6e4fe7a8,Pfe3a0e3f|P4df2dcb4|Pcf93b348|P5b38318e|P1bd91dfc,P00c4aa59,140161792.0
M5e0ca7e6,Alexander,2004,4,175,155000000,en,War,War|History|Action|Adventure|Drama|Romance,6,FR|DE|IT|NL|GB|US,8,C5af7551b|Ccdc52bf4|C41920a40,51,167,False,K45945ada|K30a53fa2|Kf0265e5f|K9f526c24|Kb1bf4dbb|K2b82f499|Kc14434ef|K683aa1bf,P7b34c4be|P9e58b7cf|Pcfb78473|P2f0b3e83|P2c3e141f,Pc20617a1,167298192.0
M6fdbb7da,Ocean's Twelve,2004,4,125,110000000,en,Thriller,Thriller|Crime,2,US,5,C1246c604|C2f946fee|Cc1d82aa3,27,109,True,K19a14feb|K8de3379c|K01d071e1|K4090b9b0|K17ecf61a|K9972f958|K44ff0b98,Pd4551c6e|Pc5fe07a1|P76ffd39b|P9195777d|P45c72dd5,Pd886c47f,362744280.0
Me82137e4,Blade: Trinity,2004,4,125,65000000,en,Science Fiction,Science Fiction|Action|Horror|Thriller|Adventure|Fantasy,6,US,6,C6988cd6a|Cadae41d9|C0ea97757,20,155,True,K4869d83d|K85de5b12|K32aef5c9|K1c613c5f|K04f1877b|K923101f0|K84b4bd04|K58378910,P953616ba|Pbe8d5d9c|Pd3cf5396|Pe2235564|P6b87f42a,P2b211a70,128905366.0
Mb191975e,Fire in the Sky,1993,1,110,19885552,en,Drama,Drama|Horror|Thriller|Mystery,4,US,1,C6146f42e,15,54,False,K1451c5af|K4385ab38|K0d25991c|Kb8dd9a75|K1c0e5d8a|Kfd2a9a8f|K4d0bc3a5|Kfcf79c07,P6562d69e|P81c51e0c|P0efba383|Pb1ff26d6|Pcd0db3b0,Peef7b1ab,19724334.0
Ma4baabb2,Zabriskie Point,1970,1,115,7000000,en,Drama,Drama|Romance,2,US,1,C1e53a163,9,14,False,Kd6a05201|K4603cffd|K73a87dc1,P579ee62b|P2ba3fe4a|P6d53349a|Pf38e647b|Pd523f74a,P2000dc76,1000000.0
M7198c773,Sweet Sweetback's Baadasssss Song,1971,2,95,150000,en,Action,Action|Drama|Romance,3,US,1,C0bb6c4bf,14,8,False,K3e04d489|Kfe6fb0dc|K2f7092f1|K9ad21213|Ka70a0144|K7117143b|K810eb38a|Kda77ac4b,P28e6bdbc|P04de7095|Pbf8af40d|P01a56f32|P8a12d06a,P04de7095,15200000.0
Mf87f21ce,"Farewell, My Lovely",1975,3,95,2500000,en,Crime,Crime|Mystery|Thriller,3,US,2,Cee7ae582|C42882cf9,18,9,False,K30c774bd|K7c953bca|Keb5e7681|Kce6f45bf,Pcf731e2a|Pc4d07f3f|P7d7b4b35|P551469f0|P1034d434,P30555bae,2000000.0
M9e6ef8dd,Silver Streak,1976,4,115,6500000,en,Comedy,Comedy|Crime|Romance|Thriller,4,US,3,C6cbfdb5c|C7762c3db|C5cb9f7b7,31,16,False,K511491fa|K2e49d805|Kaf637c2c|K09fc1f51|K6cdb963a|K032c5fd1|Kc7464f97|Ke1cf1eb5,Pd34be705|Pde24868e|Pb36299e9|P72ba9a4c|Pad073e73,P967a299d,51079064.0
M3e44f6bc,High Anxiety,1977,4,95,3400000,en,Comedy,Comedy|Music,2,US,2,C6cbfdb5c|C0405a02e,13,10,False,K0c3798ca|Kc9b098d6|Ke7dde3b3|K43c94e73|Ke0dd090a|Kdd693ba6,P51c6f6c0|P2f51eabf|P5a51d88d|P163d3ea1|P42bdd792,P51c6f6c0,31063038.0
M5e57b601,The In-Laws,1979,2,105,9000000,en,Action,Action|Adventure|Comedy,3,US,1,C3e7bdc8f,14,8,False,K4d54a5a1|K6c87d899|K6378fe4a|Ked15783f|K0abf4b02,P83cb9f56|P5ea8cfef|Pda6304be|P77c463ec|Paf2d47a5,P967a299d,38200000.0
M3d4d5ebe,Rumble Fish,1983,4,95,10000000,en,Action,Action|Adventure|Crime|Drama|Romance,5,US,1,Cd7a83b16,17,11,False,K44f3e3ef|Kf5d2e27f|K3d78adee|Keede16fc,P27ff617e|Pc810bfde|P938e6548|P0fbbf0cd|Pf1700ee0,P47881235,2494480.0
M50fce49e,Twilight Zone: The Movie,1983,2,100,10000000,en,Drama,Drama|Fantasy|Horror|Science Fiction|Thriller,5,US,1,C3e7bdc8f,19,8,False,K75a8b02f|K1b65a087|K71bf1fc9|K288012dc,Pd0fd22b1|Pbe3a3a5f|P31a77b4f|P30546c37|Pe236144b,Pcf894350,29450919.0
Me1dabae0,Racing with the Moon,1984,1,110,9000000,en,Drama,Drama|Romance,2,US,2,C6146f42e|C9dce6edb,8,10,False,,Pd76d11b5|Pa2178ef1|Pff4e44b7|P9918bb27|P9deb39ff,P4173d81f,6045657.0
Mf8d66f16,Bliss,1985,4,110,3400000,en,Comedy,Comedy|Drama|Romance,3,AU,2,Cf23bbe48|C189ae1ea,17,1,False,K1451c5af|Kd3103f62,P0f78c1d2|P037e70b8|P9928020c|P7891b819|P52b5aa4a,P55d3147e,660537.0
M40ce777d,Mishima: A Life in Four Chapters,1985,2,120,5000000,en,Drama,Drama,1,JP|US,4,C3ea53bb0|C947c3de9|C2e6d09cd,54,13,False,Kc8aa65cd|Kcc150bfb|K1fb4ebf8|Ke4d9968a|K1c8c3939|K2f314b77|K77830caa|Ke091f74e,P0ba5845f|Pa168f35b|Pfae52038|Pe5cc836b|Pd9e8873f,P960227bb,502758.0
M9e1df379,Club Paradise,1986,3,95,15000000,en,Comedy,Comedy|Drama|Romance,3,US,1,C3e7bdc8f,15,21,False,K5f91ed94,P8b29037b|P191dcec8|Pc04911e1|Pb86b160a|Pf7e91160,Pc18a1935,12308521.0
Me7d25957,Solarbabies,1986,4,95,25000000,en,Science Fiction,Science Fiction,1,US,2,C16b8cf86|C1e53a163,15,47,False,K8e2e1632|Kec22e780|K8e4844b2|K1e9a5917|K22c53eec,P99600202|Pdcdd6ee0|Pee263a29|P24be1f65|P4233b029,P8a512107,1579260.0
Ma3f06d58,Prison,1988,1,100,1300000,en,Crime,Crime|Drama|Horror|Thriller,4,US,1,C3a658986,15,9,False,K526fab99|Kae263b85|K9a16fa02|Kff9c5036|Kea2eae37,P45ae55c7|P97ac7007|P70c0a24e|P317826d1|Pa9ba0d4b,Pc9ab0a9c,354704.0
M4c7c70b7,Kiki's Delivery Service,1989,3,105,6900000,ja,Animation,Animation|Adventure|Drama|Fantasy,4,JP,2,C5e2a080a|C2749910c,34,15,False,K02f8aad7|K55cfa8fb|K9cb98d13|K74f33ba2|K786baa11|Ka5e5d456|Ke4fa9ea2|Kffef018c,P0f829865|P57abcd31|P8ac92caa|Pee7e1ed3|Pd6e04f70,P8513cc51,18172849.0
Mb74e5d02,Cry-Baby,1990,2,85,11000000,en,Comedy,Comedy|Music,2,US,2,Cd927b580|Cd7a83b16,15,7,False,K526fab99|K656bf8b0|K70733318|Kef47e525|K4ad0064e|Ka240b893|K860ee2c9,Pd34c4eab|Pfe6a8ec3|P0b615e21|P8663bae1|P87ac5f75,Pa7f6a992,8266343.0
Mfe82b5c4,Frankenhooker,1990,2,85,2500000,en,Comedy,Comedy|Horror|Science Fiction,3,US,2,C3dbf231d|C113cbc41,46,28,False,Ka7984eec|K1199c976|K5512d85b|K50d76002|K053b94b9|Ka646ca77|Kcf159e78|K96ce30ec,P97b1b486|Pe33bd931|P8912e0d4|P3b9665f3|P6ee7b48b,P9f2cfd71,205068.0
Mbe05f70b,Hard to Kill,1990,1,95,10000000,en,Action,Action|Thriller,2,US,1,C3e7bdc8f,24,8,False,K45d12a23|Kb858ed20|K9653593d,Pe756e8b3|P472a7e35|P59e9b19c|P4a58fd82|P908e4a88,P9111c152,47410000.0
M952e9591,Havana,1990,4,145,40000000,en,Drama,Drama|Romance,2,US,2,Cd7a83b16|Ccc646b08,18,25,False,K3d95dcb2|Kde6b2b1c|K6fdd0b1b,P81f38d6e|Pa8013276|P5ea8cfef|P7ff4e38d|P46717011,Pe1f0e7d0,9243140.0
Mabd515bb,Lionheart,1990,2,105,6000000,en,Action,Action|Thriller,2,US,2,Cd7a83b16|Cad2585fb,8,12,False,K615ad2f5|Kcf15988c|K7e3bf8b5|K32aef5c9|K2f45bdc8|K9a16fa02,P7ff40d0f|P4e92c869|P7aa9b2da|P5d1d96d3|Pca568dad,Pbd6381ce,24078196.0
Md3f5d277,Dutch,1991,3,105,17000000,en,Comedy,Comedy,1,US,2,C6cbfdb5c|C8ef0af14,8,8,False,Kedb0ba53|K276df420|Ka9282ab2|Kfdbd6c92|Ke7963ed5|Kaea09945|K355d3705,P806553c5|P204b49cd|Pd2e0afc3|P606df67a|Pc6043085,P5a15efc0,4603929.0
Md6e5884b,Out for Justice,1991,2,90,14000000,en,Action,Action|Thriller|Crime,3,US,3,C3e7bdc8f|Cad872611|C609281ce,17,2,False,Kb1aa9b34|Kb7911202,Pe756e8b3|P2d788f62|P2b83e870|Pa51032f8|P9c40d413,P186b898d,39673161.0
M703f783b,Diggstown,1992,3,100,17000000,en,Action,Action|Comedy|Drama,3,US,2,C1e53a163|C985c56ba,22,3,False,K8e05e851|K8c338b0d|K3141628f|Kdc87c7d5,Pb303b271|Pf931c6f4|Pdba508fc|Pefdc98ca|P26e3f83d,P6639abc9,4836637.0
M2c96868b,Fortress,1992,3,95,8000000,en,Action,Action|Thriller|Science Fiction,3,AU|US,3,C1246c604|C98c258fd|C5e936b85,16,49,True,K526fab99|Kf93b4bf6|K41adc54e|K89099cca|K7f284f24|K66331d63|K3cbab117,P67b39fba|P749452ba|P1ff8b2ac|P793b9b83|P1f8861f1,P47065a17,6739141.0
M094b3cbc,Josh and S.A.M.,1993,4,95,18000000,en,Adventure,Adventure|Action|Comedy,3,US,3,Cf4478484|C6988cd6a|Ce4e76224,10,6,False,K2b5d957d|Kdd6cc548|Kf0809876|K9a9cd022,Pf70d356b|Pf5319366|P87a4d934|P7329e4e8|P7b4520e9,P9d829791,1528163.0
Mfbf4df8e,Beowulf,1999,2,95,20000000,en,Action,Action|Science Fiction|Thriller|Adventure|Horror|Fantasy,6,US|FR,1,C28274001,9,11,False,K038c8dca|K3802909b|Kd3103f62,P67b39fba|Pa8331cd0|Pa059ef64|P29c5cc08|Pdbc334ba,Pa6fa161f,1531251.0
M406002c7,Dil Se..,1998,3,165,5200000,hi,Drama,Drama|Romance,2,IN,2,Ce4948691|C0b3b9a85,21,18,False,Kf10ad044|Ka5ec14be|Kb3ea3038|K96bcf62d|Keec6e143|K3c6f9488|Kf12beb2a|K3433d5d8,Pa6041114|P251fb2e6|P5dfe45a1|Pf098e468|Pa6c71b60,P4347ab6e,13000000.0
Mbb8ddcfe,Kuch Kuch Hota Hai,1998,4,185,1530000,hi,Drama,Drama|Romance,2,IN,0,,13,6,False,Kdd4cdb43|K827e4f38|K9dfcf494|Kefbe1b23|Kc8906f3c|Kd22f2233|K2345912b|Keec6e143,Pa6041114|P461da7c3|P3342e2ae|P13fc16aa|P04e39231,P983f6592,15306000.0
M047d2b62,2046,2004,2,130,12000000,zh,Fantasy,Fantasy|Drama|Science Fiction|Romance,4,DE|HK|CN|FR|IT,4,C6b57574d|Cbc05f0f8|C3b895831,12,12,True,Kaad95068|K32d43916|K767bec4d|K96bcf62d|K6d7db2b4|K267cc427|Kdd4cdb43|K1451c5af,Pb3242959|P552b9995|P24cfca2a|Pc423fa3e|P547f9bbe,Pd0e5d22f,19271312.0
M91057da1,The Accidental Spy,2001,1,85,25697387,cn,Action,Action|Comedy|Thriller,3,HK,0,,12,8,False,Kc5b65b8c|K1308518c|K1f246b21|K8be79513|K6d7b9f81|K273cecd6,P789f5166|P88b5382e|Pd2430f7c|P249b8c01|P5ea8c625,P7009714e,3849941.0
M0cd24bfd,Sympathy for Mr. Vengeance,2002,1,120,4000000,ko,Action,Action|Drama|Thriller,3,KR,2,C09730d5b|C2bffe2ac,8,14,True,K55f7d91a|K9a16fa02|Ka6be497f,P636078df|P0433982d|Peb738869|P62b3f918|P17997464,P899f2d41,1954937.0
M7a632d5d,A Sound of Thunder,2005,2,110,80000000,en,Thriller,Thriller|Science Fiction|Adventure|Action,4,CZ|DE|GB|US,16,C015707fe|C13852a47|Cab3f0fa0,20,31,False,K9dfcf494|K804bfd5b|Ke578b0ae|K940149f8,Pe72e89af|Pbe77c728|P7eeac4fd|Pdeb3a5c1|Pd6f7c718,Pc2c37f32,5989640.0
M9f46f292,Lemony Snicket's A Series of Unfortunate Events,2004,4,110,140000000,en,Adventure,Adventure|Comedy|Family,3,DE|US,6,C6146f42e|Cda813610|C507cfe58,21,116,False,Kec8db847|K808b4a33|K4b112d80|K340b0ce0,P3831e867|P5601b6b3|P7ad6a156|Pf12557c1|P18b56162,P9b9f585b,209073645.0
Mbe3979dd,In My Country,2004,2,105,12000000,en,Romance,Romance|Drama,2,GB|IE|ZA,2,Ce5b24224|Cf70a3dfa,8,7,False,K00b0e1a7|K7932db46|Kb02aa6bc,P5eab90f9|P2b0de4d7|P72092b5c|P07e0fc17|P3b5101ad,P8df99013,163536.0
M89d25371,The Twilight Samurai,2002,4,130,5000000,ja,Action,Action|Drama|Romance,3,JP,1,C163bde6a,15,16,True,K8f34cc69|K37f20444|K658fee08|K137adf5c|K13818823,P00f58b13|Pccb03041|P49110c9c|Pd1a1ea54|Pf1aebf5f,P19f0b707,7338987.0
M02833d5c,Foolproof,2003,4,95,8256269,en,Action,Action,1,CA,8,C35283342|C87ec3be3|C2ba18b56,15,14,False,K01c1572d|K50f0ee0b|K25419d9e,P6b87f42a|Pdac314e5|P3e4dd5e8|Pdff2ab15|Pbdb0307a,P9d50a8a8,460978.0
M0cf795d3,Oldboy,2003,1,120,3000000,ko,Drama,Drama|Thriller|Mystery|Action,4,KR,2,C19ae8ee8|Cad05bbbe,13,16,True,K31019a37|K4e4be85c|K41a6b5e3|K137adf5c|K85f54509|K4a55f24b|K9a16fa02|K0a8098b2,P19e69d72|Paa32b68a|Pa456c2df|P3279e10a|P6510b037,P899f2d41,14980005.0
Mdf9ece8d,The Jacket,2005,1,105,29000000,en,Drama,Drama|Mystery|Thriller|Fantasy,4,DE|US,7,C2f946fee|C52c2683a|Cda2367f5,22,20,False,K67e926d8|K6fb501d0|K99fe2dfb|Kabe04825|Kd0f4a611|K804bfd5b|K65cf7a95|Keec6e143,Pd2914092|P73f53fc6|Pbe8d5d9c|P35d8608c|P7d97d382,P1713346b,21126225.0
M90f829d4,The Sea Inside,2004,3,125,12806000,es,Drama,Drama,1,ES|FR|IT,11,C2418e9a7|C943f5c26|C49de5b70,22,72,False,K2b5d957d|K75bc58af|K3b1850d0|K1ca3731a|Kc9b037e6|K9dfcf494|K4385ab38|K1535841e,P9f0e9d1d|Pf445d424|P7e088468|Pa64f4019|P0bc7196b,P7380b23b,38535221.0
M24debbb1,Spanglish,2004,4,130,80000000,en,Comedy,Comedy,1,US,2,Ca07ba3db|C52e61c78,14,109,False,K615ad2f5|Kede84157|K60561435|K01084bd3|Kb1b2d050|K12749c65|K030e4f30|K99b7ca9b,Pc82d1114|P5d357b0a|P0b03fde2|P5a51d88d|P500b0b2a,P8cd55574,55041367.0
Me4dbf645,The Interpreter,2005,2,130,80000000,en,Crime,Crime|Thriller,2,FR|DE|GB|US,6,Cd7a83b16|C668b01c5|Cb99e3e4b,21,107,False,K33e09618|K9388831d|Ke2c03db7|K5ebe9f65|Kb722db6a|Ke7fd3ddd|K9a16fa02|K35fbf0b0,P8bb333ae|Pd76d11b5|Pe94da565|P5241e55f|P9ae6b905,Pe1f0e7d0,162944923.0
M48b493f1,Open Water,2004,3,80,130000,en,Drama,Drama|Thriller,2,US,1,Cb76d00e2,6,25,True,K32c7600d|Kae818b36|Ke30f40a7|Ka7d35b39|Kbd9ba3e2|K70e493ba|K2238060d|K9a5ab2bc,P360bb4b2|Pbddd4086|Pd1f352fa|P88df40e4|P9bca7eb5,P7a597e4e,54667954.0
Mfd9d5dee,Layer Cake,2004,3,105,6500000,en,Drama,Drama|Thriller|Crime,3,GB,2,C825a8443|Cc58a41f5,19,18,False,K9136e8a9|Kf423db81|Kc9d5bef6|Ked4bdeed|Ke7dde3b3|K658fee08|K7c953bca|K97e678c5,P3d5ce154|P91f4f0f4|P5ddcd0cb|P4272a41d|P3282819d,P82925cc9,11850214.0
M9c6e4590,Flight of the Phoenix,2004,4,115,45000000,en,Action,Action|Adventure|Drama|Thriller,4,US,4,C6cbfdb5c|C98c258fd|C9be57766,16,120,False,Kc5b65b8c|Kee9373a7|K8efc26a4|Ke85f007d|K996ed124|Kd1d813b8|K3b3b69c7,P967c7ac4|P4af9778b|P0d4dd445|P7392e714|Peb18e715,Pd01865f1,21009180.0
Mbb2b7590,Mean Creek,2004,1,90,500000,en,Crime,Crime|Drama,2,US,1,C4875fe76,7,13,False,Kc8aa65cd|K30ba46ef|K526c2540|K17651dd4|K11e84da5|K1f18ba1d|K09d6b411|K35845391,Pdd0d73b0|P718d4bef|P31b12a54|P7831e46a|P9775f230,Pfecd9222,603943.0
M1f7fb9d8,The Visual Bible: The Gospel of John,2003,3,125,10000000,en,Drama,Drama|History,2,CA|GB,3,C1b2584c0|Cb3fecd51|Cbedbc8f5,18,16,False,Kef93f011|Kee6520fd|K9e7cf571|K7db97ba9|K5ceaca2a|K3091e024|Kcbe7e58b,Pa54c1475|Pd8722366|Pad6f77fe|P67581648|Pf219d5e0,P7eb9ff70,4069090.0
M4738729d,Bummer,2003,3,110,700000,ru,Action,Action|Crime,2,RU,2,C7ff28b2a|C869c8c0b,10,3,True,,P8323d503|P1dffe8b8|Pe5eeb2a5|Pcb1d2e7d|Pd8df86d5,Pe27cddad,1600000.0
Mb07bec75,She Hate Me,2004,3,140,8000000,en,Comedy,Comedy|Drama,2,US,1,C1b1533bd,11,1,False,Kd3103f62,Pb8e19397|P96737513|Pde213099|P6ea9ba14|Pf74cceaa,P1e91a320,365134.0
M2816ae52,Born into Brothels,2004,4,85,350000,en,Documentary,Documentary,1,US,5,C7bbc6b32|C5df6cfaa|C81caa88a,5,2,False,K1199c976|K099b8773|K2d4eafca|Ked8a216e|K9be00c66|Kcbf64eb9,Pd949dd23|P7378bd48|P1e36c3d3|P8d978bf0|Pd2b503c3,Pd949dd23,3515061.0
M830cd8e8,Riding Giants,2004,3,105,2600000,en,Documentary,Documentary,1,FR|US,0,,14,8,False,K709db681|Kc2b5e04a|Kaa9e3589|Kfbde6d20|K4ab52561|Kb83ee9ca|K82704fa2|Kfcc5746f,P956cda47|P3f4f749f|P15857658|P2492fb28|Pfe026a2b,Pb232cf67,3166000.0
M8cb799f8,A Scanner Darkly,2006,2,100,8700000,en,Animation,Animation|Science Fiction|Thriller,3,US,4,Cc5f8d972|C37794aa2|Cf9a0d8fc,16,26,False,Kc2b5e04a|Kb1aa9b34|K1451c5af|Kf8baada2|Kb7b43807|Kfd0f8efa|K0df20252|K235084a5,Pee0e1556|P11a199f3|P96737513|P9aaea10b|Paac2736a,P6f0ffd49,7659918.0
M9cf9be5e,Casshern,2004,2,140,6000000,ja,Drama,Drama|Horror|Science Fiction,3,JP,0,,8,11,False,K935ce48d|Ka6194240|K89099cca|K8e2e1632|K7f284f24|K46d7d764,P84fe1b9b|P62fd0885|P735b234e|P8c2e000d|Pb7299109,Pe5d10d96,1530216.0
M24c4b9cf,Hotel Rwanda,2004,3,120,17500000,en,Drama,Drama|History|War,3,CA|GB|US|IT|ZA,8,Cb61eea90|C7e86926f|Cb511e98b,28,41,False,Kc4d811af|K16c52a8a|K9676e035|K4d32bc03|K35fbf0b0|K0a168e68|K86c86c74|K86bfbee7,P57744027|Pd8ccd5f8|Pe28239f5|P4ac62ecd|Pdfff36db,P61342bbb,38000000.0
Mc881ba09,The Life Aquatic with Steve Zissou,2004,4,120,50000000,en,Adventure,Adventure|Comedy|Drama,3,US,2,C0532621e|C0acc1377,16,21,False,K709db681|K4e49a65a|K0167559b|K17904a07|K2c74c1a2|Kc8e08999,Pfe130811|P8c0c45c1|P7ee731d8|P9a2edffb|P66e0e26d,Pf67b3ebf,34808403.0
M4018cd00,The Aviator,2004,4,170,116000000,en,Drama,Drama,1,US,8,Cf8f92f7f|C40e6fa99|C4afff6ec,65,149,False,K1ca3731a|K424ad1c8|K4385ab38|Kdf026a39|K8d8dfc20|K772f6cb4|Kf2739c0f|K78c5bcc2,P2cb99efe|P7ee731d8|P1210b4c7|Pff2ae6f1|Pa350e788,Pc1b16bc3,102000000.0
M6dda555a,The Phantom of the Opera,2004,4,145,70000000,en,Music,Music|Thriller|Drama|Romance,4,GB|US,4,C95411a89|C3e7bdc8f|Cbc6302ea,9,22,False,K075bd6d3|K443b5d4d|K6c76de47|Kc9b037e6|K4883d0a8|Kca1740ee|K965d2159|K71bf1fc9,P979428ee|Pe4345fb3|Pf3405eca|P086ca141|Pbf89d8eb,P59045db6,154648887.0
Mc639b7a6,White Noise,2005,1,100,10000000,en,Drama,Drama|Horror|Thriller,3,CA|GB|US,9,Cd7a83b16|Ce53d0721|Ccb902284,20,84,True,Kc9b037e6|K5182e889|Kfcdb4df8|K81afcd34|K5ebde1b5|K95c5f181|Kfc7f4dbb|Ka2b32db2,Pf10575be|P1a82a16b|Pf9ed26ed|P9dfa2ebf|P2b836cfa,P9f864fd4,91196419.0
M2f6322cc,Wizards,1977,1,80,1200000,en,Animation,Animation|Fantasy|Science Fiction,3,US,2,C6cbfdb5c|Ca777eac9,4,8,False,K82d85bd6|K52525103|K9a97b678|Ka6194240|K230a811e|K79547cd1|K75a8b02f|Kc2644603,P020300a1|P0eb845d4|Pc3027f06|P74ace1fe,P11f9b9b7,9000000.0
M084d2312,Appleseed,2004,2,100,10000000,ja,Animation,Animation|Action|Science Fiction,3,JP,8,Ca27cade7|C591bed2d|C148e57b2,12,18,True,K935ce48d|Kf93b4bf6|K4d2febdc|Kf60e6e9a|K89099cca|K8e2e1632|K06d33c15|Kec718de0,P6589d20c|P3b034113|Pa3254c22|P5c1fe4b4|Pc2d64f29,P0ed4c3e2,1461989.0
M21072d1f,Elektra,2005,1,95,43000000,en,Action,Action|Fantasy,2,CA|US,8,C6cbfdb5c|Cc2c73c36|C015707fe,20,111,False,K1308518c|K923101f0|K7b02d059|K394322cb,P56976266|P164e8d08|P565f131f|P0e1d6048|Pf38d8cc1,P5953ff6a,56681566.0
Me248fc42,Racing Stripes,2005,1,100,30000000,en,Comedy,Comedy,1,US|ZA,1,C5ce2cd37,26,8,False,K9bf3a014|Kd081507d|K33920a50|Kd3d56b8a|Kcb3f1f84,Pa4af9f55|P2ee78517|P6db0bf00|P630c09d9|Pda010953,P36c23b95,93772522.0
M793a7b7d,Coach Carter,2005,1,135,30000000,en,Drama,Drama,1,DE|US,3,C6146f42e|C0498af6f|Ceb7a7765,10,18,False,Kfe6fb0dc|K6ecc9285|Kdc87c7d5|K25a3086d|Kb4ad3352|K24762420|K666b8780|K13818823,P5eab90f9|P2490c5fe|Pe667dee1|Pefb3efc3|P4390516d,Pef6fceaf,76669806.0
M67844e12,Beastmaster 2: Through the Portal of Time,1991,2,105,6000000,en,Action,Action|Adventure|Fantasy|Science Fiction,4,US,2,Cd5e85187|C82732a1b,23,19,True,K1451c5af|K804bfd5b|K19a14feb|Kbbae46ec|K906046b8|K6193ed3c|K8d539641|K1b22a4d1,P297d35b2|P564d9f5e|P07e1f3b5|P3fb96836|Pe71011d0,Paf048b4d,869325.0
M12ef43bb,Downfall,2004,3,155,18339750,de,Drama,Drama|History|War,3,AT|DE|IT,7,C8cbcb475|C89c90a9a|C8279bee4,62,59,False,K0fc9b725|K139a4140|K9388831d|K88c07182|Ka8d6407b|K230a811e|K3de100c1|Kc845254e,P9b51fc69|Pca261932|Pb46f6f93|Pe0ace06a|P40f7dbb2,Pa4f03da5,92180910.0
Ma58e8e1c,Assault on Precinct 13,2005,1,110,30000000,en,Thriller,Thriller,1,US|FR,4,C26794216|Cb298c307|Ceab5d8f8,24,104,False,Kcca842bb|Kc2b726dd|K9925aaa6|K48867b76|K412badbe|K84e1acd0|K9dfcf494|K28b55ffe,P598f6582|P05d35fbc|Pbb2d8b2b|Pa90449bf|P98f44cbc,Pe704a8ed,35294470.0
Mec7bede8,Are We There Yet?,2005,1,95,32000000,en,Adventure,Adventure|Comedy|Family|Romance,4,US,3,Cf4478484|C98fdcebd|C8ec8ea90,13,14,True,K9b138983|Kab1ae209|K110f3ad2|K6c33796a|Kaf7068f0|K8a6a2c59,Pabc55b2b|P62aa2743|P5556b57f|P6ce174d0|Pdc9a8b53,Pe47f6a92,97918663.0
M269dae1e,Alone in the Dark,2005,1,95,20000000,en,Action,Action|Fantasy|Horror|Thriller,4,CA|DE|US,5,C2c5a6d27|Ce53d0721|C769efb26,29,13,True,Kb1aa9b34|K038c8dca|Ka2fe4ac7|K566c4248|K7b6f0775|Kd52903b2|K5417f32f|Kd9e983e4,Pd9f4bddb|Pa8bc1c7f|Pb9fdccdb|P1175912f|P78f38c23,P57279a17,10442808.0
M3e2a566c,Hide and Seek,2005,1,100,25000000,en,Horror,Horror|Mystery|Thriller,3,US,4,C6cbfdb5c|C7f89a29f|Cb3ed0225,10,34,False,Kb855ec86|K52043cb9|Kca0f1cb3|Kc7e10b07,Pd9604827|Pda09c683|P0303ea88|P4f05630f|P7697666b,P829c8c43,122644820.0
M7dd18848,Boogeyman,2005,1,90,20000000,en,Thriller,Thriller|Horror|Drama|Mystery,4,US,4,Cd037f327|C195dba0b|Ceba6d050,17,47,True,Ke30f40a7|Kabe04825|Ka235aaf3|K01286038|K3c8f2b36|K6ff67afa,Pe0d18378|P4d198e81|P58c5bc6e|P1124fc4a|Pfd1b4749,P4c982f57,67192859.0
M75bf9dc0,The Wedding Date,2005,1,90,15000000,en,Comedy,Comedy|Romance,2,US,3,C8818c4ba|C693eafb7|C7a3ba66a,10,12,False,K1451c5af|K69e3eed6|K6c87d899|K77e55248|K960f1e8f|Kcbf64eb9,Pcc51d817|P1dff6e01|P2b24b1d6|P7ea01475|P4b8d8afa,Pf553081f,47175038.0
Mdcf78830,Double Dragon,1994,4,90,3500000,en,Action,Action|Adventure|Comedy|Science Fiction,4,US,1,Cee849d15,14,19,False,Ka6194240|Kaf306dc5|K8e2e1632|Kf3a1b70d|Kbd2d1ba7|K50f13167|Keb5e7681|Kb4e75fa3,P81c51e0c|P6f13cb2d|Pa1f4d24b|P484d9acf|P125752d1,P82bee512,2341309.0
Md7ebfad3,Hitch,2005,1,120,70000000,en,Comedy,Comedy|Drama|Romance,3,US,2,C52e61c78|Cfb761d03,17,8,False,K674509c9|K4786f4fd|K8b7fdd4c,Pf5e36785|P750e20b3|Pa32924dd|P85597fcc|P486cddcc,P4d83d7bd,368100420.0
Mbbb9f5df,Because of Winn-Dixie,2005,1,105,14000000,en,Comedy,Comedy|Drama|Family,3,US,1,C6cbfdb5c,15,3,False,,P63cebd80|Pb6a433d3|P2abce8e0|P8ce54e41|P205e0d35,P72bf73a1,32645546.0
Mbcd211b6,Night Watch,2004,2,115,4200000,ru,Fantasy,Fantasy|Action|Thriller,3,RU,4,C0f5c8c4c|Ccff8cb03|C3c3eee4f,18,12,True,K55cfa8fb|K253334af|K7a3e26a4|K877e62a3|Ka3620687|Ke3d2eeb9|K6e66e380|K68ad2759,P570c5b5b|Pac3c21a8|P6a78b3cf|P65c1c845|P103c97f2,P97a9e6f2,32000000.0
M1e4a5b6e,Kung Fu Hustle,2004,1,100,20000000,cn,Action,Action|Comedy|Crime|Fantasy,4,CN|HK,1,Cf4478484,17,19,False,K6d7db2b4|K79547cd1|Ke864e2ff|K2725a786|K25177432|Kb7614dc2|Kfa292724,P5785f47c|P7d29ed67|P63b2732f|Pe02eb21d|P395f881a,P5785f47c,100914445.0
Mf2052ca5,The Pacifier,2005,1,95,56000000,en,Action,Action|Comedy|Drama|Family|Thriller,5,CA|US,2,C72b723b8|C475937d3,76,14,False,Kb3672e1a|K6c33796a|K9b364f4e|Kdbe6d9ae|K9a7a2db0|K7cbb8bb5|Kb4c250c6|K7feeec3a,Pb2d28ee6|P13c6bc31|P7578fa2f|P52bc2e98|P731f2e79,P71a85149,113006880.0
M6703c301,Be Cool,2005,1,120,53000000,en,Comedy,Comedy|Crime,2,US,4,C9b55c3fb|Ca1800b09|C26a5ef24,59,18,True,K281686dd|K56c900d4|K63686dc5|K4b468224|K88e067de|Kc1eb0e48|K6c8b4261|K2f24a55a,Pe91449f5|P8a49c60a|Pe5898b7e|Pc7895e74|P57c08733,P04bcabef,95226116.0
Mbbfd9a24,Hostage,2005,1,115,52000000,en,Mystery,Mystery|Drama|Thriller|Crime,4,DE|US,7,Cf8f92f7f|Cf1e5dfa2|C0e72e0ff,14,95,False,K4869d83d|K9136e8a9|K1c0e5389|Ke64ecf1a|K4d49c25a|Kfb23c1e9,Pbc324a94|P81a0406b|P909fe0db|Pdf95e4f3|P2e4d1f59,Pdab8cb9b,77944725.0
M425f15ff,Robots,2005,1,90,75000000,en,Animation,Animation|Comedy|Family|Science Fiction,4,US,2,C2a29849a|C7940c1ce,20,58,False,K5214af59|K7a3df123|K4ce171fe|K82b59892,P8b29037b|P5d50695a|P1de24948|P51c6f6c0|P9388dc15,P01fc44b7,260696994.0
Ma90ba4a8,Bopha!,1993,3,120,12000000,en,Drama,Drama,1,US,0,,6,4,False,,P6f155c36|P6ffb425f|Pb348fa32|Pc8e20fbe|Pfdeeb92a,P9c10a86e,212483.0
Mac6a6255,Once Upon a Forest,1993,2,70,13000000,en,Animation,Animation|Family|Adventure,3,GB|US,2,C6cbfdb5c|C2a1fb829,15,4,False,K5011ba81|K242d9985,P61d36a50|P2314f9f9|P702ee322|P98ecc2c9|Pc3170f78,Pbff0d74b,6582052.0
Mf2a22ad4,Guess Who,2005,1,105,35000000,en,Comedy,Comedy|Romance,2,US,4,Cf4478484|Cc2c73c36|C1916527a,7,30,False,Kfe6fb0dc|K70733318|K251c3d93|K8a6a2c59|K186898e2,P19165e19|Pdbe8182c|P3430b4ec|P08180b5d|P034cae62,Pec809993,68915888.0
Mff9a69ba,Woman Thou Art Loosed,2004,3,95,3000000,en,Drama,Drama,1,US,0,,5,2,False,Kd3103f62,Pcd6b9a13|Pf4705028|P358c2326|Pbf487484|P43faccd7,P31084203,6804016.0
Mb206b117,The Ballad of Jack and Rose,2005,1,110,1500000,en,Drama,Drama,1,US,4,Cac5e9db1|Cafe2d19e|Cbed940b5,9,2,False,Ka7984eec|Kfe9d1d31|K505fb7a1|Kbef18965|Kd3103f62|K76317265|K79791d1d|K2ad7d4de,P38ff2ca0|P349670c2|Pe94da565|P8e9528bb|P6d085933,P1cf41d35,712294.0
M8613879d,Sin City,2005,2,125,40000000,en,Action,Action|Thriller|Crime,3,US,3,C07f90652|Cc3a27bd2|Cb48e5b8f,52,99,True,K7f284f24|K923101f0|Kbea1af0e|Ke93ce105|K50a772a3|Kcf9352c3|Kadfda599|K4c273bdc,P32d7cd09|P0971a806|P0707f4cd|Pefe166d2|Pc810bfde,Pf41db032,158733820.0
M89513e7a,Beauty Shop,2005,2,105,25000000,en,Comedy,Comedy|Romance,2,US,1,C1e53a163,14,6,False,,Pc2dfb497|Pd072720a|P23ac6758|Pb348fa32|Pc6e94d6b,P7a642e55,36351350.0
M85c405e1,Sahara,2005,2,125,130000000,en,Action,Action|Adventure|Comedy|Drama|Mystery,5,DE|ES|GB|US,10,C6146f42e|C26de3b0b|Cab3f0fa0,16,107,False,Ke95f4139|K217aed48,P9d278739|Pfac84536|P2a4182bf|Pe66d9e38|P252a66bf,Pecfcb851,119269486.0
M24bc94b0,The Hitchhiker's Guide to the Galaxy,2005,1,110,50000000,en,Adventure,Adventure|Comedy|Family|Science Fiction,4,US,4,C475937d3|C4ec37ab1|Ce005d915,20,27,False,K09a778ea|K267cc427|K1451c5af|K00ee119f|Ka96b9d40|Ke621000d|K4d0bc3a5|K0a66eca0,P247d05d5|P5616da73|P14f62872|P86dccb1d|Pefca9620,P754750d9,104478416.0
Ma3d00761,The Amityville Horror,2005,2,90,19000000,en,Horror,Horror|Thriller|Drama,3,US,4,C46f771f9|C07f90652|C1e53a163,18,26,True,Kb1e22d10|Kfda3dda1|K71bf1fc9|Kdbe3dd8e|Kd9e983e4|K3c6f9488|K4a154f61|K98618f96,P6b87f42a|P13f340d8|P1b9ab8cd|Pf4fb8900|P909fe0db,P993641fe,108047131.0
M4d981a2e,The Frisco Kid,1979,3,115,9200000,en,Western,Western|Comedy,2,US,1,C3e7bdc8f,9,18,False,,Pd34be705|Pfa43d9be|Pe4f1d01a|P6ca984f0|Pfb49f9da,P098714b5,9346177.0
M93c429ef,xXx: State of the Union,2005,2,100,60000000,en,Action,Action|Adventure|Crime|Drama|Mystery|Thriller,6,US,3,C7f4b55db|C52e61c78|C98fdcebd,15,111,True,K9bd9c4c0|K7e1398ba|K2b746c3e|K9a948f66|K2f314b77|K72e3b6fe|K303e0fc0|Ka2dbcd1a,Pabc55b2b|P5eab90f9|P9a2edffb|P4c3a688a|P42cf3bd9,Pa93f1f6b,71073932.0
Mb9db1b69,Kingdom of Heaven,2005,2,145,130000000,en,Drama,Drama|Action|Adventure|History|War,5,DE|MA|ES|GB|US,10,C295bb1fa|C6cbfdb5c|Cd5a1e1a6,20,114,False,Kc4097faf|K9f47b446|Kbdce27e1|K04f44da4|K539181bc|K08880d83|K06d521b4|K22f036e7,P8e74e958|P25926a42|P3af08c02|P23297f44|P72092b5c,P54540f1f,211643158.0
M4993ec5d,House of Wax,2005,2,115,40000000,en,Horror,Horror,1,US,3,C1246c604|C32d6fdc3|C3e7bdc8f,15,96,False,K63327ad9|Kc36fabd2|K71bf1fc9|K35fbf0b0|Kca0f1cb3|Kb6a0edc6|K8e4844b2|Kbeffda7e,P2ddc34ad|Pb7fad4f1|Pc56f51b4|Pefa77b72|P4c9485c7,Pa2798d77,68766121.0
M78104c66,Unleashed,2005,1,105,45000000,en,Action,Action|Crime,2,FR|GB|US,7,C2418e9a7|Cb0e2042e|C3b117d3c,23,27,False,K1308518c|Ke7dde3b3|Ka2122fa4,P9e0754f2|P9c10a86e|P09ae177a|P33c039df|Pbf83ed97,P5192e8c8,50871113.0
M4ef06ad8,Star Wars: Episode III - Revenge of the Sith,2005,2,140,113000000,en,Science Fiction,Science Fiction|Adventure|Action,3,US,1,C3ea53bb0,60,15,True,K2e209934|Kc4ad91bf|K838ef4ab|Ka4ec5114|K1d865b2c|K3d2cbc52|K0ac56216|K4d7becfd,P5d50695a|P158ca9d1|P598805c2|P5a0c79fb|P5eab90f9,Pa643abc7,850000000.0
Meef37eb5,Kicking & Screaming,2005,2,95,45000000,en,Romance,Romance|Comedy|Family,3,US,1,Cd7a83b16,20,27,False,Kcf7d212b|K08ffd8f5|Kdc87c7d5|K6d42fa59|Ka9b9e465,Pc488f7aa|P617d4377|P8e8c25c5|P00413e71|P6d77cc56,P6f86775f,56070433.0
M8915e9f6,Monster-in-Law,2005,2,100,43000000,en,Romance,Romance|Comedy,2,US|DE,4,C6988cd6a|Cb99639e7|Cd8e4f059,18,15,False,Kfd51d2bf|K00a3957c|K289fa5b7|K01f8fc04,P91999fa3|Pc1b22bed|Peda25f2c|P7846829d|Pcdb2bdab,P57a1ed5d,154749918.0
M084351f6,9 Songs,2004,3,65,1000000,en,Drama,Drama|Music|Romance,3,GB,1,C9ff7414f,12,9,False,Kef728c09|Ka7984eec|K511491fa|K656bf8b0|Kf00fbeba|K413cf7fa|K051a5075|K87469bb8,Pe1d082db|P4012a236|Pa825260b|P37e3d4f6|P8545ca27,Pc9c7ba08,1574623.0
M4c5ffc19,Madagascar,2005,2,85,75000000,en,Family,Family|Animation,2,US,3,Cfa01eb95|C4562a606|C586f6404,21,55,True,K022cbeaa|Kaa2a11e0|Kd9ae3e68|K18ddcb45|Kcb3f1f84,Pd29fc0d4|P560244ba|P556f28bb|P94cdbb6d|P0e1d2f4c,P0ac84fa8,532680671.0
M9ef0f10c,Airborne,1993,3,90,2600000,en,Action,Action|Adventure|Comedy,3,US,0,,13,14,False,Kdc87c7d5|Kb413456d,P97ad4b1a|P41a49491|P330039e2|Pb2bec427|P33068004,P5953ff6a,2850263.0
Md959fabc,Dominion: Prequel to the Exorcist,2005,2,115,30000000,en,Horror,Horror|Thriller,2,US,1,C8679e149,27,14,True,Ke2c03db7|K719e729e|K75a8b02f|K648bad42|Kd0483d39|K71bf1fc9|K313b854e|Kad5ee00f,P10291a37|Pc222c7fc|P6ff588c7|Pd9f1adad|P90d72315,P960227bb,251495.0
M589d0e3f,Most Wanted,1997,4,100,25000000,en,Action,Action|Thriller,2,US,2,C6988cd6a|C2e7b1c63,15,2,False,,P7770f184|Pb3cd0383|Pd2492a86|Pf21e9350|P8f491e39,Pd19af437,11838218.0
M47ef8b3a,Cinderella Man,2005,2,145,88000000,en,Romance,Romance|Drama|History,3,US,5,Cf8f92f7f|Cd927b580|Cd7a83b16,68,45,False,K8e05e851|Kf67016a6|K8b1f8264|K06c0ea2a|K8363a7bc|K53c130d2|K3141628f|K6aad9d9d,Pf4bdfa1a|P79cd1763|P8d7bcd0f|Pef108221|P5564cba8,Pc68f979a,108539911.0
M71d787fa,The Sisterhood of the Traveling Pants,2005,2,120,25000000,en,Drama,Drama|Comedy,2,US,3,C9ecbdc9b|C5ce2cd37|Ca241c88a,34,15,True,Kedb0ba53|Ka5e5d456|K3ef09af3|K6878063f|K9d4a30d0|K37228ca6|K779b67dc,P427249f9|P023d8650|P0369fc49|P4fc0ff75|Pf1c465b2,Pbe4affaf,39053061.0
Mba36e1ca,Mr. & Mrs. Smith,2005,2,120,110000000,en,Action,Action|Comedy|Drama|Thriller,4,US,5,Cce89c773|Cceb4e3c9|Cc2c73c36,15,19,False,Kf10ad044|K52525103|K3d2b49b8|K526c2540|K0b2122b4|K01c1572d|K41adc54e|Ke7dde3b3,P9e58b7cf|Pc5fe07a1|Pe5898b7e|P1651784d|P6ea9ba14,P10130871,478207520.0
M58fcee9f,The Adventures of Sharkboy and Lavagirl,2005,2,90,50000000,en,Adventure,Adventure|Family|Science Fiction,3,US,1,Cc3a27bd2,8,64,False,K52043cb9|Kd3adac36,Pa28c68b2|P62dcf640|P4f68428d|P17d4ec0b|P1bc4153e,Pf41db032,69425966.0
Mfe552125,It's All Gone Pete Tong,2004,3,90,2000000,en,Drama,Drama|Comedy|Music,3,CA|GB,0,,11,10,False,K7fa4f963|K6a356631|Kfd0f8efa|K6aad9d9d|K4b468224|K89b75a49|K5361db6d|K595f8623,P1eaa956e|Pe7fa3b0c|Pb110e8c3|P49812ace|P33617e03,P1d828ed8,120620.0
M785ecbaf,Batman Begins,2005,2,140,150000000,en,Action,Action|Crime|Drama,3,GB|US,6,C9e2f18ea|Ceddfe7b0|C3e7bdc8f,113,137,True,K1bee81c6|K1308518c|K38b4fde2|Ke3894268|K3d2b49b8|Kb7b43807|Kcc343814|K4eaa0722,P1716f909|P123185a4|P1b4a1135|Pc0a9cc4f|P89aa61f8,P271d3962,374218673.0
M510d159d,Herbie Fully Loaded,2005,2,100,50000000,en,Comedy,Comedy|Family|Adventure|Fantasy|Romance,5,US,2,C72b723b8|Caef19b2e,16,109,True,Kb6334c56|K7650b57e|K7b0dfbd5|K31711d33|Kcbf64eb9,P1f2640df|Pf10575be|P27ff617e|Pd8f5904f|P3d8c4551,P71cfe048,66002004.0
Me560b16a,Land of the Dead,2005,2,95,15000000,en,Horror,Horror,1,CA|FR|US,4,Cd7a83b16|C57611a80|C90e273fc,32,77,True,K3d848539|K7f284f24|K2b5cdafa|K8dfac82b|Ka0214839,P99461679|Pcd89be8e|P0fbbf0cd|Pb2ef5468|Pcfa8d1d5,Pb8c916b2,46770602.0
Mb274b3af,An Unmarried Woman,1978,2,125,2515000,en,Drama,Drama|Romance|Comedy,3,US,1,C6cbfdb5c,17,7,False,,Pde24868e|P271d457f|Pc4a12caa|Pc894d3ec|Pb8b5c1b9,P1533660c,24000000.0
M2305d6c5,War of the Worlds,2005,2,115,132000000,en,Adventure,Adventure|Thriller|Science Fiction,3,US,4,C6146f42e|Cfa01eb95|C45816831,29,164,False,Kfaea2c22|Kd67871a7|K877e62a3|K7f284f24|K137adf5c|Kc79d101b|Kbbcbbe27|K2065ff44,P13cbd053|Pda09c683|P7392e714|Pecf07f16|Pb494fa6f,Pcf894350,591739379.0
M88326891,Rebound,2005,3,105,45000000,en,Comedy,Comedy|Family,2,US,3,C6cbfdb5c|Caef19b2e|C28063557,17,10,False,Kb6c1558f|K94571983|Kb858ed20|Kdc87c7d5|K24762420|K57f246b9,P27021ad5|Pd5327776|Pd8f5904f|P55bd0956|Pa3b62736,Pb1e37bed,16809014.0
Ma2c033ac,Dark Water,2005,2,105,30000000,en,Drama,Drama|Horror|Thriller,3,US,4,C336c2b47|C0532621e|Cae80708a,12,17,False,K1451c5af|Kee9373a7|K71bf1fc9|K13818823|K33dc8956|K32aa4194|Kd653b7f5|K047650e4,P6a544fc5|Pff2ae6f1|P7ee1c6be|Pff49d7df|P3a9b8c1a,P3f8ddcb0,25473093.0
M6177c5dc,Fantastic Four,2005,2,105,100000000,en,Action,Action|Adventure|Fantasy|Science Fiction,4,DE|US,5,C6cbfdb5c|Cd05b6468|Ce9a4656c,19,135,True,K4a64b667|Ke6b45b39|Kee199654|K7c6da98e|Kc03731cf|K83f5b2e6|Kc1162113|Kf3f28ea8,P18e9d06f|P32d7cd09|P8164fa59|Pbefbca66|P91fda73f,P0f9f87a2,330579719.0
M85fb2908,Murderball,2005,3,90,300000,en,Documentary,Documentary,1,US,1,C45f6926b,5,3,False,K4f454631|Kc9b037e6|Kdc87c7d5|K2ca540da,P0bd4ce80|Pa895d7b4|P0d8c91d9|P110e2df1|P4da5722e,Pb124ff2c,1750211.0
M6f4f72da,Wedding Crashers,2005,3,120,40000000,en,Comedy,Comedy|Romance,2,US,3,C6988cd6a|C0dd933c9|C6497540c,21,34,False,K137a6391|K6c87d899|Kd0c9a59a|K20efb58b,P66e0e26d|Pe5898b7e|P3be49d96|Pca60e6c7|P0bae546f,Pc46269a8,285176741.0
Meb7d98ef,Russian Dolls,2005,2,130,13000000,fr,Comedy,Comedy|Drama|Romance,3,FR|GB,6,C668b01c5|C684ea4bd|C171ae275,27,5,True,K24eec40f|Kef728c09|K511491fa|K752a77a9|K891ad3b4|Ke7a5d80c|K7389edcb|K3a0c4080,Peb00d82e|Pc99207cc|P32a43c7b|P2efdd821|P0a65f663,P29d250fb,23727301.0
M0cf028d4,Hustle & Flow,2005,3,115,8000000,en,Drama,Drama,1,US,1,C0498af6f,15,29,False,Kbf8c37bb|K8ed256fc|K808b4a33|K277a5e7d|Kcf15988c|K43f280e8|K965d2159|Kf1931b19,P584f290b|P472302b0|P07127556|Pc94a193b|P839b8eb2,P4a438dca,23563727.0
Ma206ad90,Hardware,1990,3,95,1500000,en,Horror,Horror|Science Fiction|Thriller,3,GB|US,3,Cc5f2c563|C8ae426b6|Cfd0cf692,20,23,False,K1fc61028|Ka7984eec|K9f1d9feb|K60686471|K4f7fe086|K8e2e1632|K7f284f24|K35fbf0b0,P56441ff2|P5d8c5fae|P8ffc2cfc|P32602337|P681d00b2,Pe11214b2,5728953.0
M9ad28e51,The Island,2005,3,135,126000000,en,Action,Action|Thriller|Science Fiction|Adventure,4,US,3,Cfa01eb95|C3e7bdc8f|C333317d5,41,55,False,Kfce86ae4|K55f7d91a|K0b2e661a|K7f284f24|Kd76cca5b|K16a5fc70|K66331d63|K0038366d,P5d50695a|Pb214a37a|Pba7f0b0a|Pa0abef07|Pa887b05b,Pbac03e2c,162949164.0
M934a4b16,Bad News Bears,2005,3,115,30000000,en,Comedy,Comedy|Family,2,US,1,C6146f42e,12,4,False,K220573b1|Kdc87c7d5|K2b8a2d21,P08e0c086|Pd689e512|P0fe5fc33|Pa4d4e204|Pf934ebfb,P6f0ffd49,34252847.0
M1c7a70f8,Stealth,2005,3,120,135000000,en,Action,Action,1,US,5,C99dba64f|C7f4b55db|C52e61c78,23,106,False,K497a09fb|Kdab9be36|Kfcbf608c,P336346ff|Pe2235564|P20c8297f|Peee2378c|P9d5a7207,P64f7b4aa,76932943.0
M34741494,Serenity,2005,3,120,39000000,en,Science Fiction,Science Fiction|Action|Adventure|Thriller,4,US,2,Cd7a83b16|Ccba14897,44,19,False,K1308518c|Kc3529256|K7f284f24|K6b674f5c|Kc8232ad2|Kb27e6995|K5cfd6def|Ka2f91569,P77ce0d31|Pa49b8004|P4f424405|P9e2725c7|P81e8c3c4,P09ffba68,38869464.0
M90618b77,Broken Flowers,2005,2,105,10000000,en,Comedy,Comedy|Drama|Mystery|Romance,4,FR|US,3,C997115b5|Ccef37e26|Cf1910af1,19,14,False,Kf7ce9b88|Kd067d312|Ke7a5d80c|Kb7c26824|K277a5e7d|K6a0a165e|K6242b14c|K5b9329be,Pfe130811|Pe3fffc54|P1157c526|Pae3524a1|P2bab004c,Pdf30785f,45742101.0
M196214c3,The Heart is Deceitful Above All Things,2004,3,100,74050,en,Drama,Drama,1,US|GB|FR|JP,10,C8b326944|C155b9d00|Cafc86cad,17,13,False,K1199c976|K30ba46ef|K5c0670e8|K511491fa|Ke6b45b39|Kbba221aa|K60686471|K3e589bd0,Pcfa8d1d5|P909fe0db|P1180ab67|P11a199f3|P3a78ff8a,Pcfa8d1d5,176153.0
M0e9fc98f,Man-Thing,2005,2,95,7500000,en,Action,Action|Horror|Science Fiction,3,AU|US,3,Cb61eea90|Caa3dc840|Cf60e0133,15,54,False,K038c8dca|Kbb35c2e3|K12b44075,P992d82c8|Pca2aeafa|P8c6bcccc|P14034494|Pb10e85c1,Pfef1547a,143000.0
M3f32bed5,The Dukes of Hazzard,2005,3,105,50000000,en,Action,Action|Adventure|Comedy,3,US,4,C1246c604|C59f46e55|C3e7bdc8f,22,115,True,K27d5bfeb|Kd3d56b8a|K0caa4089|Kd1cf7d49|K4a36c0bc,P38b61b35|P7a5b3bd7|Pc9c9ff63|P9e42a69e|Pdd352fba,P0daa7ad0,110803676.0
Mf306e876,Deuce Bigalow: European Gigolo,2005,3,85,22000000,en,Comedy,Comedy,1,US,3,C52e61c78|C21fb6339|C87ffc222,10,75,True,K6a0c24ab|K49389e2a|K586700a1|K5ec58f64|K2f7092f1|K395dab45|Kf651867f|Kb2c580db,P368b385e|P515104d3|P1e4b773f|Pc9c4249e|P76031c53,P47c09fa4,22400154.0
M32ec9054,The Skeleton Key,2005,3,105,43000000,en,Drama,Drama|Horror|Mystery|Thriller,4,DE|US,6,Cd7a83b16|C7680632e|C9b55c3fb,20,99,False,K1d1c144f|K526c2540|Kf8baada2|K7a3e26a4|K9136e8a9|K649efc2b|K10f8d267|K59820160,P0d5aa382|P626388c0|Pc3ac31e9|P9a074087|Pc119c673,P292ea6d7,91974818.0
Mb3f9bb2c,Four Brothers,2005,3,110,45000000,en,Action,Action|Crime,2,US,2,C6146f42e|Cac465b03,21,57,False,K2b5d957d|Kc5b65b8c|Kf3a365f3|K8fd0d9bb|K9a16fa02|K35fbf0b0|K3c6f9488|K549c4579,P40d10530|P4af9778b|P57c08733|P730529f8|P584f290b,P96e224e3,92374674.0
M7a74a030,The 40 Year Old Virgin,2005,3,115,26000000,en,Comedy,Comedy|Romance,2,US,2,Cd7a83b16|Cecb58e4c,67,7,False,K532640e1|K47934026,P4be68e2c|Pe94da565|Pb33386a7|P1a451eeb|P32730d58,Pf8cd7d4f,109449237.0
M6805cf31,Dilwale Dulhania Le Jayenge,1995,4,190,13200000,hi,Comedy,Comedy|Drama|Romance,3,IN,1,Cd925d19e,27,30,False,K965d2159,Pa6041114|P461da7c3|P0fa87f96|P34392fc0|P4a9b2ce9,Pd4c5d020,100000000.0
M53a96ab5,Valiant,2005,1,75,35000000,en,Animation,Animation|Family|Adventure,3,GB,2,C684a2dfc|C3332fc46,15,4,False,K346367d7|K242d9985|Kb312f8f4,P5d50695a|P5167078c|P052dcd1b|Pecc8fbbe|Peb18e715,Pac284ba9,19478106.0
M13e2ba68,The Brothers Grimm,2005,3,120,88000000,en,Adventure,Adventure|Fantasy|Action|Comedy|Thriller,5,CZ|GB|US,8,Cd8418e70|Cceb4e3c9|C8e42f8bf,20,110,False,K2b5d957d|Kce7bd21b|Kfcbf608c,Pb2b54035|P9d23789b|P22e9fa35|Pc21d7059|P01aa2946,P1a6bcbf1,105316267.0
M3bb42f7f,Undiscovered,2005,3,95,9000000,en,Comedy,Comedy|Romance,2,US,3,Cc032927b|Ccdc52bf4|C3b0472c8,15,6,False,Kd3103f62|Keeac0817|Ka240b893|Keb5e7681,P9c374aa5|P5d3ea09b|Pde05c06e|Pd74968f7|Pfe1f310b,Pcb832ee3,1046166.0
M6312aa0c,The Constant Gardener,2005,3,130,25000000,en,Drama,Drama|Mystery|Thriller,3,CN|DE|GB|US,7,C295bb1fa|C015707fe|C6cfa93a0,20,72,False,Kf6118f7e|K89bbdf78|K4cf03c83|K08d4a276|Kec8c0a6a|K23e3c2ed|K7f75bea6|K2a4bdb53,P77e8a1ca|P614f6326|Pf8af4a2a|Pdaeaa73e|P5a254113,P73ae75b9,82466670.0
M1f030f25,Transporter 2,2005,3,85,32000000,en,Action,Action|Thriller|Crime,3,FR,7,C6cbfdb5c|Cb0e2042e|Cc7ffd06c,10,17,True,K1308518c|K52883eff|K9136e8a9|K798d1d58|Kaa450961,P4b27ca24|P85597fcc|P8896055b|P809ea96e|P02cba3d4,P5192e8c8,85167639.0
Me86a8815,Just Like Heaven,2005,3,95,58000000,en,Comedy,Comedy|Fantasy|Romance,3,US,3,Cfa01eb95|C9aae9197|C1a80aea5,42,64,False,K45d12a23|K1451c5af|K5b2172f3|Kdbe16235|Kbadc51d0|K4786f4fd|Kd653b7f5|K661a836c,P4d20c8bc|P282469c4|Pff14f26e|Pfbeeaa56|P3ffb36e8,P9f90bd02,102854431.0
Maf79ee9d,Proof,2005,3,100,20000000,en,Drama,Drama|Mystery,2,US,3,Cf8f92f7f|Ccb902284|Cc068fe18,14,35,False,K30ba46ef|K511491fa|Kc2d74a4e|K3788e79b|K5f1c888d|Kec76f9fc|K41a6b5e3|K0d25991c,P0affa6f4|Pdff627c7|P536a41bf|Pe8b36871|Pf35b6f0d,P00aa814f,7535331.0
M894e57d1,Lord of War,2005,3,120,42000000,en,Crime,Crime|Drama|Thriller,3,FR|US|DE,6,C82201f3c|C7464f175|Ccb902284,20,16,False,K9d999169|K3802909b|Kdb5d0011,Pa2178ef1|P55688699|P2f0b3e83|P598f6582|Pd21aeea2,P42e304f0,24127895.0
M705aa351,Cry_Wolf,2005,3,90,1000000,en,Horror,Horror|Thriller,2,US,1,Cd7a83b16,20,16,False,K35fbf0b0|Ka2122fa4|K6ee188c7|K34d45ea6,P9829d4b8|Pa8df7bb2|Pefa77b72|Pd90a4df9|P84c017a7,P44b9c322,10047674.0
M2a6cfb61,Domino,2005,3,125,50000000,en,Action,Action|Crime,2,FR|GB|US,5,C6988cd6a|Ce4f77d56|Cd4fd11b6,26,29,False,K52726ab3|K4869d83d|K3802909b|Kb1d982e1,P73f53fc6|Pc810bfde|P54a9620e|P1b3c94e0|P8574a8f3,P1d6141ee,22944502.0
M328dd81a,Waiting...,2005,4,95,3000000,en,Comedy,Comedy,1,US,2,C20323ce4|Cfb27459d,28,13,True,Ke8747ed8|K0efc81b7|Kdfabe49c|K033a6fdc|K545c5e78|K933278ce|Ke66a9a74|Kc565c1dd,P6b87f42a|P321e1002|P3d8c4551|P842eb32b|Padb86a9e,P6e807e03,18637690.0
M9d1bd81a,Æon Flux,2005,4,95,62000000,en,Action,Action|Science Fiction,2,US,6,C6146f42e|Cc032927b|C0498af6f,52,21,False,K1308518c|K7f284f24|Kff43a29c|Kc94903d3|Ka82ab652|Ka82694e1|K46c86bd2|K7181c167,Pa9346d2f|P23297f44|P6a1eb854|Pd8ccd5f8|Pf82a31ed,P08de7446,52304001.0
M9be3dbe7,An Unfinished Life,2005,3,110,30000000,en,Drama,Drama,1,US|DE,7,Cf8f92f7f|C98fdcebd|Ca4c80960,15,34,False,K92a6dddc|K27d5bfeb|K56b6b770|Kf4fa0eb0|Kebec859d,P81f38d6e|P91999fa3|P9c10a86e|P507507cf|P336346ff,P2fb3774a,18618284.0
Mb5086dcd,The Exorcism of Emily Rose,2005,3,120,19000000,en,Crime,Crime|Drama|Horror|Thriller,4,US,3,Cc032927b|C46cdb83b|Ceba6d050,20,62,False,Kff5d69ac|K31d67b3d|K9d4a30d0|Kfdce3c5a|K2bb8e8fe|Ka34041ad|K8f1a87af|Ka7d27878,P94e5548f|P4acd4a33|Pc5390370|P4cb1fcbe|Pae208d94,P24e998cd,144216468.0
M6a71c330,Flightplan,2005,3,100,55000000,en,Thriller,Thriller|Drama|Mystery,3,US,2,Cd927b580|C0532621e,15,12,False,K0fc9b725|K4eaa0722|K877e62a3|Kaa450961,P312369ee|Pc3ac31e9|Pa0abef07|Pc23c1578|Pdb26a63c,P9bb573ea,223387299.0
Ma70d5ac1,A History of Violence,2005,3,95,32000000,en,Drama,Drama|Thriller|Crime,3,US|CA|DE,3,C6988cd6a|C9e2f18ea|Cd8e4f059,15,35,False,Kc5b65b8c|K4398eae0|K06357137|Kc5a122eb|Ka30fe49b|Kf172f9db|K7a3e26a4|K9726f6b6,P45ae55c7|Pa90449bf|Pc35ee0e9|P3226391c|P9cf8177c,P501bf7bf,60740827.0
M3b31f91c,Oliver Twist,2005,3,130,50000000,en,Crime,Crime|Drama|Family,3,CZ|FR|IT|GB,3,C2af01684|C9813c327|Cd1339668,34,16,False,Kef728c09|K24e26ceb|K44f3e3ef|Kfe9d1d31|K34e32ba6|K0b2b8080|Kb517b1a9|K5852d5b1,P1aed9ae0|P6abc1229|Pe1f05f74|P092dae2e|P8f9e76a5,Pc5c7a3cb,42093706.0
Mfd48250e,Capote,2005,3,115,7000000,en,Crime,Crime|Drama,2,CA|US,7,C825a8443|Cf5699e3f|C60e9e54a,17,22,False,K0c50837f|K6727f618|K1451c5af|K00b0e1a7|K1fb4ebf8|Kf8baada2|K748d1d7c|Kce7bd21b,Pfe9ae21f|P265934c7|P38ae255e|P87aa196c|P44c316ed,P12f39321,49084830.0
M36a1ff34,Into the Blue,2005,3,110,50000000,en,Action,Action|Thriller|Adventure|Crime,4,US,3,C52e61c78|C52c2683a|C1e53a163,9,9,True,K32c7600d|Kfd0f8efa|K4fdd4469|K137a6391|K877e62a3|K9699e284,Pbbb2aadf|P32d7cd09|P89b363ce|P1769f03e|Pc6b524b9,P8221fe1d,44434439.0
M30090c20,Mirrormask,2005,1,100,4000000,en,Fantasy,Fantasy,1,GB|US,2,C462d5784|C8e91a7dd,13,4,False,K9ceb8d10|Kf8baada2|K442c9be4,Pf6415248|Pe64efd4f|P6c5a461d|P725a6200|Pd14aedb7,Pde23c5ec,866999.0
M634539ab,The Curse of the Were-Rabbit,2005,3,85,30000000,en,Adventure,Adventure|Animation|Comedy|Family,4,GB|US,2,C35902627|C586f6404,20,69,True,Kda3a8325|K695088c7|Keacd20c4|K0a66eca0|K346367d7|Kd84d0eb3|Kffef018c|K5f53e9af,P955b8bd2|Pe42cb422|P77e8a1ca|P41b5dfec|P71a81c87,P21ae746c,192452832.0
Me1bcde53,Kiss Kiss Bang Bang,2005,3,105,15000000,en,Action,Action|Comedy|Crime|Mystery,4,US,2,Cd36ef9f0|C3e7bdc8f,22,22,False,Kb1aa9b34|K8c5bcd8a|K1e334f94|K7f822525|K5852d5b1|K2ec4a374|Keb5e7681|Kbb1efb21,P9aaea10b|Pcfb78473|Pcea1bef6|Pa4aec2b2|P19ab2e7c,P2f13af44,15785148.0
M082b8cef,Goal!: The Dream Begins,2005,2,120,30000000,en,Drama,Drama,1,GB|US,3,C0532621e|Cea6a8cfe|Cb8295b4f,17,20,True,Kc0bb51b1|Kdc87c7d5|K4d5ca8aa|K0b568d4a|Ke85930e0|K6412c713,Pc9897921|P3abe965b|P08c3b843|Pd7be9752|P4c5202bb,Pb6a93acd,27610873.0
M7584feee,The Wraith,1986,4,95,2700000,en,Romance,Romance|Science Fiction|Horror|Action|Crime,5,US|CA,3,Cd13cf53e|Cf53a872a|Cf6ae6019,15,13,False,K1fc61028|Ka7984eec|K511491fa|K91dde98b|K27d5bfeb|Kb6334c56|K6fcaaeb8|K1b326384,P79a733fb|P6af89baf|Pe478a9a1|P64b06ad7|P799d28eb,Pa8b016ad,3500000.0
M9ff76cf7,The Squid and the Whale,2005,4,80,1500000,en,Comedy,Comedy|Drama,2,US,3,C462d5784|C77ec1a19|C9e5a0692,41,40,False,K639314e0|Ke179a85b|Kd3103f62|K75f2c385|K040fb0ca,P63cebd80|P94e5548f|Pd3bf69c1|P1c5dcd8b|P605dd3d9,Pe3ac90a0,11098131.0
M1795f1bd,Elizabethtown,2005,4,125,57000000,en,Comedy,Comedy|Drama|Romance,3,US,4,C6146f42e|C45816831|C022978fc,13,6,False,Kc8aa65cd|Ke7253a00|K293e5fac|Kfa895068|K8ededc31|K877e62a3|K68f9bab5|K01f8fc04,P8e74e958|Pfe6d4c3d|P105610f1|Pa350e788|P74d6ac27,P859967b4,52034889.0
Mc1c53ee7,North Country,2005,1,125,35000000,en,Drama,Drama,1,US,3,C3e7bdc8f|Cf4d6a468|Cb21477d1,17,12,False,K5c0670e8|K526c2540|Kf7687c94|K8c892a2d|K522de131|K41ae9c75|Kd2e5bc2f|K7c644273,Pa9346d2f|P5eb257a0|P56a3fa38|Pf82a31ed|Pa0abef07,Pe36b859e,25224242.0
Mbd313d6d,"Good Night, and Good Luck.",2005,3,95,7000000,en,Drama,Drama|History,2,FR|JP|GB|US,7,C202af22f|Ce75beca7|C37794aa2,21,19,False,K44a8387d|K7f60b468|K49473788|K0d4b855e|K08d4a276|K8beac702|K040a1fcd,P8e1bdae6|P63cebd80|P7c25bab4|P49a706f7|P5aeb792e,Pd4551c6e,54600000.0
M76cfcbe8,The Proposition,2005,4,105,2000000,en,Action,Action|Adventure|Crime|Drama|Thriller|Western,6,AU|GB,7,Ca7e41b59|C6cfa93a0|Cf9eb1a60,24,34,False,Kda659821|K241b3a3b|Ka05e8854|K6bf58623|K9464c9bc|Keede16fc|Ka82ab652|Kd79210b5,P9491bef5|P0828e953|Pc3043c91|Pf8af4a2a|P210792a8,Pa4088e00,5048693.0
M06f9cd7f,The Fog,2005,4,100,18000000,en,Horror,Horror|Thriller,2,CA,2,C98fdcebd|Ce9ab43f2,11,21,False,Kc7c9387f|Ke6b45b39|Kaa9e3589|Kfbde6d20|K6fcaaeb8|K68d34ab1|Kc5a122eb|Ke0f2f829,P8a429f6b|P7e3306de|P9ba0093c|P07a54b60|Pae208d94,P5c9295b6,46201432.0
M59de93cf,Stay,2005,3,100,50000000,en,Mystery,Mystery|Thriller|Drama,3,US,3,Cc2c73c36|C015707fe|Cfc1e76ab,14,11,False,K293e5fac|K17d6e4f5|K83e2e77f|K6ee188c7|K3d77d7e7|Kfe7b2be7,P5d50695a|Pfc16b487|P8ea19000|Pb15cbf6d|Pbf34e0ad,P6621f3f1,8342132.0
M206239cf,The Legend of Zorro,2005,4,130,75000000,en,Action,Action|Adventure,2,MX|US,2,C9710581c|C52e61c78,17,19,True,Kc2b5e04a|K33b2d0b2|Kcf7d212b|K3e04d489|Kcc343814|K52d403a5|Kfd335d37|K33dc8956,Pd761e806|P76ffd39b|P70271fa7|Pe0efdaae|P097c6fa9,P61003287,142400065.0
M741f5275,The Weather Man,2005,4,100,20000000,en,Comedy,Comedy|Drama,2,DE|US,3,C6146f42e|C8287d6b8|C0057828c,11,20,False,K33e09618|K018324f1|K277a5e7d|K6f266ecf|K137adf5c|K3affd9f7|Kae28480c|Kc8906f3c,Pa2178ef1|P123185a4|Pe8b36871|P1dee7924|P65627fc6,Pb3125d33,12482775.0
Me1c6d4f1,Saw II,2005,4,90,4000000,en,Horror,Horror,1,US,5,Cb61eea90|Cbb6a2897|C48500673,15,23,True,K71840e6c|Ka2122fa4,Pa07d485f|P87019300|Peba49252|Pc9be4ecc|P5f142826,P438c1552,152925093.0
Mdbe3a8aa,Empire of the Wolves,2005,2,130,24000000,fr,Action,Action,1,FR,4,C47d534f6|Cc7ffd06c|Cc94eefdc,15,16,False,Kf687e8e6|K6b4e6a64|K99fe2dfb|K86ea730e|K6bff0337,Pd4ba50b7|Pef34483b|P03bf622d|P80725c60|P678547f3,P76f1c581,11875866.0
M87324ba7,Manderlay,2005,2,140,14200000,da,Drama,Drama,1,DK|FR|DE|IT|NL|SE|GB,21,Cc8ba30c0|C73261401|C5b2e0aad,12,14,True,Kd06882ca|Kfb2845a0|Kd6073f4e,P1f53cfec|P21ca9fdd|P6f155c36|P9a2edffb|Pb10cddf6,P2ba31d94,674918.0
Mdaa25feb,Chicken Little,2005,4,80,150000000,en,Animation,Animation|Family|Comedy,3,US,2,C72b723b8|C67618fbb,24,65,False,Kf054b630|Kc5a122eb|K546d281f|K4ab4a388|K4d0bc3a5|Kc9e5c2e6|Kbbcbbe27|K242d9985,Pfc9fb1db|Pf948d741|Pbf28c3a2|P2a4182bf|Pccbd9923,P3316f72b,314432665.0
Mde00c131,Joyeux Noël,2005,4,115,22000000,fr,Romance,Romance|Drama|History|War|Music,5,BE|FR|DE|JP|NO|RO|GB|US,7,C9fc0b22f|C138e4d39|Cc7ffd06c,15,57,False,Kedb0ba53|K7be894cf|K85f54509|Ka240b893|K0e1a3ef7|K399ba99f,P8a81e10e|P248eb392|Pd334fad9|P278197be|P4c5202bb,Pa5d7aba1,17709155.0
Mc1db6e89,Get Rich or Die Tryin',2005,4,115,40000000,en,Drama,Drama,1,US,3,C6146f42e|C0498af6f|C48e817c7,21,26,False,K0167559b|K5b07d285|K43f280e8|K965d2159|Kf1931b19|Kd9198f5a,P08a2194a|Pc119c673|Pac9b5fa0|Pb16671b7|P584f290b,Pae05ef05,46442528.0
M210dfe04,Syriana,2005,4,130,50000000,en,Drama,Drama|Thriller,2,US,6,C2f946fee|C3e7bdc8f|Cf4d6a468,31,48,False,Kd0e4cf1e|Kf10ad044|Kb722db6a|K59543204|K0a5f2c31|K4d54a5a1|K755126fd|K3d87a3fd,Pd4551c6e|P9d23789b|Pcfe2fbb3|P2db253cf|Pc19b2250,P668a67bb,94000000.0
M2aa25385,Derailed,2005,4,110,22000000,en,Drama,Drama|Thriller,2,GB|US,3,Cf8f92f7f|Cac465b03|C14461e35,19,22,False,K526fab99|K018324f1|K5c0670e8|K1451c5af|Ke7253a00|Kb1b2d050|Kb7c26824|K50f0ee0b,P0707f4cd|P0151a8e9|P11383cde|P13f340d8|Pf879cdd6,Peacaeeac,57479076.0
M8986d37b,Wolf Creek,2005,1,100,1000000,en,Horror,Horror|Thriller,2,AU,4,C64037b38|Caff760a5|C83c11d52,7,12,True,Ke11db837|Kcf24daef|Ka633621b|K89b75a49,P96ce5b17|Pd2fbd23b|P7fe294fb|P9de3647c|P6cca524b,P76534637,27762648.0
M7d217bde,Harry Potter and the Goblet of Fire,2005,4,155,150000000,en,Adventure,Adventure|Fantasy|Family,3,GB|US,3,C88b04334|C3e7bdc8f|C6c10da85,65,30,True,K79547cd1|K9dfcf494|K786baa11|K1d3ca58f|K3858ab61|K489ed63a|K37b98a59|Ka9282ab2,Pa9ffe9b7|P7aef44db|P187f1470|P77e8a1ca|P580e9714,P0fe87622,895921036.0
Mb32fb43c,Walk the Line,2005,3,135,28000000,en,Drama,Drama|Music|Romance,3,DE|US,5,Cfba35e40|Ca212ea4c|Cc966b1f9,45,65,False,K67f22cdc|K526fab99|K521d74bb|K06ec2ec0|K27c90c92|K46624ba5|Kb028491c|K87469bb8,Pdfff36db|P4d20c8bc|Pe612dba4|P81c51e0c|P42bfd569,P1783672c,186438883.0
Md9ff6c1c,Zathura: A Space Adventure,2005,4,100,65000000,en,Family,Family|Fantasy|Science Fiction|Adventure,4,US,4,C52e61c78|C6bee1098|C61c1cdea,11,24,False,K84348ea3|Kb855ec86|K4d0bc3a5|Ke4884854|K59174898|Kfae7a03b,Pa67049e2|P6d77cc56|P19f25908|Pff66170f|Pb494fa6f,Pd539ecc7,64321501.0
M355b6621,Bee Season,2005,3,105,14000000,en,Drama,Drama|Family,2,US,0,,5,1,False,,Pb8c4c754|P6815fd98|Pfde2b44e|P06351fdd|P2b0de4d7,Pe243dbdb,6856989.0
Md4b2bec3,"Yours, Mine & Ours",2005,4,90,45000000,en,Comedy,Comedy|Family|Romance,3,US,8,C6146f42e|C52e61c78|C507cfe58,19,3,False,K19bab12a|K9a7a2db0|Kbc02c436,P967c7ac4|Pc3561a4c|P7b1edd1d|P11b92b7a|P857615a3,P02060500,72028752.0
Me4f8f8f4,Memoirs of a Geisha,2005,4,145,85000000,en,Drama,Drama|History|Romance,3,US,4,Cfa01eb95|C475937d3|C52e61c78,21,15,False,K94d1fa6a|K1199c976|K8f8f63a3|K50d76002|K230a811e|K2aab29d6,P552b9995|P547f9bbe|Pb8612374|Pc4856e15|Pcb1c5549,P4795b548,162242962.0
M855637b2,Down,2001,2,110,15000000,en,Action,Action|Horror|Mystery|Thriller,4,NL|US,1,C6b173305,13,33,False,K33e09618|K4d2febdc|K526c2540|Ke30f40a7|K011bc215|K8beac702|K0d25991c|Kfcf79c07,Pb87d0e3a|P8ea19000|Pdacfba04|P36374ee9|P74b14980,P15bf773c,163169.0
Me8937779,The Matador,2005,2,95,10000000,en,Action,Action|Comedy|Crime|Drama|Thriller,5,DE|US,1,Cf8f92f7f,20,32,False,Kd050940c|K277a5e7d|Kabe15fb7|Kd3103f62|Kb1ed04f1|K0ff49096,Pc745bfc7|Pa4d4e204|Pe8b36871|P9215e9d3|Pcdb2bdab,Pcf21c282,17297244.0
M020c7cf5,Mozart and the Whale,2005,3,90,12000000,en,Comedy,Comedy|Drama|Romance,3,US,0,,12,18,False,K2691884d|K8a63c14d,P28304cc9|Pa5509ed0|P66b17666|P273abf86|P7e0a6d3b,P978bc65b,84967.0
M930e645c,The Three Burials of Melquiades Estrada,2005,4,120,15000000,en,Adventure,Adventure|Crime|Drama|Mystery|Western,5,US|FR,2,Cea450185|C0b057e79,16,49,False,Kf77deea7|K72f63b48|Kbb2f7e44|K3b3b69c7,Pb23773f6|P8c5e34bb|P9a71ac7c|P5c45f684|P6584178d,Pb23773f6,12036149.0
M91836ebb,Munich,2005,4,165,70000000,en,Drama,Drama|Action|History|Thriller,4,CA|US|FR,7,Cfa01eb95|Cd7a83b16|C9710581c,19,22,False,K24eec40f|Kb722db6a|K000e8809|Ke7253a00|K4603cffd|K8b8060e4|K6b4e6a64|K2c862459,Pa357a9b4|P3d5ce154|Paa96a2ea|P410b53e5|P7eed0219,Pcf894350,130358911.0
M272d28d9,The Producers,2005,4,135,45000000,en,Comedy,Comedy|Music,2,US,2,C6fc703e1|C75005f56,21,16,False,K12e0a0fd|K81851020|K36437c68|K4fcfc4d1|K0961ce93|K6a4d3dd4|K6d9c5b01|K80806b43,P21e9c370|P8a49c60a|Pc488f7aa|P681d8225|P857cd799,Pc4543532,38058335.0
M844d1e6c,Transamerica,2005,4,105,1000000,en,Drama,Drama,1,US,2,Cf06bdafd|Cd8418e70,13,16,False,Kab720d41|K0c50837f|K33e09618|Kd6a05201|K4d2815bf|Kcf7d212b|K2bd1297c|K22101519,P6da38991|P08c82a79|Pa984c515|Pd2662143|Pbb6244ea,Pe9ca56f7,13350369.0
Maaa0685d,Cheaper by the Dozen 2,2005,4,95,60000000,en,Comedy,Comedy,1,US,3,C6cbfdb5c|C2d76984f|Cd43ca230,22,11,True,Kedb0ba53|K11e84da5|K19bab12a|K3affd9f7|K0a4dbf1d|Ka2390abe|Ke67cc831,Pa4708d8a|Pbff7fdac|P4c455563|P8a429f6b|P169df276,P71a85149,129181830.0
Mbb9c2511,Fun with Dick and Jane,2005,4,90,100000000,en,Comedy,Comedy,1,US,3,Cd927b580|C52e61c78|Cd7cd370e,15,38,False,K1451c5af|K46565220|Ke13d43a2|K065bfd74|K71bf1fc9|K61503241|Kb41468f7|Kdd4b0d8e,P3831e867|P5d357b0a|Pa350e788|P0ca0f182|P777209ed,P037b2814,202026112.0
M4ce35052,Keeping Mum,2005,4,105,169000,en,Comedy,Comedy,1,GB,1,Cceb4e3c9,21,9,False,Kb7f1519f|K7c953bca|K6ed603be|Ka5c9c36f|K04b7a06e|K4e2bb6af,P62db77cb|P5264c9ae|P12f8d604|P842640cc|P5148b774,P746cdf8c,18564702.0
M74891f3d,District B13,2004,4,85,12000000,fr,Action,Action|Thriller|Science Fiction,3,FR,3,C2418e9a7|Cc7ffd06c|C0b057e79,25,18,True,K24eec40f|Kf10ad044|K3de6ce2f|K7f284f24|K09e212c6|Keede16fc|K78d3caf5,P1f71e353|Pebc873b9|P8429e616|Pb379909e|Pae3b1cc8,Pd62b7b03,9584131.0
M2de68173,BloodRayne,2005,4,95,25000000,en,Action,Action|Adventure|Fantasy|Horror,4,US,1,Cab2fa5a1,11,2,True,Kffb9e482|K1c613c5f|Kb4e75fa3|Kf1c7e0e5,Peacd457d|P6abc1229|P6b7675df|Pc05fd874|Pa114a513,P57279a17,2405420.0
M3761cd79,Underworld: Evolution,2006,1,105,50000000,en,Fantasy,Fantasy|Action|Science Fiction|Thriller,4,US,2,Cc032927b|Ceba6d050,17,20,True,K3b9d7d86|K10f8d267|Kffb9e482|K1cdca0c8|K89a13bfa|Ke7637d34|Ke12f48a1,P1210b4c7|P4c3a688a|Pe8b66e60|P20f9a663|P21037a34,Pc88313a5,111340801.0
Ma9ed64f9,Riding Alone for Thousands of Miles,2005,4,105,7500000,zh,Drama,Drama,1,CN|HK|JP,7,Ca27cade7|Cfc8c2cea|Cfdc944b7,7,3,False,Kcf7d212b|K6ae62070,P43a7df43|Pa507c466|Pbda04cfa|P9237bf2e|Pe0459ebf,P7e7a1042,3752325.0
M835cd31d,Revolution,1985,4,125,28000000,en,Adventure,Adventure|Drama|History|War,4,NO|GB,3,Cc1b3796b|C0e07821e|C3e7bdc8f,35,9,False,Kcbf4eaa8|K00ee119f|Kd9c5ff0c|K43a0c977|K65cf7a95|K14f59b00|K58cd70ff|K7f2dfe51,P13753a9d|P38ab614f|Pe8c3cd57|Pdcd8384e|P06a054ae,Pbd75e279,358574.0
M2c276e31,Bandidas,2006,1,95,35000000,es,Action,Action|Comedy|Western|Crime,4,US|FR|MX,6,C9938b7c9|Cc7ffd06c|Cc94eefdc,17,15,False,K3e04d489|Kb2dd1d83|K9a16fa02|Kc9e5c2e6|Kcec27f06|K4cdd2447|Ka09e2b0a,Pfac84536|Pb48255ea|P9a71ac7c|P2a4182bf|P1343a35e,P3107bc23,10496317.0
M5caccbe6,Annapolis,2006,1,110,26000000,en,Drama,Drama,1,US,1,C0532621e,5,2,False,,P58bca367|Peba49252|P7d3b7173|P4af9778b|Pb1da65f4,Pada1eb31,17496992.0
Mfe5e9839,Big Momma's House 2,2006,1,100,40000000,en,Comedy,Comedy|Crime,2,US,9,C6cbfdb5c|Cc2c73c36|C015707fe,9,11,True,Kb7b43807|K02d5ed5f|Kf8283fbe|Kb48e8785|Kfb93ab74|Kef70da46|K6c33796a|Kb9a41c4a,P27021ad5|P62aa2743|P12f49146|Pdfbf4c28|Pac54cb6f,P3f2267f6,138259062.0
Mae2ebeda,Nanny McPhee,2005,4,95,25000000,en,Fantasy,Fantasy|Comedy|Family,3,FR|GB|US,6,Cd7a83b16|C47d5a38e|Cf988914f,14,12,True,K0167559b|K02d5ed5f|Kb1cb14ee|Ke3c6e159|K6c33796a|K8069284a,Pe3b4e9ba|P292df613|Pe64e372f|P1e605391|Pfab6f881,Pbdac9c54,122489822.0
M69a51988,Final Destination 3,2006,1,95,25000000,en,Horror,Horror|Mystery,2,CA|DE|US,6,C6988cd6a|Cb6c0f7b7|C9f820863,18,89,True,Ke0f2f829|K9dfcf494|Kef87afa2,P5ec4078e|P71aaf8e9|P67993379|Pa2b3dcf6|P0a12c1d0,P3b48ec2c,117719158.0
M546c50ac,Dave Chappelle's Block Party,2005,3,100,3000000,en,Comedy,Comedy|Documentary|Music,3,US,1,C0e72e0ff,15,13,False,Kfe6fb0dc|K8ed256fc|K34258a50|Kc5c58446|Ke235feee|K4ce10c34|Kef47e525,P4836f470|Pac6fe035|Pc1757c6d|P86dccb1d|P84d763e7,P6dc329cf,11718595.0
M1ddbb724,Firewall,2006,1,105,45000000,en,Thriller,Thriller,1,US|AU,5,C1246c604|C6e250e55|C3e7bdc8f,19,9,False,Kd95b93ea|K9a97b678|K50f0ee0b|K0e89a273|K3a893586|Kd23caea6|K04b1b66a,Pfa43d9be|P4bc8082e|Pda83617f|P50bfcdf7|P909fe0db,Pea2e766d,82800000.0
M646fe6bf,Freedomland,2006,1,115,37665000,en,Drama,Drama|Thriller|Crime|Mystery,4,US,2,Cda813610|C98fdcebd,21,14,False,Kfe6fb0dc|Kd67871a7|K5bcb4bcc|K2189fd3f|Kaa450961|K22538ca0|Kca0722bc|K1e61cba4,P5eab90f9|P62eda3c0|Pb9f823b2|P9bcac85c|P2d788f62,P8da1db64,14655628.0
M7a56f5f9,Winter Passing,2006,1,100,3500000,en,Comedy,Comedy|Drama,2,US,2,C0e72e0ff|C1942050c,15,2,False,Kd3103f62|K177243bb,P5616da73|Pc488f7aa|Pceb538c7|P4fcb6e94|P2ccc070d,Pa4af4b07,113783.0
M90c5e03a,Eight Below,2006,1,120,40000000,en,Adventure,Adventure|Drama|Family,3,US,6,C72b723b8|C475937d3|C336c2b47,7,12,False,Kfa0063d6|K424ad1c8|Kee7d3574|Ke78063c8|K81e735ce,Pbbb2aadf|P630c09d9|Pec8d4dfe|P3f2c2df0|P7ef6f756,P7807fafd,120455994.0
M053914a0,Date Movie,2006,1,85,20000000,en,Comedy,Comedy,1,CH|US,3,Cc2c73c36|C015707fe|Cfc1e76ab,22,18,False,Kd5641b5e|K87bd8b37|K251c3d93|K47de47f3|K6c87d899,P0ad01ed1|Pc17a029f|P63421e6c|P5974c4db|Pbe7baba9,P15575b6c,48548426.0
M46bc22b6,Running Scared,2006,1,120,17000000,en,Action,Action|Crime|Drama|Thriller,4,DE|US,4,Ce5afb0b8|C46303308|C20cad748,15,14,False,K3818041a|K16d14ec6|Kdd697c1a|Ka2f91569|Kf4252931|Kb4d6e0ce|Keaeb9ca3|K22d8c8bf,Pbbb2aadf|Pd00ac651|P20165b8b|P73fb972b|P3323ac88,Pb0ca7e3b,9500000.0
Me39df557,Ultraviolet,2006,1,85,30000000,en,Science Fiction,Science Fiction|Action|Thriller,3,US,2,Ceba6d050|C7fb80ffc,21,76,False,K6242373e|Kffb9e482|K34cb2d0f|K7f284f24|K45012032|K6d90a030|K3c6f9488|K893a13a2,P7ba65775|Pd00ac651|P097c6fa9|Pb658f1ed|P1502c935,P77b93d27,31070211.0
M4308e953,Pulse,2006,3,90,38000000,en,Horror,Horror|Thriller,2,US,1,C07f90652,15,9,True,Kc8aa65cd|K0e89a273|K43f1c417|Ka89311b2|K71bf1fc9,Paeb3f5cd|Pb602b05e|Pe811d993|Pefb3efc3|P0e1c71ad,Pad721be8,29907685.0
Meabf118c,16 Blocks,2006,1,105,55000000,en,Action,Action|Adventure|Crime|Thriller,4,US|DE,8,C3b4ef1a3|Cf1e5dfa2|C5ce2cd37,21,13,False,K658fee08|Kd5eeec0c|K9830292a|Kffe1e999,Pbc324a94|P86dccb1d|P45b0b121|P4175620b|P0d4db7ba,P07f9ee68,65664721.0
Me7d9ed7e,Failure to Launch,2006,1,95,50000000,en,Comedy,Comedy,1,US,3,C6146f42e|Cda813610|C5a4a5756,12,8,False,Keea5a784|K4786f4fd|K20efb58b|K4f51e792|Kbee845b7,P9d278739|P95b0bcf1|P5616da73|P8a2232bf|Pc34a6901,Pce81afe4,128406887.0
M10f9e425,Ice Age: The Meltdown,2006,1,90,80000000,en,Animation,Animation|Family|Comedy|Adventure,4,US,2,C2a29849a|C7940c1ce,42,10,True,K7ea91886|K85469ed0|K36fdfbba|K4b85778e|K12c3c6f3|Kd8497cda|Kef91a2f8|K84348ea3,Pa4798128|Pcd89be8e|Pb316026c|Pc2dfb497|P7a5b3bd7,P3c1293f0,660940780.0
Me3d7d77b,V for Vendetta,2006,1,130,54000000,en,Action,Action|Thriller|Fantasy,3,DE|GB|US,8,C295bb1fa|C9e2f18ea|C1c5e031d,77,194,False,Kb1aa9b34|K2b024aec|K3d3b2d8c|K98f891b6|K26a288ea|K7f284f24|K8beac702|K76b24314,P158ca9d1|P243d60a3|Pb968a7ba|P36b8752f|P9a074087,Pfa423e05,132511035.0
M5a5603f5,She's the Man,2006,1,105,20000000,en,Comedy,Comedy|Drama|Family|Romance,4,US,2,Cfa01eb95|Cc032927b,15,9,False,K696d8a88|K0a1d0305|Kdc87c7d5|Ka9282ab2|K60846bfa|Kfeeda837|Kc7cade6b|K8e4844b2,Pe7a68aa4|P4390516d|Pb4c39e09|Pc3cf53fb|Pd531e946,P63c9e215,33889159.0
M49cc7841,Find Me Guilty,2006,1,125,13000000,en,Drama,Drama,1,DE|US,9,C697439ca|C430af061|C01b5512a,20,29,False,Kabb619b7|Kdc0b5ea1|K0a853afc|K25177432,Pb2d28ee6|P7d896185|P26e0be33|P4f975bbf|Pa1d5c860,Pa17037ae,2636637.0
Mb33a2e77,Inside Man,2006,1,130,45000000,en,Crime,Crime|Drama|Thriller,3,US,3,Cd927b580|Cd7a83b16|C1b1533bd,64,26,False,Kdd10e38e|K9136e8a9|K177820aa|K8dfa302b|K200b92a5|Kabb619b7|K25419d9e|Kf7f88e91,Pbbc37df2|P0707f4cd|P312369ee|Pa54c1475|P9a2edffb,P1e91a320,184376254.0
M19e8a37c,Tsotsi,2005,3,95,3000000,af,Crime,Crime|Drama,2,ZA,4,C603a38ac|Cb511e98b|Cc0030d55,16,14,False,K7444e5f9|K808b4a33|K7a3e26a4|K60686471|K71b96fcb|K8525b38f|K0d25991c|Keec6e143,P3c9aa19a|Pc4b24aef|Pd4747f5a|P8e594be3|P6cef9ff0,P0d333310,9879971.0
Mb227759a,Aquamarine,2006,1,105,12000000,en,Fantasy,Fantasy|Romance|Family|Comedy,4,AU|US,2,C7f89a29f|Cb1b071ad,23,15,False,Ka5e5d456|K7465e29d|K8e4844b2|Kcbf64eb9,P7fc186fc|Pc6c9c67d|P8ec65813|P0e89e604|P415a699f,Peb76c52c,23006849.0
M96aba4ef,Leprechaun 2,1994,2,85,2000000,en,Comedy,Comedy|Horror,2,US,1,C7058e46e,10,5,True,K46cfcf72|K04b71262,P0b45c6fa|Pa9c7bbc9|Pba442e03|P554f9089|P66e68ec9,Pfe9ad790,2260622.0
M1f31e135,Lights in the Dusk,2006,1,80,1380000,fi,Crime,Crime|Drama,2,FI,1,Cfa218aa6,6,13,True,K526fab99|K57663f99|K96ee2697|K0b2e661a|Kc845254e|K8c5bcd8a|K5011ba81|Ke971e14e,P1a71daf9|P2390979b|P85f6bf1b|Pabb0d4af|Pb788ce8d,P31fa828f,1615018.0
Mc2424516,The Hills Have Eyes,2006,1,105,15000000,en,Horror,Horror|Thriller,2,FR|US,4,C9ea1bb4a|C53a9ea27|C3daa7e6b,15,15,True,Kc2ed15d1|K5c0670e8|Ke63eacc3|K06311639|K4bf29bde|K6a3cb94b|Ka2122fa4|K04b71262,P8edfe637|P0ecffd57|Pf6a80736|P5d474cd4|Pffaaa2da,P8575a01f,69623713.0
M3edbba06,Son of the Pink Panther,1993,1,95,25000000,en,Comedy,Comedy,1,US|IT,1,C6bea35ce,15,4,True,,Pd6818470|P7db0b17a|P795ffef2|P7a280eea|P5f317387,P73cee68f,2438031.0
M330f7fe9,The Lives of Others,2006,1,135,2000000,de,Drama,Drama|Thriller,2,DE,4,C5b2e0aad|C8c276da5|Ca4922b73,34,43,False,K67f22cdc|K0fc9b725|Kc8aa65cd|Kf69c4608|K9df93747|Ke7ec735c|K1a2a701e|K50f0ee0b,P66fc3c08|P58250b33|Pead051a0|P2e906145|P6278b4fa,P03f3260f,70000000.0
Mc9019bcd,Take the Lead,2006,1,110,30000000,en,Music,Music,1,US,2,C6988cd6a|C9b9e0f19,8,15,False,K2fb62106|Kb730b002|K965d2159|Kcbf64eb9,Pd761e806|P2490c5fe|Pad9525d3|Pb348fa32|P336250ba,P0a6e2f05,34742066.0
M3db0da8c,Lucky Number Slevin,2006,1,110,27000000,en,Drama,Drama|Thriller|Crime|Mystery,4,DE|US,6,Cd8418e70|Cfbf0b933|C195da2d6,17,16,False,Kb722db6a|K52525103|K1fb4ebf8|K0c24b3e3|K39cb7140|Kbef3ef96|Kac61b270|Kbd8891fc,P28304cc9|Pbc324a94|P99abea01|P9c10a86e|P6abc1229,P6dfe9615,56308881.0
Ma06c6234,Volver,2006,1,120,12899867,es,Comedy,Comedy|Drama|Romance,3,ES,1,Cac639f37,25,28,False,K24e26ceb|K5c0670e8|Ke6b45b39|K0c537174|K0fc7e9c4|K526c2540|K1a87caf7|K832eef0e,Pfac84536|P60a18b0b|P7e088468|Pf7009543|P28db1d0e,Pd0704ab7,85582407.0
M8139756c,Stay Alive,2006,1,100,9000000,en,Horror,Horror|Thriller,2,US,4,C475937d3|C2b01c913|Ccb902284,20,28,False,K3ea5ce14|K0e89a273|K53ddb611|K9dbab051|K49a1f90f,P5c0e346d|Pb55ef95f|Pa4af9f55|Pcb8399a6|Pc5c09e02,P458305e1,27105095.0
Mf5c09d50,Basic Instinct 2,2006,1,115,70000000,en,Crime,Crime|Mystery|Thriller,3,DE|GB|US,4,Ccdc52bf4|Ccb2fa829|C81591c14,37,14,True,K1fc61028|K511491fa|Ke68a8371|Kf311e23e|K3eebd795|Kefc73c44,P1157c526|P0bef371a|Pc4d07f3f|P4c0744b0|Pd1ac7981,Pb1b9ee8b,38629478.0
Ma0348f9f,Brick,2005,1,110,475000,en,Drama,Drama|Mystery,2,US,1,Ca2143a3b,10,11,False,Kc2b5e04a|K50e22a50|Ka1c45c51|K25a3086d|Kd3103f62|K0e9b1bed,P8e89b53a|P200ae5d0|P24be1f65|Pf5319366|P8f6d12ca,Pb023515b,3919254.0
M22b1c545,Renaissance,2006,1,105,18000000,fr,Action,Action|Animation|Science Fiction,3,FR|GB|LU,4,C3950e73b|Ca865cd71|C7eb5ed04,15,9,False,K24eec40f|Kcc150bfb|K1fb4ebf8|Ka37bedb4|K9092c8fe|K89099cca|Kf9183e59|K34cb2d0f,P3d5ce154|P9890879c|P3f44f403|Pa2b2e430|P6eb8b494,P2183cd26,1831348.0
M558e9b9b,Friends with Money,2006,3,90,6500000,en,Comedy,Comedy|Drama|Romance,3,US,1,C6fc703e1,13,7,False,K277a5e7d|K33437310|K9bddb5a5|K33dc8956|Kd21fa78f|Kcbf64eb9,Pe94da565|P7c2203eb|P79f05ea3|P0151a8e9|Pf948d741,P548c453c,13368437.0
Ma9656855,Pinocchio and the Emperor of the Night,1987,3,85,8000000,en,Animation,Animation|Adventure|Family,3,,0,,4,11,False,,P6c510213|Pa0ba5752|P58327844|P27f9bfda,P09b80e36,3261638.0
M5cb13841,The Sentinel,2006,2,110,60000000,en,Action,Action|Thriller|Crime,3,US,8,C6cbfdb5c|C53a9ea27|C3daa7e6b,15,25,False,K2b746c3e|Ka2dbcd1a,P9485f066|Pcf04e53b|P60422cb6|Pf2a5c1ee|P59339049,Pe923d6b9,77920346.0
Mfcd858c5,Silent Hill,2006,2,125,50000000,en,Horror,Horror|Mystery,2,CA|FR|JP|US,4,C9187eba2|Ce4f77d56|C6dfc8237,16,38,True,K038c8dca|K2990c1d0|Ke3d69bf1|K3cdc9315|K9b3ec961|Kd52903b2|K249e52d7|K5ebde1b5,Pa5509ed0|Pa0abef07|Pcc2ebe72|Pf9ed26ed|Pa30692dc,P12f09299,97607453.0
Mcbb4de05,Battle in Heaven,2005,2,95,1601792,es,Drama,Drama,1,MX|BE|NL|DE|FR,3,C47363e75|C4d447390|Cb74cdd6f,15,4,False,K511491fa|K6f6dba0c|K5a9dea75,P58ffd2ef|P97bddd0c|P52328d47|P129d8a93|Pf6d63b3c,Pa2753e9e,253527.0
M25c8bf5a,American Dreamz,2006,1,105,17000000,en,Comedy,Comedy|Drama|Family,3,US,2,Cd7a83b16|C19fdf574,48,40,False,K2b746c3e|K827b8484|K965d2159|K4fcfc4d1|K735a0310|Kee36e032|Kd520b5e4,P3f407781|P967c7ac4|P2ee78517|P9a2edffb|P7f8c65a4,P2b3f2097,7314027.0
M32a95890,The Protector,2005,3,110,6000000,th,Action,Action|Crime|Drama|Thriller,4,TH|AU,3,Cd8418e70|C8ed2fe58|C00d2e003,10,9,True,Ka820641c|Kb1bf4dbb|K5bbfd4b3|K241b3a3b|Kde84f630|Kdf68da34|Keede16fc|K242d9985,P439fa1f9|P3a6c7ce9|Pe49d337c|P27346f6c|Pad028035,Pe86a708b,27165581.0
Mfb2caa49,RV,2006,2,100,50000000,en,Comedy,Comedy,1,DE|GB|US,6,Cf4478484|Ccdc52bf4|Cdae08cab,23,7,False,Kcf7d212b|K5b2172f3|Kd515c294|K88b30e7b|K080ff791|K33437310|Kf047ea03|K7652162c,P8b29037b|Pe68a631c|Pc6c9c67d|P6d77cc56|P63cebd80,P7d51e148,87528173.0
M91558f85,United 93,2006,2,110,15000000,en,Drama,Drama|History|Crime|Thriller|Action,5,FR|GB|US,4,Cd7a83b16|C668b01c5|C9b58e393,24,58,False,K877e62a3|Kf00c2125|K1fb9bd84|K41d70fae|K47d29439,P2b51ae82|Pb7e0fe64|P97900acf|P87319a0e|P941626af,Pf667602e,76286096.0
M22acd06a,Down in the Valley,2005,2,110,8000000,en,Drama,Drama|Romance,2,US,1,Cd06030ee,15,13,False,K7904303e|Kfbde6d20|Kd6f9fb9b|K3b63488c|Ka7535e86,Pf6c5b6fd|P28fb5c65|P45b0b121|Pdd0d73b0|Pdba508fc,P4ca0b0bc,852872.0
M51a2f79f,Poseidon,2006,2,100,160000000,en,Adventure,Adventure|Action|Drama|Thriller,4,US,6,C1c5e031d|Ce0b288df|C3e7bdc8f,14,29,False,K67c9210a|Ke6b45b39|Ka33df06b|Kae818b36|K4eaa0722|Kdd52f589|K2ff372ca|K635aa538,P6265995c|P9f4d72a6|P336346ff|P25910d28|Pe4345fb3,P2207a9f9,181674817.0
M082b37dd,The Da Vinci Code,2006,2,150,125000000,en,Thriller,Thriller|Mystery,2,US|MT|FR|GB,4,Cf4478484|Cd927b580|C1e842a33,18,108,True,K24eec40f|K0688e4a7|Kb38c398c|K02a3ddab|K1451c5af|Kb2d24704|K98cad1f3|K5c707a1d,Pd8b30691|P32a43c7b|P6ada0366|P4bc8082e|Pd4ba50b7,Pc68f979a,767820459.0
Mf887af04,X-Men: The Last Stand,2006,2,105,210000000,en,Adventure,Adventure|Action|Science Fiction|Thriller,4,CA|GB|US,11,Cadd28e55|C6cbfdb5c|C3b4ef1a3,32,39,True,Ka6194240|K12b44075|K923101f0|K2f9c1556|Kbbd9be26|Kf5d23b34|Kfcbf608c,Pa70948d3|P1de24948|P6ada0366|Pd0abc51d|P0303ea88,P781658fe,459359555.0
M00b05f80,The Break-Up,2006,2,105,52000000,en,Romance,Romance|Comedy,2,US,3,Cd7a83b16|Ccb3dad99|Cfb083b4f,16,18,False,K529bf2e9|K018324f1|K63327ad9|Kb51b61a8|K220573b1|Kfa895068|K64c034ba|K01286038,Pe5898b7e|P0151a8e9|P36742e31|Pe272310a|Pd539ecc7,P33297e38,204999686.0
Mbb8a0790,Twelve and Holding,2005,3,90,400000,en,Drama,Drama,1,US,1,C8ad658f4,5,2,False,K9dfcf494|Kd3103f62|K77f05966,P8f9c4964|Pfd152b65|Pe8c4d8e1|P1180ab67|Pe5d35e8b,Pc5fcfc7e,95687.0
M608f3e93,Cars,2006,2,115,120000000,en,Animation,Animation|Adventure|Comedy|Family,4,US,2,C72b723b8|C5f1dc623,48,40,True,Kb6334c56|K9b138983|Ka0c202ff|K21c797a9|K69af0b07|K71cbd066|K677587fb|K5040a05c,P66e0e26d|P5c9978f1|P4c455563|Pd166fed2|Pf423dbcb,P27b40a05,461983149.0
Macce7eae,The Lost City,2005,3,145,9600000,en,Drama,Drama|Romance,2,US,1,Cb61eea90,15,7,False,K3d95dcb2|K2dae5610|K621ccc15,P45c72dd5|P0d0666d8|P5f0e69f8|Pb4a8201c|P63848328,P45c72dd5,4386236.0
M8cb6ec27,Standing Still,2005,1,90,1700000,en,Comedy,Comedy|Drama|Romance,3,US,3,C94853c9c|C3faea7ec|C3b85103c,22,27,False,Kd3103f62,Pea12a513|P2b24b1d6|Pccdc8b12|Pc6e94d6b|P8edfe637,P0b099043,12762.0
Mbe4282a7,The Omen,2006,2,110,25000000,en,Drama,Drama|Horror|Thriller,3,US,2,C6cbfdb5c|C893054bc,17,19,False,K02a3ddab|Kcf7d212b|Kc7c9387f|K03812e46|K02d5ed5f|K3b641cd6|K87fd3224|K2dfae734,P961bdf96|P24a75c64|Pbdbfef12|P4c0744b0|P3a9b8c1a,Pd01865f1,119188334.0
M69879b15,Nacho Libre,2006,2,90,32000000,en,Comedy,Comedy|Family,2,US,3,C6146f42e|C507cfe58|Cd38af1ba,11,13,False,K309b4d79|Kdc87c7d5|Kb517b1a9|K8d3237f6|K4c1f59dd|K9bddb5a5,P72d7d3b1|Pf2c1bc0a|Pbf6c3539|Pc611daec|P2772645d,P0e42ba5b,80197993.0
M16d3d544,Click,2006,2,105,82500000,en,Comedy,Comedy|Drama|Fantasy|Romance,4,US,4,C7f4b55db|C52e61c78|C98fdcebd,24,15,False,K118b41af|K5b2172f3|K153272cf|Kbadc51d0|K9dfcf494|K804bfd5b|Kfc7f4dbb|K6c33796a,Pc82d1114|P1210b4c7|P3be49d96|Pb15399b3|P905b63fe,P45fe1df4,237681299.0
Mf313ed7a,Pirates of the Caribbean: Dead Man's Chest,2006,2,150,200000000,en,Adventure,Adventure|Fantasy|Action,3,US,3,C72b723b8|C4fb6882a|Cdaa4c9b1,34,23,True,K55cfa8fb|K6898ee8b|K97e39667|Ke62b95f6|K038c8dca|K58786828|K4db8dd0a|Kcbbf78c5,Pd34c4eab|P8e74e958|P73f53fc6|P10291a37|Pdaeaa73e,Pb3125d33,1065659812.0
Md5a8f083,"You, Me and Dupree",2006,3,110,54000000,en,Comedy,Comedy|Romance,2,US,3,Cd7a83b16|C3d690d1f|C43e1828e,14,17,False,K696d8a88|K0b2e661a|Kc2ff79cb,P0d5aa382|P66e0e26d|P27ff617e|P9485f066|P32730d58,P80aaf589,130431368.0
Medea5bc0,Lady in the Water,2006,3,110,75000000,en,Drama,Drama|Thriller|Fantasy|Mystery,4,US,3,Ceddfe7b0|C3e7bdc8f|Cb3e71746,15,39,False,K6898ee8b|Kd49e15ee|K00f341b1|K692be979|Kf8bdf6e9|K585e49eb|Kc9cc1b0a|Kfcbf608c,P8d7bcd0f|Pcfe2fbb3|P0fdd69df|Pe25f32ff|P4cf2ae58,P0e4432bf,42285169.0
M745d8414,Marie Antoinette,2006,2,125,40000000,en,Drama,Drama|History,2,FR|US|JP,6,C947c3de9|C52e61c78|C1b5c04c3,22,20,False,Kdcfe545b|Ke30690ed|K7ea03a7c|K40192080|K889e1ada|K7c910f75|Ked74b6d8|Kcbf64eb9,Pfe6d4c3d|P7ba508aa|P63d412e7|P169f8736|P7b418b7c,Pfc1993d7,60474340.0
Mdbf47386,Who Killed the Electric Car?,2006,3,90,1000000,en,Documentary,Documentary,1,US,3,C1cf4cc7d|Cfd1139be|C01c43ecc,3,2,False,K152802bd|K111f7d27|Kd3103f62,P5768eddf|P46240969|Pd8b30691,P9811516f,1678874.0
Mfbeb8e50,An Inconvenient Truth,2006,1,100,1000000,en,Documentary,Documentary,1,US,3,C5f0d773c|Cfd5a68d0|Cf4d6a468,5,20,False,Kfae81169|K7089e4ae|Kfc65e992|Kf3572fd4|K1350c859|Kc62bc6d3|Kfe79fa59|K502356a3,Pca950a2d|P14eedc87|Pdbde38ac|Pd4740682|Pd110aede,P109a015a,46243000.0
M8838c8e3,The Fast and the Furious: Tokyo Drift,2006,2,105,85000000,en,Action,Action|Crime|Drama|Thriller,4,JP|US,1,Cd7a83b16,56,57,True,Kb6334c56|K9b138983|K7eb0a356|Ka0c202ff|Kbeae181d|Kd5f1dd69|K0fdf7e9d|K7b0dfbd5,P001c4acd|P748f84fa|P20634d81|P79b2e016|Pce82d115,Pada1eb31,158468292.0
M56f0d6b7,Superman Returns,2006,2,155,270000000,en,Adventure,Adventure|Fantasy|Action|Science Fiction,4,US,4,C9e2f18ea|Ceddfe7b0|C3e7bdc8f,18,24,True,Kd3ee2033|K38b4fde2|Kb87e3371|K19a14feb|K04f1877b|K923101f0|K01174d4a|K741a26f2,P7e049105|Pf21f3bf1|P06351fdd|P003a1c95|P56b036c0,Pe52532d6,391081192.0
M2aa4dc17,Little Miss Sunshine,2006,3,100,8000000,en,Comedy,Comedy|Drama,2,US,3,C9ea1bb4a|C4a45941c|C6d313e93,27,62,False,Kc2b5e04a|Kee199654|Kb1b2d050|K8363a7bc|K6380874f|K3d4cce0d|Ke6db21d5|K0bfa01de,Pa4d4e204|P174e117d|P4be68e2c|P6d085933|P00b5326f,P59a0c427,100523181.0
M7c22afa8,Curse of the Pink Panther,1983,3,110,11000000,en,Crime,Crime|Comedy,2,GB|US,3,C7e86926f|C36536c83|C25a203e4,13,8,True,Kc5b65b8c|Kb1aa9b34|K19a14feb|Kd5560f02|K46fb8bb0,Pcc2b4a2b|P6b54277c|P7db0b17a|Pe220346c|P603e81c2,P73cee68f,4491986.0
M297162f7,Babel,2006,3,145,25000000,en,Drama,Drama,1,FR|JP|MX|US,4,C14c57614|C6944d896|C1b020c70,50,23,False,Ka5ec14be|K0167559b|K01c1572d|K39ce92f8|Kc1122bfb|Kdb2378ff|Kf423db81|K99b7ca9b,Pc5fe07a1|P7ee731d8|Pc3284856|P5e852b78|Pb1f2cb97,Pd62e8d76,135330182.0
Me95dadac,Prophecy,1979,1,100,12000000,en,Horror,Horror|Science Fiction,2,US,1,C6146f42e,12,5,False,K038c8dca|Ka6194240|Kdc63e329|K58cd70ff|K27c6e4ff|K032c98de,P5c64bf30|P7057412b|Pa9220d48|Pa7fd8910|P79763790,Pb6b27bad,54000000.0
Mc8f8854d,Little Man,2006,3,100,64000000,en,Comedy,Comedy|Crime,2,US,2,C98fdcebd|Ce82761ec,6,36,False,K808b4a33|K1624771e|K41adc54e|Kceebe7cb|K956eb9ef,P2d1be6b8|Pb70efc9c|P6ea9ba14|P2e301ec2|Pa07c36d1,P7770f184,101595121.0
Mf93589de,Monster House,2006,3,90,75000000,en,Animation,Animation|Comedy|Family|Fantasy,4,US,5,Cf4478484|C9710581c|C691c06b2,17,93,False,K038c8dca|K526c2540|Kdc5570ed|K6c33796a|K251f030c|Kbf31130c|K7ea1b01f,P60c8a89b|Pa887b05b|Pd0bb65d9|P430fdc38|P481efb1f,P9b9622bc,140175006.0
M41736d75,Snakes on a Plane,2006,3,105,33000000,en,Action,Action|Crime|Horror|Thriller,4,US,1,C6988cd6a,19,19,False,Ka3356dfa|K877e62a3|Kca0f1cb3|Kaf916823|Kedc55cc4|Kd3de787f|Kbd6f81d9|Kd6073f4e,P5eab90f9|Pf4601e22|P91b309e1|P9de3647c|Pa42a740b,P6c5b02b8,62022014.0
M9a706f79,Scoop,2006,3,95,4000000,en,Comedy,Comedy|Mystery,2,GB,4,Ce09e087e|Cadd28e55|Ccb5de721,47,17,False,K615ad2f5|K1199c976|Ked493fb4|Ka33df06b|K29e6a2b4|K79547cd1|Kc134143c|Kebdbd4d4,Pb214a37a|Pa70948d3|P23c41cec|Pa34e3ce0|P4bef844c,P23c41cec,31584901.0
M7d08819b,Talladega Nights: The Ballad of Ricky Bobby,2006,3,115,72500000,en,Comedy,Comedy,1,US,2,Cf4478484|Cecb58e4c,24,14,False,K56b57e97|K5b8f74e7|Kdbe3dd8e|K58378910|K2e3fbfa7|K33dc8956|Ka7d37777|K31711d33,Pc488f7aa|Pff2ae6f1|P0e1d2f4c|P66b17666|Pca66871e,Pa2f257bd,162966177.0
M01189b03,Night at the Museum,2006,4,110,110000000,en,Action,Action|Adventure|Comedy|Family|Fantasy,5,US|GB,4,Cadd28e55|C6cbfdb5c|Cd05b6468,21,19,True,K7b6f0775|K95034136|K2740e151|K65351ef5|K7194959f|K72d57cff|K86a4c1f9|Kdf0fd2fd,Pd29fc0d4|P8b2d7de1|P20f57bc9|P8b29037b|Pce3fbdbe,P6d9a86b4,574480841.0
M30e471a7,World Trade Center,2006,3,130,63000000,en,Drama,Drama|History|Thriller,3,US,4,C6146f42e|C9b55c3fb|Ccdc52bf4,22,31,False,Ka5ec14be|Kfe9d1d31|Kb0728ab4|Kcc343814|K969ef670|K2f62cbb6|K47d29439|Kb8281719,Pa2178ef1|Pa90449bf|P3ded3528|Pb3e20a3a|P7f835c3c,Pc20617a1,162945894.0
M7fd9f6fa,Miami Vice,2006,3,135,135000000,en,Action,Action|Adventure|Crime|Thriller,4,UY|US|DE|PY,5,Cd7a83b16|C4afff6ec|C451bf9be,19,65,False,Kb27e6995|K0d1e10f8|K3521bbf7|K52d96861,P20c8297f|P7b34c4be|P547f9bbe|Pbd91674b|P58270b08,Paa8ef28b,163794509.0
M6b9a1ff5,The Pursuit of Happyness,2006,4,115,55000000,en,Drama,Drama,1,US,4,C52e61c78|C8287d6b8|Cdae08cab,49,34,False,K2c1bbb24|K60561435|K40c4ef28|Kfd546110|Ka34da393|K8a805548|K027dc9a7|K097595b2,Pf5e36785|P9cf6d4a6|P72ffb51e|P22fd412e|P39c1dfa2,P662f7eb3,307077295.0
Mb00ec4a6,Mrs Palfrey at The Claremont,2005,4,110,750000,en,Comedy,Comedy|Drama,2,GB,0,,10,1,False,K9a94a39f|K5011ba81|K0c8ef730,Pdcd8384e|P99efd3c1|P52a8091e|P264bbfe6|P7955279a,P7bc1d389,1720953.0
Mde3a5d07,Crank,2006,3,90,12000000,en,Action,Action|Thriller|Crime,3,US,4,Cb61eea90|Cc032927b|C54b333e3,48,73,True,K139a4140|K7e1398ba|K52525103|K60686471|Ke7dde3b3|K90ce011c|K32aef5c9|K585e49eb,P4b27ca24|Pe6321c84|P6d236a27|Pa0161654|P9a71ac7c,P672239f8,42931041.0
M9e650a57,Black Gold,2011,4,130,40000000,en,Adventure,Adventure|Drama,2,FR|IT|QA|TN,5,C12d40757|C40ddffad|Cbf3146de,10,45,False,,P2598469d|Pd761e806|P88b7e333|P4fe461da|Pd3a29393,P25398c8b,5446000.0
M2c29ef2a,Chaos,2005,1,105,20000000,en,Drama,Drama|Action|Crime,3,CA|GB|US,8,Cb0e2042e|C015707fe|C76f7a643,23,61,False,Kf6fd45be|Kcec27f06,P4b27ca24|P958f1dd9|P953616ba|P361cb6be|P44ecb829,Pd44d8756,10289.0
M87969d2c,Barnyard,2006,3,90,51000000,en,Animation,Animation|Comedy|Family,3,DE|US,3,C6146f42e|C507cfe58|Cbd577dde,20,20,False,Kae4dbdef|Kd3d56b8a|Kf7d3dfc2|K76a12ca0|K9a7a2db0,Pe44cf61d|Pa32924dd|P6c1d6a47|P6f155c36|P7846829d,P25123963,72779000.0
Me10cffa4,Zoom,2006,3,85,35000000,en,Family,Family|Fantasy|Comedy,3,US,2,Cf4478484|C98fdcebd,15,28,False,K04f1877b|K6bab75c0,P7e44f8c4|Pe44cf61d|Pd730679d|P9e79f4a8|P08c82a79,P4e53d623,12506188.0
M2f93a5f0,Bon Cop Bad Cop,2006,3,115,8000000,fr,Action,Action|Comedy|Crime,3,CA,2,C2f13640c|Cd9b35a08,14,12,True,Kdd6cc548|K0d25991c|K35fbf0b0|K6ed603be|Kf7ffd4f8,P5f2e62ba|P7da52033|Pcc0a51a0|P50e00758|Pb4f90a58,P9a0f4b6a,12671300.0
Me7a6ccb3,Half Nelson,2006,3,105,700000,en,Drama,Drama,1,US,6,C45f6926b|C6441bd10|Ca8ce83fc,23,18,False,Kd5641b5e|Ke7a5d80c|K9033eb93|K0ad56e35|Kd3103f62,Pfc16b487|P9b9408f6|Pb47b7f5d|Pb27917c9|P883324a0,Pc9311973,4911725.0
M1da193d4,Tideland,2005,3,120,12000000,en,Fantasy,Fantasy|Drama|Thriller|Science Fiction,4,CA|GB,1,Cf0ac274a,8,12,False,K511491fa|K03b817d9|K79547cd1|K224317b2|Kaa58a17c|Kdab6df1f|K20be92c5|Kd9198f5a,P4d71e533|P3e97ed13|P77496d83|Pdfa9d578|Pf554124a,P1a6bcbf1,566611.0
M2424674d,Accepted,2006,3,95,23000000,en,Comedy,Comedy,1,US,2,Cd7a83b16|Cef8b6ef3,33,35,False,K619be00a|K0a30d54e|Kc115c1fa|Kd276bfa9|K717d7477|K09b0f347,P3d8c4551|Pe13a0898|P4fc0ff75|P6317c325|Pfbe5262b,P0e092e29,38505009.0
M9015b8fa,The Queen,2006,3,105,15000000,en,Drama,Drama,1,FR|IT|GB|US,8,Cc3b00073|C721037ff|Cda813610,29,38,False,K615ad2f5|K0167559b|Kb34f5280|K4c442588|K8e2e025f|Kea09a81c|Kdfc0b517|K2f323f08,P2076b2ad|P66319b2e|P03e2c7bc|P44bdcb04|P9e82f046,P581cd374,123384128.0
M0cc5b54e,Beerfest,2006,3,110,17500000,en,Comedy,Comedy,1,US,1,C1e5d6ac4,26,23,False,K67f22cdc|Kda3a8325|K1199c976|K30ba46ef|Kbe4cc7bb|Ke4384e1e,Pe4e3f9f2|P0daa7ad0|P539c6c05|P2ebcf007|P586c39f7,P0daa7ad0,19179969.0
Me9f80130,The Wicker Man,2006,3,100,40000000,en,Mystery,Mystery|Thriller|Horror,3,US|DE|CA,9,C82201f3c|Ce53d0721|C5ce2cd37,18,10,False,Kc2b5e04a|K566c4248|K877e62a3|K08d1cdff|K7652162c|K059e42f4|K3d730148,Pa2178ef1|Pce96e08a|Pc23c1578|Pc2b65c32|Paa86d2b1,Pcc53fa2f,38755073.0
M22a54593,The Quiet,2005,3,95,900000,en,Drama,Drama|Thriller,2,US,1,C462d5784,20,23,False,Kc6484f9a|Kfee0b656|Kc1122bfb|K137adf5c|K329b0b67|K7cb2f9cd|Kd3103f62|K4281ec01,P2ddc34ad|P349670c2|Pb9f823b2|Pf2a5c1ee|Pc55751e8,P6eca56e2,381420.0
M038b7286,Sherrybaby,2006,3,95,2000000,en,Drama,Drama,1,US,1,Cd03dbc91,8,28,False,Kd3103f62|K4281ec01|Kcbf64eb9,P3ded3528|P6f344757|P1b36b90f|P897e16bc|P51175bd8,P6edbb44c,622806.0
Ma1e9700d,Idiocracy,2006,3,85,30000000,en,Adventure,Adventure|Comedy|Science Fiction,3,US,2,C6cbfdb5c|C132f1316,53,7,False,K1199c976|K755126fd|K2b746c3e|Kf872823e|K1b633222|K89099cca|Kd0f4a611|K7f284f24,P65676666|Pd5e4219f|P19f25908|Pfe946f0b|P48bf1a0e,P500b2212,495303.0
Me30b4e08,Initial D,2005,2,105,1549000,cn,Action,Action|Crime|Thriller|Drama,4,HK|CN,4,C76bd0fbb|C98b30496|C033d8a39,10,18,False,Kb6334c56|K89099cca|K65f4c828|Kb44e8055|Kd9a34eb2|Kf8e978ea,Pc5f9a431|P7a9c2459|Pe5ee3165|P33f80fa0|Pab787bc8,Pca125036,7096000.0
M96287528,The Black Dahlia,2006,3,120,50000000,en,Drama,Drama,1,FR|DE|US,8,Cd7a83b16|Ce4f77d56|Ced99e004,19,72,False,K0f0db118|K7e7aa96a|Keb5e7681|Kfd1da9ef,P28304cc9|Pb214a37a|Pe85b6a97|Pc23204e6|Pddceec1c,Pb1ee92f6,49111202.0
M96b62ed6,Apocalypto,2006,4,140,40000000,en,Action,Action|Adventure|Drama|Thriller,4,US,3,C8bbc0a3e|Cfe554a3f|C0532621e,39,78,False,K6a356631|Kd13fe849|Kfb2845a0|K943ef438|Ke5e5cfb4|K72d57cff|Kd0196534|Kfe543f69,Pa64180db|P6fc82f2a|P33dcfc71|P467f7c73|P2f18f7b5,P46240969,120175290.0
M337a3cf8,Flyboys,2006,3,140,60000000,en,Action,Action|Adventure|Drama|History|Romance|War,6,GB|US,4,Cadd28e55|C1cf4cc7d|C5d38df22,16,81,False,K7be894cf|K30107f01,P58bca367|P3e79d2a0|Pd4ba50b7|Pebd8b281|P3db5b202,P3515d4c9,17800000.0
M7008758c,Jackass Number Two,2006,3,95,11000000,en,Action,Action|Comedy|Documentary,3,US,1,C6146f42e,31,15,True,Kb17aae8e|Kb6e69059|K9d87ed05|Ke3af0cc3|Kfb36e1cd|K0ed44ab9|K38984ddf|Kf61191fa,P38b61b35|Pa7961a3f|P5d5f0e9b|Pc719053b|Pf4c5e177,P4253fd70,72778712.0
M3117a3c7,All the King's Men,2006,3,125,55000000,en,Drama,Drama|Thriller,2,US,5,C52e61c78|C1e29a000|Cdae08cab,12,23,False,K9df93747|Ked493fb4|K1451c5af|K50f0ee0b|Ke50579d9|K798d1d58|Ke546d3c4|K34120150,Pd76d11b5|P7ad6a156|P5516a531|P87a98968|Pa9b844fc,P687c3701,9450897.0
M54d75eb5,Pan's Labyrinth,2006,2,120,19000000,es,Fantasy,Fantasy|Drama|War,3,ES|US|MX,3,C1ce605e2|Cd793d264|C0ba862fd,31,44,False,K8eea5ed8|Ke7fd3ddd|K4e383866|K9ad21213|Kc2644603|Kd63352e0|Ka419d9f3|Kef0c5442,P48b96bf1|P97362523|Pb27911a9|P1a4272dc|P9b858923,P2b09a029,83258226.0
Ma1efc858,The Guardian,2006,3,140,70000000,en,Action,Action|Adventure|Drama,3,US,5,C593b51a0|C46cdb83b|C0532621e,15,21,False,K709db681|K33c032b7|Kd98f118f|Kb8281719|Kedc55cc4,P02f4f983|Pdbe8182c|P86bb3b10|P3f2eb207|P69d1be88,P5f0866de,55011732.0
Mf3662847,Open Season,2006,3,85,85000000,en,Adventure,Adventure|Animation|Family,3,US,1,C691c06b2,17,14,True,Ke7bdc112|Ke09d99ff|K7c0be96b|K0fda4a1c|Ka41db239|K00ee119f|Kd0196534|Kafa89063,P27021ad5|Pdbe8182c|P4b3bad5f|Pcc51d817|P349feb94,P88c7646c,197309027.0
M9cc75691,School for Scoundrels,2006,3,100,20000000,en,Comedy,Comedy|Drama|Romance,3,US,1,C07f90652,33,26,False,Kd5641b5e|Kda3a8325|K767bec4d|K87001976|Kd3d2133c,P08e0c086|P94171e12|P25910d28|P21c520f9|Pca66871e,P4f384f09,17807569.0
Mea1cd70e,The Departed,2006,4,150,90000000,en,Drama,Drama|Thriller|Crime,3,HK|US,5,C336c2b47|C68643661|C3e7bdc8f,71,71,False,Kb7b43807|K9c580a0a|K0d25991c|Kc5c53ac8|Ke864e2ff|K78d3caf5|Kfe856611|K8270f667,P2cb99efe|P9d23789b|P2484a098|P40d10530|P5768eddf,Pc1b16bc3,289847354.0
M993a4cd2,Employee of the Month,2006,4,105,12000000,en,Comedy,Comedy|Romance,2,US,1,C78367188,15,10,False,K3050fd05|K277a5e7d|K97009678|K25843200|K113d0352|Kfab67c1c,Pf5207e51|Pc9c9ff63|P19f25908|P43146035|P7eb687dc,Pa58f0a52,38368909.0
Ma0085751,Stormbreaker,2006,3,95,40000000,en,Adventure,Adventure|Action|Family,3,DE|GB|US,3,C83bf99c0|Ccc2f1425|C9bf8b696,20,21,False,Kdcf6a5ec|K58bb6de8|K03a83b12|K70912432|Kc79212af|K779b67dc,Pd80158f1|P6ad4f974|P5d50695a|P15027afd|P36b8752f,P9f864fd4,23937870.0
M580b7136,The Grudge 2,2006,4,100,20000000,en,Horror,Horror|Thriller,2,US,3,C52e61c78|Cd037f327|C336c2b47,21,18,True,K71bf1fc9|Kc4d7749d|Kf1b1594d,P1c20804a|P427249f9|Pa10a9d70|P415a699f|P07d171ba,Pbda6b2a7,39143839.0
M3301d7e9,Man of the Year,2006,4,115,20000000,en,Comedy,Comedy|Drama|Romance|Thriller,4,US,2,Cd7a83b16|C8679e149,28,17,False,K2b746c3e|K3ccb5600|K7df4b028,P8b29037b|P3be49d96|P94e5548f|P21b386a4|P8ee73a48,P88a4894e,41237648.0
Md7b53483,Infamous,2006,4,110,13000000,en,Drama,Drama,1,US,4,Cd6f28c26|C9ff0bc34|C37794aa2,13,45,False,K91dde98b|Ka3baf52f|K2e49d805|K77830caa|Kfd1da9ef,Pab61d2a5|P87107d44|P0affa6f4|Pbf6fd3c6|P83ac56f7,Pa0dfaebd,1151330.0
Ma829a142,One Night with the King,2006,4,125,20000000,en,Drama,Drama,1,US,1,Cafe77081,18,38,False,K1451c5af|K9f526c24|K8e2e025f|Kb8bf6d85,P3ce47515|P191dcec8|P3d146ec2|P13246bfb|Pcc00550c,P2c8e1db5,13391174.0
M9678106f,Facing the Giants,2006,3,110,100000,en,Drama,Drama,1,US,1,C462d5784,5,2,False,K5ceaca2a|Kdc87c7d5|Kfcbf608c,P83d7939c|Pa218ffb6|Pb0907d5c|P80c40121|P150574be,Pa218ffb6,10178331.0
M182b4a55,The Last King of Scotland,2006,3,120,6000000,en,Drama,Drama,1,GB|DE|US,8,C9ea1bb4a|C540e07d2|C60c81b3f,16,38,False,K9388831d|K4603cffd|K9a948f66|K9136e8a9|Kef5d5b64|Ke1d32bf2|K6380874f|Kfc30a50b,P52cbfc7b|P443289f8|P49f77bd8|Pda93cf7b|P6ea9ba14,P9ae0932d,48027970.0
M0152b686,Children of Men,2006,3,110,76000000,en,Drama,Drama|Action|Thriller|Science Fiction,4,GB|US,3,Cd7a83b16|C24b92766|C786e21c6,73,102,False,Ka2527a55|K6fb75ba3|Kcbf4eaa8|Kef93f011|K89099cca|K7f284f24|K65351ef5|Kdb691a95,P0707f4cd|P123185a4|P62eda3c0|P335a7a6e|P5498c3a1,Pa6dc9439,69959751.0
M2fb4fc0a,The Prestige,2006,4,130,40000000,en,Drama,Drama|Mystery|Thriller,3,US,3,C3e7bdc8f|C0532621e|Cedec6c61,41,58,False,Kda3a8325|K526c2540|K443b5d4d|K79547cd1|K9dfcf494|K9ec0e227|K2aaf35f7|Kf1860034,Pa70948d3|P1716f909|P123185a4|Pb214a37a|P56bf7213,P271d3962,109676311.0
M37f83487,Flags of Our Fathers,2006,4,130,90000000,en,War,War|Drama|History,3,US,4,Cfa01eb95|C9710581c|C27c08183,28,60,True,K230a811e|K9dfcf494|K2ec48e5a|K71cc773e|Kfcbf608c|Kd6073f4e,P958f1dd9|P3852b165|P85e4eff0|P93db5d43|P96e591c4,P6f65c5ac,65900249.0
Mde6d455b,Flicka,2006,4,95,15000000,en,Drama,Drama,1,GB|US,3,C6cbfdb5c|C7f89a29f|C1167702a,8,3,False,Kd081507d,Pc50694be|Pa90449bf|Pff9a122e|P68336a1a|P4c961145,P8b768718,21000000.0
M90ee3338,9th Company,2005,3,140,9500000,ru,Drama,Drama|History|War|Action,4,RU|UA|FI,7,C91c80377|C37ff5515|C756f6170,15,22,False,,P144cc972|P4825bf64|Pf36b53ee|P60fc3423|Pb021f361,P2ad38a91,24000000.0
Me7b25508,Saw III,2006,4,110,10000000,en,Horror,Horror|Thriller|Crime,3,US,3,Cb61eea90|C48500673|C08869c5b,13,13,True,K392bd87b|K60686471|Ke9079049|K92b72c66|K06a98c55|Kd65e2d9d|Kdfea6561,Pa07d485f|P87019300|Pa5454b66|P3d8f6134|P28e05c87,P438c1552,163876815.0
Mb5899773,Death of a President,2006,4,95,2000000,en,Documentary,Documentary|Drama|Science Fiction,3,,0,,4,6,False,Kb722db6a|Kc62bc6d3|Kd3103f62,P30041e29|P44d219ef|P8c77b22f|P30275409,Pc3f8d11a,167000.0
M8783d959,Flushed Away,2006,4,85,149000000,en,Adventure,Adventure|Animation|Comedy|Family,4,GB|US,2,C35902627|C586f6404,15,34,False,Kef728c09|Ka37bedb4|K1a87caf7|Kc8e08999|K4295d119|K99500dc4|K29b2f98b,Pa70948d3|P5516a531|P6ada0366|Pd4ba50b7|Pdaeaa73e,Pbca01d1f,64459316.0
Mfe321734,Perfume: The Story of a Murderer,2006,3,145,50000000,en,Crime,Crime|Fantasy|Drama,3,ES|DE|FR,7,Ce4f77d56|C23c445fe|C1e29a000,24,29,False,K24eec40f|Ka7984eec|K1199c976|Kc5a122eb|K443b5d4d|K498a2533|K72c7fef6|K60686471,P17934d14|P4521a3ae|P5b62bb4a|P9d2d2ec9|P081f152e,P482c31a3,132180323.0
Mdee83b19,The Santa Clause 3: The Escape Clause,2006,4,100,12000000,en,Comedy,Comedy|Family|Adventure,3,US,4,C72b723b8|Ce0b4c9ec|Cc442a247,17,16,True,Kedb0ba53|K19a14feb|Kd6073f4e|K399ba99f,P7e44f8c4|Peb8f1c49|Pefabc2c2|P199df314|P6ed0a6d2,P67b80631,84500122.0
M35807bd7,A Good Year,2006,3,120,35000000,en,Comedy,Comedy|Drama|Romance,3,US,2,C7f89a29f|Cd5a1e1a6,63,19,False,Kef593078|K7387a560|Kd53a9095|K4a236b7f|K7a533b1a|K7806bb23,Pf4bdfa1a|Pea601c7b|P232079de|Pf265d5c4|P81442d74,P54540f1f,42064105.0
M91db75a6,The Return,2006,4,85,15000000,en,Drama,Drama|Horror|Thriller,3,US,5,C26794216|Cc054e56a|Cbf1ef0e0,20,26,False,Kb17aae8e|Ke30f40a7|K4b802e88|K35fbf0b0,Pcdb2bdab|Pc23c1578|P1c20804a|P645bc1a7|Peee2378c,P9671eebb,11992014.0
Ma3057fe0,Casino Royale,2006,4,145,150000000,en,Adventure,Adventure|Action|Thriller,3,IT|GB|US|CZ|DE,3,Ccf159454|Ca2f841df|Cba872286,79,126,True,Keae2ee2b|Kde829ea0|Ke33fde63|K4d2febdc|K8bf348a3|K9bddb5a5|K37058c5a|K5fcea8d1,P3d5ce154|P25926a42|Pa208cfd9|Pf0ddf122|Pcfe2fbb3,P61003287,599045960.0
Mb6a22d70,Happy Feet,2006,4,110,100000000,en,Animation,Animation|Comedy,2,AU,2,C15749a2b|Cbc6daac9,20,69,True,K709db681|Kf054b630|K00b165eb|K18ddcb45|K512edb87|Keec6e143|K2ec4a374|K6e781bd1,P6f0b74b5|P8b29037b|P61e1b201|Pa70948d3|P8bb333ae,P807517ed,384335608.0
M70fec96c,Let's Go to Prison,2006,4,85,4000000,en,Comedy,Comedy|Crime,2,US,1,Cd7a83b16,20,28,False,K4eaa0722|K413cf7fa|K25843200|K11e5a0ad|K025ddba1,P19f25908|Pee9169c5|P88deb675|P842eb32b|Paa341d84,P3730669f,4630045.0
M2dae556e,Déjà Vu,2006,4,125,75000000,en,Action,Action|Thriller|Science Fiction,3,US,3,C4fb6882a|Cd5a1e1a6|C0532621e,18,59,False,K6935c473|K649efc2b|K804bfd5b|Kf34e9558|Kaf916823,Pbbc37df2|P3a27ae88|Pcfb78473|P864bcbbd|Pa7632749,P1d6141ee,180557550.0
Md6df964a,Harsh Times,2005,3,120,2000000,en,Crime,Crime|Drama|Thriller|Action,4,US,1,Cd8418e70,16,10,False,K9f4695cd|K90b8033a|K5581875f,P1716f909|P4d56e1fc|P60422cb6|Pb0c5b120|P32f09f3e,Pa9d23fc9,5967038.0
M4d07332e,Tenacious D in The Pick of Destiny,2006,4,95,22000000,en,Comedy,Comedy|Music,2,US,2,C6988cd6a|C9e48d798,18,5,False,K46624ba5|Kdaf3dc08|Kd5acb9df|K1bda3e11|Kad5ee00f|K8b1dad1c|Ked907cc5,P72d7d3b1|Pc5181942|Pb3747d6d|Pb494fa6f|P5409b4ac,Pf25c7fd9,13405595.0
Mca0b53d4,Blood Diamond,2006,4,145,100000000,en,Drama,Drama|Thriller|Action,3,DE|US,7,C29177e10|C7de52327|C1c5e031d,22,87,False,Kcbf4eaa8|Ked493fb4|K00b0e1a7|K6a356631|Kfb2845a0|K13a62eac|Kba48be94|K5b382bb8,P2cb99efe|Pba7f0b0a|P6a544fc5|P9c1a8d25|P2407f86e,Pe91fb048,170877916.0
M9aa867ab,Charlotte's Web,2006,4,95,85000000,en,Comedy,Comedy|Family|Fantasy,3,DE|US,2,C6146f42e|C4b157932,45,26,False,Kcc343814|K63195295|K770c1273|K61573d46|Kbef18965|K5011ba81|Kf9d60671|K111e2b6a,P9195777d|Pa887b05b|P00c082cc|Pbff4a5d2|Pc7895e74,P100a490f,144000000.0
M94d2c597,Eragon,2006,4,105,100000000,en,Fantasy,Fantasy|Action|Adventure|Family,4,GB|US|HU,7,Cadd28e55|C6cbfdb5c|C53a9ea27,15,26,False,K1451c5af|K692be979|Kf6ced2f1|Kb407fd08|K30164b21|K779b67dc,P1e1769b9|P3af08c02|P0e6fa9f3|Pf96a3b1a|Pba7f0b0a,P6943b75c,249288105.0
Mde6af598,Rocky Balboa,2006,4,100,24000000,en,Drama,Drama,1,US,4,Cf4478484|C98fdcebd|C193a62c4,16,23,True,Kb303ab6a|K8e05e851|K7a3e26a4|K0b2e661a|K2d099cfa|K53c130d2|K7627e59c|K821942a4,P468a604c|Pe7367b58|P050bc953|Pafac3440|P22507c2f,P468a604c,155721132.0
Mb74fbfea,Fur: An Imaginary Portrait of Diane Arbus,2006,3,120,16800000,en,Drama,Drama|Mystery|Romance,3,US,3,C261bbdea|C49e92df1|Ce8eb7dcc,15,31,False,K63569927|K4385ab38|Kb87ba9e6|K89a13bfa|Ke19c791d|Kc3b7bd12,P8bb333ae|P9aaea10b|Pf73f885f|P5d7cd16a|P84e5e73c,P77e04ae1,2281089.0
Mf011cdfa,We Are Marshall,2006,4,125,65000000,en,Drama,Drama,1,US,4,Ceddfe7b0|C6e250e55|C62730ca8,8,13,False,K63327ad9|K4603cffd|Kb6c1558f|K94571983|Kdc87c7d5,P9d278739|P4b31e561|Pde213099|P8e1bdae6|Pa34e3ce0,P6278871c,43545364.0
M64db4aa2,Dreamgirls,2006,4,135,70000000,en,Drama,Drama,1,US,3,C6146f42e|Cfa01eb95|C3dcb868e,23,86,False,K521d74bb|K98810218|Kfe6fb0dc|K06ec2ec0|K69ceb4aa|Kb5659b99|K65612631|K6380874f,P20c8297f|Peb9c80e6|P1c7f1d9d|P6f155c36|P1c4e1bc5,P9956b2eb,154937680.0
M4001a303,Freedom Writers,2007,1,125,21000000,en,Crime,Crime|Drama,2,DE|US,3,C9b55c3fb|Ca1800b09|C13b9b3bf,28,66,False,Kfe6fb0dc|K1451c5af|K20a126ce|Ka40b6003|K87bd8b37|K4e12c5cc|K4385ab38|K137adf5c,Pc23204e6|Pf83802ba|P339559a2|Pd1604614|Pf4767960,P8079d011,41170784.0
Mcb01641b,The History Boys,2006,4,110,4000000,en,Comedy,Comedy|Drama,2,GB,3,C60c81b3f|Ce09e087e|C6cfa93a0,15,16,False,K0c50837f|K126f9f16|Kb1cb14ee|K235084a5|Kb4ad3352|Ka1d3ec6b|K360ff435|K9fe2949c,Pb5a6b05a|P6b8eb19e|P608c4074|Pbbb8979f|Pec6fbec2,Pcb12c641,13401952.0
Mf413d9aa,Notes on a Scandal,2006,4,90,15000000,en,Drama,Drama|Romance,2,GB,6,C9ea1bb4a|Cda813610|C60c81b3f,23,15,False,K511491fa|K06ec2ec0|K1451c5af|K9cb98d13|Kb8d59c8d|K526c2540|K443b5d4d|K50f0ee0b,Pf0ddf122|P7ee731d8|Pdaeaa73e|P05e9fa10|Pc3d15b72,Pa0fdd3eb,49469904.0
M24efabe3,DOA: Dead or Alive,2006,3,85,21000000,en,Adventure,Adventure|Action|Thriller,3,DE|GB|US,6,Cf9732504|Ce9a4656c|C2f05fbf1,18,8,False,Kda3a8325|K1308518c|K6d7db2b4|K52525103|K7a3e26a4|K566c4248|Kea685510|K191ea337,P8732f807|P0971a806|P0463d375|P2232c1a3|Pc3d4a66e,P17fd7bc5,480314.0
M4dc7624c,The Good German,2006,4,110,32000000,en,War,War|Crime|Drama|Mystery|Romance|Thriller,6,US,3,C3e7bdc8f|C70343c3f|C1ed8092b,15,53,False,K0fc9b725|K9df93747|K177820aa|K0b2e661a|Kc4b22c2f|Ka3109f27|Kc1162113|Ka9f1b88a,Pd4551c6e|P7ee731d8|Pf9bb3d0b|Pe8b66e60|Ped1453f1,Pd886c47f,5914908.0
Mcc5bc1bc,Letters from Iwo Jima,2006,4,140,19000000,en,Action,Action|Adventure|Drama|War,4,JP|US,4,Cfa01eb95|C9710581c|C27c08183,18,49,True,K230a811e|K9ec3c94f|K9dfcf494|Ke74e732b|K97aaef88|K81db7ad7,P4ca40cde|P78849465|P5fe75c58|Pba5412c0|Pac8795dd,P6f65c5ac,68673228.0
M4c3ff235,Black Christmas,2006,4,85,9000000,en,Horror,Horror|Thriller,2,CA|US,1,C07f90652,16,7,False,Kedb0ba53|K7af4787d|K639314e0|Ka235aaf3|Ka05e8854|Ka2122fa4|K88ffb92c|K45ea3192,P9b25a799|Pa64cb8ad|Pf8c3f429|P5ec4078e|P3a2e50a1,P834cf870,21510851.0
M906c417d,Happily N'Ever After,2006,3,75,47000000,en,Animation,Animation|Comedy|Family|Fantasy|Science Fiction,5,DE|US,4,C684a2dfc|C78367188|C505056f1,17,38,True,K743ae960|K059a5fd2|K2ae7ec5e|Kfd51d2bf|K2f880fce|Kd63352e0|K52d93ded|Ke85cdcac,P60cd7cf5|P43146035|P1c20804a|P88cb63ab|P6f0d26f0,P2aeec9d8,38085778.0
M47f1c03c,Code Name: The Cleaner,2007,1,85,20000000,en,Action,Action|Comedy|Crime,3,US,1,C6988cd6a,13,2,False,,Pc7895e74|P99abea01|P6758d65c|P6f13cb2d|P5ba54ccc,P5b2f2e43,10337477.0
M33c9e5be,Stomp the Yard,2007,2,115,13000000,en,Drama,Drama|Music,2,US,1,Cff57c863,12,13,True,Kb3ea3038|Kb028491c|Kc8d78235|K137adf5c,Pfbe5262b|P0e1f3b2c|P8f840a9f|P3d240f6b|Pc9d63121,P2598b44a,75511123.0
Md4f38e3a,Miss Potter,2006,4,90,30000000,en,Drama,Drama|Family|Romance,3,GB|US,1,Ce09e087e,25,12,False,K188c501a|K528c02fb|K77830caa|K5f53e9af,P5d50695a|P79cd1763|Pc3043c91|P1d9b1097|P0691d270,P54a6c215,35078241.0
Me13b0a12,Arthur and the Invisibles,2006,4,95,86000000,en,Adventure,Adventure|Fantasy|Animation|Family,4,FR,4,C2418e9a7|Cd76d7485|C165268fe,27,27,True,K0f3b9cda|K70912432|K96372f51|K6b9ad492|K9a7a2db0|Kb407fd08,Pe08f2c25|Pddfe069b|P0dc6fa7e|Pfe4fc098|Pce076c43,Pad9f53b5,107944236.0
M90ebdbe6,The Hitcher,2007,1,85,10000000,en,Action,Action|Horror|Crime,3,US,3,Cc054e56a|C94ac9dbe|C46f771f9,7,10,False,K6850b12d|Kbb1efb21|K355d3705,Pa0abef07|P71fb87b1|P1e27bd0c|P5b6ff605|Pfd383394,P0ead0cc7,25399945.0
M1ae4dda2,Killer of Sheep,1978,4,85,100000,en,Drama,Drama,1,US,1,Cf0c3ee66,6,1,False,K7c0bce3f|K9bddb5a5|K0a1fa271,P8beb192d|P091c2ed5|Pbcbff094|Pe12a007d|Pb6866144,P75dd96fd,362222.0
Meb57641f,Waitress,2007,2,110,2000000,en,Comedy,Comedy,1,US,1,C05eae6a8,20,17,False,K94f985a9|K9b4b8a12|Kcbf64eb9,Pe896c281|P77ce0d31|Pa419e9f5|Pe68a631c|P2df4b982,Pe562923f,22179430.0
M987f533a,Catch and Release,2006,4,110,25000000,en,Comedy,Comedy|Drama|Romance,3,US,2,C52e61c78|Cdae08cab,12,14,False,Kd3103f62|Kcbf64eb9,P56976266|P4002418d|P7e090b5e|P22e8151e|Pe8e35f2f,Pce3fd10e,16158487.0
Mdf5f27e8,Smokin' Aces,2006,4,110,17000000,en,Action,Action|Comedy|Crime|Thriller,4,FR|GB|US,5,Cd7a83b16|C668b01c5|Cdae08cab,30,19,True,Ke0fb0a6e|K01c1572d|K0c24b3e3|K4869d83d|Ke7dde3b3|K798d1d58|Kd7e147eb|K0d25991c,P6b87f42a|Pb3dd3313|Pe963d303|P7d896185|P937355b4,P82f51058,57103895.0
M42f444fc,Epic Movie,2007,1,85,20000000,en,Action,Action|Adventure|Comedy,3,US,4,C6cbfdb5c|Cc2c73c36|Cfc1e76ab,18,15,False,,P31cd8751|Pc17a029f|P5974c4db|P87a93c16|P790c9103,P15575b6c,86865564.0
M63abc572,Hannibal Rising,2007,1,120,50000000,en,Crime,Crime|Drama|Thriller,3,GB|CZ|FR|IT,7,Cadd28e55|C9813c327|C40ddffad,17,19,True,K12864c24|Ka05e8854|K5489feee|Ka2122fa4,P33a43f2f|P8f6a0eb3|P547f9bbe|P706b881f|P85ac7180,P656e0e0a,82169884.0
M6110fc2c,Norbit,2007,1,100,60000000,en,Comedy,Comedy,1,US,3,Cfa01eb95|C98c258fd|Ceb7a7765,15,9,False,Kb517b1a9|Kef70da46,P1c7f1d9d|P72ffb51e|Pfe946f0b|Pccbad079|Pe1224dc7,P416cd319,95673607.0
M7cd7d5ad,Ratatouille,2007,2,110,150000000,en,Animation,Animation|Comedy|Family|Fantasy,4,US,2,C72b723b8|C5f1dc623,23,56,False,K24eec40f|K2b5d957d|Ke172ebc4|Kbf16afac|K12749c65|Kc14495e8|Kd58bb223|Ka16178e4,P711d5bf8|P6eb8b494|P30e1dcff|Pabff7fb3|Pefd7b846,P31049c8b,623722818.0
Mbb56c502,"Paris, je t'aime",2006,2,120,13000000,fr,Drama,Drama|Romance,2,FR,3,C1720cce7|C68bbb8c8|Ce8812651,48,61,False,K24eec40f|K1140265e|Kc42414c8|K253334af|Kfa895068|K3b0680c6|K02d5ed5f|Kcf24daef,Pa887b05b|P158ca9d1|P9a2edffb|P3ded3528|Pa62b348e,P77a01382,4857367.0
M13819e31,The Astronaut Farmer,2006,4,105,13000000,en,Adventure,Adventure|Comedy|Drama|Science Fiction,4,US,1,C17ab1e93,60,16,False,K2c4719da|Kf6d4d5a6|Kf8baada2|K4869d83d|Kb6fc12fe|Kae4dbdef|Kf3572fd4|Kd3d56b8a,P08e0c086|Pda83617f|P32b759c9|P2f1c0362|P0ca5ffd2,Pbc6a22f2,11130889.0
Mabb154d7,It's a Boy Girl Thing,2006,4,95,15500000,en,Comedy,Comedy|Fantasy|Romance,3,CA|US|GB,5,Ce37ef585|Cfe554a3f|Cbc6302ea,13,17,False,Kb0b641f3|K25a3086d|Keec6e143|K251f030c|Kf1b1594d|K57f246b9|K8f1ef16d|K8e4844b2,P08c82a79|Pb55ef95f|Pd721e596|Pb2ef5468|Pe55ab6c6,Pe12885eb,7385434.0
Mf5f8011a,Myra Breckinridge,1970,2,95,5000000,en,Comedy,Comedy|Drama,2,US,1,C6cbfdb5c,16,5,False,K1dd7c969,P2f44fa77|P95cfa58a|P7fd3c55d|Pc197c91e|P62df09f7,P45ede0ad,3000000.0
Ma729ecaa,Days of Glory,2006,2,130,14500000,fr,Drama,Drama|History|War,3,DZ|FR|MA|BE,1,Ca4f36643,18,10,False,K230a811e|K3ac1cfb3|K6463d258|K55b180f4|Ke4105161|Kef0c5442|K2e882eb3|Kd3103f62,P437afb2c|P1b5f133d|P83ee537a|P9856c03c|P2c698464,P7715050c,22963701.0
Md8d8c384,Unknown,2006,4,100,3700000,en,Crime,Crime|Drama|Mystery|Thriller,4,US,1,C2e2d47e6,26,22,False,Ke0fff442|K47dc8a72|Kf687e8e6|K9136e8a9|Keaa2c548|K0d25991c|Kfc7d5102|Kdc63e329,P864bcbbd|Pa4d4e204|P55688699|Pc21fb361|P8c5e34bb,P589f2f77,3338228.0
M48679f4b,Trailer Park Boys: The Movie,2006,4,95,5000000,en,Comedy,Comedy,1,CA,1,C14fcbad7,12,7,True,Ka38abaff|Kdd6cc548|Kb22b8e5b|Ka646ca77|K95299216|Kf33b31dd,P09728a38|Pd2e05dda|P3381de8e|P7e3c3d0f|P6ea774de,P85eaed7f,3833507.0
Mb205e572,Ghost Rider,2007,1,115,110000000,en,Thriller,Thriller|Action|Fantasy|Horror,4,US|AU,7,C52e61c78|Cdae08cab|C61c1cdea,19,58,True,Kd49e15ee|K9dfcf494|K3b641cd6|Kb6cbf2bb|Ke3af0cc3|K84c0ad89|K923101f0|Kf0ee355f,Pa2178ef1|P750e20b3|P3fb4b40c|Pff14f26e|P6c1d6a47,P148cee9d,228738393.0
M46edc2fd,Daddy's Little Girls,2007,1,100,10000000,en,Comedy,Comedy|Drama|Romance,3,US,2,Cb61eea90|Cdcd05b25,19,12,False,K3519315b|K7c0be96b|Kcf15988c|K7da32c41|K8069284a,Pd83ca452|P2ca69f9f|Pf931c6f4|Pfc2c08ce|P0f1e4322,Peffdff03,31609243.0
M9bf9177b,Music and Lyrics,2007,1,95,40000000,en,Comedy,Comedy|Music|Romance,3,US,4,C1246c604|Ce4e76224|Cc9087c87,73,26,False,Ka0de5fc2|Kc1293130|K4786f4fd|Ka392985d|K365c4ad0,Pe0243597|P3f407781|P9e51f981|P887c8fa2|Pcf15bdf7,P7dc48889,145896422.0
M1969f2a6,The Number 23,2007,1,100,30000000,en,Thriller,Thriller|Drama|Mystery,3,DE|US,3,C6988cd6a|C593b51a0|C46cdb83b,17,12,False,Kc8aa65cd|K1451c5af|Ke7253a00|K443b5d4d|Kd345f6ab|K92b39d7d|K6ed603be|K9a7a2db0,P3831e867|Pda83617f|P5c436162|Pf8af4a2a|P20be23ec,P59045db6,77566815.0
Mea75a7e1,Reno 911!: Miami,2007,1,85,10000000,en,Action,Action|Adventure|Comedy|Crime,4,US,7,C6146f42e|C9b55c3fb|Ca1800b09,28,20,False,K511491fa|K4d2febdc|Kfbde6d20|K60686471|K0d25991c|Ka9306de8|K7563a553|Ka82ab652,P10bdb82e|P6f263068|Pf12acab6|Pb2458829|P0030fd2a,Pf12acab6,20342161.0
M16dc5df3,Kidulthood,2006,1,90,994000,en,Drama,Drama,1,GB,3,C4aee9437|Ca3b66e42|C044d700d,10,11,True,Kef728c09|Ka40b6003|K612c5674|Kc26b1a77|K57f246b9|Kf1fbe500|K2d055b5e|K0f5aaf0f,Pb22f4caf|P04985201|P2b2d1f90|P7fff25ba|P743ad54a,P265dab8c,165000.0
Mc1a8ace5,Hot Fuzz,2007,1,120,12000000,en,Crime,Crime|Action|Comedy,3,GB,5,Cd7a83b16|Cdefa0672|C668b01c5,45,25,False,Ke5e5cfb4|K4ad0064e|K0d25991c|Kb72a3d3e|K35fbf0b0|Kda5d0fe2|K419adec7|K48446712,P77e32dde|Pde9a236a|Pecc8fbbe|P5564cba8|Pb2614e2e,P42d4c0d3,80573774.0
M09a76798,Next,2007,2,95,70000000,en,Action,Action|Science Fiction|Thriller,3,US,5,C6146f42e|C1c5e031d|C98fdcebd,30,47,False,K6898ee8b|Kd6073f4e,Pa2178ef1|P62eda3c0|Pe2235564|P88ce8fad|P35345bd9,Pa93f1f6b,76066841.0
M9e8e4fd5,Wise Guys,1986,2,100,13000000,en,Comedy,Comedy|Crime,2,US,1,C1e53a163,18,13,False,Ke864e2ff|K25177432|K49df854a,P6f263068|Pe6ad6ca6|Pfb649c8d|Pc7915c6a|Pe4f91ee4,Pb1ee92f6,8475466.0
M4ba7f0f9,Zodiac,2007,1,155,65000000,en,Crime,Crime|Drama|Mystery|Thriller,4,US,3,C6146f42e|C3e7bdc8f|C3257102f,26,43,False,Kc2b5e04a|K2c1bbb24|K91dde98b|Ked493fb4|K29e6a2b4|K4f1bb2e0|K7c953bca|K8d638253,P536a41bf|P9aaea10b|P282469c4|P6ad5be64|P7df79f5c,Pa8beb66e,84785914.0
Mf1200d04,300,2006,4,115,65000000,en,Action,Action|Adventure|War,3,US,7,C1c5e031d|Ceddfe7b0|C0efc044c,87,87,True,K1e69b2a6|Ka985d1ab|Kb68e8fd6|Kef0c5442|Ke1d4185c|K38fdc8cf|Kba0d293c|Kcb2b72ac,P979428ee|P82a0adaa|P706b881f|P210792a8|P33c039df,P7dac83b0,422610419.0
M319f90f7,The Host,2006,3,120,11000000,ko,Horror,Horror|Drama|Science Fiction,3,KR,4,C581e0629|Cfac227fe|C82e13616,7,10,False,Kbf16afac|K76ae9c3f|K6a646879|K64866fdd|K137adf5c|K3a06e619|K1fe3301a|K12452517,P636078df|P0a3af052|Peb738869|P5b9b2c3e|P595d3096,P9030df77,88489643.0
Mcd3d3c3e,Becoming Jane,2007,1,120,16500000,en,Drama,Drama|Romance,2,GB|US,3,C4e47987a|Cc7001f42|Ccfe2abbc,18,15,False,Kdcf6a5ec|K82a98e31|Kfa895068|Kce3ab7a5|Kd2111336|K89099cca|Kb3ab592e|K03618637,Pfd2a74e7|P443289f8|Pec60ac6c|P03e2c7bc|P12f8d604,Pfc6ff0db,37311672.0
Mfbeba2bf,The Namesake,2006,3,120,12000000,en,Drama,Drama,1,IN|US,2,C9ea1bb4a|C64a338a7,9,16,False,K8867be76|Kd3103f62|Kcbf64eb9,P31cd8751|Pa99435dd|P219eba99|Paeb6481d|P25910d28,Pa1451aed,20138836.0
Mad0f3f8c,I Think I Love My Wife,2007,1,90,11000000,en,Comedy,Comedy|Romance,2,IN|US,1,C9ea1bb4a,10,14,False,,P560244ba|P6ea9ba14|Pa49b8004|Pa887b05b|P74b14980,P560244ba,13196245.0
Mdea6640c,Premonition,2007,1,95,20000000,en,Thriller,Thriller|Drama|Mystery,3,US,3,C6dfc8237|C570a3fc3|C80433639,20,22,False,K6935c473|K9dfcf494|K804bfd5b|K808f4a8f|K7652162c,Pbf6fd3c6|P91fda73f|Pf764ee16|P62aa2743|P57552e6d,Pe085a8af,84146832.0
Mabbdf7db,Dead Silence,2007,1,90,20000000,en,Horror,Horror,1,US,3,Cd7a83b16|C48500673|C08869c5b,17,80,False,Kb1aa9b34|Ka7223527|K821942a4|K8ededc31|K56e50db3|Kffdb4baa|K54a7f3ef|Kf1b1594d,P4c961145|Peba49252|P16cc83fc|P85597fcc|P865bcdcb,P0ace500a,22217407.0
M700f4972,Reign Over Me,2007,1,125,20000000,en,Drama,Drama,1,US,5,Cf4478484|C87ffc222|C133514de,31,15,False,Kd58bb223|K59cab57a|K046016cf|K639314e0|K877e62a3|K47d29439|K4fcfc4d1|Kec9cb14f,Pc82d1114|P57744027|P94cdbb6d|Pce2c4e19|P4b1cdc3c,Pd0f45010,22222308.0
Mb20d9e4d,Shooter,2007,1,125,61000000,en,Action,Action|Drama|Mystery|Thriller|Crime,5,US,3,C6146f42e|Cac465b03|C529f71dc,16,10,False,K9df93747|K0c24b3e3|K1d42b6b9|K2f0c7c19|Kb4760d1a|K554808ba|K03d7988d|Kaf916823,P40d10530|Pb3e20a3a|P6f155c36|Pa1581fbd|P32b1dfbc,P0efd056c,95696996.0
M23cb8b30,Black Book,2006,3,145,21000000,nl,Drama,Drama|Thriller|War,3,NL|DE|GB,17,Cec607a01|C295bb1fa|C45c222dc,18,66,False,K8779cfd8|Kf67016a6|K230a811e|Ka77deba2,Pbf5c9cd9|Pead051a0|P95fa8e8a|Pabe3cadd|P707e93fe,P41054a7e,26193068.0
M4c7e5adc,The Lookout,2007,1,100,16000000,en,Crime,Crime|Drama|Thriller,3,US,2,Cf8f92f7f|C475937d3,36,15,False,Kc5b65b8c|Kd45f1817|Kb2dd1d83|K7652162c|Kca0f1cb3|Kb5a55fd5|Kcec27f06,P8e89b53a|P63cebd80|Pd4288e7a|P0bae546f|P20f57bc9,P576340a7,5367030.0
Mbd999c16,The Reaping,2007,2,100,40000000,en,Thriller,Thriller|Horror,2,US,5,C1246c604|C32d6fdc3|C3e7bdc8f,15,17,False,Kbf16afac|Kef93f011|K7db97ba9|Ke546d3c4|K4295d119|K284a662d|K648bad42,Pc23204e6|P0bef371a|P2ca69f9f|Pb6a433d3|Pb968a7ba,P82172aeb,62771059.0
Mcd833795,Seraphim Falls,2006,3,115,18000000,en,Western,Western|Drama,2,US,1,C8bbc0a3e,11,35,False,K903548db|Kc59e0c92|K6e9bdb3a|K111407d1|Kdc24b9d6|Kea56a011|K1fcf18d1,P1b4a1135|Pc745bfc7|P77f5af5c|Pae85f4b7|P353feeea,P2f0f33ac,1196307.0
Mcedcab01,Sunshine,2007,2,105,50000000,en,Science Fiction,Science Fiction|Thriller,2,GB|US,4,C60c81b3f|Cadd28e55|C6cfa93a0,12,13,False,Kd3ee2033|Kf10ad044|Kfcc5746f|K546d281f|K74bd6eb1|K2a47931f|K16f6df26|Kf3572fd4,P2053e144|P7b418b7c|P8164fa59|P6458924a|P92c82f6a,P8c6407a8,32017803.0
Mf0215bde,Perfect Stranger,2007,2,110,60795000,en,Crime,Crime|Drama|Mystery|Thriller,4,US,2,Cf4478484|C98fdcebd,15,6,False,K8138e4d1|Kd00e473f|K1ca612f4|K325d2a20|K0de19f1e|K35fbf0b0|Kca0f1cb3|Kf1fbe500,P1de24948|Pbc324a94|P0d4dd445|Pe6b26025|Pb32b4f97,P8687decb,73090611.0
M55e92ebf,Pathfinder,2007,1,100,45000000,en,Adventure,Adventure,1,US,4,C6cbfdb5c|C53a9ea27|C3daa7e6b,16,22,False,Kea755439|K58cd70ff|K5fcea8d1,P7f9caf38|Pec8d4dfe|P5e5e1094|P4df2dcb4|P0c552557,Pe54b7198,30822861.0
Md905fdfd,Slow Burn,2005,3,95,15500000,en,Mystery,Mystery|Crime|Drama|Thriller,4,US,4,C9b58e393|C3721cb6d|C9ff0bc34,5,35,False,,Pb3dd3313|P38e5ab9d|Pec4fcf4a|Pa990de63|P5498c3a1,P943def65,1237615.0
M055f90bd,The Contract,2006,2,95,25000000,en,Drama,Drama|Action|Thriller|Crime,4,BG|US,2,C955a68b7|C2635aa18,14,12,False,K2b746c3e|K5b07d285|Ke7dde3b3|K658fee08|K7c953bca|Ka2122fa4|Kaf916823,P9c10a86e|Pe00a4034|P901c100c|Pabf99133|P087d7f82,P79f5904c,5549200.0
M5f1287b9,In the Land of Women,2007,2,95,10000000,en,Romance,Romance|Comedy|Drama,3,US,3,Ce4e76224|Cb54ad674|C1b020c70,25,10,False,Kb8d59c8d|K35845391|Keec6e143|K23e3c2ed|K251f030c|Ka43fbb3a|K8e4844b2|K2ad7d4de,Pf8a6242d|Pff66170f|P1651784d|Pd2e0afc3|P0af16de9,P51c15bf1,17500000.0
M8c0f8f72,Mr. Bean's Holiday,2007,1,90,25000000,en,Family,Family|Comedy,2,GB|US|FR|DE,2,Ccadc3204|C0110c455,8,21,True,Kedb0ba53|Kc56ceab0|K89f956e3|K65351ef5|K22c602f4|K216f0e7c|Kfcbf608c,P62db77cb|Pfb53e669|Pf277ff3f|P9a2edffb|P3323ac88,P85c97752,229736344.0
M2e431269,Spider-Man 3,2007,2,140,258000000,en,Fantasy,Fantasy|Action|Adventure,3,US,3,Cf4478484|C99dba64f|Cf60e0133,143,56,True,K06357137|Kf687e8e6|K93f264b2|K0b2e661a|Kdcf0ed6d|K770c1273|K70912432|K43f1c417,Pf9bb3d0b|Pfe6d4c3d|P58bca367|P524a1a69|P88f192ec,Pb8906202,890871626.0
Md4176773,The Rocket: The Legend of Rocket Richard,2005,4,125,8000000,fr,Drama,Drama,1,CA,0,,8,1,False,K49eb1525|Kdc87c7d5|K3818041a|Ke20f7a4c|K8d639931,P19e7b07f|P4eb30233|Pde0cb8b7|Pd0855f9a|Pba650dbb,P24f22b9f,2019009.0
Ma415c51d,Day Watch,2006,1,130,4200000,ru,Fantasy,Fantasy|Horror,2,RU,3,C0f5c8c4c|Ccff8cb03|C3c3eee4f,24,15,True,Kffb9e482|K1cdca0c8|Kd52903b2|K20297aca|Kd574d4c9|K0a1fa644,P570c5b5b|P65c1c845|Pac3c21a8|P6a78b3cf|P103c97f2,P97a9e6f2,38862717.0
Ma0e2994c,This Is England,2006,3,100,2380000,en,Drama,Drama|Crime,2,GB,4,C550e4030|C6cfa93a0|C37590b4d,18,14,True,Kedb0ba53|K9aa63b64|Kdcf6a5ec|Kd3764086|Kd3103f62|Keede16fc|K16d14ec6|K37228ca6,Pc906dca6|Pafed72bd|P4d3e8ce1|P1643f425|P159e5fbc,P5ccf8e40,8176544.0
M2e2bf24c,Knocked Up,2007,2,130,30000000,en,Comedy,Comedy|Romance|Drama,3,US,2,Cd7a83b16|Cecb58e4c,37,17,False,K30ba46ef|K845da920|Kce877ce5|K3f0adf56|K413cf7fa|Kdd1f1e8e|K442bfc02|K363cffb3,P32730d58|P6599de6a|P4da722a4|Pb33386a7|P8961bd5c,Pf8cd7d4f,219076518.0
M9b5edf88,28 Weeks Later,2007,2,100,15000000,en,Horror,Horror|Thriller|Science Fiction,3,ES|GB,6,C60c81b3f|C566518be|Cc256289c,52,61,True,Kef728c09|K0167559b|K6a356631|Ka6194240|Kc00cb5c1|K9dfcf494|K65351ef5|Kebbad824,Pe5d50dde|Pf96a3b1a|P7b418b7c|P1180ab67|P424e4286,Pad4c8c7a,64238440.0
M5e88a59d,Pirates of the Caribbean: At World's End,2007,2,170,300000000,en,Adventure,Adventure|Fantasy|Action,3,US,3,C72b723b8|C4fb6882a|Cdaa4c9b1,34,32,True,K709db681|Kcca842bb|Ke62b95f6|Kcbbf78c5|K0b2e661a|K3de100c1|K4fdd4469|K77b45109,Pd34c4eab|P8e74e958|P73f53fc6|P10291a37|Pbf41fe4c,Pb3125d33,961000000.0
M4060b325,Bug,2006,2,100,4000000,en,Horror,Horror|Thriller,2,US,3,Cb61eea90|C20323ce4|C18977ba5,7,31,False,K443b5d4d|K3788e79b|K7f49c806|K5b68bb6a|K8dab5a8c|K3c2dc091|Keb125e57,P89367870|P58f4559e|P6e4d9cf5|P20be23ec|P99e58627,P51a13d4a,8059140.0
M1341600b,Gracie,2007,2,95,9000000,en,Drama,Drama,1,US,2,Cac5e9db1|C1b4cbf61,14,1,False,,P7f6f43cb|P7276c731|P50bfcdf7|P3000a3c3|P5555161d,P109a015a,2955039.0
M03123391,88 Minutes,2007,1,110,30000000,en,Crime,Crime|Mystery|Thriller,3,US,3,C6dfc8237|C955a68b7|Ce53d0721,15,18,False,K4869d83d|Ka2fe4ac7|K91881a67|Kf590fd72|Ka2122fa4|K07361393,P13753a9d|P13fccc9f|Paa86d2b1|P145f8fd3|P2d788f62,Pe84b5890,16930884.0
M2c332bb3,Ocean's Thirteen,2007,2,120,85000000,en,Crime,Crime|Thriller,2,US,4,C1246c604|C2f946fee|Cc1d82aa3,25,45,True,Ke33fde63|K5852d5b1|K9a16fa02|K25419d9e|K309b728a|K9fc8f05e|K5c0b5d8b,Pd4551c6e|Pc5fe07a1|P9d23789b|P13753a9d|P19165e19,Pd886c47f,311312624.0
M5b75fb70,Ten Canoes,2006,2,90,2000000,en,Adventure,Adventure|Comedy|Drama,3,AU,4,C97b495b4|C260ae331|C8dd7566c,9,19,False,K1fc61028|Ka7984eec|K60686471|Kbb35c2e3|Ke263ef71|K241b3a3b|Kfe543f69|K78255130,Pe77f2143|P9456fdbb|Pda817a8b|Pd9e657fa|Pa6e340e6,P7233fdd2,300000.0
M655ab872,Alone With Her,2006,2,80,1000000,en,Crime,Crime|Drama|Romance|Thriller,4,US,2,Cd8418e70|C3c4fc74e,6,2,False,K443b5d4d|Kb7b99f26|K4b802e88|Kd3103f62|K6e8b3ea2|K1b481c7f,P7aaf70f7|P76cb11e1|Pd4250b2a|P9c9be54f|P256e2bcf,P6d08e7f1,10018.0
M1f608a96,Hostel: Part II,2007,2,95,10200000,en,Horror,Horror,1,US,3,Cb61eea90|Ce0b288df|Ceba6d050,20,20,True,K56e5088a|K71b6128c|K7b0292d0|K91881a67|K6ee188c7|K5fcea8d1|Kd53ce80d|K60d42fb7,P2c97c3f7|P88a5c835|P5849f6b9|Pcf4f516e|P8792ed12,Pb20b324b,35619521.0
Mc1d3a3ae,Fantastic 4: Rise of the Silver Surfer,2007,2,90,130000000,en,Adventure,Adventure|Fantasy|Action|Thriller,4,DE|GB|US,7,Cadd28e55|C6cbfdb5c|Cd05b6468,18,32,True,Ke6b45b39|K7e1398ba|K5e61f360|Kf3f28ea8|Kfaf72a8f|K877e62a3|K08b1cffe|Kd0196534,P18e9d06f|P32d7cd09|P8164fa59|Pbefbca66|P91fda73f,P0f9f87a2,289047763.0
Mf5a52d9f,Fido,2006,3,90,8000000,en,Romance,Romance|Comedy|Drama|Horror,4,CA,3,Cb61eea90|C50ef30bd|C29ed7791,15,36,False,K3de6ce2f|Kec36ef5e|Kba7e4369|Ka646ca77|K6a3cb94b|Kd1eee9f4|Ke0dd090a|K8dfac82b,P349feb94|P5c4ac37e|Paa341d84|P72cdf9ed|P361cb6be,Ped6a4542,426224.0
M170a6ff7,Death Proof,2007,2,115,25000000,en,Action,Action|Thriller,2,US,4,Cd8418e70|C07f90652|Cc3a27bd2,19,60,True,K4cbeb026|K7fa4f963|Kff432af5|K9be97905|K1ca3731a|Kb1ae9265|K249e52d7|Ka5e5d456,P6265995c|P7ef8b3fd|Pefe166d2|P54833d53|P81202da8,Pa480d3d3,25037897.0
Ma2360435,Rescue Dawn,2006,3,125,10000000,en,Adventure,Adventure|Drama|War,3,US,1,C1e53a163,20,22,False,K613cd66a|K3c6f9488|K9d0c5213|K61fc9cab|K8296e44f|K43e2662d|K1860ecb3|K79242bf5,P1716f909|P2a4182bf|Pfa9064d1|P90fc6e4b|P7be950af,Pbffe8bd7,7177143.0
Mf94da39e,The TV Set,2006,2,85,2000000,en,Comedy,Comedy,1,US,0,,18,2,False,Kd3103f62,P301fb6b8|Pab61d2a5|P18e9d06f|Pdc0a48a7|P1f1c3397,Pd4f8e50e,265198.0
M408a9263,Popular Music,2004,3,100,2224000,sv,Comedy,Comedy|Drama,2,FI|SE,4,Cdb26012f|C859af69b|C2cb43193,14,21,False,K550ea887|K1bee81c6|Kcf7d212b|K24e26ceb|K521d74bb|K30ba46ef|K656bf8b0|K19acffc1,P424f2ef2|Pb48c06d0|Pe3174914|P2dbb7387|Pee71e058,Pa2381cd9,28000000.0
M2d4dc8e6,1408,2007,3,105,25000000,en,Horror,Horror|Thriller,2,US,3,Cd8418e70|Cac465b03|C07f90652,40,44,False,Kc8aa65cd|K33e09618|K32d43916|Ke6b45b39|Ke7253a00|Kb1b2d050|K293e5fac|K5e025906,Pe00a4034|P5eab90f9|P078cf4d1|P7a2fd620|Pf423dbcb,Peacaeeac,94679598.0
M65ff66ff,Live Free or Die Hard,2007,2,130,110000000,en,Action,Action|Thriller,2,GB|US,5,Cadd28e55|C6cbfdb5c|C53a9ea27,23,108,True,K9bd9c4c0|K8b8060e4|K4869d83d|K9136e8a9|K0e89a273|K84e1acd0|Kdea39ed5|Kca0f1cb3,Pbc324a94|P3d8c4551|P4002418d|P92c82f6a|Pefb5b839,Pc88313a5,383531464.0
Mcd63b9a1,License to Wed,2007,3,90,35000000,en,Comedy,Comedy,1,AU|US,6,C1246c604|Caef19b2e|C3e7bdc8f,13,18,False,Kfa895068|K321b5a3c|Ka90ee41e|K47de47f3|K33437310|K1ccb81b9|Kd2e65341|Kfc12a759,P8b29037b|P2ee78517|Pcf2e185c|Pb66a28ad|P01ef4b1d,Pbe4affaf,69307224.0
Ma9d4e324,Evan Almighty,2007,2,95,175000000,en,Fantasy,Fantasy|Comedy|Family,3,US,7,Cf4478484|Cd7a83b16|C475937d3,18,27,True,Kcf7d212b|K82f2244d|K41adc54e|K3db4d6c8|K3affd9f7|K33437310|K648bad42|K23714670,P4be68e2c|P13c6bc31|P7f88be6e|P909fe0db|Pbc846e8b,P24e6c418,173000000.0
M90c6d6ee,Transformers,2007,2,145,150000000,en,Adventure,Adventure|Science Fiction|Action,3,US,9,C6146f42e|Cfa01eb95|C9710581c,38,41,True,Kc3d7081d|K08b1cffe|K4d0bc3a5|K1b7a179f|K7f2092da|K4ce171fe|Kd6073f4e|K30164b21,P5bf5191b|Pd07cd801|P040a1202|Pca2aeafa|P4af9778b,Pbac03e2c,709709780.0
M66c74bc9,Captivity,2007,1,95,17000000,en,Crime,Crime|Horror|Thriller,3,RU|US,3,C61b4734a|C448acf41|C2e9b7e82,8,53,False,K66331d63|K5fcea8d1|K2c1273dd|K0d0549f1|K63113bb1,P2ddc34ad|Pe78ccece|P2bfc81bf|P0b740dac|Pb53b4363,P4f37dfbb,2626800.0
M43e9006f,Harry Potter and the Order of the Phoenix,2007,2,140,150000000,en,Adventure,Adventure|Fantasy|Family|Mystery,4,GB|US,2,C3e7bdc8f|C6c10da85,80,22,True,Kc7c9387f|K55cfa8fb|K188c501a|K79547cd1|K4d66eb3b|K03a83b12|K9dfcf494|K786baa11,Pa9ffe9b7|P7aef44db|P187f1470|P580e9714|P77e8a1ca,P2fd9b66f,938212738.0
M902aeb77,The Simpsons Movie,2007,3,85,75000000,en,Animation,Animation|Comedy|Family,3,US,2,Ca07ba3db|C6cbfdb5c,21,66,False,Kcf7d212b|K11e84da5|K8a0a113d|K843480a5|K54d682e6|K2501705e|K61573d46|K1fe3301a,Pc4f7fe1f|P021ace6d|Pa9597bd3|P4ffd50ba|P85f4afca,P006afde4,527068851.0
M68f1875c,I Know Who Killed Me,2007,3,105,12000000,en,Crime,Crime|Horror|Mystery|Thriller,4,US,2,C6dfc8237|Cb69745f1,8,8,False,K82b36e2a|K0de19f1e|K94571983|Kfbb0c1ef|K249e52d7|K8ac88806|K137adf5c,P1f2640df|P2c01bfde|P5b6ff605|P84b1ba5b|Pae7bdd8d,Pacf02478,9620399.0
M3b118040,No Reservations,2007,3,105,28000000,en,Comedy,Comedy,1,AU|US,5,C1246c604|Ce4e76224|C3e7bdc8f,17,11,False,Keae2ee2b|Kda3a8325|K0167559b|K88847b06|Kfa895068|K12749c65|Ked0bef46|Kc0bb51b1,P76ffd39b|Pe85b6a97|P00b5326f|Pa9b844fc|Pc7cbcf71,Pab4ba709,92601050.0
M9508de57,The Bourne Ultimatum,2007,3,115,70000000,en,Action,Action|Drama|Mystery|Thriller,4,DE|US,5,Cd7a83b16|C68a78e06|C67faf284,46,135,True,K24eec40f|K9df93747|K0fc7e9c4|K52525103|K1451c5af|K5ec58f64|Ka77deba2|K9c59ecaa,P9d23789b|P24a75c64|P8e1bdae6|Pf83802ba|P5564cba8,Pf667602e,442824138.0
M5538290e,You Kill Me,2007,1,90,4000000,en,Comedy,Comedy|Crime|Thriller|Romance,4,US,7,Ca55b1c32|C2deed67b|Cea06506d,15,16,False,K33e09618|K2c1bbb24|K1f1ba69c|Ka2122fa4|Kd9a34eb2,P6abc1229|P5d357b0a|P65676666|P4821cb9e|P9ee61e4d,Pcb706474,2426851.0
Me34d26be,Superbad,2007,3,115,20000000,en,Comedy,Comedy,1,US,2,Cf4478484|Cecb58e4c,54,16,False,K126f9f16|K25a3086d|K4d149348|K5b620d85,Pe13a0898|Pdc4fc482|P430fc9c1|Pb89bdd1e|P32730d58,P4133a29b,121463226.0
M317b1b5c,Rush Hour 3,2007,3,90,140000000,en,Action,Action|Comedy|Crime|Thriller,4,US,1,C6988cd6a,18,18,True,K03812e46,Pcfb2c9bb|P789f5166|P00f58b13|P63524ef0|P9ae6b905,P781658fe,258022233.0
Mc2d0b036,Sydney White,2007,3,110,16500000,en,Comedy,Comedy,1,US,3,C8679e149|Cdebac28f|C3feb552c,22,16,False,K94571983|Ke578b0ae|Kf5e4ec95|K6ee188c7|Kdd55edbf|K0ac1cfed|Kcd7a751c,Pe7a68aa4|P8ec65813|Pdbfdfa59|Pe3679d14|P132b20d8,P432b4da4,13620075.0
Mb0a9791a,The Kingdom,2007,3,110,70000000,en,Thriller,Thriller|Action|Drama,3,DE|US,5,Cd7a83b16|C4afff6ec|Cdae08cab,19,22,False,Kb722db6a|K52525103|K4d2febdc|K18f7c353|K4869d83d|K00ee119f|K3e80572c|K011bc215,P20c8297f|P56976266|P2db253cf|Pd99e7ba1|P12ee0630,Pb1ff26d6,86658558.0
Md1906898,Daddy Day Camp,2007,3,90,6000000,en,Comedy,Comedy|Family,2,US,2,C98fdcebd|C6dfc8237,6,4,True,Kda3a8325|K0f3b9cda|K711d7177|Kdeabce62|K8da1ab78|Ka2390abe|Kc59e0c92,P091308ba|P51d4f463|P6e1505c9|Pf564ed67|Pcc6ab716,P1463c316,18197398.0
M131e3163,The Invasion,2007,3,100,80000000,en,Science Fiction,Science Fiction|Thriller,2,US|AU,4,C1246c604|C336c2b47|Cd36ef9f0,17,21,False,K71bf1fc9|K4d0bc3a5|K66331d63|Kbbcbbe27|Kae612877|Kc27061d8|K22bcfb2f|K8de27ea8,P8bb333ae|P3d5ce154|P6f5f734d|Pcfe2fbb3|P831f7a2a,Pa4f03da5,15071514.0
M4cebaba5,War,2007,3,105,25000000,en,Action,Action|Thriller|Crime,3,US|CA,6,Ccb3dad99|Cb0e2042e|C78367188,21,22,False,K4869d83d|K9a16fa02|Kaf916823,P9e0754f2|P4b27ca24|P0dd45700|P0971a806|Padb86a9e,P1a3a705a,40452643.0
Md68965cd,The Nanny Diaries,2007,3,105,20000000,en,Comedy,Comedy|Drama|Romance,3,US,2,Cd8418e70|C146bb014,11,12,False,K02d5ed5f|Kbe6fb52c|Kc4d7749d|Kcbf64eb9,Pb214a37a|P94e5548f|P3d0ea32b|P8164fa59|P8d7bcd0f,Pd563e533,47738099.0
M7fc41249,Halloween,2007,3,110,15000000,en,Horror,Horror,1,US,3,C07f90652|Cd556fedb|Cb8aa4327,36,14,True,Kf3f28ea8|Kaa0b4eca|K249e52d7|Ka05e8854|K66331d63|Ke682b8cd|Kaa381359|Kb5a55fd5,P6ffb425f|Pecb0b374|P09e25611|P0cfe1946|P5ec7d6fb,Pcbacae17,80253908.0
Mdd27cea4,The Good Night,2007,1,95,15000000,en,Comedy,Comedy|Drama|Romance|Fantasy|Music,5,DE|GB|US,3,C462d5784|Cbcdd4ebb|C55e015a3,10,2,False,Kf8baada2|K277a5e7d|K4cd18034,Pfac84536|P247d05d5|P0affa6f4|P77e32dde|P6f263068,Pd0799960,20380.0
M70623f60,3:10 to Yuma,2007,3,120,55000000,en,Western,Western,1,US,4,Cfba35e40|C78367188|Cdae08cab,44,94,False,K01084bd3|K53660c67|Kcc343814|Kcb64b30f|K84e1acd0|Kd0cbe5a2|K9dfcf494|K42cfc769,Pf4bdfa1a|P1716f909|P5c436162|P7a08690d|P7a935480,P1783672c,70016220.0
M98d3db4c,Atonement,2007,3,125,30000000,en,Drama,Drama|Romance,2,GB|FR|US,4,Cd7a83b16|Cf988914f|Cdae08cab,47,31,False,K1451c5af|K8f8f63a3|Kdbe16235|K88847b06|Kfa895068|K230a811e|K2cf201da|K7fa3e137,P73f53fc6|P443289f8|P3f44f403|P975c4090|Pd8de06b0,P8b439cf4,129266061.0
M262f6cc0,"4 Months, 3 Weeks and 2 Days",2007,3,115,852510,ro,Drama,Drama,1,BE|RO,7,Cd9837bc5|C1ff1b296|C7db2b889,21,21,False,K5c0670e8|Ke7253a00|K9ad923bc|Kd6a2f816|Ka5e5d456|Ka8535bbd|Kc9e5c2e6|Kc4f17c15,P17664875|P9e884182|P78dfc879|P33e04d21|P2be144af,Pa91959d9,1185783.0
M1466281f,No End in Sight,2007,3,100,2000000,en,Documentary,Documentary,1,,0,,4,2,False,Kfb526a76|K15d9db5b|Kd3103f62|Kf748d5ee|K84f18c0c|Kbdcbb1cd|Ka48971b8,Pc5390370|Pc5168ed0|P4a110f2d|P11a3a0ad,P45c43f66,1431623.0
M2bc91fbb,In the Valley of Elah,2007,3,125,23000000,en,History,History|Drama|Thriller|Crime|Mystery,5,US,5,Cceb4e3c9|Cbfd929a4|Cb7392bb1,42,58,False,Kcf7d212b|Kb1aa9b34|K613cd66a|Ke4d9968a|Kc1abf13e|K011bc215|Ka635b1fc|Kd0f0a7f8,Pb23773f6|Pa9346d2f|P105610f1|P28a79bd6|P58bca367,Pee8065c8,29541790.0
M4d8d243b,Rang De Basanti,2006,1,155,2200000,hi,Drama,Drama,1,IN,2,Ceadda91e|C5c1e119f,9,11,False,K95c73239|K73a87dc1|K33545d8c|K6ee188c7|Kb95b5cef,P655d94a7|P12e26c33|P53a340df|P2e34f5ae|P5fc1f729,Pa631f12a,11502151.0
M3cdfaba2,I Could Never Be Your Woman,2007,2,95,24000000,en,Comedy,Comedy|Drama|Romance,3,US,3,Cda813610|C50363780|C71310a76,17,47,False,Kcbf64eb9,Pe39be12b|Pb33386a7|P975c4090|P8277d8b8|Pbe7baba9,Pa351e1f0,9576495.0
Mf707e052,December Boys,2007,3,105,4000000,en,Drama,Drama|Romance,2,AU|GB|US,2,C1246c604|C64037b38,8,8,False,Kaa9e3589|Kfbde6d20|K1624771e|K5daec4d9|K4727f806|K5011ba81|Kb517b1a9|Ka2390abe,Pa9ffe9b7|Pc2a00483|P4c42137d|P2b684dda|P8c6bcccc,P54ab2f4d,46474.0
M364955b6,Eastern Promises,2007,3,100,51500000,en,Thriller,Thriller|Crime|Mystery,3,GB|US|CA,9,Ce09e087e|C99870691|C87ec3be3,19,51,False,Kef728c09|K0c50837f|K1fc61028|Ka7984eec|Kcf7d212b|K511491fa|K70733318|Ka37bedb4,P8ea19000|P45ae55c7|P11383cde|P48fb4300|P65bc2a98,P501bf7bf,55112356.0
Mefe9ac78,Brooklyn Rules,2007,2,100,8000000,en,Drama,Drama|Action|Thriller,3,US,1,C1609c9ba,11,3,False,,Pa350e788|P88731b90|P5cc12d61|Pa9d701cd|Pb9fe99ab,P3877c7d3,458232.0
M8baf7f36,The Death and Life of Bobby Z,2007,3,95,22000000,en,Drama,Drama|Action|Thriller|Crime,4,DE|US,2,Cd14a63bb|Ce4826f85,23,29,False,Kd53a9095|K554808ba|K3ed00405|K3c6f9488|Kf4252931|Kd0a80903|K80937108|K5180beaa,Pbbb2aadf|P05d35fbc|Pc34f45e8|P0eebca24|Pd12aad9f,Pb1af5040,413454.0
M3c290349,Resident Evil: Extinction,2007,3,95,45000000,en,Horror,Horror|Action|Science Fiction,3,AU|FR|DE|GB|US,4,Cf9732504|Ce4f77d56|Ce9a4656c,14,21,True,Kfce86ae4|Ka6194240|K8e2e1632|K7f284f24|Kda5d0fe2|K0bab9b28|K8dfac82b|Kb4e75fa3,P7ba65775|P7f2b80f3|P5f77d0b4|P8de86138|P885c0e0e,P90d9e51d,148412065.0
M217cb125,Good Luck Chuck,2007,3,100,25000000,en,Comedy,Comedy,1,CA|US,6,C78367188|C6257db4c|Ca37fb8d7,25,24,False,K511491fa|K86b54cd4|K60686471|K845da920|Ka90ee41e|K89abed2b|Keec6e143|Kf1b1594d,Pf5207e51|P32d7cd09|P512b1938|P5a899e91|Pc9c7cf22,Pf058b8e5,59192128.0
M8d752195,Into the Wild,2007,3,150,15000000,en,Adventure,Adventure|Drama,2,US,4,C14c57614|C261bbdea|Cb3ba5e78,25,50,False,K1fc61028|K01084bd3|Kd515c294|K4d66eb3b|K9cc50066|Kd0cbe5a2|K4385ab38|K595f8623,Pa68f8508|Pf934ebfb|P9cf8177c|P7d81cf61|Pd75dc9a8,Pd76d11b5,56255142.0
M345b3f36,The Game Plan,2007,3,110,22000000,en,Comedy,Comedy|Family,2,US,3,C72b723b8|C085b6d4d|C61dd1108,15,9,False,K63327ad9|Kf7ce9b88|Kc21d23ee|Kdc87c7d5|K3d065d14|K1b06fb8d|Kd4e31969,P4da7c12b|P6d75515c|Pbf4fdc8f|Pedb6866a|P7ec7e10c,P63c9e215,147880543.0
M12fdddfa,The Heartbreak Kid,2007,4,115,60000000,en,Comedy,Comedy,1,US,4,Cabe2e2f8|C98c258fd|Cebcd09d8,14,10,False,Kd5641b5e|Kdbe16235|Kb730b002|K164b8bbd|K57d33675|K6c87d899,Pd29fc0d4|P8ac5cc1c|Pcea1bef6|P730318f3|P99848168,Pb3499efe,127766650.0
Mb9eee940,Dan in Real Life,2007,4,100,25000000,en,Comedy,Comedy|Romance|Drama,3,US,3,C0532621e|Ccef37e26|Cdd8accdb,20,12,False,Ke99876ac|K137adf5c|K9d42ff64|K1355f779|K91303698|K5ce1425e|K8069284a|Kd6073f4e,P4be68e2c|P2b0de4d7|Pf5207e51|P7e094d76|P75ccf234,Pb411cb57,68377859.0
M2a43101b,The Darjeeling Limited,2007,3,90,16000000,en,Adventure,Adventure|Drama|Comedy,3,US,2,C9ea1bb4a|Cda813610,23,16,False,K2b5d957d|K8d86fd42|Kcbcfea8c|K19b46aa9|Ke116fd0e|K9a0d3596|K172ea6a5|K2e4b1846,P66e0e26d|P7ba508aa|Pd2914092|Pfe130811|P8c0c45c1,Pf67b3ebf,24377151.0
Mad831c7b,We Own the Night,2007,2,115,21000000,en,Drama,Drama|Crime|Thriller,3,US,3,Cf4478484|Cf28fbfbf|C202af22f,92,31,False,K33e09618|Kcf7d212b|K4d23e9ec|K25177432,Pdfff36db|P750e20b3|P61a05d3b|P40d10530|P617d4377,P6a28c1c6,54926886.0
Mb6fa8748,Elizabeth: The Golden Age,2007,3,115,55000000,en,Drama,Drama|History|Romance,3,GB,3,Cd7a83b16|C668b01c5|C0110c455,22,71,True,Kdcf6a5ec|Kb722db6a|K8eea5ed8|K47934026|Kc6d5904a|Kd4ca8c4f|K7d2ba57f|K433d4693,P7ee731d8|P0707f4cd|Pee871f87|Pde899eaf|Pf265d5c4,P5cd36cc9,74237563.0
Maf89a8a9,30 Days of Night,2007,4,115,30000000,en,Horror,Horror|Thriller,2,NZ|US,4,Cf4478484|C9a28f4be|Cd037f327,42,49,True,K53da8c5a|K12864c24|Kffb9e482|K52d403a5|K163eb34a|Ke93ce105|K77eacf9d|Ka2e35ff8,P28304cc9|P13f340d8|P2e4d1f59|Pf8af4a2a|P0d30679b,P25d10163,75505973.0
Mef82e28a,Things We Lost in the Fire,2007,3,115,16000000,en,Drama,Drama,1,US,4,Cfa01eb95|C3db2eda6|Cebcd09d8,10,37,False,K4c442588|K4eaa0722|K9925aaa6|Ke1d32bf2|Kf0f76cb9|Kf9183e59|K4a9a17a2|K8ededc31,P1de24948|P1ebfa909|P301fb6b8|P68336a1a|P54eeccbe,P5f9f15b6,2849142.0
M23aa0ae4,Gone Baby Gone,2007,4,115,19000000,en,Crime,Crime|Drama|Mystery,3,US,2,Cf8f92f7f|Cebd90dc7,15,78,False,K9df93747|Kc5b65b8c|Kb1aa9b34|K1451c5af|K9c580a0a|K9136e8a9|K50f0ee0b|K0d25991c,Pddf47d8c|Pcea1bef6|P9c10a86e|Pceb538c7|P5b9f81b4,Pcde62a4b,34619699.0
Mdd37967f,The Assassination of Jesse James by the Coward Robert Ford,2007,3,160,30000000,en,Action,Action|Drama|Western,3,CA|GB|US,6,C3762b402|C1c5e031d|Cd5a1e1a6,20,15,False,K91dde98b|Kf6bd77e7|K065bfd74|Kd7e147eb|K44099f71|K2cb42185|K5040a05c|K7ce426de,Pc5fe07a1|Pddf47d8c|Peee2378c|Pd4a36cd3|P3e27601f,P3c52754a,14711793.0
M3d19908b,10th & Wolf,2006,1,105,8000000,en,Action,Action|Crime|Drama|Mystery|Thriller,5,US,1,C45f6926b,13,3,False,Kb7b43807|Ke864e2ff|Kfe856611|K413c26e3,P003a1c95|Pabff7fb3|P00cd59b1|P0fbbf0cd|P0d4dd445,P999ac154,143451.0
M21831eaf,Why Did I Get Married?,2007,4,115,15000000,en,Comedy,Comedy|Drama,2,US,1,Cb61eea90,9,2,True,,Peffdff03|Pfe56a26f|P2468f4b0|P6afcb4e5|P8080434b,Peffdff03,55184721.0
M90e7226b,Saw IV,2007,4,95,10000000,en,Horror,Horror|Thriller|Crime,3,US,2,Cb61eea90|C48500673,21,21,True,K8a951deb|K34cb2d0f|K9d87ed05|Kaf767ab6|Ka05e8854|K68ad2759|Kea2eae37|K6d90a030,Pa07d485f|P457e4bdb|P775f1759|Pe492b2c7|P7727fd32,P438c1552,139352633.0
M528f3973,American Gangster,2007,4,155,100000000,en,Drama,Drama|Crime,2,GB|US,5,Cd927b580|Cd7a83b16|Cd5a1e1a6,110,60,False,Kcc576f2d|Kfe6fb0dc|Kc9d5bef6|K97e678c5|K744c0ebb|Kc52f1d5b|Kef3e9596|K9653593d,Pbbc37df2|Pf4bdfa1a|P5498c3a1|Pc6b524b9|Pabc55eb3,P54540f1f,266465037.0
Md1fff114,Before the Devil Knows You're Dead,2007,3,115,18000000,en,Crime,Crime|Drama|Thriller,3,US,5,C195da2d6|Cbb69a483|C0c693768,16,23,False,K2b5d957d|Kd2b660db|K65612631|K065bfd74|K43f280e8|K38463eb1|Kd58de432|K011bc215,Pfe9ae21f|P598f6582|P232079de|Pacdffa16|Pacac9cf1,Pa17037ae,25005257.0
M1e6d9c83,The Diving Bell and the Butterfly,2007,2,110,14000000,fr,Drama,Drama,1,FR|US,8,C5af7551b|C68a78e06|C41920a40,23,19,False,K16797949|Kbf75451f|K2189fd3f|K9dfcf494|K48cc5a81|Ke4105161|Kd3103f62|K071e5192,P3c57fa1c|P510fb9cb|P946c3cad|P25a16a84|Pba904967,Pa56c1ab9,19777647.0
M607cf7b6,No Country for Old Men,2007,4,120,25000000,en,Crime,Crime|Drama|Thriller,3,US,4,Cf8f92f7f|Cda813610|C14c57614,17,41,False,Kf6d4d5a6|Kc9d5bef6|Ke7dde3b3|K72f63b48|Kca0f1cb3,Pb23773f6|P9f0e9d1d|Pc6b524b9|P96737513|Pe64e372f,P86646577,171600000.0
Mee77b266,Itty Bitty Titty Committee,2007,1,85,1000000,en,Comedy,Comedy,1,US,0,,9,7,False,Kf9183e59|K00a3957c|K4dd02ee6|K78445bea|Kd3103f62|K6ee188c7|K144474ae|K1dd7c969,P1664cae0|P894a797b|Pc2ab8d65|P5b2bdc91|P92120a06,P6eca56e2,18479.0
M322e9605,Lions for Lambs,2007,4,90,35000000,en,Action,Action|Adventure|Drama|History,4,US,6,C45816831|C7e86926f|C7cc7d04d,8,17,False,Ked493fb4|K4d2febdc|K16bd1157|K9c3992be|Ke50579d9|K48fdaf54|Kf4550188|K89099cca,P81f38d6e|P5601b6b3|P13cbd053|Pb3e20a3a|P3113812d,P81f38d6e,63215872.0
Md2a9640f,Fred Claus,2007,4,115,100000000,en,Action,Action|Comedy|Drama,3,US,4,Cd36ef9f0|C3e7bdc8f|C2f1daacb,17,43,False,Kedb0ba53|K2b5d957d|K82d85bd6|Kcf3c4678|K78e85909|Kf3572fd4|Kf7f7171c|Ka88750f4,Pe5898b7e|P8d7bcd0f|Pbc846e8b|P086ca141|P614f6326,Pc46269a8,97838349.0
M2fbf90c0,Beowulf,2007,4,115,70000000,en,Adventure,Adventure|Action|Animation,3,US,4,C6146f42e|C62d6d2d6|C8f59c42c,30,60,False,K802e62e8|Kf6510016|K5bcb4bcc|K903b7153|K6452409e|Kd5b62312|Kea755439|Ke69d4d28,P0828e953|P9e58b7cf|Pdff627c7|Pe0da2446|Pefca9620,P32776b6f,195735876.0
M29ff60a8,Love in the Time of Cholera,2007,4,140,45000000,en,Drama,Drama|Romance,2,US,2,C6988cd6a|C11c9d3a6,14,16,False,K511491fa|K7c6da98e|Kfa895068|K66f7db2a|Kb3ab592e|Kd264d468|K9dfcf494|Kc8e08999,P9f0e9d1d|Pf1d03ff0|Pf4ed54bb|Pfa97ee94|P06f53013,P0fe87622,4607608.0
M46f7bd77,12,2007,2,160,4000000,ru,Crime,Crime|Drama,2,RU,2,C5a7186c7|Ca3b05a0c,32,24,False,K1982023c|K5b049f92|Kabb619b7|K65cf7a95|Kbfd3d476|Kb1449fb7|Kca0f1cb3|K16d14ec6,P8dbf47e6|P52b85d61|P6d66c5fd|Pfba8d8a1|P4f4395c7,P52b85d61,7537453.0
Mde65a3cd,The Mist,2007,4,125,18000000,en,Science Fiction,Science Fiction|Horror|Thriller,3,US,2,Cbc05957a|C07f90652,44,59,False,Kcf7d212b|K038c8dca|K79a56504|K7a3e26a4|K4f7fe086|K3cdc9315|K7db97ba9|K770c1273,P42c677ae|Pf934ebfb|Pcc2ebe72|P1c0546d1|P87107d44,P07c43f5f,57096190.0
Mb6f77741,Enchanted,2007,4,105,85000000,en,Comedy,Comedy|Family|Fantasy|Romance,4,US,4,C72b723b8|Cb3ed0225|Cba752b7c,15,24,False,K139a4140|K8e2e025f|Kd63352e0|K965d2159|Ke5d6abed|Kf07f431d|K346367d7|Kb407fd08,P2b24b1d6|Pd1604614|P003a1c95|P3c76028e|Pad875c14,Pd1ee7157,340487652.0
M2e01b2fd,Hitman,2007,4,90,24000000,en,Action,Action|Crime|Drama|Thriller,4,FR|US,6,C6cbfdb5c|C53a9ea27|C9083d6ba,11,17,True,K52525103|K3d2b49b8|K6b4e6a64|K62487044|K9ff6cdc6|Kb855a9d2|Ke7dde3b3|K98cad1f3,P4002418d|Pff49d7df|Pc793c726|P19ddb445|P3c78457c,P64777f39,99965753.0
M396e0d5d,P2,2007,4,100,8000000,en,Horror,Horror|Thriller,2,US,1,Cceb4e3c9,12,12,False,K9136e8a9|K8a2819bf|K63ec175a|Ka05e8854|K45ea3192|Kce5d61e1|K04fa73c0,P3fb4b40c|P4d2180f0|Pad792b0b|P43109150|P9e2986ec,Pd3de7d99,7766240.0
M92a50dfc,Om Shanti Om,2007,4,170,9100000,hi,Comedy,Comedy|Drama|Romance,3,IN,1,Ce9f4ac39,27,9,False,K4603cffd|Kb730b002|K7c588f0f|K965d2159|Kcbf64eb9,Pa6041114|Pe863b5f9|P3db000a1|P0411a2cc|Pab1905ec,P61a490dc,37707444.0
Mca6ba2b1,The Golden Compass,2007,4,115,180000000,en,Adventure,Adventure|Fantasy,2,GB|US,4,C6988cd6a|Cadd28e55|C19fdf574,29,32,False,Kdcf6a5ec|K8aff1ce6|Kd0bf5062|K82cdf56c|K111e2b6a|K17f83c7d|K4b112d80|K242d9985,Pfbb82ae0|P8bb333ae|P3d5ce154|P6c1d6a47|P25926a42,P18fd55c7,372234864.0
M290488b8,I Am Legend,2007,4,100,150000000,en,Drama,Drama|Horror|Action|Thriller|Science Fiction,5,US,6,C1246c604|C7f4b55db|Cce89c773,13,23,False,Kd3ee2033|Kd5e25fd4|K8e2e1632|K7f284f24|K8661b1ad|K709809c3|Kbb938021|Kfaa58f07,Pf5e36785|Pbc2fbf24|P170a6c27|P6944d8f6|P9decdb62,P91ee1ca1,585349010.0
Mb9a78245,Alvin and the Chipmunks,2007,4,90,60000000,en,Comedy,Comedy|Music|Family|Fantasy|Animation,5,US,4,C53a9ea27|Cc2c73c36|C7f89a29f,16,24,True,K19acffc1|Ka0de5fc2|Ked477778|K10f5bed3|Kefbe1b23|Kd0196534|K4fcfc4d1|K87469bb8,P1f2402be|Pd531e946|P96c8a84c|P1fcb8ebf|P3d8c4551,P2bf22fdb,361366633.0
Mc22ba70b,I'm Not There.,2007,4,135,20000000,en,Drama,Drama|Music,2,US,9,Ccb902284|C1e29a000|Cd6f28c26,18,16,False,K656bf8b0|K53e0c56b|K36437c68|K4fd61cd8|K5b22ccd3|K8bb6c358|Kd5acb9df|K4385ab38,P7ee731d8|Pb2b54035|P62eda3c0|P17934d14|P64e56fb0,Pc96228f7,4001121.0
M660666b0,Juno,2007,4,95,7500000,en,Comedy,Comedy|Drama|Romance,3,US,2,C9ea1bb4a|C37b54f25,30,72,False,K96bcf62d|K126f9f16|K0be16708|K532640e1|K6380874f|K3f0adf56|Kb21085b4|K1b45cb1e,Pd6d7ac89|Pdc4fc482|P56976266|Pd99e7ba1|P32e4a7d8,P7b8d5df4,231411584.0
M2af48031,My Blueberry Nights,2007,2,110,10000000,en,Drama,Drama|Romance,2,CN|FR|HK,4,Ca035d745|Cd4a6813a|C668b01c5,14,22,False,Kd6a05201|K3da61895|Kde829ea0|K767bec4d|K94f985a9|K9be97905|Kebfedc52|K99312e6b,P3f422e95|P7ad6a156|P158ca9d1|P8e1bdae6|P614f6326,Pd0e5d22f,21786738.0
M9d528ea9,The Treatment,2006,2,85,900000,en,Comedy,Comedy|Drama|Romance,3,,0,,8,3,False,Kd3103f62|K77729597|K4f8e1920|Kdd307a51|Kd1c3abf5|K8e3e813b|Kd4fc2e99,P82080d47|Pbedc4a5e|P6eb8b494|P0303ea88|P72168bb8,P3df755b2,82701.0
M3e71edfc,Journey from the Fall,2006,1,135,1300000,vi,Drama,Drama,1,,0,,8,2,False,K853fc10a|Kd3103f62,P2a2b0155|P590a9550|P8920e616|Pc89d6db2|P1e12927f,Pec4e7387,639000.0
Mde5f28fa,The Bucket List,2007,4,95,45000000,en,Drama,Drama|Comedy,2,US,3,Cc88b2123|C6ac0dfb9|C1f6a76d4,22,77,False,Ke2c03db7|K1bee81c6|K392bd87b|Kb1b2d050|Kb991d9a7|K5daec4d9|K5295b5c0|K9dfcf494,P2484a098|P9c10a86e|Pdd95ec23|P9b495496|P1331e69a,P4bc483e6,175372502.0
M9452afaa,The Kite Runner,2007,4,130,20000000,en,Drama,Drama,1,CN|US,10,Cfa01eb95|C1a80aea5|C9b58e393,16,16,False,K4603cffd|K9de0b72d|K126b4d44|K52e001e3|K7c136f6c|K61937814|Kc9e5c2e6|Ke682b8cd,P1f67222c|Pc7be1f86|P3a48b0a1|P3506706a|P5b568a28,P6621f3f1,73276047.0
M9469c7c7,Sweeney Todd: The Demon Barber of Fleet Street,2007,4,115,50000000,en,Drama,Drama|Horror|Music,3,GB|US,5,C3e7bdc8f|Cebcd09d8|C30a4a967,15,29,False,Kaf5e7471|K260f3f56|K6a020f0a|K57ab7dea|Kc720e141|K56c900d4|K8ab9fe7c|K7cb2f9cd,Pd34c4eab|Pe42cb422|P4827d768|P3c76028e|P0e1d2f4c,P9059d147,152000000.0
Mf84858e5,National Treasure: Book of Secrets,2007,4,125,130000000,en,Action,Action|Adventure|Mystery|Thriller,4,US,6,C72b723b8|C4fb6882a|C82201f3c,52,21,True,K24eec40f|Kef728c09|Kb722db6a|K160072c1|K71840e6c|Kcf7d212b|K52525103|K2b746c3e,Pa2178ef1|Pb3cd0383|Pfb649c8d|Pceb538c7|P8a81e10e,Pbe6a4304,457363168.0
Ma44e1148,There Will Be Blood,2007,4,160,25000000,en,Drama,Drama,1,US,3,Cf8f92f7f|C80cef579|C14c57614,24,37,False,K2b5d957d|Kc1122bfb|K5fce51a3|K3e589bd0|Kbaaf27b4|K8136954c|K3affd9f7|K2d5b6229,P38ff2ca0|P6d085933|Pf2581b6b|Paa96a2ea|Pae6194af,P39845bd4,77208711.0
M315bb1dc,Charlie Wilson's War,2007,4,100,75000000,en,Comedy,Comedy|Drama|History,3,US,3,Cd7a83b16|Ce75beca7|Cc9cc6e55,17,10,False,K9bd9c4c0|K30ba46ef|K4d54a5a1|K7e1398ba|K9676e035|K1b633222|K9d999169|K1ca3731a,Pd8b30691|Pfe9ae21f|P9195777d|P2b24b1d6|P7ff51e5d,P2a00dbe0,119000410.0
M6aef0a08,Walk Hard: The Dewey Cox Story,2007,4,95,35000000,en,Comedy,Comedy|Music,2,US,2,C52e61c78|Cecb58e4c,39,13,False,K521d74bb|K656bf8b0|K19acffc1|K8ed256fc|K26f8da82|K3c978872|Ka0de5fc2|Kf1931b19,Pff2ae6f1|P5d0054aa|P45be1019|Pfbcea453|P12aa5436,Pd4f8e50e,18317151.0
Mc1f69251,The Great Debaters,2007,4,125,15000000,en,Drama,Drama,1,US,3,Cd8418e70|C49296be1|C3cb028ab,49,24,False,K4385ab38,Pbbc37df2|P44d9ec09|P52cbfc7b|P18f77444|Pcd6b9a13,Pbbc37df2,30226144.0
Ma3f6c674,The Water Horse,2007,4,110,40000000,en,Fantasy,Fantasy|Adventure|Family,3,US|GB|AU,4,C98fdcebd|C4e47987a|Cce4c6bd7,20,6,False,,Pa8936146|Pc3043c91|Pac2783a6|P0bef371a|Pf0934cb4,P8fc5f7cd,103071443.0
M86cf68d4,P.S. I Love You,2007,4,125,30000000,en,Drama,Drama|Romance,2,US,3,C6774c7f7|C5ce2cd37|C66beec69,23,18,False,Kea9e84f0|K7c0bce3f|Kb3ab592e|K9dfcf494|K808f4a8f|K2132e20f,Pc23204e6|P979428ee|Pf25ac6cd|P6e4d9cf5|P592d3fa5,P8079d011,156835339.0
M775fbf94,27 Dresses,2008,1,110,30000000,en,Comedy,Comedy|Romance,2,US,3,C475937d3|C7f89a29f|Ce9b365ce,31,52,False,K767bec4d|K29e6a2b4|K9be97905|K8f8f63a3|Kfa895068|K7541ffe3|K8c892a2d|Ka90ee41e,P6599de6a|P003a1c95|P8ac5cc1c|Pdc0a48a7|Pd6f7c718,P61ac47f1,160259319.0
M6e0ad112,Taare Zameen Par,2007,4,165,2600000,hi,Drama,Drama,1,IN,4,C5d971f88|C5c1e119f|C1de42e13,10,9,False,K6a0c24ab|Kcf7d212b|K70733318|K3affd9f7|Ka9282ab2|Ka0a9823d|Kc4d7749d|K13818823,P7fd1633b|P655d94a7|P68469d22|Pc7e76db1|P988da702,P655d94a7,28430000.0
M4585b029,[REC],2007,2,80,1500000,es,Horror,Horror|Mystery,2,ES,1,C2646409b,20,31,True,Ka5ec14be|K443b5d4d|Kd9045db3|K969ef670|Kd49e15ee|Kdfc41248|K6e6dc8aa|Ka85d2f71,P9399606d|Pa80bcdab|P7a777bc9|Pb014cba8|Pa324fc61,P9355b067,30448000.0
M4eeb9f73,Flawless,2007,3,110,20000000,en,Crime,Crime|Drama|Thriller,3,GB|LU,6,Ca2476ea4|Cd44e83da|C20cad748,16,2,False,Kef728c09|Kba48be94|Kcb670208|Kd3103f62|K09fc1f51,P996ee40c|P123185a4|Pe6c96e9e|Pd6f649db|Pdfc03707,P0968e022,6819587.0
M9d79bec0,Cloverfield,2008,1,85,25000000,en,Action,Action|Thriller|Science Fiction,3,US,2,C6146f42e|Cb2d72985,57,84,False,K7e1398ba|K038c8dca|K6242373e|K7a3e26a4|Kd9045db3|Ka7d35b39|K65351ef5|K5ebde1b5,P710cb5c5|Pc16a5226|Pb78f7e06|Pc1b2030c|P17525a89,P241ffa32,170764026.0
M83db664a,Untraceable,2008,1,100,35000000,en,Drama,Drama,1,US,3,Cc032927b|C0a4f816b|Ceba6d050,18,25,False,Kc8aa65cd|K4869d83d|K9136e8a9|Kf582faa3|K249e52d7|K011bc215|K0d25991c|Ka05e8854,P938e6548|P4f755c55|P7aaf70f7|Pdd70983b|P987e21ed,Pe5dd9852,32483410.0
M53919c74,Rambo,2008,1,90,50000000,en,Action,Action|Thriller,2,DE|US,5,Ce660b27b|C78367188|Ce4826f85,19,32,True,K4d2815bf|Kbf16afac|K5c5e4382|K42a8abf4|Ka3356dfa|K7a3e26a4|Kbef4b7db|K13a62eac,P468a604c|Pebaca845|Pf4f26c58|Pd55506e9|P683cabab,P468a604c,113244290.0
M9820face,Meet the Spartans,2008,1,85,30000000,en,Comedy,Comedy,1,US,2,Cc2c73c36|Cfc1e76ab,10,14,False,K7a3e26a4|K8e2e025f|K18ddcb45|K5aad1dab|Keaa2c548|Kef0c5442|Kba0d293c|Kfcbf608c,Pb6efbdd2|Pf5ead48e|Pc6296931|Pcf031443|Pbcf42d44,P15575b6c,84646831.0
Md6b41c54,The Eye,2008,1,100,12000000,en,Drama,Drama|Horror|Thriller,3,US,2,C14c57614|C197d9b0a,12,21,True,K8f8f63a3|Ke8f49a6c|K5031a038|K77924fb5|K9dfcf494|K6d8e078b|K0679a9e5|K16600711,P32d7cd09|P3abe965b|P56b036c0|P895cc913|P52a165aa,Pb354d25d,56309766.0
Mcd943048,The Signal,2007,1,105,50000,en,Action,Action|Thriller|Horror|Science Fiction,4,US,0,,10,3,False,Kb86d1224,P804f5c43|P6427e2e3|P4df8ed3f|P1bf97806|P29f7a372,P0922a434,249905.0
M8f77f60e,In Bruges,2008,1,105,15000000,en,Comedy,Comedy|Drama|Crime,3,GB|US,5,C7632721f|Cbc6302ea|C9b0e4985,24,25,False,K9d60be80|K7642ad1d|Kfdb492be|Kd94d7800|K2f6d41f9|K6dcbfcc3,P7b34c4be|P72092b5c|P77e8a1ca|P75e50e51|P836fb2a4,Pbafd66a1,34533783.0
M5a988fac,Dark Angel,1990,1,90,7000000,en,Action,Action|Thriller|Science Fiction|Crime|Horror,5,US,4,C31d74181|C121e944c|C7d7b0dbd,14,47,False,Kcc8edd30|Kda60a038|Kf0f76cb9|K9653593d|K4d0bc3a5|Ka82ab652|K78d3caf5|Kd9198f5a,P3a2425fc|P7b798732|P75eca478|P5c1ec580|P91cbf659,P7ce3acba,9229401.0
M3de93a55,Welcome Home Roscoe Jenkins,2008,1,115,35000000,en,Comedy,Comedy|Drama,2,US,2,Cd7a83b16|C475937d3,12,2,False,Kcc02a346,P27021ad5|P27f9bfda|P93069b51|Pc119c673|Pc7895e74,P15491de3,43650785.0
Meb89b1a8,Jumper,2008,1,90,85000000,en,Adventure,Adventure|Fantasy|Science Fiction,3,CA|US,3,C53a9ea27|Cf375ad4d|Cfc1e76ab,21,89,False,K193b3455|K1451c5af|K301a8417|K7a3e26a4|K00ee119f|K16d71dad|K00f341b1|K1d2efa84,P598805c2|P3a173673|P5eab90f9|P2732a2d4|P12f4936d,P10130871,222231186.0
M6b71fbb1,Vantage Point,2008,1,90,40000000,en,Drama,Drama|Action|Thriller|Crime,4,US,5,Cf4478484|C7f4b55db|Ccb2fa829,29,11,False,Kf10ad044|Ka5ec14be|K8eea5ed8|K2b746c3e|K4d2febdc|K16bd1157|K1382b415|K9b138983,P967c7ac4|P4b31e561|P52cbfc7b|Pab61d2a5|P9cf8177c,Pc89faeb1,151161491.0
M3217af99,Step Up 2: The Streets,2008,1,100,23000000,en,Music,Music|Drama|Romance,3,US,3,Cceb4e3c9|C80433639|C0532621e,13,38,True,Kcc576f2d|Kda3a8325|K44f3e3ef|K8ed256fc|Kc8d78235|K7a5713fe|Kb967da48|Kedb203e8,P829d7b85|Pca146431|P9dd5ef02|P843bde94|P950cb88a,P051cea27,150816700.0
M6700dc68,"Run, Fatboy, Run",2007,3,100,10000000,en,Comedy,Comedy|Romance,2,GB,3,C0dab7cec|Cc76e5140|Cecbbc0b4,30,8,False,Kcf7d212b|Kfa895068|K072a3008|Kb858ed20|K5016a2f5|K9af29bb0|K7bc5e4c5|K6c87d899,P77e32dde|P72ffb51e|P85f4afca|P643c5ea2|Pbb4baed4,P556f28bb,33000000.0
Mc16bfc84,"10,000 BC",2008,1,110,105000000,en,Adventure,Adventure|Action|Drama|Fantasy,4,US|ZA,5,C486ae29a|Ceddfe7b0|C3e7bdc8f,42,75,False,Kbbdeeb53|Kbf75451f|K6a580b43|K7ea91886|K24522a14|K4bd90910|Kcfa763a9|Kde84f630,Pfe1f310b|P349670c2|P92c82f6a|P504885a6|P34b3af76,P916a7de7,266000000.0
M4b2239fa,The Bank Job,2008,1,110,20000000,en,Thriller,Thriller|Crime|Drama,3,AU|GB|US,5,C8e42f8bf|Ccb3dad99|C37ccedfd,27,56,False,Kb8d59c8d|K253334af|Kd0d019de|K2440bc4c|K8adfda3c|K0ad7b19e|K2e0aac28|Kbe604f09,P4b27ca24|P4b1cdc3c|P0a3fa3d9|Pa659895e|Pa35e48d4,Pebd97e65,64822796.0
Mb97e5675,Horton Hears a Who!,2008,1,90,85000000,en,Animation,Animation|Comedy|Family|Adventure|Fantasy,5,US,3,C6cbfdb5c|C2a29849a|C7940c1ce,26,18,False,Kb1bf4dbb|Kb8281719|Kb2c2fb55,P3831e867|P4be68e2c|P1c0033fb|Pee9169c5|P32730d58,Pa7668d11,297138014.0
Mfd712cbf,Funny Games,2007,4,110,15000000,en,Horror,Horror|Thriller|Crime,3,AT|FR|DE|IT|GB|US,4,Cf19b4c5d|C91945753|C9b0e4985,10,19,False,K2b5d957d|K5c5e4382|Ka05e8854|K6eadcfd9|K35fbf0b0|Kca0f1cb3|K251f030c|K5fcea8d1,P8ea19000|P7ee1c6be|Pb9deb6f3|P37273b55|P2dfdb16e,P379d3438,7938872.0
M7782332f,Mongol: The Rise of Genghis Khan,2007,3,120,18000000,ru,History,History,1,RU|DE|KZ,5,Cea5bb29e|C687fb912|Cd1de8be4,27,47,False,K2f8e4b00|K7194959f,P9570f38d|P1abfd5f1|Pe0535120|P97fd18d5|P5c87694e,P77187e2b,26527510.0
Mb29c6834,The Love Guru,2008,2,85,62000000,en,Comedy,Comedy|Romance,2,US|GB|DE,3,C6146f42e|C69124fe6|Cf0970ca6,19,17,False,Kdc87c7d5|K3818041a|K28befcbf|K8992c8bc|K885aea9a|Kcbcfea8c|Ka08ea41b|Kc69b4e58,P872c7544|P32d7cd09|Pc84c3d9a|P1a451eeb|P0e1f3b2c,P1ed94c43,41819064.0
M7a62f62b,Hallam Foe,2007,1,95,8000000,en,Drama,Drama|Comedy|Thriller,3,GB,0,,7,8,False,K96bcf62d|Kfa895068|Kb8ac4260|Kebfedc52|K9dfcf494|K9363eb27|Ke85cdcac|K558b0fd9,P3a173673|P63314d2e|Paa96a2ea|P9dd775e7|P32dd1c86,P0f8b8170,60641.0
M99e761fe,Justice League: The New Frontier,2008,1,75,3500000,en,Action,Action|Adventure|Animation|Science Fiction,4,US,3,C07fcab20|C6b31c114|Cdf63d6a2,15,8,False,K38b4fde2|K04f1877b|K923101f0|K741a26f2,P281d7b60|P8b3c5c26|P875c6692|Pe13616e6|P5aff1494,P45796927,5231128.0
Mcd0570cd,What Just Happened,2008,4,105,25000000,en,Comedy,Comedy|Drama,2,US,4,C202af22f|C715d18a3|Cb3ba5e78,16,14,False,Kd72736af|K277a5e7d|Kd3103f62|K33dc8956,Pbc324a94|Pd9604827|Pd76d11b5|Pe0da2446|Pae29ae2b,P88a4894e,6673422.0
Mbe386c1f,Return of the Living Dead 3,1993,4,95,2000000,en,Comedy,Comedy|Science Fiction|Romance|Horror,4,US,1,Cc2cf1658,17,9,True,Keede16fc|K8dfac82b,Pe8da7f5e|Pecb2cd68|P2a185ef2|P07e1f3b5|Pb4ae8b9e,P1b436360,54207.0
Mfb91eabc,Never Back Down,2008,1,115,20000000,en,Drama,Drama|Action,2,US,3,Cceb4e3c9|C52c2683a|Ceaef4586,16,66,True,Kcbf4eaa8|K1308518c|K04f0a53b|K7a3e26a4|Kb858ed20|K45a1f512|Kdc87c7d5|K25a3086d,P7b1edd1d|Pd76a43cb|P7be8ea86|Pba7f0b0a|P289b71d5,P44b9c322,41627431.0
Mfcc3ce6f,Alatriste,2006,3,145,24000000,es,Action,Action,1,ES,4,C6cbfdb5c|C1ce605e2|C884a3833,16,11,False,,P45ae55c7|Paed868f1|Pf1d03ff0|Pfcd6fc3f|Pd4807822,P055c51b3,23321954.0
Mb22fa0da,21,2008,1,125,35000000,en,Drama,Drama|Crime,2,US,2,Cf4478484|Cdae08cab,13,22,False,K8341e452|K4db8dd0a|Ka2fe4ac7|K67237633|Kd6a2f816|K94571983|K99500dc4|Kee9a8bda,P85eb8363|Pf21f3bf1|P06351fdd|P53b7433e|Ped92b82d,P57a1ed5d,69823199.0
M74293537,Leatherheads,2008,1,115,58000000,en,Comedy,Comedy|Romance|Drama,3,DE|US,4,Cd7a83b16|C4c819766|Cc442a247,14,29,False,K63327ad9|Kc21d23ee|K3f95dd34|Kcc343814|K36437c68|K81876430|K0d25991c|Kaf767ab6,Pd4551c6e|P79cd1763|Pcf2e185c|P1cc8d66b|P37a4d733,Pd4551c6e,41299492.0
M96a9ffe9,Assembly,2007,4,125,16000000,en,Action,Action|History,2,CN|HK,1,Ce430ccd0,16,4,False,K399777ff|Kccf88615|K65cf7a95|K97de8087,Pd926cba2|Pf9d1329f|Pf65d73ce|Pe6250301|Pb9508f54,P612c0b8f,34786960.0
Mb8f28c7c,Pirates,1986,2,125,40000000,en,Adventure,Adventure|Comedy,2,FR|TN,3,Cbf3146de|C83c0c441|C28ee30ca,8,10,False,Kaa9e3589|Kc4a954b3|K323e09b0|Kf1fbe500|K285b5b13,P51ca2aab|P5afb496c|P674f7dd0|Pee33c9c6|P31694fbb,Pc5c7a3cb,1641825.0
M8f10c766,Stop-Loss,2008,1,115,25000000,en,Drama,Drama|War,2,US,4,C6146f42e|Cda813610|C0498af6f,89,19,False,Kfaea2c22|K7dc0994d|K7cbb8bb5|Kcbf64eb9,P958f1dd9|P81442d74|P8e89b53a|P4390516d|P1cb7dfe7,Pca54de6b,11207130.0
M240cf5af,Julia,2008,1,140,6000000,en,Drama,Drama,1,FR,2,C3f622e6d|C00f4bf08,8,8,False,K3e04d489|K30ba46ef|K6b8b99b5|K2440bc4c|K2990c1d0|K845da920|Kaa450961|K23578550,Pae3524a1|P483cf4d9|Pcccd95eb|Pa2175af9|P56baaecc,P4c99c7e4,1300000.0
Mf82279c4,Nim's Island,2008,2,95,37000000,en,Adventure,Adventure|Comedy|Family|Fantasy,4,US,1,C016bc731,23,19,True,K9ceb8d10|Ke62b95f6|K4fdd4469|Kcc094e84|Kd9b431f9|K91ee5d60|K2a5b5a95|K137adf5c,P00b5326f|P312369ee|P979428ee|P3d16d48f|P6fd20726,Pcb7e9da9,100076342.0
M7664f6c3,Forgetting Sarah Marshall,2008,2,110,30000000,en,Comedy,Comedy|Romance|Drama,3,US,2,Cd7a83b16|Cecb58e4c,26,9,False,Kb83ee9ca|K845da920|Kf9183e59,P8961bd5c|Paeb3f5cd|Pe08ce533|Pffd0937d|Pb89bdd1e,P1db15a05,105173115.0
Mff77ac1b,Superhero Movie,2008,1,85,35000000,en,Action,Action|Comedy|Science Fiction,3,US,1,C07f90652,16,18,False,K9ad21213|K25a3086d|K29b9044d|K04f1877b|Kab94bdee|Kd6073f4e,Pd4aa600b|P8ec65813|Pfff5d58e|P606df67a|P5072be9b,Pb8fcc8f1,25871834.0
M433d8a2b,Street Kings,2008,2,110,20000000,en,Action,Action|Crime|Drama|Thriller,4,US,4,C9ea1bb4a|Cc2c73c36|Ce9b365ce,48,16,True,K0d25991c|Keb5e7681,Pee0e1556|P52cbfc7b|P8164fa59|Peb18e715|P02f58094,Pa9d23fc9,65569869.0
Mfb02df01,Harold & Kumar Escape from Guantanamo Bay,2008,2,105,12000000,en,Comedy,Comedy|Adventure,2,US,1,C6988cd6a,19,7,True,K4d2febdc|Kfcbf608c|Kd6073f4e,Pd235a0d3|P31cd8751|P8b3c5c26|P99848168|P5fcbf52e,P39eed6c4,43493123.0
M5bd0837d,The Forbidden Kingdom,2008,2,105,55000000,en,Action,Action|Adventure|Fantasy,3,CN|US,4,C4c819766|Cfc8c2cea|Cdd27e8bd,15,25,False,Kdf68da34|K962f88ff|K8e4844b2|K4f97e9ea|K6ec74233|K8d539641|K1a6b88d8,P789f5166|P9e0754f2|Pc2ee7020|Pffec2c5c|P737fe6e7,Pb28334ec,127906624.0
M7b938620,Son of Rambow,2007,1,95,4000000,en,Comedy,Comedy,1,DE|FR|GB,2,Cf19b4c5d|Ce005d915,12,3,False,Kdd969d43|Kd3103f62,P75465d2d|Pce813eae|Peb3fd679|P8e308c49|P67f2a95c,P754750d9,6870249.0
M9712de1e,Deception,2008,2,105,25000000,en,Thriller,Thriller,1,US,5,Ccb2fa829|C9d81b79d|Ce9b365ce,28,42,False,Kf743e542,Pa70948d3|P5d50695a|Pcadac074|P829bbe4b|P701856ee,P24c83611,17741298.0
Mf20b32a1,Baby Mama,2008,2,100,30000000,en,Comedy,Comedy,1,US,2,Cdae08cab|C6d61f58c,19,10,False,K3f0adf56|Kde84d74c,P73249322|Pabb5b404|P19f25908|Pab61d2a5|Pa4d4e204,P6645accd,63833449.0
M6d55f49b,Expelled: No Intelligence Allowed,2008,2,90,3500000,en,Documentary,Documentary,1,US,1,Cac77732f,4,3,False,Ke7637d34|K7999ed91|K51d9cd60|K978e639a,Pd3ab8d48|P225b6828|Pe94324c0|P5962286d,Pe0727462,7700000.0
M93709f8d,Iron Man,2008,2,125,140000000,en,Action,Action|Science Fiction|Adventure,3,US,2,C6146f42e|Cc4089340,87,21,True,K59543204|Kdb5d0011|Kf6eaaaf8|K12b44075|K04f1877b|K923101f0|K34a6e50c|Kdb7cb22e,P9aaea10b|P584f290b|Pdfa9d578|P3a48b0a1|P0affa6f4,Pd539ecc7,585174222.0
Mf659e9a9,Made of Honor,2008,2,100,40000000,en,Comedy,Comedy|Romance,2,GB|US,2,Cf4478484|C7f4b55db,22,24,False,K866dc592|K0b2e661a|K1ca3731a|K845da920|K2e097b0f|K4bc60f6a|Kb92c5fc4|K9a9bc742,Pd1604614|Pcea1bef6|Pb5162c5d|P0d14952b|P7b7d5554,Pa8ceff01,84601681.0
Mefb4aee8,"The Bread, My Sweet",2001,2,105,600000,en,Drama,Drama|Romance,2,US,0,,12,10,False,Kcbf64eb9,P7aa47d70|Pf25b8671|P8065a623|P467a335e|P8deeaf88,P7c741ee8,1023156.0
M8b773bb3,Taken,2008,1,95,25000000,en,Action,Action|Thriller,2,FR|GB|US,9,C6cbfdb5c|Cfeba7872|Cc94eefdc,35,30,True,K24eec40f|K9136e8a9|K2d4eafca|Kb8281719|K434779d5|K8265abaf|K79460dbf|K4b9b421c,P1b4a1135|P0303ea88|P7e3306de|P9b25a799|P0463d375,Pd62b7b03,226830568.0
Mb4e01924,Stargate: The Ark of Truth,2008,1,95,7000000,en,Adventure,Adventure|Science Fiction,2,CA|US,2,C1e53a163|C8c4ca277,10,21,True,K3004c01c|Ka96b9d40|K00f341b1|K6b674f5c|K4d0bc3a5,P481f68fa|Pc5310dfa|P97e20806|P9f71483f|Pac202943,P8c9b1a6a,8900000.0
M9430b199,Meet Bill,2007,3,95,5000000,en,Comedy,Comedy|Drama|Romance,3,US,2,C3721cb6d|C12210cbd,13,22,False,K06ec2ec0|Kdf445d66|K87001976|K25a3086d|Kd3103f62|K95299216|Kd9198f5a|K30f1ac94,Pe85b6a97|P32d7cd09|P291847b2|P4002418d|P5c436162,Pe78d8375,346592.0
M57d5d572,What Happens in Vegas,2008,2,100,35000000,da,Comedy,Comedy|Romance,2,US,6,C6cbfdb5c|Cc2c73c36|Ccb3dad99,14,11,False,Ke33fde63|K32d43916|K696d8a88|Kb0c3c60d|K4786f4fd|Ka2390abe|K6c87d899|K309b728a,Pdbe8182c|P955f54ab|P9b47de87|Pc2dfb497|Pd74bca30,Pb4dd82a3,170000000.0
M8d6513f3,The Chronicles of Narnia: Prince Caspian,2008,2,150,225000000,en,Adventure,Adventure|Family|Fantasy,3,CZ|PL|SI|US,7,Cdb1cd148|C016bc731|Ca2f841df,21,83,True,K1451c5af|K9ceb8d10|Kee199654|K022cbeaa|Ke933f1ae|K70912432|K1d2efa84|K8661b1ad,P3ef74b99|Pefe2b89e|P635a4454|P8d1175db|Pc4b52739,Pa2845afc,419651413.0
M3793d8df,"War, Inc.",2008,2,105,5000000,en,Action,Action|Adventure|Comedy|Thriller,4,BG,0,,23,3,False,Ke7dde3b3|K84f189c9,Pe00a4034|Pb867ac16|Pacdffa16|Pf948d741|Pe236144b,P69e2c5f1,1296184.0
M406593a0,Sex and the City,2008,2,145,65000000,en,Comedy,Comedy|Drama|Romance,3,US,3,C6988cd6a|Cb71a7331|Cbff8a2e3,25,27,True,K1140265e|K32d43916|K67c9210a|Kdcf0ed6d|Kb6c3e822|Kfc9aa567|K7ec19939|Kf6eaaaf8,P95b0bcf1|P791fd83e|Pa57ab65c|P1bc4153e|P03267da5,P48338f99,415252786.0
M945e89d0,The Strangers,2008,2,85,9000000,en,Thriller,Thriller|Horror|Mystery,3,US,3,C26794216|C336c2b47|Cc054e56a,8,59,False,Kf3f28ea8|K8078e0e6|K35fbf0b0|K43c53aeb|K04b71262|K92b39d7d|Ke64ecf1a|K83f8d649,Pce2c4e19|P4c3a688a|Pdac7968f|Pb8519d3c|Pb0b0c267,P0402b101,82391145.0
M8030aba1,You Don't Mess with the Zohan,2008,2,115,90000000,en,Comedy,Comedy|Action,2,US,4,Cf4478484|C87ffc222|C64be22e3,183,37,False,K33e09618|K000e8809|K59543204|K62a68d17|K1ca3731a|K720604eb|K0974ce86|Kd2645904,Pc82d1114|Pb8e19397|P8329d18d|Pef127857|Pcd017538,Pad403284,201596308.0
M5a0553ef,Doctor Who,1996,1,90,5000000,en,TV Movie,TV Movie|Adventure|Drama|Science Fiction,4,CA|GB|US,3,Ca3c5d2f2|C2d9f6522|Cda74b91e,16,14,False,Kf39e4d30|K5182e889|K804bfd5b|K51b1cc66|K846673e8,P143f70fb|P3a9dba0c|P17fc384d|P0d7d16aa|P83976b27,P9f864fd4,42000000.0
M31d8f5d5,The Happening,2008,2,90,60000000,en,Thriller,Thriller|Science Fiction,2,US|IN|FR,5,C475937d3|C6cbfdb5c|C53a9ea27,22,19,False,K0afc75b9|K6473597c|K502356a3|Kf7eb58b9|K4b3ec575,P40d10530|P5616da73|Pcd89be8e|P9e79f4a8|P89a58641,P0e4432bf,163403799.0
Mc7c3a8db,The Children of Huang Shi,2008,3,125,40000000,zh,Drama,Drama|War,2,AU|CN|DE,5,C64037b38|C3aaa98a3|C4bdd3684,4,2,False,K595f8623|Kd6073f4e,P2c3e141f|Pa5509ed0|Pbf41fe4c|P6458924a,Padd86080,7400000.0
Mdb2ee4de,WALL·E,2008,2,100,180000000,en,Animation,Animation|Family,2,US,3,C72b723b8|C5f1dc623|Cbe6bd324,32,52,False,K4786f4fd,P9980137b|Pb6af78e6|Pf301c844|Pbe7baba9|P3fce085a,Pc3a09dc7,521311860.0
Mab4046e6,Wanted,2008,2,110,75000000,en,Action,Action|Thriller|Crime,3,DE|US,9,Cd7a83b16|C475937d3|C0f5c8c4c,18,27,True,K52525103|K4eaa0722|K98cad1f3|K658fee08|K9a16fa02,P9e58b7cf|P443289f8|P9c10a86e|P88ce8fad|Pf38d8cc1,P97a9e6f2,258270008.0
M76784d4a,Hancock,2008,3,90,150000000,en,Fantasy,Fantasy|Action,2,US,7,Cf4478484|Cce89c773|C4afff6ec,33,27,False,K4a64b667|K30ba46ef|K0b2e661a|K4bc60f6a|K68f9bab5|Kd5490d94|K71cc04af|K1f1ba69c,Pf5e36785|Pa9346d2f|Pd99e7ba1|Pcdc2191b|P3465fde8,Pb1ff26d6,624029371.0
M79343d89,Boy Culture,2007,1,90,500000,en,Drama,Drama|Romance,2,US,2,Ccba76128|C81b8c7b8,10,4,False,Kd3103f62,P9c9be54f|P45541f53|P783fadd2|P917d0c6f|Pe46d3388,P617b80ef,220151.0
Md021a4da,The Wackness,2008,3,100,6000000,en,Drama,Drama,1,US,2,C437fa1f2|C89af3ad3,15,7,False,K6878063f|K95299216|K37228ca6,P6abc1229|P0303ea88|P7831e46a|P3da915c5|Pc7d6781b,Pb63e2ce5,2899975.0
M387c26a2,Mamma Mia!,2008,3,110,52000000,en,Comedy,Comedy|Romance,2,DE|GB|US,5,Cd7a83b16|C3597129d|C0dc701b8,26,14,True,K60561435|Kf0265e5f|K965d2159|K137adf5c|Kab832ca0|K4281ec01|Kd6073f4e|Kcbf64eb9,P5601b6b3|Pc745bfc7|Pea05f72b|P292df613|P10291a37,P52a08fb4,609841637.0
Ma525316b,Journey to the Center of the Earth,2008,3,95,45000000,en,Action,Action|Science Fiction|Adventure|Comedy|Family,5,US,2,C6988cd6a|C016bc731,10,14,True,Kd9b431f9|K74f9fa70|K940149f8|Kb155023a|Kb312f8f4,P02dbf1fc|P6d77cc56|P3dc07175|P722d2d6c|P5af30db9,Pca89cd2b,101702060.0
M04662e38,Meet Dave,2008,3,90,60000000,en,Comedy,Comedy|Science Fiction|Adventure|Family,4,US,6,C6cbfdb5c|C53a9ea27|Cc2c73c36,16,38,False,K33e09618|K58786828|K3ebbf77b|Kfa895068|Kf3572fd4|K5011ba81|K5d7e7907|K7652162c,P1c7f1d9d|P291847b2|Pd83ca452|P89b363ce|P06e8b61d,P416cd319,50650079.0
M3fdb8db4,Death Defying Acts,2007,3,95,20000000,en,Drama,Drama|Romance,2,GB,1,Ce09e087e,12,4,False,K866dc592|K05224307|Kc49b8a05|Kcbf64eb9|K731d4c1b|K9cf8e2ba,P76ffd39b|P9491bef5|P3c76028e|P975c4090|P7ea07f91,P0a686bba,8380329.0
Mb680ef86,Transsiberian,2008,1,110,15000000,en,Thriller,Thriller|Crime|Mystery,3,DE|ES|GB|LT,9,C35abb3df|Cfc8c34ec|C03bf9635,16,23,False,K2f674d5e|K41adc54e|Ka633621b|Ke25b932f|K0d25991c|Kc7759f81|K6e781bd1|K68ad2759,P96737513|P43f01c1e|Pa1581fbd|Pd4807822|P88ce8fad,P5aec6bd6,5926410.0
Mcc019ec2,Space Chimps,2008,3,80,37000000,en,Animation,Animation|Family,2,US,5,C3cbe0748|Cc5a48e35|C95411a89,17,8,True,K546d281f|Kec18bf8a|K846673e8|Kfcbf608c,Peea9996a|Pe68a631c|P63cebd80|Pa3b62736|Pb1f38ec6,P228c7b59,63800345.0
M1ff98027,Step Brothers,2008,3,100,65000000,en,Comedy,Comedy,1,US,5,Cf4478484|Ccb3dad99|Cf729283b,16,23,False,K126f9f16|Kf03d47aa|Ka235aaf3|K85f54509|K4368f015|K113d0352|K3f541b26|Kfcbf608c,Pc488f7aa|Pff2ae6f1|P585b87be|P0ca0f182|Pcdb2bdab,Pa2f257bd,128107642.0
Ma8102a38,Brideshead Revisited,2008,3,135,20000000,en,Drama,Drama|Romance,2,IT|MA|GB,8,Ce09e087e|C4e47987a|C204ca293,12,24,False,Kdcf6a5ec|Kee199654|Kfa895068|K6ecc96df|Kee9a8bda|K1435f49d|K95c5f181|Ka1d3ec6b,Pd4288e7a|P17934d14|P3d8ce9aa|Pe3b4e9ba|P580e9714,Pfc6ff0db,13204291.0
M8d1470b9,The X Files: I Want to Believe,2008,3,105,30000000,en,Drama,Drama|Mystery|Science Fiction|Thriller,4,CA|US,4,C6cbfdb5c|C2f8d5969|Ce9b365ce,42,200,True,K876f7e0d|K4869d83d|K4d0bc3a5|Kaf916823|Kd6073f4e,P301fb6b8|Pda93cf7b|Pc19b2250|P349feb94|Pb1fc271d,P3b965072,68369434.0
M9b898d9d,The Tracey Fragments,2007,1,75,700000,en,Drama,Drama,1,CA,3,C87ec3be3|C8c39c9b6|C81cfe8ba,11,13,False,K612c5674|Kd3103f62|K3c6f9488,Pd6d7ac89|Pd156a9b7|P9a715a00|P7fd6c5bc|Pe393794b,Pa34765e5,31576.0
Me770386d,The Mummy: Tomb of the Dragon Emperor,2008,3,110,145000000,en,Adventure,Adventure|Action|Fantasy,3,DE|US,5,Cd7a83b16|Cfc8c2cea|Cdae08cab,15,17,True,,P02dbf1fc|P9e0754f2|P3b9da51e|Pa90449bf|Pb9289409,P64f7b4aa,401128639.0
M821944db,Swing Vote,2008,3,120,21000000,en,Drama,Drama|Comedy,2,US,1,C0532621e,28,30,False,K2b746c3e|K3ccb5600|Kb52fcd35,P02f4f983|P59dca10b|P3a27ae88|Pc6c0443f|P0fbbf0cd,Pb98a58a9,17600000.0
Me3f199c3,The Midnight Meat Train,2008,3,100,15000000,en,Mystery,Mystery|Drama|Crime|Thriller|Horror,5,US,4,Cb61eea90|Cc032927b|C54b333e3,11,11,False,K63569927|K8a9b5f1e|K51431265|K4bb2d3cb|K7cb2f9cd|K6a3cb94b|Kbc3b124f|K64dee69a,Pc34a6901|Pc3cf53fb|P875c6692|Pba280f80|P8792ed12,P0d0fca87,3533227.0
M9b52b75e,Bottle Shock,2008,3,110,5000000,en,Comedy,Comedy|Drama,2,US,2,Cf5ea3e72|C8714fd10,12,3,False,K4a236b7f|K7a533b1a|Kfb0c5d4e,P4827d768|Pb95440c1|P4821cb9e|Pca2aeafa|P4d56e1fc,P5b48a305,4040588.0
M7c3b9d71,Vicky Cristina Barcelona,2008,3,95,15000000,en,Drama,Drama|Romance,2,US|ES,6,Cd8418e70|Ca28b27e9|Ca1fcd147,23,8,False,K0ac7d79e|K35e1889b|K77830caa,Pb214a37a|Pc5159ea1|P9f0e9d1d|Pfac84536|P9fa98571,P23c41cec,96408652.0
M49537c33,Pineapple Express,2008,3,110,27000000,en,Action,Action|Comedy,2,US,2,Cf4478484|Cecb58e4c,38,32,False,K67e926d8|K95299216|K1c43a243|Kcca41ebb|K4a5f60be|Ka02d079f|K3b2eafa1|K60dfbc3f,P32730d58|P58bca367|P00297e99|P66b17666|P450a57fa,Pbc25612e,101624843.0
M93130649,Red Cliff,2008,3,150,80341000,zh,Adventure,Adventure|Drama|Action,3,CN,3,Cd4fd11b6|Ce2d69c59|C925b01e8,28,40,True,Ka3ab1bd7|Kff0f9c69|K76b21db8|K55b66276|K00775570|Kc234e472|K35807bbb|Ked2149dc,P433907da|Pb5f21592|Pb3242959|P2840770f|P1443055b,P26bdbec9,127814609.0
Me2312e32,The Sisterhood of the Traveling Pants 2,2008,3,115,27000000,en,Adventure,Adventure|Comedy|Drama|Family,4,US,0,,25,3,True,Ka5e5d456|Kc9e5c2e6|Ka41bc598|Kcbf64eb9|K0ac1cfed,P023d8650|P427249f9|P0369fc49|P4fc0ff75|P4d2180f0,Pde64586e,44352417.0
Me7bc7b4b,Elegy,2008,3,110,13000000,en,Drama,Drama|Romance,2,US,1,Cc032927b,16,12,False,K8fb4d037|Kc735a526|Kabb4c208|Kafd3100b|K332bc16d|Kcbf64eb9,Pfac84536|P6abc1229|Pa9b844fc|Pc3ac31e9|P0fbbf0cd,P77a01382,14894347.0
M10ac51c1,Tropic Thunder,2008,3,105,92000000,en,Action,Action|Comedy,2,US|GB|DE,4,Cfa01eb95|C69124fe6|C9e48d798,74,36,False,K4e49a65a|Kba7e4369|Kb2c2fb55|K69162ea8|Kc898208f|K68bbb947|K4541daf4|K396e4631,Pd29fc0d4|P72d7d3b1|P9aaea10b|Pe28239f5|Pf9ddcb76,Pd29fc0d4,188072649.0
M7c9d31e6,Star Wars: The Clone Wars,2008,3,100,8500000,en,Thriller,Thriller|Animation|Action|Science Fiction|Adventure|Fantasy,6,SG|US,1,C3ea53bb0,15,9,False,K267cc427|Kcf0b105a|K90f105ff|Kb312f8f4|K31ea220e|K4a2b74ab,P1647b9a2|Pafc34692|P17b25916|Pf605351c|P411aa6b0,P604237f2,68282844.0
M3a39edc0,Mutant Chronicles,2008,3,110,8000000,en,Action,Action|Adventure|Horror|Science Fiction,4,US|GB,4,C83bf99c0|C49e92df1|C17ecb874,6,11,False,Ka6194240|K648bad42|K51e02761,Pf7136100|P42c677ae|P0971a806|P001984d8|Pd334fad9,Pa78114a7,2033165.0
M7d408ada,Waltz with Bashir,2008,2,90,2000000,he,Drama,Drama|Animation|War,3,IL|FR|DE,3,C00290b87|C4939da5f|C671ef6af,4,11,False,K000e8809|K9aa2f13f|K59543204|K0a5f2c31|Ke30f40a7|K5b101141,P23dcdebd|P98f805dd|P5ce40d94|Pbd84ea32,P23dcdebd,11125849.0
M3d0684b6,Let the Right One In,2008,1,115,4000000,sv,Horror,Horror|Drama,2,SE,1,Cc6cd67a0,15,12,False,Ka7984eec|Kffb9e482|K7b0292d0|K612c5674|K0fb1a4f2|K35fbf0b0|K0c2e638b|K20552824,Pe1c5243f|P1b3ff2ad|P80aecf2d|P22bc9251|Pfbcf25f8,Pb825182f,10785801.0
M697deeed,The Rocker,2008,3,100,15000000,en,Comedy,Comedy|Music,2,US,1,Ce9b6e0b5,22,5,False,K4603cffd|K1a4e129a|K0af39414|K965d2159|Kd5acb9df|K5fc71d40|K04062576,Pc43231c7|P51b53dde|Pb0acacc8|P9a467338|P40b509fb,P3c1b494f,8762890.0
Mf4e8af39,Mirrors,2008,3,110,35000000,en,Horror,Horror|Mystery|Thriller,3,RO|US,5,Cc2c73c36|C7dc48249|C91c56c9d,9,13,True,Ke126f69b|K57663f99|K253334af|Kabe04825|K1f1ba69c|Kdea39ed5|K31d67b3d|K7f75bea6,Pcf04e53b|P3a27ae88|Pe6321c84|Peaa2bef1|P21e7cd38,P8575a01f,72436439.0
M16b309ac,Sukiyaki Western Django,2007,3,120,3800000,ja,Adventure,Adventure|Action|Comedy|Western|Thriller,5,JP,2,Cc77149e6|Ca0baef65,20,6,False,K8f34cc69|K71bf1fc9|Kf27a41b9,P5a53397b|P6da8c1c9|P84fe1b9b|P8aba2a57|P47a1f800,Pab7c3087,2725258.0
M788655ec,Burn After Reading,2008,3,95,37000000,en,Comedy,Comedy|Drama,2,US|GB|FR,5,C7b60e243|Cf988914f|Cdae08cab,64,28,False,K50f0ee0b|K3788e79b|Kb0e40887|K78445bea|Kc335a7ce|K0c8ef730|K5b99e83e|K33dc8956,Pd4551c6e|Pf82a31ed|Pc5fe07a1|Pefca9620|Pae3524a1,P86646577,163720069.0
Mcfca0ae6,Disaster Movie,2008,3,85,25000000,en,Action,Action|Comedy,2,US,3,C11c9d3a6|C3f8ac89b|Cdd08d562,15,13,False,K6473597c|K3c6f9488|K7ea6626c|Kd6073f4e,P1647b9a2|Pa2d0220f|P890f1411|Pb6d771f1|Paea2ebf7,P15575b6c,14109284.0
Md89a2437,Babylon A.D.,2008,3,100,70000000,en,Action,Action|Adventure|Science Fiction|Thriller,4,FR|GB,8,C668b01c5|Cfeba7872|Cc94eefdc,19,72,False,Ke484fe84|K808b4a33|K526c2540|K89099cca|K13a62eac|Ka77deba2|K8e0eb2fc|K7f284f24,Pb2d28ee6|P6458924a|P87a2c0f1|Pe6c96e9e|Pc4d07f3f,P410b53e5,72108608.0
Mdf58b73d,College,2008,3,95,7000000,en,Comedy,Comedy,1,US,1,C1e53a163,19,1,False,K96bcf62d|K94571983|K99500dc4|K711d7177|Kb95b5cef|K7273b78c|K8bc591cd,Pd4aa600b|P78c7d100|P3c148661|P6838611e|P33ad86a3,P4fb9a759,6230276.0
Mb1aef3b1,The Women,2008,3,115,16000000,en,Comedy,Comedy|Drama|Romance,3,US,1,C6988cd6a,11,1,False,K6556d50e|K33dc8956|Kcbf64eb9,P5a51d88d|P3d396906|Peb51c4ea|P750e20b3|Pcc51d817,P09ecab0d,50007546.0
M8ea2194b,The Spirit,2008,4,105,60000000,en,Action,Action|Comedy|Thriller|Crime|Science Fiction,5,US,6,C9e2f18ea|C78367188|C57740895,15,24,False,K3d2b49b8|Ke13d43a2|Kf3f28ea8|K4295d119|K923101f0|K44432b5d,Pdf6df1b0|Pb214a37a|P5eab90f9|P750e20b3|P0b03fde2,P0211d2bd,39031337.0
M81baa762,Bangkok Dangerous,2008,3,100,45000000,en,Action,Action|Crime|Thriller,3,US,7,C1c5e031d|Ca00eaaf1|C82201f3c,10,22,False,K52525103|K3499aaa4|K01c1572d|Kc1122bfb|Ke7dde3b3|Kefe0a483|K3ae80f7d|K2e0aac28,Pa2178ef1|P7e53c29c|Pfc654e49|P4019acc7|Pef46a5d3,P58c01cf5,42487390.0
Maa2fd1a2,The Foot Fist Way,2006,2,85,79000,en,Comedy,Comedy,1,US,1,Cf729283b,5,3,False,K56b57e97|Kdc87c7d5|K52054d8c|Ka646ca77|Kd3103f62|Kb3934d8d|Kd6073f4e,P00297e99|Pcabe4d95|P826eea5f|Pe62e6101|P9c2415ce,Pe62e6101,245000.0
M28e69e96,Righteous Kill,2008,3,100,60000000,en,Action,Action|Crime|Drama|Thriller,4,US,5,C11c9d3a6|Cce3dd12a|Ce4826f85,33,2,False,K9a16fa02|K35fbf0b0|K5a14f0ef|K7e95b555,Pd9604827|P20f57bc9|P08a2194a|P13753a9d|Peba49252,Pe84b5890,73174566.0
Ma2d3746b,Lakeview Terrace,2008,3,110,20000000,en,Drama,Drama|Crime|Thriller,3,US,2,Ceba6d050|Cfb761d03,17,17,False,Kd3764086|Kb8d5135f|K251f030c|K43425223|K96ee48e5|K07b14717|K4f97e9ea|K2f05f073,P5eab90f9|Pf3405eca|P6ea9ba14|P1af9b782|P9bc7650b,Pcc53fa2f,27640028.0
Mf16d38c7,Appaloosa,2008,3,115,20000000,en,Drama,Drama|Western|Crime,3,US,3,C6988cd6a|C6aeddf49|Cafd0117d,14,44,False,Kc5a122eb|K14053547,P45ae55c7|Pceb538c7|P79cd1763|P3af08c02|P3c76028e,Pceb538c7,20211394.0
M380a2ddd,Eagle Eye,2008,3,120,80000000,en,Mystery,Mystery|Thriller|Action,3,US|DE,4,Cfa01eb95|C2374786e|C69124fe6,20,111,False,K497a09fb|K9bd9c4c0|K3d2b49b8|K8b8060e4|K9a97b678|K4869d83d|K2bf55ac1|K60846bfa,P5bf5191b|Pcea1bef6|Pefe166d2|Pbefbca66|Pde213099,Pc15edde6,178066569.0
M1832a4d2,How to Lose Friends & Alienate People,2008,4,110,27000000,en,Comedy,Comedy|Romance|Drama,3,GB,6,C6cfa93a0|C5a924552|Cecf498de,27,34,False,K5703d908|K71153348,P2485d895|P154cd6af|P77e32dde|P040a1202|Pda93cf7b,P6c922d55,17286299.0
Mbf8ee009,Nick and Norah's Infinite Playlist,2008,4,90,9000000,en,Comedy,Comedy|Music|Romance,3,US,4,Cf4478484|C37b54f25|C19fdf574,23,19,False,K87469bb8|K8e4844b2|K5b620d85|K779b67dc|K5ab5ad97,Pdc4fc482|P3099eae6|P53b7433e|P1fe9c7fa|P0c46c6b0,Pe6223366,32973937.0
M556665db,Body of Lies,2008,4,130,70000000,en,Action,Action|Drama|Thriller,3,US|GB,3,Cd5a1e1a6|C260d7df4|C3e7bdc8f,19,85,False,Ka5ec14be|Kf96aca73|K1451c5af|K9dfcf494|Kb8cc741a|K98ccbaeb|K7270972f|Kf4eca845,P2cb99efe|Pf4bdfa1a|P2598469d|P12ee0630|P49f77bd8,P54540f1f,113280098.0
Mfd0ddda2,City of Ember,2008,4,90,55000000,en,Adventure,Adventure|Family|Fantasy,3,US,2,C0dc701b8|C016bc731,21,31,False,K471d573d|K2f8d3554|K84348ea3|K8e2e1632|K7f284f24|K256da9de|K26b4caeb|Kd48da274,P975c4090|Pe811488f|P934291ec|Pfe130811|Pf5453513,P9b9622bc,17869048.0
M9d44f2b8,Zack and Miri Make a Porno,2008,3,100,24000000,en,Comedy,Comedy,1,US,2,Ccf51ad38|C71ce43ef,14,13,False,K0f0db118|K0b2e661a|K827e4f38|K52437e3f|Kc9e5c2e6|K34035ab5|K9a9bc742|Kfcbf608c,P32730d58|P291847b2|Pf10b3e37|P6d1560b2|P46960dd5,P7e090b5e,42105111.0
Mef7c348c,My Best Friend's Girl,2008,3,100,20000000,en,Romance,Romance|Comedy,2,US,5,C78367188|C72151b8a|C2eb79e47,33,24,False,Kd5641b5e|K511491fa|K9be97905|Kf77f38fc|K5011ba81|K41ae9c75|K0f72d59b|K0961ce93,Pf5207e51|P0d5aa382|Pa350e788|P3f2c2df0|P2b76896f,Pcd55a224,36620508.0
M7f2f0d3e,The Secret Life of Bees,2008,3,115,11000000,en,Adventure,Adventure,1,US,4,C9ea1bb4a|C3b4ef1a3|Ce9b365ce,11,26,False,Kcbf64eb9,Pda09c683|Pc2dfb497|P1c4e1bc5|Pd8ccd5f8|Pe35a5e5d,P4a2b4f10,38105395.0
M74864995,The Wave,2008,1,105,7500000,de,Drama,Drama|Thriller,2,DE,1,Ce9a4656c,31,9,False,K9388831d|Kb6c1558f|Ke235feee|K3d3b2d8c|K0bea416b|Kb1cb14ee|Ka4c2114f|Kb858ed20,Pee191d95|P32a3977c|Pdc3418e4|P30f10821|P28bc850d,Pbb6ef6b5,19000000.0
Mf7bb466d,Quarantine,2008,4,90,12000000,en,Horror,Horror|Science Fiction|Thriller,3,US,3,C336c2b47|Ceba6d050|Cd8f90510,16,11,True,K2565e095|K71bf1fc9|K19c1b07e|Kb7debf2d|Kfaa58f07,P4cb1fcbe|P7abdea4e|P7f835c3c|P1e156a17|Pfbe5262b,P5d56d82a,40855419.0
M1cc7a243,Pride and Glory,2008,3,130,30000000,en,Thriller,Thriller|Crime|Drama,3,US|DE,5,C6988cd6a|Cee686246|C6497540c,18,19,False,K2f874a1b|Kc5db0107|K0d25991c,Pf6c5b6fd|Pb3cd0383|P7b34c4be|P572b22e6|P8d765fd4,Pb433db78,31148328.0
Mb824dfca,The Express,2008,4,130,40000000,en,Drama,Drama,1,DE|US,3,C98c258fd|Cdae08cab|Cfcb8ba2c,8,13,False,K63327ad9|K94571983|K4385ab38|Kdc87c7d5|K7c6af480,P2490c5fe|P967c7ac4|P3d240f6b|Pee130dfa|P9bcac85c,Pd43821ba,9793496.0
Mb6adc3cb,RockNRolla,2008,3,115,18000000,en,Action,Action|Crime|Thriller,3,GB,4,C668b01c5|C32d6fdc3|C4250943c,17,17,False,Kef728c09|Ka1055592|K9bddb5a5|Keede16fc|Kf1fbe500,P2598469d|P4acd4a33|P7a26d1cc|P979428ee|P91f4f0f4,P4d1bb4c3,25739015.0
Mcc3308f2,Madagascar: Escape 2 Africa,2008,4,90,150000000,en,Family,Family|Animation,2,US,1,C586f6404,42,6,True,Ke2c03db7|K70733318|Kb730b002|Kd27cedae|K022cbeaa|K00b165eb|Kaa2a11e0|Kec18bf8a,Pd29fc0d4|P94cdbb6d|P556f28bb|P560244ba|Pc7895e74,P0ac84fa8,603900354.0
Mc1a68ca3,Blindness,2008,2,120,25000000,en,Drama,Drama|Mystery|Science Fiction|Thriller,4,BR|CA|JP,13,Cf32a2ad6|C6057c5dd|C87ec3be3,17,31,False,K7a3e26a4|Ke8f49a6c|K6a020f0a|K71b96fcb|K744c0ebb|K635667df|K53d67835|K76b36f3e,P62eda3c0|P282469c4|Pbc2fbf24|Pc3284856|P6f155c36,P73ae75b9,19844979.0
M5be83bcb,Changeling,2008,1,140,55000000,en,Crime,Crime|Drama|Mystery,3,US,3,Cd927b580|C27c08183|Cdae08cab,74,32,False,K9df93747|Kede84157|K60686471|K9f09b273|Kf3b60d20|K510417cd|K8beac702|K0d25991c,P9e58b7cf|Pb271edee|Pefca9620|Pd094691f|P12c0d119,P6f65c5ac,113020255.0
Mfa3776ca,The Road,2009,4,110,32000000,en,Adventure,Adventure|Drama,2,US,4,C202af22f|C07f90652|Cb21477d1,15,14,False,K8e2e1632|K7f284f24|Kdd1f1e8e|Kd6073f4e,P45ae55c7|P853e9f27|Pa9346d2f|P617d4377|P9491bef5,Pa4088e00,27635305.0
Mbcb741fb,Slumdog Millionaire,2008,2,120,15000000,en,Drama,Drama|Romance,2,IN|GB|US,4,C9ea1bb4a|Ccef4d06f|C3e7bdc8f,15,59,False,K7444e5f9|K8867be76|K12e0a0fd|Ke677fe47|K01063181|K4b112d80|Kd6073f4e,P1c4e2561|P88b7e333|Pe2b94393|Pa3f8a4ea|P16a2a783,P8c6407a8,377910544.0
M0688734b,Quantum of Solace,2008,4,105,200000000,en,Adventure,Adventure|Action|Thriller|Crime,4,GB|US,1,Ccf159454,32,17,True,K91dde98b|Kb7b43807|K742bd1e5|K0d2e7f11,P3d5ce154|Pc793c726|P3c57fa1c|Pf0ddf122|Pedbfcc8b,P6621f3f1,586090727.0
M4dba72a6,Saw V,2008,4,90,10800000,en,Horror,Horror|Thriller|Crime,3,US,2,C78367188|C48500673,12,13,True,K7cb2f9cd|Ka2122fa4|K88e6fe7f|Keeb0fd51|K636e340d|K813e4261,Pa07d485f|P775f1759|P457e4bdb|Pe492b2c7|Pde6945ab,P8680ff73,113857533.0
M088e0eaf,Sex Drive,2008,4,110,19000000,en,Comedy,Comedy|Adventure|Romance,3,US,3,Cceb4e3c9|Ca241c88a|C69124fe6,11,33,False,K511491fa|K70733318|K47934026|K60686471|K0f8f7734|K5011ba81|K25a3086d|K110f3ad2,P3b974957|P8d737e84|Pf31846a4|P003a1c95|P41a49491,P369cce8c,18755936.0
M7dd5d78b,While She Was Out,2008,4,110,6000000,en,Action,Action|Adventure|Drama|Horror|Thriller,5,CA|DE|US,9,C11c9d3a6|C399c38bd|C5742af8b,7,33,False,Kca0f1cb3|Kee7d3574,P59339049|P24be1f65|P0efba383|Pf968c0bf|Pc71824c2,Pa49e0ff9,391410.0
M60b1ed52,Beverly Hills Chihuahua,2008,4,90,20000000,en,Adventure,Adventure|Comedy|Family,3,US,1,C72b723b8,13,2,True,K0e79f827|K84f065c5|Ka4d7342e|K5c846739|Kd6073f4e,Pe0243597|P79baae9f|P45c72dd5|Pcd2407c5|P0222b00e,P02060500,149281606.0
M5fc7b256,Australia,2008,4,165,130000000,en,Drama,Drama,1,AU|US|GB,5,Cd2458bcc|Cadd28e55|C6cbfdb5c,45,101,False,K4d2815bf|K230a811e|K193051bb|K241b3a3b|K89b75a49|K87d91188|Kd0c5ce47|Kfcbf608c,P8bb333ae|Pa70948d3|Pbcbc23f4|P210792a8|Pda042e37,P53b7ebbb,49554002.0
Mfa2cb075,Bolt,2008,4,100,150000000,en,Animation,Animation|Family|Adventure|Comedy,4,US,1,C7ce0905f,16,156,False,Kd79fdbc7|K6bab75c0|K242d9985|Kfb82e14d|Kd6073f4e|K9ec2c250|K571389cb|K28e5509a,Pe91449f5|P0d8b128b|P481cae0f|Pf0485563|P6ffb425f,P838c655e,309979994.0
M767ca579,Milk,2008,4,130,20000000,en,History,History|Drama,2,US,1,Ccef37e26,13,6,False,K0c50837f|K2c1bbb24|K1ef0082a|K2f8d3554|K4385ab38|Kc62bc6d3|K08d4a276|Kf495822d,Pd76d11b5|Pa68f8508|P58bca367|Pc6b524b9|P906305c0,Pfb9bfb55,54586584.0
Mec539b50,Twilight,2008,4,120,37000000,en,Adventure,Adventure|Fantasy|Drama|Romance,4,US,6,Cceb4e3c9|C8acaf6d9|Cf057bbbf,26,3,True,Kdd4cdb43|Kffb9e482|K4bc60f6a|Kda40fa6b|Kfd0a7a26|K591bf061|Kd6073f4e|Kcbf64eb9,Pff66170f|P5397a25c|P4f755c55|Pa28c68b2|P04255411,Pa3ce008f,392616625.0
Md276b696,Transporter 3,2008,4,105,30000000,en,Action,Action|Adventure|Thriller|Crime,4,FR|GB,4,C575e997e|Cc7ffd06c|Cf250f179,11,6,True,,P4b27ca24|P02cba3d4|Pae16f2f5|P19ddb445|Peb26aac2,P6e2877bf,108979549.0
Mb111a8c4,Four Christmases,2008,4,90,80000000,en,Comedy,Comedy|Romance|Drama,3,US,5,C6988cd6a|C475937d3|C221fd149,25,20,False,Kedb0ba53|K4786f4fd|K8d86fd42|K399ba99f,Pe5898b7e|P4d20c8bc|P617d4377|P45da86ac|Pb3cd0383,Pd69b0144,163733697.0
Mada05862,Surveillance,2008,1,95,3500000,en,Horror,Horror|Thriller|Mystery,3,US,3,C6cfcd50e|Ca9dcc278|Cfc54a2c9,20,25,False,K4f1bb2e0|K1382b415|K9dfcf494|K249e52d7|K68f9bab5|K011bc215|K0d25991c|K35fbf0b0,P2c01bfde|P4821cb9e|Pd74968f7|P6ac23c5f|Pb77d43cf,Peb6c34fb,1115493.0
M6202e94a,Fireproof,2008,3,120,500000,en,Drama,Drama,1,US,5,C91f90e00|Cdf58d82c|C77ec1a19,15,3,False,Kcf7d212b|Ke6b45b39|K969ef670|K5ceaca2a|K9a152326|K33437310|K648bad42|K602b7fa9,Pc5f30846|P9f9b5af9|Pa8d38430|P3e74f64e|Pccbcea4c,Pa218ffb6,33456317.0
Ma14d8d33,Igor,2008,3,85,25000000,en,Animation,Animation|Comedy|Family|Fantasy,4,US|FR,2,Ce8bd2b6b|C4d1fdf5d,24,5,False,Kd0bf5062|Ke707c054,Pe00a4034|P6fb62f0b|P222db7cc|P91a393ed|P00c082cc,Pb6b8c0ea,30000000.0
M6ab378e7,The Reader,2008,4,125,32000000,en,Drama,Drama|Romance,2,DE|US,9,C295bb1fa|C50c5359a|Cd8418e70,26,29,False,K67f22cdc|K613cd66a|K554cf43d|K1657daca|K8e4844b2|K9cd47611|Ke3dfe834|K2e4f7f83,P5516a531|P77e8a1ca|P439f3ff9|P7c576219|P9b51fc69,Pbabc1386,113019290.0
M18a1a23e,Seven Pounds,2008,4,125,55000000,en,Drama,Drama,1,US,4,Cf4478484|C8287d6b8|Cdae08cab,17,21,False,K51431265|K3241c358|K388dfbfc|K5e49715d|Ke92b93fb|K9fd56665,Pf5e36785|Pefe166d2|P40d72441|P96737513|P09fe7ca4,P662f7eb3,168167691.0
M9eb5a5e3,The Wrestler,2008,3,110,6000000,en,Drama,Drama|Romance,2,US,4,C82201f3c|C8b326944|C290c10a2,74,44,False,K79a56504|K153272cf|Kc52f1d5b|K137adf5c|K65302cc3|Kdc87c7d5|K0f72d59b|K142f5710,Pc810bfde|Pacdffa16|P28fb5c65|P4c767be0|P2203247e,Pe5b33ad5,44703995.0
M4fc5568d,The Curious Case of Benjamin Button,2008,4,165,150000000,en,Fantasy,Fantasy|Drama|Thriller|Mystery|Romance,5,US,3,C6146f42e|C3e7bdc8f|Cfaf731e1,37,155,False,K87bd8b37|K0ec301c4|K8ededc31|K193d77d8|Kc7759f81|Ka69f7dd5,P7ee731d8|Pc5fe07a1|Pae3524a1|P2c01bfde|P058ac46a,Pa8beb66e,333932083.0
M5f7581cb,Yes Man,2008,4,105,70000000,en,Comedy,Comedy,1,US,4,C1246c604|C5c652f15|Cce91b416,20,39,False,Kb3c26b72|Kcbcd0df4,P3831e867|P5616da73|Pcb8d0815|Pfb20db12|P0cc153b9,P33297e38,225990978.0
M040ba2bd,Valkyrie,2008,4,120,75000000,en,Drama,Drama|Thriller|History|War,4,DE|US,4,C7e86926f|C554baf36|C1e53a163,35,27,False,K0fc9b725|Kc8aa65cd|Kf10ad044|Kb722db6a|Ke7fd3ddd|Kb1b2d050|K230a811e|K81851020,P13cbd053|Pbf5c9cd9|P39fc9765|Pdaeaa73e|Pf38d8cc1,Pe52532d6,200276000.0
M9814b391,Bedtime Stories,2008,4,100,80000000,en,Fantasy,Fantasy|Comedy|Family|Romance,4,US,3,C72b723b8|C87ffc222|Cf2580e12,71,4,False,Ka8ffeb96|Kddb69466|Kbee996ad|K99b7d444|K391c13a7|Keb8ad734|K91e36abd|Ka0dd9bcd,Pc82d1114|Pe896c281|P9491bef5|Pe44cf61d|P1124fc4a,P71a85149,212874442.0
M4414ffc1,Choke,2008,3,90,3000000,en,Comedy,Comedy|Drama,2,US,6,C9ea1bb4a|C593b51a0|Ccd3ac0fa,22,29,False,K2e0aac28|K6948d28b|K6f911408,P14f62872|P8c0c45c1|Pe64e372f|P51175bd8|Pe8aee386,Pe8aee386,3830137.0
M6ccc2a4d,Revolutionary Road,2008,4,120,35000000,en,Drama,Drama|Romance,2,GB|US,6,Cfa01eb95|Cda813610|Ce09e087e,19,36,False,K06ec2ec0|K70733318|Kb8d59c8d|K43f280e8|K52d403a5|K3235c1d1,P2cb99efe|P5516a531|P58f4559e|Pa6bce221|P56aac592,Pc1703105,75225693.0
M9d1ca642,Nobel Son,2007,2,110,4000000,en,Comedy,Comedy|Crime|Drama|Thriller,4,US,1,C4257c240,10,3,False,K511491fa|Ke0fff442|Kc1862369|Kf3f28ea8|K94571983|K0db744f4|Kd7084ffe|K9a16fa02,P4827d768|P49261ef7|P585b87be|Pa7a78b64|P6f263068,P5b48a305,333912.0
Ma98ca668,Wild Child,2008,1,100,20000000,en,Comedy,Comedy,1,FR|GB|US,4,Cd7a83b16|Cf988914f|Cdae08cab,19,12,False,K32c7600d|Kdcf6a5ec|Ka9282ab2|K1b3d2389|Kdb646dbf|Kf6eaaaf8|K1e6239eb|K57f246b9,P7fc186fc|Pd80158f1|P002b0d05|P05e9fa10|P7cb9743a,P923cfd6c,21972336.0
Mb567ba0f,Defiance,2008,4,135,32000000,en,Action,Action|Drama|History|War,4,US,5,C14c57614|C66beec69|C830cca8d,73,68,False,K2b5d957d|K7a3e26a4|K230a811e|K09d6b411|K2b5cdafa|Kd0196534|K1da57ffd|Kb71004ae,P3d5ce154|P961bdf96|P3a173673|P67eb99a9|Pfa360587,Pe91fb048,51155219.0
M75708fee,Marley & Me,2008,4,115,60000000,en,Comedy,Comedy|Family,2,US,2,C773561bf|Ce9b365ce,36,75,True,Ked493fb4|K1451c5af|Keb26ee89|Kffef018c|Kd6073f4e|Keabcc90e|K571389cb,P66e0e26d|P0151a8e9|P71ab6c6e|P26f99d1b|P5ea8cfef,P88dc0e61,244082376.0
Ma5cbfbff,Ponyo,2008,3,100,41677699,ja,Animation,Animation|Family,2,JP,8,C5e2a080a|C20215e90|Cefced4b8,24,14,False,Kede84157|Kf054b630|K3f832455|K3affd9f7|K7465e29d|Ke5d6abed|K974fca8a,P74c43ae9|P134e2014|P0af08016|Pe8e54dea|P4532e469,P8513cc51,187479518.0
M43455cd7,Ip Man,2008,4,110,11715578,cn,Drama,Drama|Action|History,3,HK,1,C3858dc0f,13,8,True,K056dd938|K1308518c|Kd5778b99|K6a646879|K4c2608f9|Kd574d4c9|Kdc87c7d5|K7f2f21b2,P00eb740c|Pe15ce7c6|Pa0b0c61c|P6eaadb9a|Pfdc97467,Pfb413ea9,21888598.0
M9421048e,Passengers,2008,3,95,25000000,en,Drama,Drama|Mystery|Thriller|Romance,4,CA|US,5,C6dfc8237|C37b54f25|Ca4c80960,16,24,False,Kef4eed7e|K424ad1c8|K2b5cdafa|K28d27bf7|K1516e5a2|K1c3db1c2|K734d5059|K88e680b4,Pfd2a74e7|Pf3405eca|P1c0546d1|P7e094d76|P45b0b121,Pc8451eab,2000000.0
M190b4c50,The Tale of Despereaux,2008,4,95,60000000,en,Adventure,Adventure|Animation|Family,3,GB|US,1,Ced6c5f05,18,76,False,Kdc3fd4cb|K9ad923bc|Kc14495e8|Kdcf0ed6d|K6b781b96|K06dfdda0|K930af729|K88d2bb74,P21e9c370|P7771ab64|P187f1470|Pae0e3933|Pfc8c3208,P865d2344,50877145.0
M613d6c6e,My Bloody Valentine,2009,1,100,15000000,en,Mystery,Mystery|Horror,2,US,1,C78367188,16,18,True,K27d5bfeb|K522de131|K5b68bb6a|K34731b6b|K71bf1fc9|K0a168e68|K68ad2759|Kfcbf608c,P0346dc45|P4827df80|Peb97e5a7|P982d380e|Pb37bf052,P9e0bd5e3,100734718.0
M1db65946,Battle in Seattle,2007,3,100,8000000,en,Action,Action|Drama,2,US,3,C399c38bd|C5742af8b|Cbfb4ffbd,16,4,False,,P1ac7085d|P6b7675df|P96737513|Pa9346d2f|P4cb1fcbe,Ped00b02e,908847.0
M09876fe0,Timecrimes,2007,3,90,2600000,es,Science Fiction,Science Fiction|Thriller,2,ES,4,Ce8793eec|Cefc7468b|C807c8b59,8,25,False,Kc718d888|K8094c578|K60686471|K5182e889|Kb8dd9a75|Kff43a29c|Kc7759f81|Kd3103f62,Pb1b004d1|P4b564177|P8b0ee321|P4dacc282|P0a19d451,P4dacc282,553198.0
M09035153,Underworld: Rise of the Lycans,2009,1,90,35000000,en,Fantasy,Fantasy|Action|Adventure|Science Fiction|Thriller,5,US,4,Cc032927b|Ceba6d050|C1934b886,19,24,True,K526fab99|Ka37bedb4|Kfb2845a0|K6ecc96df|Kffb9e482|K65cf7a95|K89a13bfa|K10a4d48b,Pdaeaa73e|P66319b2e|Pa8331cd0|P20f9a663|Pde35274d,P30bd7596,91353501.0
Mdeadb41a,Inkheart,2008,4,105,60000000,en,Adventure,Adventure|Family|Fantasy,3,DE|GB|US,2,C6988cd6a|Ce36dea69,20,27,False,K2cf201da|Kd63352e0|K34a19b5f|K84348ea3|Kf549963a,P02dbf1fc|P0e6fa9f3|P56bf7213|Pfab6f881|P4bc8082e,P292ea6d7,57490374.0
M7bbfd8f3,The Lazarus Project,2008,4,100,9750000,en,Drama,Drama|Thriller,2,GB|US,4,C146e05b5|Cbc6302ea|Cbaaa629a,32,80,False,Kc5b65b8c|Ka3baf52f|Kc68e0ff3|K4d11b60f|K225a9dd8|K4a3d8658,Pbbb2aadf|P79baae9f|Pe6c96e9e|Pa6cbe985|Pa7a78b64,Pb4f64a4e,558000.0
M5e74b79e,Paul Blart: Mall Cop,2009,1,90,26000000,en,Action,Action|Adventure|Comedy|Family,4,US,4,Cf4478484|C87ffc222|Cdae08cab,122,30,True,Kce5d61e1|Kd6073f4e,Pa32924dd|Pc61001a9|P87a93c16|P9261e6b3|P1ba71ee9,Pb1e37bed,183293131.0
M76ff05b3,The Grudge 3,2009,2,90,5000000,en,Mystery,Mystery|Horror|Thriller,3,US,3,Cd037f327|Ca1f9fdec|C48a2313c,10,35,True,Kee199654|K365a5c1e|Kf1b1594d|K48803926|Kd52e70c4|K90d23c94|K6d5eb7bb|K7faaf51e,P15557f53|Pa0027aff|P5f6829a8|P39ef6101|Pb1d23bde,Pc526501f,38610009.0
M19238425,Coraline,2009,1,100,60000000,en,Animation,Animation|Family,2,US,2,Ccef37e26|Cd5b282b9,8,79,False,Kf8baada2|K6d8e078b|K15be617d|Kfe7b2be7|K3d06b674|Kacea562a|K4c6568e5|Kfcbf608c,Pda09c683|P2ad78680|P52a3f6e6|P8c1f45b1|P4fa7fc5d,Pf7381c9d,124596398.0
M04e1ab98,Push,2009,1,110,38000000,en,Action,Action,1,US|CA,3,C8bbc0a3e|C051fc451|Cceb4e3c9,15,28,False,K7190a704|K7ba10602|K315f4eaf|Keec94a7c|K6d7b9f81,Pda09c683|P349670c2|P8164fa59|Pba7f0b0a|Pb130e99e,P6dfe9615,45465299.0
Md89ca916,Two Lovers,2008,4,110,12000000,en,Drama,Drama|Romance,2,FR|US,3,C202af22f|C8b326944|Cbcdd4ebb,47,14,False,K0b2e661a|K251f030c,Pdfff36db|P0affa6f4|P83ac56f7|Pf6a80736|Pee5ac206,P6a28c1c6,3148182.0
M4aecd2f5,Hotel for Dogs,2009,1,100,35000000,en,Comedy,Comedy|Family,2,US,2,Cfa01eb95|C507cfe58,16,6,False,K1624771e|Keb26ee89|K68ddc983|K4b112d80|K1f9b59c6|K713c04f8|Kcbca49ed|Kd6073f4e,P7fc186fc|P9d24580b|P57744027|Pa4aeaa91|P35a615c0,P9fa1256f,73034460.0
Ma12a8717,Funny People,2009,3,145,75000000,en,Comedy,Comedy|Drama,2,US,6,Cf4478484|Cd7a83b16|C87ffc222,78,17,False,K7df4b028|K23e3c2ed|Kd9937ae6|K788d8777,Pc82d1114|P32730d58|P4da722a4|Pa357a9b4|Pe13a0898,Pf8cd7d4f,61458982.0
M0fabfa01,Away We Go,2009,2,100,17000000,en,Drama,Drama|Comedy|Romance,3,US,3,C3db2eda6|Ccef37e26|C6d313e93,17,43,False,K4bf86b1a|K5c96748a|Kba8dcbdc|K9c6509f5|K21ab1fac|Kcf282d20|K3bba50a7|Kd5314c98,Pcf2e185c|Pd5e4219f|Pec359c6c|Pb3c10df7|P63cebd80,Pc1703105,14899417.0
M067cb9ef,Friday the 13th,2009,1,95,19000000,en,Horror,Horror,1,US,1,C6988cd6a,23,6,True,K8e4844b2|K13795dbe|Kdd70a246|K2cdd2e44|Kd020b4c8,P0a771383|Pefa77b72|P786adf7f|Pf7ac9b0e|P2cdb3b6f,Pe54b7198,91379051.0
M3297ffeb,Rock-A-Doodle,1991,3,75,18000000,en,Comedy,Comedy|Family|Animation|Fantasy|Music,5,IE|GB|US,3,Cc1b3796b|Cb2b8cdf2|C7fbae49e,7,18,False,K4ab4a388|Kb172a4ac|Kc169e4dc,P2acfe509|Pe72b68f3|P0423255e|P9925e6b9|Pa54c1475,Pb12f5fba,11657385.0
Mbabf663d,Duplicity,2009,1,125,78146652,en,Romance,Romance|Comedy|Crime,3,DE|US,4,Cd7a83b16|C54a397fd|Cdae08cab,34,52,False,K33b2d0b2,P0707f4cd|P9195777d|P8d7bcd0f|P4acd4a33|P56194942,P77b776f7,60000000.0
M6e0352bb,Ong Bak 2,2008,4,100,8500000,th,Adventure,Adventure|Action|Thriller,3,TH,1,C1b26b277,4,5,True,K19a14feb,P439fa1f9|P4165c654|P6ec47a1d|Pe49c04a2,P439fa1f9,8936663.0
M050deb20,The Girl with the Dragon Tattoo,2009,1,150,13000000,sv,Drama,Drama|Thriller|Crime|Mystery,4,DK|DE|SE,10,Cf1ee73ac|Cfb67af9c|C37c865cd,36,47,True,K5c0670e8|Ked493fb4|K1451c5af|K97e39667|K566c4248|K0e89a273|K77b45109|Kf00fbeba,P78b6b250|Pd94458af|P3195ff23|Pb57d75d6|P6aa6b57d,P939d1bb6,104345682.0
Ma5bc1ac7,Monsters vs Aliens,2009,1,95,175000000,en,Animation,Animation|Family|Adventure|Science Fiction,4,US,1,C586f6404,28,11,False,K4d0bc3a5|Ke4884854|Kd6073f4e,P32730d58|P4d20c8bc|Peb18e715|Pb33386a7|Pcf04e53b,P9c2f7edf,381509870.0
M24aedff1,Nothing But the Truth,2008,4,110,11500000,en,Drama,Drama|Thriller,2,US,2,Cda01761f|C0e72e0ff,13,2,False,,P1210b4c7|P27ff617e|Pdc134fa5|Pe5979b1f|P22165b2c,Pb5992745,186702.0
M7c90e55e,Adventureland,2009,2,105,9500000,en,Comedy,Comedy,1,US,3,Cf8f92f7f|C9b58e393|C3f8aa01e,25,24,False,K8992c8bc|K32c190c4|K6de58ed8|K87a6fb54|Kaeaf4902|K3b18845f|Kaf51a51f|K0a898bbf,Pd3bf69c1|Pff66170f|Pc7047998|Pfbcea453|Pb89bdd1e,P4133a29b,17164377.0
M835a7f08,Confessions of a Shopaholic,2009,1,105,40000000,en,Comedy,Comedy|Romance,2,US,2,C4fb6882a|C0532621e,24,10,False,K33e09618|K1451c5af|K3ea73fb5|K89b9bcde|Kdcd12872|K29aa7085|K5c35eca7|K4786f4fd,P0bae546f|Pdfb70771|P62235ba3|Pf948d741|P7f88be6e,Peeca9d3a,108332743.0
M3200a75e,17 Again,2009,1,100,20000000,en,Comedy,Comedy,1,US,2,C6988cd6a|C80433639,49,54,False,K25a3086d|K612c5674|K329b0b67|Kd0c9a59a|Kb724e1f7|K3e4154d3,P2fdadb28|P4da722a4|P9ac76aaf|Pb245b894|P315abbfc,Pdc08ef65,136267476.0
M45a9ce83,Inglourious Basterds,2009,3,155,70000000,en,Drama,Drama|Action|Thriller|War,4,DE|US,5,Cd7a83b16|Cd77377a4|Cd8418e70,71,42,False,K24eec40f|Kfe04c37e|K08b20374|Kf1fb5fdc|K577399a6|Kc2b726dd|K230a811e|K599bb34e,Pc5fe07a1|P3d8bee50|Pb18736f0|Pb20b324b|P387e3056,Pa480d3d3,319131050.0
M7bac9dfa,State of Play,2009,2,125,60000000,en,Action,Action,1,FR|GB|US,5,Cd7a83b16|C668b01c5|C4dbfe4a3,22,25,False,K9df93747|Kb722db6a|Kb1aa9b34|Ked493fb4|K52525103|K29e6a2b4|K1b633222|K48cc5a81,Pf4bdfa1a|Pcde62a4b|Pca60e6c7|Pe0da2446|Pd99e7ba1,P9ae0932d,87784194.0
Mb6181264,Crank: High Voltage,2009,2,95,20000000,en,Action,Action|Thriller|Crime,3,US,3,Cc032927b|C78367188|Ca483740c,96,86,True,Ka7984eec|K1199c976|Keb567ddb|Kee36b977|K2e0aac28|K343e3fa4|K308ad31d|K19a14feb,P4b27ca24|Pe6321c84|P9a71ac7c|Pa0161654|P0bdc481c,P672239f8,34560577.0
M27b5c1a9,Moon,2009,2,95,5000000,en,Science Fiction,Science Fiction|Drama,2,GB,4,C3bcc0b63|C8ba16146|Ca970c590,10,23,False,K75b71e8e|K497a09fb|Kfce86ae4|K03b817d9|K89099cca|K7f284f24|K846673e8|K0038366d,P14f62872|Pf21f3bf1|P14479629|P61740e4b|Pbe5d9d5c,P83787549,9760104.0
Ma9809be7,The Young Victoria,2009,1,105,35000000,en,Drama,Drama,1,GB|US,1,C0899a5fc,21,18,False,K9244f39a|K4385ab38|K66ef882a|K54cbc9dd|Ke3f52785|K7afed46d|Kb318e1c8|Ke55b5e12,P87e54ca1|Pecc8fbbe|P2598469d|P4bc8082e|P086ca141,P0401675c,27409889.0
Me367fd79,The Informers,2008,4,100,18000000,en,Drama,Drama,1,DE|US,1,C13cf9de3,23,5,False,K511491fa|K0a34b6d3|Kcd97a98f|Kd9198f5a|Kafd3100b|Kea7cc4a6|Kde31ae4d|K78c4687d,P08e0c086|P59339049|Pc810bfde|P11a199f3|P5c0e346d,P4fbdc390,382174.0
M64d04298,X-Men Origins: Wolverine,2009,2,105,150000000,en,Adventure,Adventure|Action|Thriller|Science Fiction,4,US,8,Cadd28e55|C6cbfdb5c|C3b4ef1a3,63,8,True,K9df93747|Ka6194240|K53c130d2|Kef0c5442|K12b44075|K04f1877b|Kfcbf608c|Kd6073f4e,Pa70948d3|P961bdf96|Pf8af4a2a|P20be23ec|P6b87f42a,P0d333310,373062864.0
M33d5ff58,The Girlfriend Experience,2009,1,75,1700000,en,Comedy,Comedy|Drama,2,US,3,C202af22f|Ca2476ea4|C6f847826,10,11,False,K1199c976|Kb8d59c8d|K87fafd88|Kbf7a8395|Kd3103f62|K434779d5|K309b728a|Kbd617447,Pae4638ce|Pb1e7daf5|P95c4021b|Pa8602f47|Pdfe40c0b,Pd886c47f,1007962.0
Med249af2,Star Trek,2009,2,125,150000000,en,Science Fiction,Science Fiction|Action|Adventure,3,DE|US,4,C6146f42e|C475937d3|Cb2d72985,168,24,True,K16dd7ad0|K16d71dad|K16f6df26|Kc612ab1b|K804bfd5b|K5aad1dab|K39084038|Kd0483d39,Pb95440c1|P465da483|Pbd7d9466|Pa357a9b4|P630c09d9,Pde4fd0cd,385680446.0
M38269954,Red Cliff Part II,2009,1,135,80000000,zh,War,War|Action|Drama|History|Thriller,5,CN,3,Cd4fd11b6|Ce2d69c59|C925b01e8,30,9,True,Keccdfa71,Pb3242959|P2840770f|P622df3da|P433907da|Ped5a1277,P26bdbec9,121059225.0
Mb1d4d719,S. Darko,2009,2,105,4000000,en,Thriller,Thriller|Crime|Science Fiction|Mystery,4,US,3,Cc58b2d2e|C70b66aae|C7fb30004,26,18,True,Kd482d5ec|Ka0d759f9|Kd21d82f5|K232d83c4|K9bdea646,Pbf74683f|Pe66d05dc|P829d7b85|P4880e89b|Pf83a5481,P9e1cd936,4100000.0
M70dd3e0c,Earth,2007,2,90,15000000,en,Documentary,Documentary,1,DE|GB|US,3,C47d534f6|Cc0ac6135|C76afedfb,6,14,False,K709db681|K1bee81c6|K8a951deb|K8e704685|K9f876863,Pd0abc51d|Pdfba5289|P27f9bfda|P4ca40cde|P2e906145,P9c7f8309,109000000.0
M01e3934c,Crossing Over,2009,1,115,25000000,en,Crime,Crime|Drama,2,US,3,Cfaf731e1|Cb40d7734|C6cb9333a,15,2,False,K6cb61a2e|Keb5e7681,Pfa43d9be|Pb3dd3313|P89367870|P85eb8363|P92c82f6a,Pb0ca7e3b,1037335.0
Me81d00c8,Angels & Demons,2009,2,140,150000000,en,Thriller,Thriller|Mystery,2,IT|US,4,Cf4478484|Cd927b580|Cb5ef2759,47,107,True,K19777d74|K2b024aec|K1451c5af|K05c2a702|K5ceaca2a|K1e5a9afd|K53ea474c|Kd0483d39,Pd8b30691|P5d50695a|Pbdfedffd|P10291a37|Pff7ca3fc,Pc68f979a,356613439.0
M23279655,Terminator Salvation,2009,2,115,200000000,en,Action,Action|Science Fiction|Thriller,3,DE|IT|GB|US,4,Cf4478484|C14ea3914|C62730ca8,15,55,True,Kd3ee2033|K497a09fb|Kc7c9387f|K2c1bbb24|Kf93b4bf6|K9f1d9feb|Ke63eacc3|K8e2e1632,P1716f909|P2707d5f8|Pd1cdca42|Pec8d4dfe|P1f53cfec,P6278871c,371353001.0
Mcf2f4386,The Brothers Bloom,2008,3,115,20000000,en,Adventure,Adventure|Comedy|Drama|Romance,4,US,3,Cd8418e70|Cceb4e3c9|Ccb902284,25,20,False,K8c338b0d|K9c753673,P614f6326|Pd2914092|P282469c4|P5e852b78|P15027afd,Pb023515b,5530764.0
M5a7fb85d,The Last House on the Left,2009,1,110,15000000,en,Crime,Crime|Thriller|Horror|Drama,4,US,3,C26794216|C7551cc1a|Ceb6e59ed,11,51,False,K5c0670e8|K6d4cc264|K9a16fa02|K35fbf0b0|K8d86fd42|Kb845a31f|K9a7a2db0,Pa4897366|Pd12aad9f|P672f738e|P2d825c2c|P2055b8a2,P9fb6cf5f,32721635.0
Maf4207e2,Drag Me to Hell,2009,1,100,30000000,en,Horror,Horror|Thriller,2,US,5,Cd7a83b16|Cd037f327|C37b54f25,45,81,False,K0ddcc54c|K027dc9a7|K6a3cb94b|Kf1b1594d|Kffca883b|K612dab15|K003875f5|K2e102006,P68336a1a|P3d8c4551|Pc3b5283d|P54ded28f|P298fc20b,Pb8906202,90810892.0
M7b23547e,Fired Up!,2009,1,90,20000000,en,Comedy,Comedy,1,US,4,Ceba6d050|C6c23a890|C7d568dba,24,5,False,K1147d12d|Kfcbf608c|Kd6073f4e,P88a76e81|Pb66a28ad|P7fa4d0e4|P59ee69f9|P55700a90,P89d442f7,18599102.0
Me0a936bb,Antichrist,2009,2,110,11000000,da,Drama,Drama|Horror|Thriller,3,DK|FR|DE|IT|PL|SE,24,Cc8ba30c0|Cf1ee73ac|C73261401,3,38,False,K511491fa|K05c2a702|K60686471|K6e02d9c8|K9b3ec961|Kb49892ff|K190503f8|K33437310,P9a2edffb|P64e56fb0|Pae947247,P2ba31d94,791867.0
M18a35c91,New in Town,2009,1,95,8000000,en,Comedy,Comedy,1,CA|US,5,C78367188|C72b482d8|C078757c9,18,19,False,Kf7687c94|Kc5a122eb|K87fafd88|K6887d190|K51431265|Keec6e143|Kc3ff5557|K684aa367,P79cd1763|P6e4d9cf5|P8b74a486|P0e78a7d0|Pa40ab978,P651d0fad,29010817.0
M5d21b49e,Land of the Lost,2009,2,100,100000000,en,Adventure,Adventure|Comedy|Science Fiction,3,US,4,Cd7a83b16|Ccb3dad99|Cdae08cab,18,27,False,K5417f32f|K940149f8|K130c3b21|Kd6073f4e,Pc488f7aa|P08c3b843|P00297e99|Pd7a0d8a1|Pb3926382,P9b9f585b,68688831.0
Mb3d3511e,The Taking of Pelham 1 2 3,2009,2,105,100000000,en,Thriller,Thriller|Drama|Crime,3,US,5,Cf4478484|C8287d6b8|Cd5a1e1a6,22,19,False,K8b8060e4|K64a06ec6|Kc343c0fd|K845e1f9c|Kbcdc5aab|Kbc0aa490|K5bdfcfd7|Kfcbf608c,Pbbc37df2|Pe91449f5|Padb86a9e|Pab0ce023|Pb8e19397,P1d6141ee,150166126.0
M481f4343,The Proposal,2009,2,110,40000000,en,Comedy,Comedy|Romance|Drama,3,US,3,C0532621e|Cbaaa629a|C086b5ea0,71,26,False,Kb0c3c60d|K235f906f|K54d8e892|K4786f4fd|K163eb34a|K7e9cff1a|K2cef4d52|Kdd4b0d8e,Pbf6fd3c6|P6b87f42a|P585b87be|Pb1885140|Pf275c5cf,P61ac47f1,317375031.0
Mdb1a8ad6,Dillinger,1973,3,105,1000000,en,Action,Action|Crime|Drama,3,US,1,C7807c497,13,23,False,K526fab99|K018324f1|K1199c976|Kb2dd1d83|K4385ab38|K249af4ee|K595f8623|K35fbf0b0,Pd20b4a45|Pa0d29204|P464bff55|P5a51d88d|P37c598e5,P6d75925a,2000000.0
M10eafff3,The Hurt Locker,2008,4,130,15000000,en,Drama,Drama|Thriller|War,3,US,6,Cceb4e3c9|Cc41016a7|C11c9d3a6,11,28,False,K0c24b3e3|K18f7c353|Kdc3fd4cb|Ka2e4a547|Ka635b1fc|Kd94aa9b4|Kca0f1cb3|Kc8756779,P1180ab67|Pde213099|P84b1ba5b|P9491bef5|P77e8a1ca,Pb7944fa9,42000000.0
M3e29069a,Transformers: Revenge of the Fallen,2009,2,150,150000000,en,Science Fiction,Science Fiction|Action|Adventure,3,US,7,C6146f42e|Cfa01eb95|C9710581c,37,55,True,K30a53fa2|Kfcc5746f|K65351ef5|K225a9dd8|K283b75a4|K7f2092da|Kc61c9340|K4ce171fe,P5bf5191b|P040a1202|Pd07cd801|Pc43231c7|P4af9778b,Pbac03e2c,836297228.0
Mcddddb2a,Public Enemies,2009,3,140,80000000,en,History,History|Crime|Drama,3,US,7,Cd7a83b16|C40e6fa99|C4afff6ec,49,108,False,K08b20374|Ke7705857|K561df56d|Kd2fb819d|K62f81ba2|K638370ae,P1716f909|Pd34c4eab|P0d4dd445|Pcef472a3|Pea601c7b,Paa8ef28b,214104620.0
M321ff896,Ice Age: Dawn of the Dinosaurs,2009,2,95,90000000,en,Animation,Animation|Comedy|Family|Adventure,4,US,2,C2a29849a|C7940c1ce,27,8,True,K36fdfbba|Kb59164e1|K23578550|Kb2c2fb55|K940149f8|K6381295e|Kd6073f4e|Kb312f8f4,Pa4798128|Pcd89be8e|Pb316026c|Pc2dfb497|P77e32dde,P3c1293f0,886686817.0
M70b7be8f,My Sister's Keeper,2009,2,110,30000000,en,Drama,Drama,1,US,3,C0571d5e8|C0c3e6e3c|C7759de8f,16,22,False,K01084bd3|K8f8f63a3|Kabb619b7|K96776721|Kf590fd72|K27d64455,P955f54ab|Pa350e788|P00b5326f|Pf948d741|P98ccf9ab,P6af89baf,95714875.0
Md0c502da,Hood of Horror,2006,2,85,5000000,en,Action,Action|Comedy|Drama|Horror,4,US,4,Cd9e21ba3|C30d536e0|Cd1c51813,16,6,False,Kc88cec21|Kf8bdf6e9|K1b65a087|Ka3265f26|Kcbf64eb9,Pfcd96401|P382259a2|P897e16bc|Pa3c29363|P1446fb6c,P70057389,25900.0
M3f44df9b,Kandukondain Kandukondain,2000,2,155,500000,ta,Drama,Drama|Romance|Foreign,3,IN,0,,11,7,False,,P9878052e|P551ef312|Pa99435dd|Pc54bf1d8|P1ce48d76,P27a8c631,500000.0
M6e69fb66,(500) Days of Summer,2009,3,95,7500000,en,Comedy,Comedy|Drama|Romance,3,US,3,C9ea1bb4a|Cfbbabb99|Ce9b365ce,23,35,False,Kd5641b5e|K511491fa|K70733318|K7a3e26a4|Kbadc51d0|K63cf9df1|Kb0b641f3|K16600711,P8e89b53a|P5616da73|Pf4fb8900|P4aff1465|P9420f896,Pe27e3856,60722734.0
Mcd16d6dd,The Inhabited Island,2008,4,115,36500000,ru,Action,Action|Fantasy|Science Fiction|Thriller,4,RU,4,Ce1575a99|C1ee04b58|C27d39b09,15,50,True,K1451c5af|Kee199654|Kfd335d37|K6b674f5c|Kd21c66eb|K460241c8|K60c437e5|K8db2ec24,P46af3dcf|Pb3e46c8e|P08b287b2|P2ad38a91|P6d66c5fd,P2ad38a91,21834845.0
M09e8300d,Harry Potter and the Half-Blood Prince,2009,3,155,250000000,en,Adventure,Adventure|Fantasy|Family,3,GB|US,2,C3e7bdc8f|C6c10da85,49,27,True,K55cfa8fb|K79547cd1|K786baa11|K3858ab61|Ke3c6e159|Kb54686cb|Kb9a6319c|K89a13bfa,Pa9ffe9b7|P7aef44db|P187f1470|Pdcf7d7b4|P580e9714,P2fd9b66f,933959197.0
M6e47068d,Cheri,2009,1,85,23000000,en,Drama,Drama|Comedy|Romance,3,DE|GB|FR,18,C41920a40|C6cfa93a0|Cecf498de,16,12,False,,Pe39be12b|Pe76df162|P99efd3c1|P36ae5580|Pe5276f64,P581cd374,9366227.0
M4138f715,Orphan,2009,3,125,20000000,en,Horror,Horror|Thriller|Mystery,3,CA|FR|DE|US,4,C32d6fdc3|C33037f53|C4129cb63,24,32,False,K309b4d79|Kc1122bfb|K4b112d80|K92048acd|K4bc5f9e5|Kfcbf608c|Kd6073f4e,P20165b8b|Pc3ac31e9|Pabff49d0|P6771e585|P909fe0db,Pa2798d77,41596251.0
M247aebe2,The Ugly Truth,2009,3,95,38000000,en,Comedy,Comedy|Romance,2,US,2,Cc032927b|Cdae08cab,74,17,False,K4786f4fd|Ke578b0ae|K76217e90|K9d42ff64|Kdcf7bb2c,P6599de6a|P979428ee|Paa3f483d|Pc73557e2|Pb833eadd,P57a1ed5d,205298907.0
M85d2d3d7,The Collector,2009,3,90,3400000,en,Horror,Horror|Thriller,2,US,3,C0b90dbdf|Ccf013811|Cdee65956,27,61,True,K767e5108|K7a3e26a4|Ka05e8854|K5852d5b1|Kebdb4d1e|K0a168e68|K6a3cb94b|K40ea8d0b,Pa82af224|P6e70eea3|Pa68ca076|Pb7e92c86|Pf084f20d,P9dc94bfe,114000000.0
M7a5abc2b,A Perfect Getaway,2009,2,100,14000000,en,Thriller,Thriller|Mystery|Adventure,3,US,5,C98c258fd|Cdae08cab|C572a7098,12,25,False,Kb83ee9ca|K164b8bbd|Kadd8401e|K35fbf0b0,P7ba65775|P4002418d|P2a4182bf|Pebd37a00|P5042d0fc,P4fe2005a,22852638.0
Mf332a2ad,Aliens in the Attic,2009,3,85,45000000,en,Adventure,Adventure|Comedy|Family|Fantasy|Science Fiction,5,CA|US,5,C6cbfdb5c|Cc2c73c36|Cb3ed0225,18,14,False,K4d0bc3a5|K8992c8bc|Kd6073f4e|K12b1e72c|K7eef7ccf,P47f288af|Pe97e1010|P8c14090c|Pca146431|P13748d0d,Pa34918b0,57881056.0
M3c547faf,District 9,2009,3,110,30000000,en,Science Fiction,Science Fiction,1,US|NZ|CA|ZA,10,Cfa9f1be7|C6dfc8237|Ce7d46c42,43,78,False,K7444e5f9|K44f3e3ef|K7b1fe1e7|Kf214fced|K8525b38f|K7f284f24|Kd76cca5b|K8beac702,P4b73cb04|Paf0e5774|P2725fd8d|Pd58e3d42|Pb75460de,Pe25f8fa0,210819611.0
M597a7c7e,Julie & Julia,2009,3,125,40000000,en,Romance,Romance|Drama,2,US,3,Cf4478484|Cda813610|C8fe4d212,15,21,False,Ked0bef46|K2cf201da|Kafa47ce4|Kbedca81c|Kd65f2d55|Kcbf64eb9|K35de94aa,P5601b6b3|P2b24b1d6|Pae29ae2b|P0d14952b|P47a5662b,P9d542123,129540499.0
M75170a6a,Hannah Montana: The Movie,2009,2,100,35000000,en,Comedy,Comedy|Drama|Family|Music|Romance,5,US,3,C72b723b8|C5c6990f2|C706323d6,15,41,False,K4398eae0|Ka0de5fc2|K965d2159|Ka4864c46|K9d4a30d0|Ka21fedad|K8e4844b2|K3c8f2b36,P0d8b128b|P770892d1|P716edd51|P2c2faa4a|P163789ed,P1fe13db1,155545279.0
M6e6523aa,G.I. Joe: The Rise of Cobra,2009,3,120,175000000,en,Adventure,Adventure|Action|Thriller|Science Fiction,4,CZ|US,5,C6146f42e|C475937d3|Cac465b03,23,23,True,K4d2febdc|K526c2540|K8b8060e4|K9a97b678|K5f28debc|K2756cc46|K8beac702|Kc6e19df4,P967c7ac4|P4390516d|P2d1be6b8|Pbf1ee1ef|P8e89b53a,Pa7172560,302469017.0
Mec398106,12 Rounds,2009,1,110,20000000,en,Action,Action|Adventure|Drama|Thriller,4,US,5,Cb7b08cd7|Ce9b6e0b5|C8aeaed79,61,44,True,K0d25991c|Kf831234d|Kea649c4f|K9a7a2db0|Kbadf55a8,P65c3949c|P44b954b2|P1769f03e|P7abdea4e|P22913d4e,Pc9ab0a9c,17280326.0
Med1fe054,"Silent Night, Deadly Night II",1987,2,90,250000,en,Comedy,Comedy|Horror,2,US,1,C35a0ee93,52,15,True,Kedb0ba53|Kcf3c4678|K19a14feb|K9a40069f|Kdffaa3f0|K24e061cc|K399ba99f,P507782ba|P15f16b16|Pdbf25049|P54777f63|P5c0d9bf4,Pd3650d7b,154323.0
Mcd514f37,The Time Traveler's Wife,2009,3,105,39000000,en,Drama,Drama|Romance|Fantasy,3,US,4,C6988cd6a|C3762b402|Cb21477d1,34,25,False,K018324f1|K511491fa|K1451c5af|K60686471|K87bd8b37|K89099cca|K5182e889|K804bfd5b,Pa357a9b4|Pca60e6c7|Pee3d7a51|P2969e6d0|Pe5752711,P9bb573ea,101229792.0
M5c3c3f26,Bandslam,2009,3,110,20000000,en,Comedy,Comedy|Drama|Family|Music,4,US,3,Cceb4e3c9|Ccd9acce5|C016bc731,52,17,False,Kd67871a7|K965d2159|K9fc26bb9|K8e4844b2|K165fbb60,P5a6a43b8|P7d5e7e04|P84239ec3|Pf25ac6cd|P9e51f981,P68355db0,5210988.0
Md8c2a57d,"I Love You, Beth Cooper",2009,3,100,18000000,en,Comedy,Comedy|Romance,2,CA|US,5,Cadd28e55|Cd05b6468|Ce9b6e0b5,17,13,False,K47934026|K39b1b849|K6ee56909|K25a3086d|Keb66fc08|Kc5c53ac8|Kce8ef798|K8e4844b2,P6db0bf00|P5e70d976|Pe277ceb8|Pc831ee09|Pdd06a198,P17f6230f,15345201.0
Mcd6cce0e,Paper Heart,2009,3,90,1000000,en,Comedy,Comedy|Drama|Romance,3,US,0,,6,3,False,Keec6e143|Kd3103f62|Kfcbf608c,Pdc4fc482|P0e21fbc7|Pe63c2343|P43330173|Pc7047998,Pee3ca345,1296971.0
Mf48b52ec,Tetro,2009,2,125,15000000,en,Drama,Drama|Mystery,2,AR|ES|IT|US,4,C947c3de9|Cc3b00073|C7fa97fe9,24,10,False,Kaf5e7471|K1451c5af|K17651dd4|K60686471|Kcc094e84|Kc8e08999|K09d6b411|Keec6e143,Pf6d394b5|P97362523|P27c018df|P40d1f4fd|Pcb3d6568,P47881235,113221.0
Md4f72c84,Bronson,2008,4,90,230000,en,Drama,Drama|Action|Crime,3,GB,6,C550e4030|Cecf498de|C6473ec27,16,19,False,K526fab99|K03b817d9,P91f4f0f4|Paecb6dd2|P0b03ce14|P49731222|P16cffd2c,P82d4a2a3,2260712.0
Mb4e2d5d9,The Secret of Moonacre,2008,3,105,12000000,en,Adventure,Adventure|Fantasy|Drama|Science Fiction|Romance|Family,6,FR|GB|HU|AU|US|NZ,7,C19cb58ac|Cd4fd11b6|Cad35cb7a,15,26,False,,P18e9d06f|Pfbb82ae0|P052dcd1b|P8a20f361|Pc63449c9,Pc1976d79,7070330.0
M2a8de173,Post Grad,2009,3,90,15000000,en,Comedy,Comedy,1,US,4,C53a9ea27|C3e2be61f|Ce6df453c,31,56,False,K43f280e8|K9a7a2db0|K52016c09|Kcbf64eb9|Ke6299304,P023d8650|Pcbbd9aee|Pb52a6e3c|P1fcb8ebf|P1c0033fb,Pe1f96bb2,6405245.0
M7cfccf6e,My Life in Ruins,2009,1,95,17000000,en,Comedy,Comedy|Romance,2,GR|US,2,C9ea1bb4a|C8818c4ba,15,2,False,Kfbde6d20|Kf0265e5f|Ke5d864a2|K64c034ba|K0c06d006|Ka69f7dd5,Pac135869|P9f4d72a6|Pe3ebe872|P6f87e4df|Pcbbce14f,P3acbe364,20455276.0
Mf5d15c69,Halloween II,2009,3,105,15000000,en,Horror,Horror,1,US,3,C07f90652|Cd556fedb|Cfc165441,39,17,True,K1d1c144f|K1b326384|K60686471|K6e02d9c8|K2cf201da|Ke7186c43|K63195295|K43f1c417,P5ec7d6fb|P08ca3f94|P0cfe1946|P3b135dc2|Pecb0b374,Pcbacae17,39421467.0
M0249280b,Videocracy,2009,3,85,700000,en,Documentary,Documentary|Foreign,2,DK|FI|GB|SE,1,C7553e75f,7,2,False,Ke7fd3ddd|Kd3103f62,P89745ec8|P755823cf|Pbf6e1f14|P0b935690|Pdcf32ff6,Pa3b2cea8,1179676.0
M41db21f9,The Secret in Their Eyes,2009,3,130,2000000,es,Crime,Crime|Drama|Mystery|Romance,4,AR|ES,9,C0c358e53|Ce6a171ee|C72eb40a6,31,47,False,K5c0670e8|K526c2540|K16797949|Kc1abf13e|K9136e8a9|K139c17cb|K33751f28|K011bc215,P64cde4c2|P1b9d05e7|Pebd43b58|P99efdba4|Pc1d5392b,Pd22ee647,33965843.0
Me1f66ec5,9,2009,3,80,30000000,en,Action,Action|Adventure|Animation|Science Fiction|Thriller,5,US,5,C94ac9dbe|Cc5a48e35|Cdae08cab,10,57,False,K935ce48d|K4727f806|K8e2e1632|K7f284f24|K5011ba81|K65cf7a95|K1d912f29|K3b05e583,Pa54c1475|Pf5453513|Pff2ae6f1|Pf678e4a8|P6a544fc5,P8f5a9da0,48428063.0
M3a2a64cd,Pandorum,2009,3,110,33000000,en,Action,Action|Horror|Mystery|Science Fiction|Thriller,5,DE|GB,2,Cf9732504|Ce9a4656c,24,15,False,K7b1fe1e7|K7f284f24|K6b674f5c|Kee7d3574|Kbf31130c,P2e4d1f59|P967c7ac4|P7be8ea86|P539dbca3|Pf8eb8fe1,Pae3bd841,20645327.0
M55cf8b62,The Men Who Stare at Goats,2009,4,95,24000000,en,Comedy,Comedy|War,2,GB|US,3,Ce09e087e|Cb01204cf|C414e0532,35,41,False,K5d61d33a|K9e6be77c|K08f33448|K929a2084|K442bfc02|K191d46fe|Ka687cc49,Pd4551c6e|P5d50695a|Pdfa9d578|Pf21f3bf1|P81c51e0c,Pe90e2638,68729358.0
M877fadba,Jennifer's Body,2009,3,100,16000000,en,Comedy,Comedy|Horror,2,US,2,C53a9ea27|Ce9b6e0b5,20,15,False,K659f1498|K25a3086d|Kd7a0fe1f|K5489feee|K6a3cb94b|K7bcfd1c8|Kf0ee355f|K69cec64b,P040a1202|Pea05f72b|Pa4aeaa91|P1651784d|P8b74a486,P08de7446,31556061.0
Ma0d69c47,The Informant!,2009,3,110,22000000,en,Drama,Drama|Comedy|Crime,3,US,5,C2f946fee|C6aeddf49|C3e7bdc8f,24,19,False,Kc72e1892|K926ca99f|K293c8501,P9d23789b|Pafebb61a|Pd610ea48|P1c56c30e|Paa766c79,Pd886c47f,35424826.0
Mbaa6069d,Extract,2009,3,90,8000000,en,Comedy,Comedy,1,US,1,Cf8f92f7f,25,8,False,Kb8d59c8d|K8c338b0d|K5852d5b1|Kd3103f62|K5eb960ce|Kcb409b9f|Ke23d3261|Kd6073f4e,Pd99e7ba1|Pe08ce533|Pfbcea453|Pcde62a4b|P8b74a486,P500b2212,10848783.0
Me0dfe314,The Final Destination,2009,3,80,40000000,en,Horror,Horror|Mystery,2,US,3,C6988cd6a|C01e9f790|C327052b7,23,28,True,Kb6334c56|K9dfcf494|K4e9d06e4|K89f00b6a|K7652162c|Kb2cadd4a|K6a3cb94b|K838ef4ab,P430cd572|P1526b873|P1840867f|P416ec5e9|Pe1a3a4bd,P6c5b02b8,186167139.0
M75ceb0d4,Gamer,2009,3,95,50000000,en,Action,Action|Thriller|Science Fiction,3,US,2,Cc032927b|C78367188,28,98,False,K7f284f24|K7ba10602|K543489ca|Kf0fe80a5|K1e9a5917|K27a0cee4|K5ec74218,P979428ee|Pc5e65167|P5c436162|P85597fcc|Pfe946f0b,P672239f8,40828540.0
M2c154067,Cloudy with a Chance of Meatballs,2009,3,90,100000000,en,Animation,Animation|Comedy|Family,3,US,2,Cf4478484|C691c06b2,41,21,True,Ka60df4c2|K290c0ee2|K6d28c684,Pb89bdd1e|P321e1002|Pf434e2ed|Pb28cfb54|Pf4ed54bb,Pbac5d8c7,242988466.0
M456c2bc3,Battle for Terra,2007,3,85,4000000,en,Action,Action|Adventure|Animation|Science Fiction,4,US,1,Ceffad592,31,3,False,K72d68ef7|K9ec3c94f|K00ee119f|K80ee6e30|Kff43a29c|K4ce171fe|K1fd0f68b|K78e972bd,P28fb5c65|P7df79f5c|P9d26f5c0|P8164fa59|P6f155c36,Peb79eac6,6101046.0
Mf4deffdd,Love Happens,2009,3,110,18000000,en,Drama,Drama|Romance,2,CA|GB|US,6,Cd7a83b16|C7b2cdc0f|C537d2cc5,16,17,False,K32d43916|K7d313650|Kd0196534|Kb76fa970|K395cc99c|Kb01f7f13,Pe85b6a97|P0151a8e9|Pdc0a48a7|P5768eddf|P1d0ea2e0,P0d584d4b,36133014.0
M78faa2e7,Bright Star,2009,4,120,8500000,en,Drama,Drama|Romance,2,GB|FR|AU,7,Ce09e087e|C41920a40|C6cfa93a0,19,18,False,K0db744f4|Kd3103f62|Kd6073f4e|Kcbf64eb9,P81442d74|P17934d14|P3e27601f|P85ca5e3d|P3789f0f1,P3629bf08,4440055.0
M573eec9c,Paranormal Activity,2007,3,85,15000,en,Horror,Horror|Mystery,2,US,2,Cf0bcd2be|C1577294f,5,11,True,Kff9c5036|K612dab15|K628c1e33|K90d23c94|Kb7debf2d,P65dbc5be|Pbd7bf239|P17c04228|Pcc6f1d82|Pfb8baf0d,P66f1744c,193355800.0
Mc499b152,World's Greatest Dad,2009,3,100,10000000,en,Comedy,Comedy|Romance,2,US,2,Ca2476ea4|C01a997eb,28,2,False,K1fc61028|K9a94a39f|K193b3455|K5bcb4bcc|K60686471|K24a109af|K25a3086d|Kd3103f62,P8b29037b|P1f5bcc67|P85558d8d|Pd094691f|Pc5deb710,Pefb89503,295750.0
Mdae90ddc,Capitalism: A Love Story,2009,3,120,20000000,en,Documentary,Documentary,1,US,2,Cd8418e70|C14c57614,9,2,False,Kd6a05201|K755126fd|K1e63c1b6|Kb4ef9e5e|K81848081|Kfc5c5dae|K9bddb5a5|K7ee4d927,Pac4ce1e3|P59cadc98|P170d3f44|Pabd2d41d|Pa0642927,Pac4ce1e3,17436509.0
Mdfdeb856,A Serious Man,2009,4,105,7000000,en,Comedy,Comedy|Drama,2,US|GB|FR,5,C7b60e243|Cf988914f|Cdae08cab,18,36,False,Ka2fe4ac7|Ka646ca77|K23c7e817|Kfcbf608c|Ka08a09e6,Pfd3d25dc|Pf9e112db|P45f21a70|P53608588|Paf2daa29,P86646577,31430334.0
M3dcfa47f,City Island,2009,1,105,6000000,en,Drama,Drama|Comedy,2,US,5,C054b4a60|C1ac5eb30|C313b0aed,11,24,False,K526c2540|K2bcd038f|K0f72d59b|K6dd556ee|K3f264905|Kafe9a47d|K04b7a06e,P45c72dd5|Pf4601e22|Pfe1f310b|P63848328|P7811d95e,P175033c1,6670712.0
M35fd5df6,The Invention of Lying,2009,3,100,18500000,en,Comedy,Comedy|Romance|Fantasy,3,US,7,C6944d896|C3149ce9c|C3e7bdc8f,23,36,False,,P5167078c|P56976266|Pe13a0898|Pb3139999|P5072be9b,P5167078c,31912793.0
M316145d0,Zombieland,2009,4,90,23600000,en,Comedy,Comedy|Horror,2,US,3,Cf4478484|Cdae08cab|C40e08503,16,9,False,K9bd9c4c0|K8f8f63a3|K8e2e1632|K110f3ad2|K7cb2f9cd|Ka9306de8|Kee7d3574|K8dfac82b,Pd3bf69c1|P96737513|P9a467338|P00b5326f|Pd76a43cb,P5cb24cdd,102391382.0
M18add7ad,Assassination of a High School President,2008,1,95,11500000,en,Comedy,Comedy|Crime|Mystery|Thriller,4,US,2,C336c2b47|C0e72e0ff,24,41,False,Kd3103f62,P350add95|Pa2ebfdc4|Pbc324a94|P555ee1d0|P377099a5,Pf60c8636,69564.0
M9a04f1a4,Sorority Row,2009,3,100,12500000,en,Horror,Horror|Mystery|Thriller,3,US,2,Cceb4e3c9|C6257db4c,37,13,False,Ka7984eec|K6ee56909|Ka2122fa4|K68ad2759|K04b71262|K6ed603be|K1fbd181f|K7d726aa8,Pcf1b3d9b|P829d7b85|P10686b2b|P615ed82b|P6b2755e4,P68a0b77f,27206120.0
M3485744b,Whiteout,2009,3,100,40000000,en,Action,Action|Crime|Mystery|Thriller,4,CA|FR|US,8,C668b01c5|C32d6fdc3|C4129cb63,17,29,False,K877e62a3|K923101f0|K5b99e83e|K59152414,P1210b4c7|Pdf6df1b0|Pbab534b5|Pfbe5262b|Pda71a88a,P20292b82,12206028.0
Mf3ad95c0,An Education,2009,4,100,7500000,en,Drama,Drama|Romance,2,GB|US,1,Ce09e087e,29,7,False,K193b3455|K8dc59445|K01084bd3|K9cc50066|K6878063f|K60e9ea0a|Kb16bdd57|K9a7a2db0,P15e5c99e|Pb3267f80|Pc3ac31e9|P9d25dde1|P569be7a4,Pf2c04b66,26096852.0
M06d5f317,Capone,1975,2,100,970000,en,Crime,Crime|Drama,2,US,1,Ce41e86ae,24,17,False,K018324f1|K71a7414b|K798d1d58|Kef3e9596|K9a16fa02|K35fbf0b0|K1a187d9d|K25177432,P7cabd3bc|P1c2586ee|Peb2d629e|P468a604c|P46675b27,P1581f6bc,2000000.0
M4a5bc890,Couples Retreat,2009,3,115,70000000,en,Comedy,Comedy|Romance,2,US,4,Cd7a83b16|Cfb083b4f|C7b2cdc0f,18,6,False,K566c4248|K41adc54e|Ke2633aff|Ka828d783|K063e9d07|K74cdffd7|K7a004806|Kfcbf608c,Pe5898b7e|P8ac5cc1c|Pd99e7ba1|Paeb3f5cd|Pd539ecc7,P42dbe794,171844840.0
Md5bf1af4,All About Steve,2009,3,100,15000000,en,Comedy,Comedy,1,US,5,C53a9ea27|C7f89a29f|C31560391,18,15,False,K934725bf|Ke5506b25|Kfcbf608c|Kb5a4024a|K2eb17919,Pbf6fd3c6|P524a1a69|Pc34a6901|P0d0c464d|P77e9c9d6,P76c22f8b,40105542.0
Mdf99785b,Where the Wild Things Are,2009,4,100,100000000,en,Family,Family|Fantasy,2,US,5,C1246c604|Ceddfe7b0|C0dc701b8,18,9,False,K0014db0b|K31b25f7e|K93ed811d|K20efb58b|Ked308e4a|K03a68df8,Pbd84c58f|Pe94da565|P75526b5a|P87a98968|Pb3c10df7,Pe51003a1,100086793.0
M78c3d926,Shorts,2009,3,90,40000000,en,Comedy,Comedy|Family,2,AE|US,1,C2d54d9a7,29,22,False,,P909fe0db|P3099eae6|P0ab47998|Pe66d9e38|P20c40fce,Pf41db032,28972508.0
M53f3e89f,"New York, I Love You",2008,3,105,14700000,en,Comedy,Comedy|Drama|Romance,3,US,1,C6f68eef5,38,22,False,K33e09618|K1140265e|Kcbf64eb9,P598805c2|P45c72dd5|P2732a2d4|P158ca9d1|P219eba99,P158ca9d1,8049666.0
M0b4eb29a,Law Abiding Citizen,2009,4,110,53000000,en,Drama,Drama|Crime|Thriller,3,US,3,C906b5122|Cbec862c3|C6e86b566,20,46,False,K666856dc|K74e5a4d1|K281686dd|Kc98923f1|K20be92c5|Kb02aa6bc|Kf621fd3d|K84ad63f2,P20c8297f|P979428ee|P5ddcd0cb|P74d6ac27|Pba280f80,P04bcabef,126690726.0
M8e5192ed,Mary and Max,2009,1,90,590235,en,Animation,Animation|Comedy|Drama,3,AU,1,C4f924fa4,12,30,False,K14cfc77b|K87fd3224|K4f6d8c41|Kefbe1b23|K241b3a3b|Kd22f2233|K0a66eca0|K251f030c,P174e117d|Pfe9ae21f|Pa357a9b4|Paf6eda5b|P8251c3ee,P305b8cf2,1725381.0
Ma18a2f41,Saw VI,2009,4,90,11000000,en,Horror,Horror|Mystery,2,AU|CA|GB|US,2,C78367188|C48500673,34,12,True,Kfcbf608c,Pa07d485f|P775f1759|Pe492b2c7|Pde6945ab|P14145bde,Pe27d9c02,68233629.0
Me1374849,Cirque du Freak: The Vampire's Assistant,2009,4,110,40000000,en,Adventure,Adventure|Fantasy|Action|Thriller,4,US,1,Cd7a83b16,24,7,False,Kffb9e482|K770c1273|K61b0e574|K3f4a3cd7|Kc9e5c2e6|K72510a38|K779b67dc,Pff2ae6f1|P6d77cc56|P0ecb95b6|P96a11a15|Pb48255ea,P2b3f2097,28169671.0
Mae456730,The Boondock Saints II: All Saints Day,2009,4,120,8000000,en,Action,Action|Thriller|Crime,3,US,2,Cb68167f5|C48a2313c,66,18,True,K9c580a0a|K960984cb|K5011ba81|K19a14feb|K9a16fa02|K2132e20f,Pf45a75a7|P7af33b17|P349feb94|P793b9b83|Pebaca845,P650eec13,10629321.0
M8d269904,Big Fan,2009,1,90,250000,en,Comedy,Comedy|Drama,2,US,1,C57229580,9,10,False,K01c1572d|K8c5bcd8a|Kdc87c7d5|Kf4eca845|K64dee69a|Ka69f7dd5|Ke55126ae|K209bfcba,P711d5bf8|Pc9b0387b|P555ee1d0|Pc292261b|Pe9b535ba,Paa12d2ad,232732.0
Md6d39d17,Astro Boy,2009,4,95,65000000,en,Animation,Animation|Action|Family|Science Fiction,4,HK|JP|US,4,Cd8418e70|Cceb4e3c9|C5a165609,15,9,False,K04f1877b,Pa2178ef1|Paeb3f5cd|Pdaeaa73e|P38ab614f|Pe08f2c25,Pbca01d1f,44091067.0
M5801e7fe,Fantastic Mr. Fox,2009,4,85,40000000,en,Adventure,Adventure|Animation|Comedy|Family,4,US,4,C6cbfdb5c|Cc2c73c36|C484743a4,30,39,False,K0f22858f|K0afc75b9|Kae4dbdef|K9a16fa02|K25b97db5|K6bceb6dd|Kd1933b83,Pd4551c6e|P5601b6b3|P7ba508aa|Pfe130811|P2ee4ba36,Pf67b3ebf,46471023.0
M9510a77c,The Pebble and the Penguin,1995,2,75,28000000,en,Animation,Animation|Adventure|Family,3,,2,C1e53a163|Cbaf58541,6,13,False,,Pb2cc6074|P82494cae|P5e5a423d|P052dcd1b|Pc2ee34ac,Pb12f5fba,3983912.0
M47a2391a,A Christmas Carol,2009,4,95,200000000,en,Animation,Animation|Drama,2,US,2,C72b723b8|C8f59c42c,18,9,False,Kedb0ba53|K1451c5af|Kf0d9f371|K9bddb5a5|K45ea3192|K63e2ee07|K829da59f|Kd653b7f5,P89aa61f8|P3831e867|P141bc735|P85558d8d|Pb65775c9,P32776b6f,325233863.0
M222a3eeb,Goemon,2009,1,130,9000000,ja,Action,Action|Drama|Fantasy,3,JP,1,C12e6668b,11,3,False,K8f34cc69|Kcc343814|Kd5778b99|K37f20444|K87ad53db,P74b5ac7c|Pa52e08dd|Pc9f158bb|P9b19727d|P9c9c0be7,Pe5d10d96,16000000.0
M6e68f683,2012,2009,4,160,200000000,en,Action,Action|Adventure|Science Fiction,3,CA|US,4,Cf4478484|C486ae29a|Cb7b08cd7,53,115,False,K6ead42e4|K6473597c|Ka0d759f9|Ke85f007d|Kc79d101b|K7bfafa5f|Kf48476e1|K58aaa709,Pe00a4034|Pc19b2250|P5498c3a1|P72ffb51e|Pefdc98ca,P916a7de7,769653595.0
M8cb6c6b7,The Box,2009,3,115,30000000,en,Thriller,Thriller|Science Fiction,2,US,5,C6944d896|C3149ce9c|C3e7bdc8f,16,13,False,Kd0bf5062|Kc1abf13e|K10f8d267|K50e48db4|Kb7121b65|Kf77f38fc|Ke8747ed8|K0d25991c,P955f54ab|P003a1c95|P7985ee27|P1a66c731|P02309895,P4d3c204b,33333531.0
M339348f0,The Fourth Kind,2009,4,100,10000000,en,Mystery,Mystery|Science Fiction|Thriller,3,US,7,Cd7a83b16|Cd9837bc5|C94ac9dbe,22,19,False,Kee199654|Kc9b037e6|Ke6ffbdf3|K011bc215|Kb7d5ad7d|K1c0e5d8a|K163eb34a|K6b9ad492,P7ba65775|P9c43b517|Pebb1a591|P087d7f82|P9b845b6c,P12901c98,42333295.0
M43853355,Precious,2009,4,110,10000000,en,Drama,Drama,1,US,1,C91711c7f,22,3,False,Kf6118f7e|K57e76663|Kc1293130|K9b4b8a12|Ke852de68|K57f246b9|Kfcaf1ab2|K58378910,Pd24dcf1a|P8574a8f3|P3a27ae88|Pa7dffdb9|Pe6d63ff2,P193fd6ec,47536959.0
M64c7b388,The Twilight Saga: New Moon,2009,1,130,50000000,en,Adventure,Adventure|Fantasy|Drama|Romance,4,US,5,Cceb4e3c9|C8acaf6d9|Cf057bbbf,37,26,True,K75b71e8e|K08b20374|Kffb9e482|K89a13bfa|Ke12f48a1,Pff66170f|P5397a25c|Pa28c68b2|P4f755c55|P92851ed1,P18fd55c7,709827462.0
M05cea98e,The Messenger,2009,4,115,6500000,en,Drama,Drama|History,2,US,1,C652a1a0d,14,10,False,Kd3103f62|K3fae9b73|K51e02761|K218aa488,P2e4d1f59|P96737513|P7d81cf61|Pd21aeea2|Pdd0e3f04,Pd65374a8,1521261.0
M0fa943ac,Ninja Assassin,2009,3,100,40000000,en,Action,Action|Crime|Thriller,3,DE|US,9,C295bb1fa|C1f52bcc8|Ceddfe7b0,38,24,False,Kb722db6a|K52525103|K053df366|K9a16fa02|K87ad53db|Kd6965978,Pbcf89626|P58270b08|P20634d81|P8d747b48|P8f4c1baf,Pfa423e05,60462347.0
Mba7e9fb5,"Police, Adjective",2009,2,115,1089360,ro,Drama,Drama|Foreign,2,RO,5,C9c19f8eb|Cfc90d49b|C70f115d9,15,2,False,Ke3a45854,P943dac3f|P78dfc879|Pbd539314|P063f9c4a|P0b639b93,Pdffb0bd6,48298.0
M338ef056,Cell 211,2009,4,110,5700000,es,Action,Action|Thriller|Drama,3,FR|ES,6,C03bf9635|Cc94eefdc|C83452803,25,38,False,K48867b76|Kfb5c5952|Kd2fb819d|Kba3c74cd|Kf89d76c5|Ke18df4b5|K0580412c|K899748eb,Pbd91674b|Pf71d3128|Pf4cc062c|Pba9d2a1e|Pcb51db17,P6db6866f,19300483.0
M2cf74790,Brothers,2009,1,105,26000000,en,Drama,Drama|Thriller|War,3,US,5,C78367188|Cdae08cab|C191d3798,24,65,False,K2b5d957d|Kc5db0107|K808f4a8f|K52e001e3|Kd0fec1fd,Pf9bb3d0b|P536a41bf|P158ca9d1|Peee2378c|P5d40c6a4,Pae05ef05,43318349.0
Mfb1fdcfd,Sleep Dealer,2008,4,90,2500000,en,Drama,Drama|Science Fiction|Thriller,3,MX|US,1,Cfb1e6ae8,3,5,False,K53ddb611|K7f284f24|K8ddf3e21|K408254ef|K0a8098b2|K48eb5fe3|K13818823,P3e0cd67e|P340be819|P1ce5d024,P9b858b59,107559.0
Mdb7ee2f2,The Blind Side,2009,4,130,29000000,en,Drama,Drama,1,US,3,C5ce2cd37|C849f2d90|C1167702a,22,42,False,K63327ad9|K1624771e|Kb1cb14ee|K3f22f1a4|Kdc87c7d5|K00561754|Kd6073f4e,Pbf6fd3c6|P5accbdc2|Pe76df162|Pc50694be|Pcdc2191b,Pcdf66a5f,309208309.0
Mce406db1,Old Dogs,2009,4,90,35000000,en,Comedy,Comedy|Family,2,US,2,C72b723b8|C0dd933c9,22,89,False,Kcc150bfb|Kb71004ae|Kc9e5c2e6|K2cef4d52|Kfb07c726|Kd6073f4e|K107e9f60,P8b29037b|Pe91449f5|P41a49491|P3d8c4551|P27ff617e,Pbd74aaea,92219310.0
M2297d906,Planet 51,2009,4,90,70000000,en,Science Fiction,Science Fiction|Animation|Family|Comedy|Adventure,5,ES|GB|US,3,C6dfc8237|C7a77827a|Ca9920232,18,15,False,K4a895e1b|K5417f32f|K6b674f5c|K4d0bc3a5|Ka934a10d|K5cfd6def|Kd6073f4e,P4da7c12b|P7a5b3bd7|Pe2235564|P3d8c4551|P89aa61f8,P047a2bfb,104945765.0
M2321f2df,Me and Orson Welles,2009,4,115,25000000,en,Comedy,Comedy|Drama|Romance,3,US,3,C83bf99c0|Cd9e21ba3|Cb9c0cdbb,14,25,False,K33e09618|K1451c5af|K249af4ee|K93d14948|K3dfddd9d,P2fdadb28|P01069b87|Pb0f824ff|Pe5d50dde|P1f811a28,P6f0ffd49,2336172.0
M02b430ef,Morphine,2008,4,110,3600000,ru,History,History|Drama,2,RU,1,Cea5bb29e,8,8,False,,P354b51e5|P2f8d81b8|P34b77b1b|P5c9e710b|Pa1a00a1e,P7bc9af8f,766075.0
Md9e01be6,The Lovely Bones,2009,4,135,65000000,en,Fantasy,Fantasy|Drama,2,GB|NZ|US,6,Cfa9f1be7|Cfa01eb95|Ce7d46c42,18,27,False,K5c0670e8|K4603cffd|Kcc8edd30|K0afc75b9|Ka42eba1d|Kec9cb14f|Ka2122fa4|K5b99e83e,P614f6326|P40d10530|P105610f1|P975c4090|Pae29ae2b,P715cf7f1,93525586.0
Mc3c24679,Invictus,2009,4,135,60000000,en,Drama,Drama|History,2,US,6,C475937d3|C27c08183|C789b57e2,46,37,False,K3f95dd34|Kf214fced|K7932db46|Kdb20759f|Kdc87c7d5|K7e6b20fc|K2ca540da|Kc6e19df4,P9c10a86e|P9d23789b|Pa319a218|Pf443dfea|Pe6a7d814,P6f65c5ac,122233971.0
M791d3a88,The Princess and the Frog,2009,4,95,105000000,en,Romance,Romance|Family|Animation|Music,4,US,2,C72b723b8|C7ce0905f,23,99,False,K1451c5af|Kcf60ec2b|Ke6244421|Ke5d6abed|K346367d7|K57276fa3|Kb1b76a3f|K3429bcad,Pdfcd2f6b|P597fa7ed|P4fa7fc5d|P92b20178|P7acf498b,Pd08b7f82,267045765.0
M2b691a25,Armored,2009,4,90,20000000,en,Action,Action|Crime|Drama|Thriller,4,US,4,Ceba6d050|C9ad7903c|Cd4586de3,16,13,False,Kc5b65b8c|K40c4ef28|Kd95b93ea|K3b418915|Kfe075bcf|K25419d9e,Pfbe5262b|P05d35fbc|Pbced5436|Pa2421799|P27ff617e,P45768c96,22942221.0
Mb5056d0e,Invaders from Mars,1986,1,100,12000000,en,Mystery,Mystery|Science Fiction|Horror,3,US,1,Ccff9fe89,28,76,False,K9ead038c|K71bf1fc9|Kbbcbbe27,P16c94183|P642ac41d|Pbd325aeb|Pd05746e6|P39c1dfa2,P085378ab,4884663.0
M3f6c4682,Did You Hear About the Morgans?,2009,4,105,58000000,en,Comedy,Comedy,1,US,4,Cf4478484|Ce4e76224|Cdae08cab,16,12,False,Kb88365f6|K8992c8bc|Kd6073f4e,P3f407781|P95b0bcf1|P585b87be|P6c1d6a47|Pc06c2f27,P7dc48889,85280250.0
Mf9d6b43f,Avatar,2009,4,160,237000000,en,Action,Action|Adventure|Fantasy|Science Fiction,4,US|GB,4,Cadd28e55|C6cbfdb5c|C53a9ea27,83,153,True,K8e1a72e9|K89099cca|Kaf5cc81f|Kb6d57d75|K744c0ebb|Ka96b9d40|K141d5843|Ke578b0ae,P2707d5f8|P3430b4ec|Pab61d2a5|P8768aeb2|P6b7675df,P98706d3f,2787965087.0
M9b8cf6cb,Nine,2009,4,110,80000000,en,Drama,Drama|Music|Romance,3,IT|US,2,Cd8418e70|Cdae08cab,14,4,False,K0c8ef730|Kbd5559e6|K3f97d888|K620c3a59|K89f7549d|Kb5544b4b|Kb4400421|K95e1f22e,Pf0ddf122|P38ff2ca0|Pea601c7b|Pfac84536|P7aab042d,P4795b548,53825515.0
Mdc44a421,Sherlock Holmes,2009,4,130,90000000,en,Action,Action|Adventure|Crime|Mystery,4,DE|GB|US,5,C1246c604|Cd36ef9f0|C3e7bdc8f,55,25,True,Kb1aa9b34|K6000eeeb|K5d0ba27b|K37b98a59|K4ad0064e|Kb72a3d3e|K0f6b0d66|K35fbf0b0,P9aaea10b|P7ad6a156|Pca60e6c7|P2598469d|P3465fde8,P4d1bb4c3,524028679.0
M340488d9,Crazy Heart,2009,4,110,7000000,en,Drama,Drama|Music|Romance,3,US,3,C9ea1bb4a|Cbe595272|Ce7ab3a32,9,24,False,K938b3f55|K27c90c92|Ked493fb4|K46624ba5|K9be97905|Ke9d21ca1|K1f1ba69c|Kd3103f62,Pdfa9d578|P3ded3528|P7b34c4be|P617d4377|P726bf2bf,P6a37b0db,39462438.0
M72c8a3fe,Guru,2007,1,165,4700000,hi,Drama,Drama,1,IN,1,Cd36235e4,20,24,False,K0c3798ca|K4385ab38|K84f276bf|K43eceae3|K3073fd44,Pb987bdff|Pc54bf1d8|Pb903d326|P59f24262|Pfcad4c47,P4347ab6e,31000000.0
M09b1f107,Beyond a Reasonable Doubt,2009,1,105,25000000,en,Crime,Crime|Drama|Mystery,3,US,6,Cecf498de|C100f3dbe|C163e5df1,35,15,False,K8be79513|K956eb9ef,P9485f066|P923e7efe|P427249f9|Pe0f27c47|Pfd957aac,Pc2c37f32,4388563.0
M4d5376df,Pontypool,2009,1,95,1500000,en,Horror,Horror|Mystery|Science Fiction,3,CA,2,C7f7a45b9|C8c39c9b6,13,15,False,K7fa4f963|K44e2b16c|K12864c24|Kee7d3574|K8dfac82b|Kaa58a17c|K478c8286|K6db10b97,Pc46d81bb|P5acaddfd|Paf58446b|P882d9297|Pe765d50b,Pa34765e5,32000.0
M24cc5bda,Daybreakers,2009,1,100,20000000,en,Fantasy,Fantasy|Horror|Action|Thriller|Science Fiction,5,US|AU,5,C78367188|C7d3327db|C9e936205,16,67,False,Ka7984eec|K53da8c5a|K94f985a9|Kd0bf5062|K21b70957|K74bd6eb1|Kffb9e482|K7f284f24,P598f6582|P5a9109c6|P9a2edffb|P8caf41df|P1e8f235a,P8e28865e,51416464.0
M6b34eac7,Hachi: A Dog's Tale,2009,2,95,16000000,en,Drama,Drama|Family,2,GB|US,6,Caff64df1|Cbc6302ea|Caacb2306,18,52,False,Kcc150bfb|Kdc3fd4cb|K7b913106|K5011ba81|Kc5c53ac8|Kd47abffe|Kffef018c|Keb90c31b,Pb8c4c754|P7b4520e9|P7b3419a4|P0e1d6048|P7fa4d0e4,P2fb3774a,47801389.0
M25cbc64a,Leap Year,2010,1,100,19000000,en,Romance,Romance|Comedy,2,IE|US,5,Cd7a83b16|C475937d3|C51097f4c,15,4,False,K938b3f55|K9be97905|K0791267b|K7c6da98e|K877e62a3|Kb5dbe09d|Kf7d3dfc2|Kba47d1f3,P2b24b1d6|Pd4288e7a|Pcdb2bdab|P30546c37|P8deeb57e,Pa1ece769,29922472.0
M916726b0,The Book of Eli,2010,1,120,80000000,en,Action,Action|Thriller|Science Fiction,3,US,2,C5ce2cd37|Cd36ef9f0,45,85,False,K2cf201da|K8e2e1632|K7f284f24|K648bad42|K5e49715d,Pbbc37df2|P89aa61f8|Pe08ce533|Pca0a35fe|P07d171ba,P58d0ade0,157107755.0
Mde2a551a,Horsemen,2009,1,90,20000000,en,Crime,Crime|Drama|Horror|Mystery|Thriller,5,CA|US,3,C37b54f25|C46f771f9|C1844b0e3,15,3,False,K0d25991c|K35fbf0b0|Ka2122fa4,P967c7ac4|P552b9995|P89e5e757|P793b9b83|P24c50688,P74c1cf29,1017401.0
M301a72da,Soul Kitchen,2009,3,100,5000000,de,Drama,Drama|Comedy,2,DE,2,Cfb0e5025|C12814606,18,2,False,,Pa5d2722c|Pbf0975da|P5e663e7b|Pda4abc65|P67e9e241,P1c55cb4a,17872796.0
M4dc84907,Asterix at the Olympic Games,2008,1,115,97250400,fr,Fantasy,Fantasy|Adventure|Comedy|Family,4,BE|FR|DE|IT|ES,12,Ca7e0a9d6|C556de237|C41920a40,26,23,True,Kda3a8325|Kf0265e5f|Kf610c923|K2c862459|K4cd89d42|K79547cd1|Kd081507d|K8a28c7c8,Pb6180b78|P128e0651|Pc188bdfd|P2266065f|P15728888,P9fa4ee44,132900000.0
Med7503dd,3 Idiots,2009,4,170,9000000,hi,Drama,Drama|Comedy|Romance,3,IN,1,Cef6d68e5,20,41,False,Kc8aa65cd|K293e5fac|K94571983|Kc5c53ac8|K6815d3f7|K885aea9a|K6ee188c7|Ke4313c16,P655d94a7|P336bfdef|P59f24262|P2e34f5ae|P45712bf1,P66d7fd1e,70000000.0
M6fb6ba2e,Legion,2010,1,100,26000000,en,Horror,Horror,1,US,1,C8512fcd5,15,22,False,K36a3c7b7|K64dee69a|K0bdfaae8|Kc79d101b|Kf0ee355f|K3b3b69c7|K5abbc127,P4bc8082e|P967c7ac4|P53babcc9|P8e8c25c5|P1a4272dc,P50f36f6a,67918658.0
M48fdaf4f,Beautiful,2009,2,95,1500000,en,Drama,Drama|Mystery|Thriller,3,AU,1,C5eb0e780,9,11,False,Kca0f1cb3,Pc856b407|P95c03ee7|P21a15a77|P26f18a07|P093f5f31,Pe6dc6f5f,56000.0
Mf8eea51d,Extraordinary Measures,2010,1,105,31000000,en,Drama,Drama,1,US,2,C9b55c3fb|Cdd8eadf1,25,16,False,,Pfa43d9be|P02dbf1fc|Pe896c281|Pfc420846|P7d5a7c5b,Pb4dd82a3,15134293.0
Mec767df4,Edge of Darkness,2010,1,115,80000000,en,Crime,Crime|Drama|Mystery|Thriller,4,GB|US,4,C8bbc0a3e|Ce09e087e|C0899a5fc,20,80,False,K35fbf0b0|K3c6f9488|Kc2f24d7a|K8b3e4ab2,P46240969|P0828e953|Pf8af4a2a|Pa5961a3e|P4231338d,P61003287,74901339.0
M39c9678f,I Love You Phillip Morris,2009,1,100,13000000,en,Comedy,Comedy|Drama|Romance,3,US,1,C0b057e79,34,22,False,K82a98e31|Kc5a122eb|K8c338b0d|Kfb4b3fa1|Kd3958923|Ke895cbb9,P3831e867|P5d50695a|P4da722a4|Pb52a6e3c|P97f860eb,P7fc22db4,10652035.0
M81386059,The Wounds,1998,2,105,10000,sr,War,War|Drama|Comedy|Crime,4,RS|DE,2,Ca06d4792|C79e755f7,9,24,False,,P84c78644|Pcdf145c8|P44827ce1|P7fe6b2d5|Pbfdd77a7,P4aa0a945,150000.0
M7259ec72,Valentine's Day,2010,1,125,52000000,en,Comedy,Comedy|Romance,2,US,3,C6988cd6a|C6257db4c|Cbd2eb053,23,14,False,Kef4eed7e|K41adc54e|K7d313650|Ke6244421|Kab832ca0|K5ff39872|Kdfc0f3e7|Kb69ab056,P32d7cd09|Pe2235564|Pc34a6901|P71ab6c6e|Pd1604614,Pccbd9923,216485654.0
Mb157a686,Ondine,2009,3,110,12000000,en,Drama,Drama|Romance,2,IE|US,6,C51097f4c|C7d981cd1|Cce5d839a,10,17,False,K30ba46ef|K7465e29d|Kab29fae6|K593a7422|K03fb8e45,P7b34c4be|P4b216ebf|P30860ef5|P1db096fe|P984105b7,Pa29f92aa,1644755.0
M470c0c5a,Percy Jackson & the Olympians: The Lightning Thief,2010,1,120,95000000,en,Adventure,Adventure|Fantasy|Family,3,CA|US,8,Cadd28e55|Cd05b6468|C53a9ea27,91,48,True,K038c8dca|K095c6b0e|K3091e024|Ke88ca923|K2a1ae6e0|K779b67dc,P5c436162|P49b65005|P7db9ca6b|Pb3a57dd1|Pa0abef07,P17f6230f,226497209.0
Mc56e9c5e,Cop Out,2010,1,105,30000000,en,Action,Action|Comedy|Crime,3,US,1,C3e7bdc8f,23,11,False,K33e09618|K0558d873|K137adf5c|K0d25991c|K78d3caf5|K1771bf10|Ka29e4ad2|K6c87d899,Pbc324a94|Pa07c36d1|P586dfc75|P7a5b3bd7|Pa64cb8ad,P7e090b5e,55583804.0
M5b63789d,The Spy Next Door,2010,1,95,28000000,en,Action,Action|Comedy|Family,3,US,3,Caef19b2e|Cdae08cab|C1d78bb82,16,3,False,Kd6073f4e,P85597fcc|P30b96943|P789f5166|P770892d1|Pcd2407c5,Pe47f6a92,45236543.0
M3fb5c359,I Hope They Serve Beer in Hell,2009,3,105,7000000,en,Comedy,Comedy|Drama,2,,0,,9,4,False,Ka7984eec|K1451c5af|K0f72d59b|Ka646ca77|Kfcbf608c,P980d8dc5|P85e4eff0|P71f7f849|P87ac5f75|Pefade5c5,Pc6d645e6,1429299.0
Me16ebc28,Agora,2009,2,125,70000000,en,Adventure,Adventure|Drama|History,3,ES,7,C49de5b70|C03bf9635|Ca270ba97,73,51,False,Kb38c398c|K8d907d83|K30a53fa2|Kfa895068|K65cf7a95|Kedd80cbe|K249af4ee|K9fe2949c,P614f6326|Pfde2b44e|Pb2b28b54|P21cf94e3|P8b3306b5,P7380b23b,39041505.0
M7539275b,Singh Is Kinng,2008,1,135,14000000,hi,Action,Action|Comedy,2,IN,1,C5352c0d0,12,27,False,K885aea9a,Pb5e3b73a|Pdcb4d212|P7ff51e5d|Pa1f0281c|P5e821c09,P77e644b9,25000000.0
M12c969ed,District 13: Ultimatum,2009,1,100,15000000,fr,Action,Action|Thriller|Crime,3,FR,6,Cd76d7485|Cc94eefdc|Cf0046355,12,40,True,K526fab99|K1308518c|Kcc8edd30|K00ee119f|K83e592e6|K09e212c6|Ka82ab652|Kd6073f4e,Pebc873b9|P1f71e353|P5e7385c0|Pfa32eadf|P1cbc6173,P7e5c2663,8786375.0
M5e4224ee,The Crazies,2010,1,100,20000000,en,Mystery,Mystery|Horror|Action,3,US,4,C999d6408|Cf4d6a468|C4abfe3d3,39,76,False,Ka5ec14be|K0e8f4232|Kb7d5ad7d|Kd884f9fb|Kd6073f4e|Kfaa58f07,P4002418d|Pa5509ed0|Pafc8266b|P786adf7f|Pdb2558d9,Pecfcb851,54956140.0
M29244828,[REC]²,2009,3,85,5600000,es,Thriller,Thriller|Horror,2,ES,1,C2646409b,13,5,True,Kd49e15ee|K0c1d00a7|K0ea38f38|K81203be5|K7278768e|K0223edda|K86858f0e|Kb7debf2d,P9399606d|Pa80bcdab|Pb48eb66b|Pbe628fff|P1cc7d74f,P9355b067,18469680.0
Mbc4ad940,My Name Is Khan,2010,1,145,12000000,hi,Drama,Drama|Romance,2,IN|US,3,C9ea1bb4a|Ce9f4ac39|C6dcc4248,13,14,False,K885aea9a,Pa6041114|P461da7c3|P7a292757|Pe37e1faf|P988da702,P983f6592,42345360.0
M27dc406b,Alice in Wonderland,2010,1,110,200000000,en,Family,Family|Fantasy|Adventure,3,US,5,C72b723b8|C13591aeb|C30a4a967,35,24,True,K1451c5af|K9ceb8d10|K8e2e025f|K442c9be4|K3884e7c5|Kb407fd08|Kb312f8f4,P35231746|Pd34c4eab|Pfd2a74e7|Pe42cb422|Pf678e4a8,P9059d147,1025491110.0
Me3b1e438,Green Zone,2010,1,115,100000000,en,War,War|Action|Adventure|Drama|Thriller,5,ES|GB|US|FR,5,Cd7a83b16|C668b01c5|Cd3fda92f,88,81,False,K275e84bf|K7265ba49|K46d3516a,P9d23789b|Pa4d4e204|P72092b5c|P12c0d119|P7c2203eb,Pf667602e,94882889.0
M7fbdcc6c,From Paris with Love,2010,1,90,52000000,en,Action,Action|Crime|Thriller,3,GB|FR,8,Ce41bb422|Cfeba7872|Cc94eefdc,25,67,False,K24eec40f|K4d54a5a1|Kb7b43807|K18f7c353|K2f7092f1|K03812e46|K9ad21213|Kd36804b6,Pe91449f5|P2c3e141f|P17eb65af|Pdef2639d|P235df392,Pd62b7b03,52826594.0
Md0160dd5,Brooklyn's Finest,2009,1,135,17000000,en,Crime,Crime|Drama|Thriller,3,US,5,Ce660b27b|Ceb1c0461|C04c52f24,21,77,False,K1fc61028|Ka7984eec|K666856dc|K8341e452|K9df93747|Kcf7d212b|K1199c976|Kc5b65b8c,Pb8c4c754|P57744027|P598f6582|P953616ba|P5552edf8,P0efd056c,29536299.0
M1fea2833,Our Family Wedding,2010,1,105,14000000,en,Comedy,Comedy,1,US,4,C9ea1bb4a|C53a9ea27|C607f8d1b,27,1,False,K378ba70d|K6c87d899|Kd6073f4e,P52cbfc7b|P0369fc49|P347a3a2a|Pf0b8dc21|Pd6949f53,P25ce80df,21409028.0
Ma336be52,The Bounty Hunter,2010,1,110,40000000,en,Action,Action,1,US,4,Cf4478484|C7f4b55db|Cdae08cab,18,13,False,K52726ab3|Kea3df390,P979428ee|P0151a8e9|Pae5b8cc6|P0e78a7d0|Pd7971006,P4d83d7bd,136000000.0
Mbf7008c8,Leaves of Grass,2009,3,105,9000000,en,Comedy,Comedy|Crime|Drama|Thriller,4,US,6,Ce660b27b|Caff64df1|Cd06030ee,17,13,False,K2b5d957d|K87001976|Kb91cc689|Ka3d9c7c4|K110f3ad2|K60846bfa|K363e2cdf|Kd3103f62,P105610f1|P9f4d72a6|Pe896c281|P1c56c30e|Pf6c5b6fd,P646e1141,985117.0
M2d4303d1,The Card Player,2004,1,105,2600000,it,Horror,Horror|Mystery|Thriller,3,IT,2,Cbcd20889|C4aaa83ef,36,21,False,Kba26f7b4|K0d25991c|Ka2122fa4|K673adcf6|K04b71262|K858cac2c|Ka6c034cb,Pfc1876a7|P4065054b|P2ca6fd52|P63d28fd0|P142ef200,P87c81b9e,1479042.0
Md6650f42,Repo Men,2010,1,110,32000000,en,Action,Action|Science Fiction|Thriller|Crime,4,CA|US,4,Cd7a83b16|C7b2cdc0f|Cd3fda92f,15,14,False,K7f284f24|K0bab9b28|Kaf7a63f4|Kfcbf608c,P7ad6a156|P52cbfc7b|Pbc2fbf24|P961bdf96|Pbf5c9cd9,P49b930fe,18409891.0
M2f7ac491,Case 39,2009,3,110,27000000,en,Horror,Horror|Mystery|Thriller,3,CA|US,4,C14c57614|C1b020c70|C766d61d3,38,63,False,K24e26ceb|Kb1aa9b34|K68678f4b|K5ebde1b5|K35fbf0b0|Kc3deb9ff|Kb16bdd57|K3c6f9488,P79cd1763|P4d71e533|Pa34e3ce0|Pa3dbcab7|P5ba54ccc,Pae3bd841,29000000.0
M3b102a78,Chloe,2009,1,95,15000000,en,Drama,Drama|Thriller|Mystery,3,FR|US|CA,3,C668b01c5|C7de5d669|Ccddb0d8a,19,25,False,K74538db0|K10261fed|Kbc54d4bc|K724d89d3|Kf0d8f314|Ked64379d,P62eda3c0|P1b4a1135|Pea05f72b|P32b759c9|P9ce8eb49,Pe45c63ed,8459458.0
Mad4784f5,Mother,2009,2,130,5000000,ko,Crime,Crime|Drama|Mystery|Thriller,4,KR,1,Cfc48a594,8,4,False,Kb7f1519f|K4c2608f9|K35fbf0b0|K9d4a30d0|K1ec34a52|K441c4075|Kbaca5abe|K77212bf2,Pbec56dac|P489a6329|P902506b3|Pffbe8008|P6472afa6,P9030df77,17112713.0
M96553b78,How to Train Your Dragon,2010,1,100,165000000,en,Fantasy,Fantasy|Adventure|Animation|Family,4,US,3,C586f6404|C336c2b47|C66757765,13,42,True,K4a64b667|Kc29f41d4|Kf872823e|K566c4248|K99312e6b|Kc8e08999|Kb858ed20|Ke5e5cfb4,P476f3956|P979428ee|P1347bbae|P0369fc49|Pe13a0898,P55065474,494878759.0
Md7ec2685,Micmacs,2009,4,100,33000000,fr,Action,Action|Comedy|Crime,3,FR,9,C12d40757|C5af7551b|Cf6e9c17d,12,13,False,K52016c09|Kb0ff3de9|K41c7b291,P119f783f|P9741e23b|Pb2a36500|P7fc1e624|P2c1eff1e,P649904b4,14000000.0
M810b28d1,Clash of the Titans,2010,2,105,125000000,en,Adventure,Adventure|Fantasy|Action,3,US,5,C5c652f15|Ceddfe7b0|C6e250e55,35,123,True,K99af97f9|Kfbd674bb|K095c6b0e|K3326aa88|K5d13274a|K6b53101a|Kc2da3524|K47ca0f71,P2707d5f8|P1b4a1135|P77e8a1ca|P00bfae09|P13c6deee,P5192e8c8,232713139.0
M7fa63fac,Defendor,2009,3,100,3500000,en,Drama,Drama|Action|Comedy|Crime,4,CA|GB|US,3,C14fcbad7|C8892ca6e|C36c560a8,16,17,False,Ke3894268|K5b68bb6a|K04f1877b,P96737513|P3099eae6|P32b1dfbc|P14a5cdcd|Pe923d6b9,P64da39d5,44462.0
Md87d50ba,Kick-Ass,2010,1,115,28000000,en,Action,Action|Crime,2,GB|US,2,C78367188|Cc58a41f5,26,42,True,Ke3894268|K3d2b49b8|K35f4a29b|K04f1877b|K35fbf0b0|K8992c8bc|Ke864e2ff|K8e4844b2,P3ffa4742|Pf4fb8900|P430fc9c1|Pa2178ef1|P2598469d,P82925cc9,96188903.0
Me9c5d781,After.Life,2010,2,105,4500000,en,Drama,Drama|Horror|Mystery|Thriller,4,US,3,Ca08d6d44|Cea999988|C5056ac81,20,45,False,Kc9b037e6|Ke30f40a7|K8ededc31|K398d8e4d|Kfcaf1ab2|K0f03d60d|K01b9c939|K7c33a006,P1b4a1135|P3d8c4551|Pb1255d95|Pe8884bea|Pb0b3c3cb,P1c7002ab,3606395.0
M3b466f71,Razorback,1984,2,95,5500000,en,Horror,Horror,1,AU,3,C15950929|Ccdefa333|C25449e43,8,10,False,K721934bd|K241b3a3b|Kd3de787f|K567f8085|K39741e41|K032c98de,P061ae76c|P946f4484|Pb309d626|P8bdf56c0|P6a58dabe,P90d9e51d,801000.0
M3923df8b,Valhalla Rising,2009,3,95,5641880,fr,Adventure,Adventure|Drama|Action|Fantasy,4,DK|GB,6,Ce09e087e|C9e6a9f22|C73861098,17,26,False,K3cdc9315|K45012032|Kea755439|Kf8bdf6e9|Kb94a04ac|K66331d63|K9749c839|K3c6f9488,Pa208cfd9|P4c5202bb|P32dd1c86|Pdf21cd84|Pe2dd9c1d,P82d4a2a3,30638.0
M36c7e20e,Diary of a Wimpy Kid,2010,1,90,15000000,en,Comedy,Comedy|Family,2,GB|US,3,C53a9ea27|Cc0525343|C875f6f6c,38,79,True,K1451c5af|K6878063f|Ke6356cde|K3676f124|Ka742ede8|Ke6c41798|Kd6073f4e|K7eef7ccf,Pd51dc331|P82b6c827|P77280b6b|P2a4182bf|P4cae73fa,P9fa1256f,75700498.0
M428e5e2e,City of Life and Death,2009,2,130,12000000,zh,Drama,Drama|History|War,3,CN|HK,5,C68643661|C8d92df16|C22e765a3,5,12,False,K613cd66a|K4f1bb2e0|K3c9165c9|K624e9950|K4209a93a|K97aaef88|Kd6073f4e|K81db7ad7,Pb30cd75e|Pbdabf766|Pf4c17a1c|P47991e20|P7512bd1d,Pcc49f20e,10652498.0
Mf8aa6d04,Solomon Kane,2009,3,105,45000000,en,Adventure,Adventure|Fantasy|Action|Science Fiction,4,FR|CZ|GB,3,Ce4f77d56|C9008e941|C72074954,25,16,False,K13a62eac|K35fbf0b0|K2b90a567|K349e4ffc|K40ea8d0b|K43c53aeb|K3c6f9488|Kb907c78c,Pf00e4d4a|P3a9b8c1a|P901c100c|P22e9fa35|P63524ef0,P5b5de6db,7810000.0
M6c698a70,Iron Man 2,2010,2,125,200000000,en,Adventure,Adventure|Action|Science Fiction,3,US,1,Cc4089340,115,33,True,Kf6eaaaf8|K12b44075|K04f1877b|K923101f0|K9a16fa02|Kfcbf608c|K9795fa06,P9aaea10b|P0affa6f4|P57744027|Pb214a37a|Pc810bfde,Pd539ecc7,623933331.0
M6dea38f8,Marmaduke,2010,2,85,50000000,en,Family,Family|Comedy,2,US,1,C6cbfdb5c,18,19,False,,P66e0e26d|P9a467338|Pcd2407c5|P430fc9c1|Pf9ddcb76,Pce81afe4,83761844.0
Mbdf6aa30,MacGruber,2010,2,90,10000000,en,Action,Action|Adventure|Comedy,3,US,1,Cdae08cab,23,3,False,Kfcbf608c|Kd6073f4e,P6db31703|Pfbcea453|Pcfb78473|P958f1dd9|Pd5e4219f,Pd7a0d8a1,6110000.0
M2ac974d2,Ca$h,2010,1,110,7000000,en,Crime,Crime|Thriller|Comedy,3,US,2,C67d0776a|Cae1994d1,12,11,False,Kd3103f62|K9bddb5a5,Pa0abef07|Pebd37a00|P4a2f9e74|P77b4a2ae|P9201c7f3,Pe1b74656,46488.0
M65d6379b,A Nightmare on Elm Street,2010,2,95,35000000,en,Horror,Horror|Mystery|Thriller,3,US,2,C6988cd6a|C46f771f9,15,15,True,K7ff5535a|K5ebde1b5|K7dd0a9a4|K71bf1fc9|K9a16fa02|K04b71262|Kb5a55fd5|K3855800f,P5a00ccb9|P4949e04f|P96e74a37|P9b25a799|Pee5398dd,P6d20ffb8,115664037.0
M4fed22c0,Four Lions,2010,2,100,967686,en,Comedy,Comedy|Crime|Drama,3,GB,4,C9b0e4985|Ceab09ebc|C6e86b566,20,13,False,Kaf4058be|K0f658508,Pd3a29393|P2978458c|P85ce0909|P09ad0c2a|P2e8f2880,Pcc88ebe1,4270000.0
Ma9331b70,The Disappearance of Alice Creed,2009,3,100,800000,en,Crime,Crime|Drama|Thriller,3,GB,2,C83bf99c0|Cb9c0cdbb,3,33,False,K511491fa|K97e39667|Ke0fff442|K9136e8a9|K3affd9f7|Kaf002c80,P00bfae09|P0dbf6bc5|P3465fde8,Pce21a6d2,867714.0
Mc2a332a0,Robin Hood,2010,2,140,200000000,en,Action,Action|Adventure,2,GB|US,4,Cd927b580|Cd7a83b16|Cd5a1e1a6,34,18,False,K77548ee7|K64866fdd|Kbdce27e1|K9b505862|Ka29c45c3|K8d945e33|Ke4b0b97f|K4e7e1f81,Pf4bdfa1a|P7ee731d8|P63524ef0|P9cf8177c|P2598469d,P54540f1f,310669540.0
M8b12b16e,Blue Valentine,2010,4,110,3500000,en,Drama,Drama|Romance,2,US,7,C6441bd10|Cda0d9740|C95f8662e,15,26,False,K075bd6d3|K1d1c144f|Kc6484f9a|Ke235feee|Kb59164e1|K33437310|Kfe075bcf|Keec6e143,Pfc16b487|Pcadac074|P17525a89|Pd82c5ad0|P759c603c,P71f0e9fe,16566240.0
M1e7e2b2f,Buried,2010,3,95,1987650,en,Drama,Drama|Thriller|Mystery,3,ES|US|FR,4,Cc3140214|Cae9bc54b|C4a39b77e,20,15,False,K03b817d9|K5d0ba27b|K42cfc769|K9c1d6c5b|Kee7d3574|Kaf4058be|Ke700e890|K1ec34a52,P6b87f42a|P2dae13ce|P95b29e1f|P7329e4e8|P30993d11,P4e55d8d9,19152480.0
M0b885c74,Prince of Persia: The Sands of Time,2010,2,115,150000000,en,Adventure,Adventure|Fantasy|Action|Romance,4,US,2,C72b723b8|C4fb6882a,13,46,False,K9f526c24|K93f264b2|Kc09fd969|K3e8fe2da|Ke3aa67a9|Kb4e75fa3,P536a41bf|P00bfae09|P6abc1229|P9d25dde1|Pdaeb65d6,P0fe87622,335154643.0
Md833cce0,Sex and the City 2,2010,2,145,100000000,en,Comedy,Comedy|Drama|Romance,3,US,4,C6988cd6a|C1246c604|Cbff8a2e3,32,14,True,,P95b0bcf1|P1bc4153e|Pa57ab65c|P791fd83e|P03267da5,P48338f99,288347692.0
Mc1e9695b,Get Him to the Greek,2010,2,110,40000000,en,Comedy,Comedy,1,US,4,Cd7a83b16|C475937d3|Cdae08cab,25,19,False,Kfcbf608c,Pe13a0898|Pffd0937d|P7b418b7c|Pd7006e11|P5ddcd0cb,P1db15a05,90029656.0
M496f6a01,The Back-Up Plan,2010,2,105,35000000,en,Comedy,Comedy|Romance,2,US,2,C8287d6b8|Cdd8eadf1,15,11,False,Ke6244421|Ka15709db|K4786f4fd|Kb92c5fc4|K6d90a030|K07b14717|Kbea00521|K7b7aeeef,P91999fa3|P6b0486cb|P55700a90|Pb66a28ad|P472302b0,Pd6406f68,77477008.0
M1aa8082a,How About You...,2007,4,100,9000000,en,Comedy,Comedy|Drama,2,IE,0,,8,2,False,Kd3103f62,Pb22d5147|P8507caf4|Pd0a38f6b|P3d8ce9aa|Peabe2883,P48eb0ae5,706000.0
M4ec3a4b1,Jonah Hex,2010,2,80,47000000,en,Action,Action|Western|Drama|Fantasy|Thriller,5,US,1,C3e7bdc8f,26,32,False,K40b67ad5|Kd6a05201|K38b4fde2|Kf8bdf6e9|K6680303b|Kedc55cc4|K7e9199d9|K8a9cc20f,Pc6b524b9|Pefca9620|P040a1202|P387e3056|Pee9169c5,Pa7668d11,10539000.0
M7d32bdee,The A-Team,2010,2,115,110000000,en,Thriller,Thriller|Action|Adventure|Comedy|Crime,5,US,8,Cadd28e55|C6cbfdb5c|C53a9ea27,60,107,False,K613cd66a|Kc13635ec|Kd0f0a7f8|K3aaa358d|Kfcbf608c|Kd6073f4e,P1b4a1135|Pc34a6901|Pe2235564|P4b73cb04|Pf3405eca,P82f51058,177238796.0
Mc9663086,Toy Story 3,2010,2,105,200000000,en,Animation,Animation|Family|Comedy,3,US,2,C72b723b8|C5f1dc623,45,38,True,K8b8060e4|K94571983|Kdc5570ed|Kf3aee9f0|K346367d7|K66331d63|K2f75896f|K66d1041e,Pd8b30691|P7e44f8c4|Pad073e73|Pf948d741|Pf10575be,P8b9ce4dd,1066969703.0
M8eeff90b,Winter's Bone,2010,2,100,2000000,en,Drama,Drama,1,US,2,C1b020c70|C5e06e766,22,13,False,K3affd9f7|Kd2e5bc2f|K10182126|K3ed00405|K7eb0b4fd|Kfcbf608c|Kd6073f4e|Kcbf64eb9,Pc35136a7|Pfab4aa23|Pca0e7f9f|Pd8eef9de|Pa4897366,Pfd71fd2c,13831503.0
Ma4335509,Shrek Forever After,2010,2,95,165000000,en,Comedy,Comedy|Adventure|Fantasy|Animation|Family,5,US,1,C586f6404,35,6,True,K4dbe97f9|Kb312f8f4,P872c7544|P1c7f1d9d|P955f54ab|Pd761e806|P81dc151c,Pffeced8b,752600867.0
M9ed0acbe,Solitary Man,2009,3,90,15000000,en,Comedy,Comedy|Drama|Romance,3,US,3,C44d7bc32|Ce4826f85|Ce844130c,27,7,False,Kb8d59c8d|Kb6fc12fe|K0a8098b2|K8992c8bc|Kdd03555f,P9485f066|P6f263068|Pd3bf69c1|P105610f1|Pd4a36cd3,P2e3499c8,5024782.0
Mae6d4aab,Enter the Void,2009,2,160,13000000,en,Fantasy,Fantasy|Drama,2,CA|FR|DE|IT,2,Cc3b00073|C8b326944,8,20,False,K1199c976|Kabe04825|K2e0aac28|Ka42eba1d|Kff43a29c|Kf08c6a1c|Kda77ac4b|Kd9198f5a,P6e9c1551|P8594a6bc|P3b075d46|Pb593ef55|P9357505b,P1b2dd2da,754249.0
M7f92408b,Predators,2010,3,105,40000000,en,Action,Action|Science Fiction|Adventure|Thriller,4,US,4,C6cbfdb5c|C98c258fd|Ce9b365ce,12,63,True,Ke7bdc112|Kc1a7e026|K2710a3f2|Kf0583ab8|K5417f32f|K19a14feb|K4d0bc3a5|Ka934a10d,P88f192ec|Pbc2fbf24|P05d35fbc|Pd2914092|P897e16bc,P45768c96,126248813.0
M4e542bf9,Despicable Me,2010,3,95,69000000,en,Animation,Animation|Family,2,US,2,Cd7a83b16|Cde755e9c,33,25,True,Kddcea65c|Kb517b1a9|Ka58354b0|Ka2390abe|Ka5d227bd|K944fb3f8|K0d832f78|K4b112d80,P4be68e2c|P8961bd5c|Pffd0937d|P81dc151c|Pee9169c5,P56d03fab,543513985.0
M8f2b6450,Inception,2010,3,150,160000000,en,Action,Action|Thriller|Science Fiction|Mystery|Adventure,5,GB|US,3,Ceddfe7b0|C3e7bdc8f|Cedec6c61,29,18,False,K188c501a|Kf8baada2|K9136e8a9|Kd117aa7c|K71b54ee7|K25419d9e|K8ff3d7ad|K5e392f78,P2cb99efe|P8e89b53a|Pd6d7ac89|P91f4f0f4|P4ca40cde,P271d3962,825532764.0
Mf390b8b7,Grown Ups,2010,2,100,80000000,en,Comedy,Comedy,1,US,3,Cf4478484|C87ffc222|Cdae08cab,20,3,True,K39a824af|K2a86268e|K5f697256|K0c7c6137|K676ae011,Pc82d1114|Pb48255ea|Pa90449bf|Pa887b05b|Pd5e4219f,Pad403284,271430189.0
M78a83ef4,The Sorcerer's Apprentice,2010,3,110,150000000,en,Fantasy,Fantasy|Adventure|Action|Comedy|Drama,5,US,5,C72b723b8|C4fb6882a|C82201f3c,14,5,False,K55cfa8fb|Ke6b45b39|K2ae7ec5e|Kdaed499d|K79547cd1|K2cf201da|K6ecc96df|Kee9373a7,Pa2178ef1|P476f3956|P9ab3ffdf|P9d25dde1|P94b6fc55,Pbe6a4304,215283742.0
M211bb719,Knight and Day,2010,2,110,117000000,en,Action,Action|Comedy,2,US,5,Cfba35e40|C6cbfdb5c|C53a9ea27,19,109,False,K33b2d0b2|K31249f48|Ke63eacc3|K7c0be96b|K424ad1c8|K00ee119f|K742bd1e5|K9eec261d,P13cbd053|P955f54ab|Pc3ac31e9|Pe7fd819d|P236e26c9,P1783672c,261930431.0
M3a0400c1,The Kids Are All Right,2010,3,105,3500000,en,Comedy,Comedy|Drama,2,US,8,C63fe8f0c|C0db86bb8|Ccef37e26,16,14,False,K8bb446de|K10261fed|K031b800d|K58378910|K7f8c1a1b|K7cc341ed|K7b7aeeef|Kb3384c50,P62eda3c0|Peb51c4ea|P282469c4|P35231746|P6d77cc56,Pdd08f550,34705850.0
M921cbea5,Salt,2010,3,100,110000000,en,Action,Action|Mystery|Thriller,3,US,4,Cf4478484|Cac465b03|Cdae08cab,42,14,False,Kb722db6a|K33b2d0b2|K4d54a5a1|K9136e8a9|K9d999169|K62487044|K702b9342|K42cfc769,P9e58b7cf|P961bdf96|P5498c3a1|Pd40ffa40|P7bb00a6d,Pc29be49f,293329073.0
Me6db0e1d,Mr. Nobody,2009,3,155,47000000,en,Science Fiction,Science Fiction|Drama|Romance|Fantasy,4,BE|CA|FR|DE,2,C45efc46c|C65f56bc2,23,3,False,Kff43a29c,P2f0b3e83|P8a81e10e|P9aef51c9|P07624456|P85ac7180,P321cf736,3547209.0
Mdb082e0c,Ip Man 2,2010,2,110,12902809,cn,Action,Action|History|Drama,3,HK|CN,1,C3858dc0f,10,8,True,K1308518c|Kdc87c7d5|K89b75a49|K6d7b9f81|K10182126|Kac7778e4|K684aa367|Keb054f1e,P00eb740c|Pa76fdb0a|Pe15ce7c6|Pa0b0c61c|Pd4e0797a,Pfb413ea9,36000000.0
M200c34fa,The Other Guys,2010,3,105,100000000,en,Action,Action|Comedy|Crime,3,US,2,Cf4478484|Cf729283b,29,10,False,Ka3337f91|Kc316afe8|K06465afe|Keff777bc|K5eef6030|K8b5fb6b5|K1b87aefa|Kfcbf608c,Pc488f7aa|P40d10530|P750e20b3|P5eab90f9|P4da7c12b,Pa2f257bd,170432927.0
Mf68f85f6,The Expendables,2010,3,105,80000000,en,Thriller,Thriller|Adventure|Action,3,US,1,Ce4826f85,22,111,True,K666856dc|K1308518c|K0c24b3e3|K566c4248|K13a62eac|Kb59164e1|Kb8281719|K66331d63,P468a604c|P4b27ca24|P3a2425fc|P3a9dba0c|P982774b9,P468a604c,274470394.0
M433c1fe2,Scott Pilgrim vs. the World,2010,3,110,60000000,en,Action,Action|Adventure|Comedy,3,US|CA,2,Cd7a83b16|C912e4a96,30,7,False,Kc3693474|Kdd83c949|K4880b06b|Kbb2c943d|K306f0742|K7ad1dd67|K42a5561f|K082cc8bc,Pdc4fc482|P5ec4078e|P741e6594|P8164fa59|P852e3feb,P42d4c0d3,47664559.0
M52cda892,Centurion,2010,1,95,12000000,en,Adventure,Adventure|Action|Drama,3,FR|GB,6,C578e9e9b|C6cfa93a0|Ccef4d06f,22,62,False,K088f2d2f|Kf6432100|K38fdc8cf|K3c6f9488|K086dc48f|K9b2f9eba|K32749a0b,P387e3056|Pc793c726|P0bef371a|P4065054b|P706b881f,P2a2498fd,6814789.0
Ma737be82,Life During Wartime,2009,4,95,4500000,en,Comedy,Comedy|Drama,2,US,1,C364a6729,12,5,False,Ka646ca77|Kd3103f62,P49217e8d|P7162f9c7|P22c5cd4c|P32e4a7d8|P023d3a68,P1a94d4f0,744816.0
M8c2a7112,Piranha 3D,2010,3,90,24000000,en,Comedy,Comedy|Horror,2,US,6,Cd8418e70|C57611a80|C6b3f38c0,20,22,True,K5f1d30e4|Kdd969d43|K2238060d|K63a0c4f5|K398f2bbe|Kaae2889e|Kb312f8f4,P4f05630f|Pcdb2bdab|Pc8bb09f1|P4f6aae2e|P6c799d82,P8575a01f,83188165.0
M24584746,The Extraordinary Adventures of Adèle Blanc-Sec,2010,2,105,25000000,fr,Fantasy,Fantasy|Adventure|Action|Mystery,4,FR,3,C556de237|Ce41bb422|C0b057e79,38,8,False,Ka7984eec|K038c8dca|K03f80d45|K923101f0|Ka4665af7|K965f97c3|K09ac9303|K9dcf907a,Pba3ba8a4|P3c57fa1c|P46abef34|P0b7cd552|Pbf88e17c,Pad9f53b5,34100000.0
M7c231408,Gaby: A True Story,1987,4,110,5000000,en,Drama,Drama|Romance,2,,1,C6dfc8237,14,16,False,,P7783551c|Pd45720b9|Pa6a4911b|P16c00628|Pb2514e1f,P4b9f64d2,125400.0
M8877de7c,TEKKEN,2010,1,90,30000000,en,Crime,Crime|Drama|Action|Thriller|Science Fiction,5,US|JP|CN,2,C069224f6|C14728932,20,6,True,K1308518c|K7f284f24|Kb4e75fa3|Kd2095ac7,Pf3efa155|P24730644|P0e1d6048|Pea4cab1a|P3d146ec2,Pfef06342,967000.0
Me4d1f249,Narco,2004,4,105,823258,en,Comedy,Comedy,1,FR,4,C668b01c5|Cfeba7872|C1f08d061,16,5,False,Kf8baada2|K53aa207f|K594f1d94|K6e02d9c8|K35f4a29b,P278197be|P998b8ee3|Pf1870f6e|P02cba3d4|Pf2bee9c1,P46abef34,823258.0
Ma8c6611a,The American,2010,3,105,20000000,en,Crime,Crime|Drama|Thriller,3,GB|US,5,C3f8aa01e|Ccef37e26|C883144a5,20,51,False,K1199c976|K81eac1c9|Kca0f1cb3|K313b854e|K83f8d649,Pd4551c6e|P835a3d0e|P836fb2a4|Pffe12c37|P55bf0d7b,Pfac34338,65464324.0
Md1fb78c1,Machete,2010,3,105,20000000,en,Action,Action|Comedy|Thriller,3,US,4,C53a9ea27|Ce9b365ce|Cc3a27bd2,29,18,True,K99b7ca9b|K54d8e892|Kc2492ead|K08d4a276|K088d9f13|Kacf853e5|K72099c0f,P897e16bc|P6b7675df|P32d7cd09|Pd9604827|P1f2640df,Pf41db032,31327899.0
M4105be1d,Step Up 3D,2010,3,105,30000000,en,Drama,Drama|Romance,2,US,2,Cceb4e3c9|C0532621e,113,5,True,K965d2159|Kd6073f4e|Kb312f8f4,Ped86f2c7|P950cb88a|P1144d18d|Pf357b1e1|P0229793f,P051cea27,159291809.0
M3d5352a8,Going the Distance,2010,3,100,32000000,en,Comedy,Comedy|Drama|Romance,3,US,2,C6988cd6a|C80433639,26,19,False,K1fc61028|K511491fa|K2c1bbb24|K94f985a9|K29e6a2b4|K9be97905|K60686471|K877e62a3,Pe0243597|P3d8c4551|P004c5399|Pf12075fd|Pb0acacc8,Pceb01e50,42045846.0
M7fd873c6,Vampires Suck,2010,3,80,20000000,en,Horror,Horror|Comedy,2,US,2,Cc2c73c36|C51032d15,21,18,True,Kffb9e482|K25a3086d|K4514c442|Ke0dd090a|Kb9aa4e67|K8e4844b2|Kd6073f4e,P1317199f|P1647b9a2|P5c718788|P0d0c464d|P4c8f7027,P15575b6c,80547866.0
M2e9575dc,Resident Evil: Afterlife,2010,3,95,60000000,en,Action,Action|Adventure|Horror|Science Fiction,4,DE|US|FR|CA,3,Cf9732504|Ce4f77d56|Ce9a4656c,15,33,True,K8e2e1632|K7f284f24|Kdffaf2fb|K88a0665e|K0bab9b28|K1b5e0705|K8dfac82b|Kb4e75fa3,P7ba65775|P2c9d6141|P5f77d0b4|Pa30692dc|P81caa778,P5257d233,300228084.0
Mc39aeca1,Easy A,2010,3,90,8000000,en,Comedy,Comedy,1,US,2,Ceba6d050|Ca055c51a,55,45,False,K5bcb4bcc|K25a3086d|K57f246b9|Ka21fedad|K34d45ea6,P9a467338|Pe7a68aa4|Pe7bd23a6|Pae29ae2b|Pf25ac6cd,P89d442f7,74952305.0
M00839b18,Eat Pray Love,2010,3,135,60000000,en,Drama,Drama,1,US,3,Cf4478484|C091b6701|Cbdc6e4d9,19,16,False,K3a4f3ee0|K6e11d73b|Kcbcfea8c|K33dc8956|K3be12304,P9195777d|P58bca367|P9f0e9d1d|Pcef472a3|P0ca0f182,Pfaae2fb8,204594016.0
M28a85ad1,Howl,2010,3,85,30000,en,Drama,Drama,1,US,2,Cbae3db82|C364a6729,15,7,False,K9a94a39f|Kce7bd21b|K16a5fc70|K683aa1bf|Kd3103f62|K8dfee22d|K85265aba,P58bca367|P33bb4cb4|Pd4a36cd3|Pd74bca30|P63cebd80,P0b65430e,617000.0
Mf9ca367f,Flipped,2010,3,90,14000000,en,Romance,Romance|Drama,2,US,1,C1f6a76d4,20,71,False,K489cee79|K1451c5af|K7aa53697|K251f030c|Kd47abffe|K3bce9170|K73f80f07|Kdcf7bb2c,P59dca10b|Pb107317e|P0588ee87|P6ad5be64|P75ccf234,P4bc483e6,1755212.0
M8e6d068a,Wall Street: Money Never Sleeps,2010,3,135,70000000,en,Drama,Drama|Crime,2,US,4,C6cbfdb5c|C53a9ea27|Ce9b365ce,20,5,True,Kd6073f4e,P9485f066|P5bf5191b|Pc6b524b9|P15e5c99e|P7985ee27,Pc20617a1,134748021.0
Mac00d1c0,Legend of the Guardians: The Owls of Ga'Hoole,2010,3,95,80000000,en,Animation,Animation|Adventure|Family|Fantasy,4,AU|US,4,C1246c604|C3e7bdc8f|Cbc6daac9,22,13,False,Ka3620687,Pd8b42ec8|P81442d74|Pbcbc23f4|P098619b4|Pc856b407,P7dac83b0,140073390.0
Maa889ff0,Cats & Dogs 2 : The Revenge of Kitty Galore,2010,3,80,85000000,en,Comedy,Comedy|Family,2,US|AU,1,C1246c604,19,10,True,K5fcea8d1|Kfcbf608c|Kd6073f4e|Kb312f8f4,P003a1c95|Pe28239f5|Pb0acacc8|P104d62f4|Pfa4d2862,Pc5288da3,112483764.0
Mfae89420,Saint John of Las Vegas,2009,2,85,3800000,en,Comedy,Comedy,1,US,0,,6,1,False,Kd3103f62|Kfcbf608c,Pa887b05b|P1a451eeb|P646e1141|P21c520f9|Pd235a0d3,Pff581c38,111731.0
Mef1ccadf,Let Me In,2010,4,115,20000000,en,Drama,Drama|Horror|Mystery,3,GB|US,4,C4b6007ad|Cc6cd67a0|C0b9f22a9,24,21,False,Kffb9e482|K0fb1a4f2|K71bf1fc9|K0c2e638b|Ke6356cde|K74b6a678|K5ebe0ad5|Ke77a22b0,P853e9f27|Pf4fb8900|P0ca0f182|P32b1dfbc|Pa5756fa3,P241ffa32,24145613.0
Ma84cc2d0,Secretariat,2010,3,125,35000000,en,Drama,Drama,1,US,3,C72b723b8|C8ed32a31|C085b6d4d,26,46,False,Keb567ddb|K2effcf2e|K4385ab38,P938e6548|Pefca9620|Pf83802ba|P6f7e0aad|Pedabe952,Pd8433c4f,60251371.0
M37a77662,Life As We Know It,2010,4,115,38000000,en,Comedy,Comedy|Romance|Drama,3,US,2,Cb3ed0225|C693eafb7,20,83,False,K808b4a33|K581909e2|K43f1c417|K4786f4fd|K1a8796e3|K4b112d80|K02b26422|K962e5a71,P6599de6a|Pd07cd801|P336346ff|P6ec99a80|P544193f5,P409efe82,105610124.0
Maa5efeaa,Catfish,2010,3,85,30000,en,Documentary,Documentary,1,US,1,C9250dfb0,5,3,False,Kfcbf608c,P85ccec73|Pc461bd6e|P7712f879|P5619fc23|P4c560a8f,P6c3a178c,3045943.0
M4908863a,Stone,2010,4,105,22000000,en,Drama,Drama,1,US,2,Ca5583185|C37eb051f,11,2,False,K526fab99|Ke6b45b39|Ke50579d9|K0de19f1e|K51431265|K4ecb270c|Kf743e542|K76317265,Pc2b65c32|Pd9604827|Pf6c5b6fd|P7ba65775|Pe00e44e3,P78d523e3,9479718.0
M5c462362,Inside Job,2010,4,110,2000000,en,Documentary,Documentary,1,US,2,C825a8443|C38cf6e98,9,31,False,K9df93747|K755126fd|K3d87a3fd|Kd95b93ea|K8bf348a3|Kfb4b3fa1|Kb4ef9e5e|K9ce959f1,P9d23789b|Pb01f0eea|P677643d5|Pd4740682|P13b944e4,P45c43f66,7871522.0
M35aa741d,Conviction,2010,3,105,12500000,en,Drama,Drama,1,US,6,C13edb7e6|C5e2a43f6|C31bd2dfc,30,16,False,K526fab99|Kee199654|K4db367b3,Pc23204e6|P14f62872|Pbf89d8eb|Pabf1435e|P3e03a29f,P63897b0a,6732980.0
Mce453f32,Dirty Girl,2010,3,90,4000000,en,Drama,Drama|Comedy,2,US,1,C9e05e1f6,17,11,False,K47934026|K25a3086d|Kc5c53ac8|K13818823|K8e4844b2|Kb4d25575,P05e9fa10|P1ebda776|P7ba65775|P585b87be|P9a71ac7c,P47dacd53,55125.0
Ma539a453,Never Let Me Go,2010,3,105,15000000,en,Drama,Drama|Romance|Science Fiction,3,GB|US,3,C9ea1bb4a|C60c81b3f|C9b0e4985,24,33,False,K69ceb4aa|K1451c5af|K4c442588|Kdcf0ed6d|K7f284f24|Ka9282ab2|K0038366d|Ke45bd61c,P15e5c99e|P3113812d|P73f53fc6|P384d7805|Pce4501b9,P9ef8688c,9455232.0
M9fae1559,PEEPLI [Live],2010,3,105,2270000,hi,Drama,Drama|Comedy,2,IN,0,,8,4,False,Kcbf64eb9,P367222c7|Pa1dde296|Pd910fa9f|P93a5c6dd|P358cf0f9,P28de3445,6900000.0
Mfa26d6b7,Shelter,2010,1,110,22000000,en,Horror,Horror|Mystery|Thriller,3,US,4,Cb7392bb1|C39e03473|C9c103cab,24,18,False,K69ceb4aa|K648bad42|K5ebde1b5|K35fbf0b0|Kaa58a17c|K3d77d7e7|K18035d21|Ka7d27878,P62eda3c0|P2c3e141f|P6add08a5|Pc2b65c32|P36d04c33,Pae98cd1d,851517.0
Madf9145b,Jackass 3D,2010,4,95,20000000,en,Comedy,Comedy|Documentary|Action,3,US|RO,1,C0498af6f,42,15,True,K9d87ed05|Ke3af0cc3|Kfb36e1cd|K0ed44ab9|K8992c8bc|Kd6073f4e|Kb312f8f4,P38b61b35|Pa7961a3f|Pf4c5e177|P5d5f0e9b|Pc719053b,P4253fd70,117224271.0
M8353ae2b,RED,2010,4,110,58000000,en,Action,Action|Adventure|Comedy|Crime|Thriller,5,US,4,C9e2f18ea|Cac465b03|Cceb4e3c9,29,13,True,K4d54a5a1|K677587fb|K96ee48e5|K03d7988d|K60601863|K84661938|Kd1a4e38b,Pbc324a94|Pefca9620|P2076b2ad|Pd4a36cd3|P7f9caf38,P9bb573ea,71664962.0
Mf872cc1c,My Soul to Take,2010,4,105,25000000,en,Drama,Drama|Horror|Mystery|Thriller,4,US,2,Cdae08cab|C572a7098,14,10,False,K69ceb4aa|Ka2122fa4|K04b71262|K8e4844b2|Kb312f8f4,P32b759c9|Pd1d0ef39|P18f77444|P208a6c83|Pdb5678ad,P3f55f911,19829957.0
M677cbbcb,Whisper,2007,4,95,12000000,en,Crime,Crime|Drama|Horror|Thriller,4,CA|US,6,Cd7a83b16|C9598c96d|C693eafb7,13,15,False,,Pe568e2ce|P78e34d3c|P5a38eee7|P12f4936d|Pcbfe36fd,P68a0b77f,5285197.0
Mf4b4a539,Heartbreaker,2010,1,105,8700000,fr,Romance,Romance|Comedy,2,FR|MC,7,Ce5a91cd3|Cc3eb5993|Ccef37e26,30,19,False,,Peb00d82e|Pe2321a04|P2c1eff1e|P6c5f8762|P548afa16,P8cbe452a,47355187.0
M43a0b106,Of Gods and Men,2010,2,120,4000000,fr,Drama,Drama|History,2,FR,6,Cb298c307|C7f11fe60|C5315584e,30,5,False,K02a3ddab|K53da8c5a|K6fb501d0|K8b8060e4|Kfc0600a1|Kf92b5e26|K8e0eb2fc|Ke4105161,Pe6c96e9e|P8b3306b5|P4bbe81be|Pd3f77c19|Pce273560,Pcaf2a4ba,41424067.0
M05b3e0d0,Paranormal Activity 2,2010,4,90,3000000,en,Horror,Horror|Thriller,2,US,3,C6146f42e|Cf0bcd2be|C1577294f,10,27,True,Kb3543543|Kff9c5036|K90d23c94|Kb7debf2d|Kd6073f4e,P65dbc5be|P1aca6270|P8c77b22f|P200a04ea|P7d782325,Paafe0471,177512032.0
M3f407f5d,Hereafter,2010,4,130,50000000,en,Drama,Drama|Fantasy,2,US,4,C9710581c|C27c08183|C3e7bdc8f,44,2,False,Ked493fb4|Ka42eba1d|Ka1198490,P9d23789b|P1f53cfec|P042247d7|Pb42e9801|Pfdd1d543,P6f65c5ac,105197635.0
M2255d65c,Saw: The Final Chapter,2010,4,90,20000000,en,Horror,Horror|Crime,2,CA|US,3,C78367188|C48500673|Cdf8071bc,10,15,True,K2b5cdafa|K3c6f9488|K59fa591d|K45d1badc|Kd61a5fc9|K88e6fe7f|Kb312f8f4,Pa07d485f|P775f1759|Pe492b2c7|P70e1f767|Pf45a75a7,Pe27d9c02,136150434.0
M687bdf47,Due Date,2010,4,95,65000000,en,Comedy,Comedy|Drama,2,US,3,Ceddfe7b0|C3b34731f|C3e7bdc8f,18,57,False,K3d4cce0d|K113d0352|K6850b12d|K6c9df58d|K435aef64|K4f3f7cae|K330814dc|Ke9598d8b,P9aaea10b|P27550147|Pcea1bef6|P20c8297f|Pe8e35f2f,P4f384f09,211780824.0
Mef589aa2,127 Hours,2010,4,95,18000000,en,Adventure,Adventure|Drama|Thriller,3,GB|US,7,C9ea1bb4a|C3e7bdc8f|Cc5c5e5c9,29,68,False,Ke09d99ff|Kc845254e|K84348ea3|Kf3892b74|K709809c3|Kbc00c221|K07eb013a|K595f8623,P58bca367|Pa1581fbd|P427249f9|P75e50e51|P710cb5c5,P8c6407a8,35692920.0
M3052f357,Megamind,2010,4,95,130000000,en,Animation,Animation|Action|Comedy|Family|Science Fiction,5,US,1,C586f6404,23,14,False,Kd3ee2033|Kd5641b5e|K526fab99|K3d2b49b8|Kf054b630|K01c1572d|K83f5b2e6|K2f8d3554,Pc488f7aa|Pc5fe07a1|P73249322|Pe13a0898|Pd531e946,P35cbd61e,321887208.0
M52bc6648,Fair Game,2010,2,110,22000000,en,Drama,Drama|Thriller,2,US|AE,2,C261bbdea|Cf4d6a468,18,3,False,K4d54a5a1|K79911e19|Ka635b1fc|K08d4a276|Kd6073f4e,P8ea19000|Pd76d11b5|Pf73f885f|Pb8968299|P74d6ac27,P10130871,24188922.0
M2f4e637c,Unstoppable,2010,4,100,100000000,en,Action,Action|Thriller,2,US,5,C6cbfdb5c|Cd5a1e1a6|C46cdb83b,20,27,False,Kd451adac,Pbbc37df2|Pb95440c1|Pefe166d2|P110b7c6d|Pc9b0387b,P1d6141ee,167805466.0
M811fb537,Morning Glory,2010,1,100,40000000,en,Comedy,Comedy|Drama|Romance,3,US,2,Cb2d72985|C69124fe6,16,5,False,K08b8cd79|K76217e90|K19c1b07e,Pca60e6c7|Pfa43d9be|Pf3405eca|P8ee73a48|P581ee292,Pf61371d2,58785180.0
Meeb4c656,Wild Target,2010,2,100,8000000,en,Action,Action|Comedy,2,FR|GB,7,Cce1ae8e1|C83bf99c0|Ca41f87c6,14,11,False,Kef728c09|Kede84157|Kc5b65b8c|Kb1aa9b34|K52525103|Ke7dde3b3|Kf04506ca|K3b0879a0,Pdaeaa73e|P87e54ca1|P7aef44db|P5b1db732|P8a8f1c5a,P6c72d377,3453043.0
Mb77e4924,The King's Speech,2010,3,120,15000000,en,Drama,Drama|History,2,GB,8,Cd8418e70|C6cfa93a0|Cb04db0de,40,93,False,Kb34f5280|K8094c578|Kea09a81c|Kd5b4f32d|K9244f39a|K64331a6b|K33437310|K66ef882a,P292df613|Pee871f87|Pe42cb422|P9491bef5|P3c76028e,P32081925,414211549.0
Mb0a6100c,Tangled,2010,4,100,260000000,en,Animation,Animation|Family,2,US,2,C72b723b8|C7ce0905f,13,79,True,K8b8060e4|K79547cd1|Kd081507d|Kd63352e0|K965d2159|Ke5d6abed|K346367d7|K2f63fcee,P2ee78517|Pdfbf4c28|Pc0783610|P6bee9411|P887c8fa2,Pdefe5bec,591794936.0
M34d049a1,The Fighter,2010,4,115,25000000,en,Drama,Drama,1,US,1,C6146f42e,72,61,False,Kdc87c7d5|K289167a7|K3deda79b|K346acde9|Kaa1237f2|K9155edc4|K50e9d383|K4a5ceb9d,P40d10530|P1716f909|P2b24b1d6|P6584178d|P01638d24,Paf0a42d2,93617009.0
Ma931b0c3,The Romantics,2010,3,95,4500000,en,Comedy,Comedy|Drama|Romance,3,US,3,C0db86bb8|C34affb07|C2f13b031,9,3,False,K12e0a0fd|K6c87d899|K018ccbdb|Kcbf64eb9,Pc0a9cc4f|P0f48151a|Pd07cd801|Pac04cb89|P1651784d,P32df000b,123820.0
M8e9d4466,The Extra Man,2010,3,110,7000000,en,Comedy,Comedy,1,FR|US,4,C8b326944|Cfb1e6ae8|Ca4cc2ad8,16,19,False,Kd3103f62|Kcbf64eb9,Pfc8c3208|P6d085933|Pc0a9cc4f|Pff2ae6f1|Pe4f91ee4,Pd563e533,453079.0
M6643826a,Casino Jack,2010,3,110,12500000,en,Crime,Crime|Comedy|Drama,3,CA,7,C7331813b|C340fc883|Cb326f841,16,2,False,K4385ab38|Kd6073f4e,Pf21f3bf1|Pd28879e0|P7178ab05|P4d6760e0|P8c5e34bb,P4f5ef996,1083683.0
M9fcc1f70,Skyline,2010,4,100,10000000,en,Science Fiction,Science Fiction,1,US,5,C26794216|Cdae08cab|C28fa6d54,13,22,False,Kc1162113|K1cdca0c8|K08b1cffe|Kaa0d8f50|K4d0bc3a5|Ka0be1140|Keb5e7681|K1ec34a52,Pbc2fa241|P50e37168|P0d4db7ba|P77e59c1c|P971a5af8,Pe742390d,66821036.0
M345510a9,Beastly,2011,1,85,17000000,en,Drama,Drama|Fantasy|Romance,3,US,3,Cdd8eadf1|C7999dbf1|Ce237b904,21,7,False,K1451c5af|Keec6e143|K74cdffd7|Kf1b1594d|K8e4844b2|Ke6c41798|K0705bd4f|Kf5c1294f,Pd80158f1|P5a6a43b8|Pc7d6781b|P35e0411a|P8b3c5c26,P0cb072de,43165571.0
M4e445445,Love & Other Drugs,2010,4,110,30000000,en,Drama,Drama|Comedy|Romance,3,US,6,C29177e10|C53a9ea27|Cc2c73c36,21,4,False,K1fc61028|Ka7984eec|Kb3ab592e|Keec6e143|K0c06d006|K8ffa134b|Kb4b35d84,P536a41bf|Pfd2a74e7|Pefdc98ca|P85f4afca|Pdf6df1b0,Pe91fb048,102820008.0
Mcf4f78c0,The Chronicles of Narnia: The Voyage of the Dawn Treader,2010,3,115,155000000,en,Adventure,Adventure|Family|Fantasy,3,US,3,C53a9ea27|C7f89a29f|C016bc731,22,31,True,K1451c5af|K79547cd1|Kf48bddfa|K6e305e52|K3b037936|Kb407fd08|K946d0ccb|K38098b16,P8d1175db|Pc4b52739|P77e32dde|P2829e852|Pe20268bb,Pbc390e3a,415686217.0
Mdd76bb9e,Tiny Furniture,2010,4,100,65000,en,Romance,Romance|Comedy|Drama,3,US,1,Ca3014469,21,12,False,K8f8f63a3|Kb92c5fc4|K4281ec01|Ke383f692|Kcbf64eb9,P6f8af89f|P25e4ca7d|P90fea4bf|P03628d47|Pb9911480,P6f8af89f,416498.0
Md06c5843,The Tourist,2010,4,105,100000000,en,Action,Action|Thriller|Romance,3,GB|US|FR|IT,11,Cf4478484|C475937d3|C8f89952f,46,30,False,K24eec40f|K32d43916|Kdffee990|Kfb93ab74|Ke578b0ae,Pd34c4eab|P9e58b7cf|P4bc8082e|P47476efe|Pa51d7f5f,P03f3260f,278731369.0
Mf1617886,Hatchet II,2010,3,90,2500000,en,Horror,Horror|Comedy|Thriller,3,US,2,C62e96b21|Ca60d70b4,25,8,True,K9494be20|Kbb35c2e3|K6ed603be,P8f11d31d|Pa32ebcdb|Pf0fa757a|P6f42213b|P1528e843,P3b10e5c8,52604.0
M25681eac,"Tomorrow, When the War Began",2010,3,105,27000000,en,Action,Action,1,AU,2,C37ccedfd|C696c4478,11,23,False,K80ee6e30|K241b3a3b|K8e4844b2|Kb9d3f4de|Kafb68e52|K779b67dc,Paa4db67a|P142bb8f4|Pfc48a202|P16fb2b6a|P18f0631c,P4fc309a4,16504936.0
Mf5487f59,True Grit,2010,4,110,38000000,en,Drama,Drama|Adventure|Western,3,US,4,C6146f42e|Cda813610|C7b60e243,31,17,False,K4eaa0722|K38684bff|K9a1562f0|K1f1ba69c|K3efe6bd6,Pdfa9d578|P9d23789b|Pc6b524b9|P8c5e34bb|Pab5b1006,P86646577,252276927.0
M0cb3da75,TRON: Legacy,2010,4,125,170000000,en,Adventure,Adventure|Action|Science Fiction,3,US,6,C72b723b8|C86dceb6f|Cd6658b7c,23,27,True,K497a09fb|K3d2b49b8|K752e05e1|K7f284f24|K408254ef|Kf743e542|K01308d38|K58378910,P730529f8|Pdfa9d578|Pc34f45e8|P85abf65f|Pad9525d3,P2d830e2d,400062763.0
Mbbd0eb68,Another Year,2010,4,130,8000000,en,Comedy,Comedy|Drama,2,GB,2,C9b0e4985|C0d8aba1c,14,20,False,K70733318|Ked0bef46|K695088c7|K8ededc31|K82675517|K0a8098b2|K7aa53697|K848e48c0,Pecc8fbbe|P74617cd3|P972f3bac|Pa9b8ba2c|P296b1b80,P1854385b,18124262.0
M6ecf2a82,Barney's Version,2010,4,135,30000000,en,Comedy,Comedy|Drama,2,CA|IT,1,C99870691,10,24,False,Kc8aa65cd|K70733318|Kdd6cc548|Kd3103f62|Ka62e8379,P8d7bcd0f|P7771ab64|P34b1521d|Pbf89d8eb|P4d6760e0,P663d0ac8,8454301.0
Mf0f0e826,The Company Men,2010,4,105,15000000,en,Drama,Drama,1,US,2,Cb99639e7|C0efbf2e3,13,39,False,K0bf479fc|K890b46aa|K51f779e6|Kc7392e0a,Pcde62a4b|Pb23773f6|P2db253cf|P02f4f983|Pa90449bf,P44f1571f,4882577.0
M3b9c42a8,Faster,2010,4,100,24000000,en,Crime,Crime|Drama|Action|Thriller,4,US,4,Ce4e76224|C6dfc8237|Cb96b37cb,20,74,False,,P4da7c12b|P08e0c086|P7e3306de|P20f57bc9|P5ba48ddb,Pe83f52e7,23081726.0
M63bd184b,Rabbit Hole,2010,4,90,5000000,en,Drama,Drama,1,US,1,Cd2d8ffb0,28,10,False,K92a6dddc|K59cab57a|Kdc5570ed|K33437310|Kb76fa970|K0c8ef730|Kfcaf1ab2|Kef9c6e84,P8bb333ae|Pe85b6a97|P7e094d76|Pddf782b8|P2a1cab1d,P0bb2bed6,5129058.0
M588fbaaa,Little Fockers,2010,4,100,100000000,en,Comedy,Comedy|Romance,2,US,6,C6146f42e|Cd7a83b16|C4ec37ab1,18,9,True,K1d1c144f|K9cb98d13|K6fdc86f6|K711d7177|K6bab75c0|K0c06d006|Kd6073f4e,Pd9604827|Pd29fc0d4|P66e0e26d|P7771ab64|P1484ef85,P2b3f2097,310650585.0
Mc1b9b564,Gulliver's Travels,2010,4,85,112000000,en,Comedy,Comedy,1,US,4,C6cbfdb5c|C53a9ea27|C98c258fd,16,22,False,Ked493fb4|K4bc60f6a|Ke5d6abed|K9a60b3d4|Kb312f8f4,P72d7d3b1|Pc19b2250|P87e54ca1|P8961bd5c|Pe4ba72f8,P0f187f43,237382724.0
M46c7816d,Burlesque,2010,4,120,55000000,en,Drama,Drama|Romance,2,US,1,C29177e10,33,19,False,K965d2159|Keb5e7681|K1f41d544|K84dd59ea,Pf108d77e|P30a288d6|P71ab6c6e|P7be8ea86|Pba521112,Pccfb1495,89519773.0
Mb7d670fb,The Secret World of Arrietty,2010,3,95,37000000,ja,Fantasy,Fantasy|Animation|Family,3,JP,6,C5e2a080a|C860d2717|Cefced4b8,18,6,False,K94d1fa6a|K1451c5af|Kce3f1bba|K974fca8a,P2da661a1|P7b427925|Pc3d987d0|P9047a576|P31f30927,Pe23aa401,145570827.0
M761310fa,Yogi Bear,2010,4,80,80000000,en,Comedy,Comedy|Family|Animation|Adventure,4,US|NZ,5,C260d7df4|C6b31c114|C773561bf,14,8,False,K0735bb22|Kabee8c9c|K2e6897b6|Kb312f8f4|K0a0fa94a,Pe236144b|Pc84c3d9a|P321e1002|Pfa324377|P01ef4b1d,Pca89cd2b,201584141.0
M63686a6c,The Green Hornet,2011,1,120,120000000,en,Action,Action|Crime|Comedy,3,US,3,C7f4b55db|C9445c69b|C0d8ca19f,13,15,False,Kf10ad044|K1308518c|K52525103|Kd3764086|K4d23e9ec|Kb858ed20|K2f73b47d|K35845391,P32730d58|Pc5f9a431|Pb18736f0|P955f54ab|P32cffca3,P6dc329cf,227817248.0
M46b2bc30,The Way Back,2010,3,135,30000000,en,Drama,Drama|Adventure|History,3,PL|AE|US,8,C0cf99103|C4abfe3d3|Ca103fdec,10,92,False,K66331d63|Kcbcfea8c|K66c93eee|Kf78e52f0|K3a810dc5|K8b1e5356,P7b34c4be|Pae683895|P943dac3f|Pceb538c7|P85eb8363,P02b6bc1a,20348249.0
M0b55f3f8,The Warrior's Way,2010,4,100,42000000,en,Adventure,Adventure|Fantasy|Action|Western|Thriller,5,NZ|KR,1,C116af045,13,22,False,K52525103|Kc5a122eb|Kd0196534|K9a16fa02|Kf743e542|K62b39914|K649ccc80,P06351fdd|Pbff1bb65|Pee871f87|Pf8af4a2a|P8129b25d,P8220978d,11087569.0
M8ee9c89b,Ghajini,2008,4,185,9100000,hi,Thriller,Thriller|Action|Drama|Mystery,4,IN,1,C6408e48c,12,8,False,K666856dc|Ka173febb,P655d94a7|P5e8d8f45|P234d361c|Pe4cc435c|P28691dff,P4a57b068,76000000.0
Me0d58c45,Season of the Witch,2011,1,95,40000000,en,Adventure,Adventure|Fantasy|Action,3,US,2,C8e42f8bf|Cdae08cab,12,21,False,K5536c0d1|K02a3ddab|Kc2ed15d1|K55cfa8fb|Kcc343814|K7a3e26a4|Kd081507d|K5d4be2c3,Pa2178ef1|Pf7136100|P3c78457c|P5b8ce720|P9752b084,P20292b82,88100000.0
Mdd854bfb,It's Alive,2008,3,80,11000000,en,Horror,Horror,1,US,2,C0af52d83|Cdcf3d73f,13,9,False,K5489feee,P88a5c835|P68fb5279|P93f45da8|P279b13bf|P62252a54,Pb900be3f,15500000.0
M3b8709e5,Cowboys & Aliens,2011,3,120,163000000,en,Action,Action|Science Fiction|Thriller|Western,4,US,9,Cd927b580|Cfa01eb95|Cd7a83b16,23,127,False,Kc5b65b8c|K27d5bfeb|K8f386df5|K5f28debc|K6bf58623|K1c0e5d8a|K6b674f5c|K4d0bc3a5,P3d5ce154|Pc34f45e8|Pfa43d9be|P14f62872|P80b4a9ed,Pd539ecc7,174822325.0
Mfe0be228,The Dilemma,2011,1,110,70000000,en,Comedy,Comedy|Drama,2,US,4,Cd927b580|Cd7a83b16|C475937d3,110,36,False,K06ec2ec0|Kb8d59c8d|K526c2540|K011bc215|K5011ba81|Kb72a3d3e|Keec6e143|Kc5c53ac8,Pa32924dd|Pe5898b7e|P11a199f3|P6a544fc5|Pc2dfb497,Pc68f979a,67112664.0
M50d63e45,Limitless,2011,1,105,27000000,en,Thriller,Thriller|Mystery|Science Fiction,3,US,6,C26794216|Cdae08cab|Cf274536f,16,21,False,K9ceb8d10|K08d4a276|Kbc3b124f|K2f9c1556|Ka43fbb3a|K32aa4194|Kceffa614,Pc34a6901|Pd9604827|P81442d74|P5aa66544|P08c3b843,Pd2586a0c,161849455.0
Meded3946,I Spit on Your Grave,2010,2,110,2000000,en,Thriller,Thriller|Crime|Horror,3,US,3,C76ef270a|C70530c51|C9c4cb62b,9,13,True,K5c0670e8|K133fdc88|K9a16fa02|Ka43fbb3a|Kb22da6e5|K0c465d3e|K3302ac83|K88ab8734,Pb76f5f1d|Pc1ef3bdf|P296b3a8d|Pec196f99|P08dac09f,Pe9255659,572809.0
Mcbee0c92,No Strings Attached,2011,1,105,25000000,en,Comedy,Comedy|Romance,2,US,3,C0b8e9208|Ce6df453c|C34574584,31,80,False,Kcf7d212b|K7f268824|Kbc2adc35|Kc5c53ac8|K5ff39872|Kb92c5fc4|Kef847ffb|K2e8cf861,P158ca9d1|Pdbe8182c|Pfc8c3208|P70e1f767|Pec9dd256,P069fb67f,147780440.0
M64ce6efe,The Lincoln Lawyer,2011,1,120,40000000,en,Crime,Crime|Drama|Thriller,3,US,3,Cc032927b|C9b58e393|C78367188,21,27,False,K82a98e31|K4ad0064e|Kb1449fb7|K852f076b,P9d278739|Pacdffa16|P958f1dd9|Pe66d9e38|P336346ff,P8f87ea75,85412898.0
Mc1a230a3,The Rite,2011,1,115,37000000,en,Drama,Drama|Thriller|Horror,3,US|HU|IT,7,C6988cd6a|C593b51a0|Ccadd9ad1,12,17,False,K2b024aec|K597f5b18|Ka69f7dd5|Kd916fbd4|K3c0ab176|K61f2b348|K5a2bccd8|K306f0917,Pdff627c7|Pb786f068|Pbc2fbf24|P87107d44|Paa96a2ea,Peacaeeac,96047633.0
Mf694d320,Country Strong,2010,4,115,15000000,en,Drama,Drama|Romance,2,US,3,C73fc8ed1|Ceba6d050|C38cf6e98,7,10,False,Kc8aa65cd|K30ba46ef|K06ec2ec0|K27c90c92|K9be97905|Kb8d59c8d|Kf6d4d5a6|Kdfc0b517,P0affa6f4|P730529f8|Pc50694be|Pfbde7ffc|P93ead6ff,P992090f2,20529194.0
M99c0acfd,Unknown,2011,1,115,30000000,en,Action,Action|Mystery|Thriller,3,FR|DE|GB,7,C295bb1fa|C668b01c5|C32d6fdc3,18,30,False,K938b3f55|K32d43916|K45d12a23|K8a63c14d|K2f880fce|K63768553|Ka69f7dd5|K33b837f7,P1b4a1135|P8a81e10e|P5c45f684|Pc4f599c9|P9b51fc69,Pa2798d77,130786397.0
M13f0ae4c,Sanctum,2011,1,110,30000000,en,Action,Action|Thriller,2,US|AU,6,Cd7a83b16|Cce5d839a|Cad9b883f,13,14,False,K9ec3c94f|Kee9373a7|K84348ea3,P18e9d06f|P9d5a7207|P0db03860|P8cab5daa|Pb1398251,P737b9b24,108609310.0
Me2910004,Gnomeo & Juliet,2011,1,85,36000000,en,Animation,Animation|Family,2,US|GB,2,Cc5a48e35|C0532621e,14,8,False,K76289b46|K695088c7|K4bc60f6a|Ke6244421|Kdcee5d60|Kc68cb9da|Keec6e143|Keb141b00,P443289f8|P123185a4|P12f8d604|Pec60ac6c|Pd0abc51d,P77c78b5d,189712432.0
M5ff2b061,Paul,2011,1,105,40000000,en,Adventure,Adventure|Comedy|Science Fiction,3,US|GB,4,Cd7a83b16|Cdefa0672|Cdae08cab,17,53,False,Kdb2378ff|K4d0bc3a5|K3826f9ea|K128410be|K2fff78fe|Kd6073f4e|K78c4687d,P32730d58|P77e32dde|Pde9a236a|Pd99e7ba1|Pfbcea453,P4133a29b,97552050.0
Mcd6860d3,At Long Last Love,1975,1,120,6000000,en,Comedy,Comedy|Music|Romance,3,US,2,C6cbfdb5c|Cf565a8e9,9,16,False,K8341e452|Ka240b893,Pf1fdb711|Pdd352fba|Pe767af63|P2f51eabf|Pd7cfcf93,P3ba68a7e,1500000.0
M811771a0,Drive Angry,2011,1,105,50000000,en,Fantasy,Fantasy|Thriller|Action|Crime,4,US,5,Cceb4e3c9|C82201f3c|Ce660b27b,51,70,False,K0a27eb44|K667093db|K922a843c|Kc6965169|Kb748d53b|K18ad030b|K2f47d87d|Kde0bf5cd,Pa2178ef1|Pd76a43cb|P416ef296|P4f755c55|P45b0b121,P9e0bd5e3,28931401.0
M613b3349,Rango,2011,1,105,135000000,en,Animation,Animation|Comedy|Family|Western|Adventure,5,US,5,C6146f42e|C507cfe58|C0899a5fc,17,14,False,K27d5bfeb|Ke6a0d063|K4a1d9f6a|Kfeac6697|K37c656e6|K309b728a|K6391a8b9|Kef8cb6e9,Pd34c4eab|P0bae546f|Pad073e73|Pdaeaa73e|P9d25dde1,Pb3125d33,245724603.0
M7886c906,Take Me Home Tonight,2011,1,95,19000000,en,Comedy,Comedy|Drama|Romance,3,US|DE,4,Cd927b580|C26794216|Cdae08cab,28,45,False,K126f9f16|K5bcb4bcc|K99312e6b|K16600711|K91d31f90|K35845391|Kc5c53ac8|Kf743e542,P88f192ec|P321e1002|P512b1938|P94b6fc55|Pa64cb8ad,P1d828ed8,6928068.0
M2108eae4,The Adjustment Bureau,2011,1,105,50200000,en,Science Fiction,Science Fiction|Thriller|Romance,3,US,4,Cd7a83b16|C6944d896|C7f4644ac,20,64,False,K32d43916|Kbba221aa|K4ecfff8c|K1d42b6b9|K89099cca|K9bc149a5|K4e9d06e4|Ke6244421,P9d23789b|P87e54ca1|P96e591c4|Pde213099|P1247cf90,Pab842db8,127869379.0
Mf70867d6,The Mechanic,2011,1,95,40000000,en,Action,Action|Thriller|Crime,3,US,5,Cdd8eadf1|Ce4826f85|C53f246da,17,21,True,K139a4140|K018324f1|K1199c976|K1308518c|K52525103|K31249f48|K6fcaaeb8|K5c5e4382,P4b27ca24|P2e4d1f59|P38ab614f|P66a75423|P63897b0a,Pcebf9f1a,51070807.0
M54a82d51,Hall Pass,2011,1,105,36000000,en,Comedy,Comedy,1,US,2,C6988cd6a|Cabe2e2f8,13,43,False,Kb1b2d050|K0fc1fccd|K33437310|K16a5fc70|Kc5c53ac8,P66e0e26d|Pf12075fd|P5d0054aa|Pb0acacc8|P4fa86820,Pb3499efe,83160734.0
Md480acd3,The Eagle,2011,1,115,25000000,en,Adventure,Adventure|Drama,2,US,5,C13661cf4|C9b0e4985|Ccef37e26,18,71,False,K088f2d2f|Kfb2845a0|Kf6432100|K57b0743e|K6b781b96|K6b9ad492|K38fdc8cf|K086dc48f,P4390516d|P2598469d|P3a173673|P38ab614f|P4231338d,P9ae0932d,27122040.0
Ma4dfd253,I Am Number Four,2011,1,110,50000000,en,Action,Action|Thriller|Science Fiction|Adventure,4,US,4,Cfa01eb95|C0d8ca19f|Cf8cd9de2,49,22,False,K3d2b49b8|K4d0bc3a5|Kcf940fd1|K30164b21|Kbd18fb89|K7916547a|K779b67dc|K6cc8f4f8,Pd80158f1|P4002418d|P94b6fc55|Pac04cb89|Pb107317e,Pc15edde6,144492830.0
M4f24f525,71: Into the Fire,2010,2,120,10400000,en,War,War,1,KR,4,Cc9691b3b|C09730d5b|C40685ef0,11,6,False,K65cf7a95|Kfb9c23bc|K595f8623|Ka2fe93da|K3f1b97d7|K6ee188c7|Kaf47a35d|K14583f55,P418f4e81|P396c4df2|P16d897f1|P413993fe|Pbe23b837,Pa94f1b4c,20967660.0
M08e94c50,Mars Needs Moms,2011,1,90,150000000,en,Adventure,Adventure|Animation|Family,3,US,1,C7ce0905f,12,7,False,K45012032|K4d0bc3a5|Kb8281719|K26533889|K08bfe6ce|Kbbcbbe27|K31b25f7e|Kd6073f4e,P41a49491|Pf948d741|P512b1938|Pd8f5904f|Pa029503e,Pa81a7423,38992758.0
M5f7abf6f,Black Lightning,2009,4,100,15000000,ru,Action,Action,1,RU,1,C0f5c8c4c,16,11,False,,P7b93d541|P254a903f|P6c38e47a|Pd3330796|P8938692f,P7366cafd,21500000.0
Mb2b8f4a3,Just Go with It,2011,1,115,80000000,en,Romance,Romance|Comedy,2,US,2,Cf4478484|C87ffc222,21,49,False,Kfbde6d20|Kb0c3c60d|K50f0ee0b|K78445bea|K33437310|Keec6e143|K74cdffd7|K6bab75c0,Pc82d1114|P0151a8e9|P8bb333ae|Pef127857|P21fc09f7,Pad403284,214918407.0
M5db3dd74,Red Riding Hood,2011,1,100,42000000,en,Fantasy,Fantasy|Thriller|Horror,3,CA|US,3,C40e6fa99|C3e7bdc8f|C98a0a3bc,22,46,False,K12864c24|K442c9be4|Kd63352e0|Kc26b1a77|K89a13bfa|Kfcbf608c|Kd6073f4e|Kcbf64eb9,Pea05f72b|P89aa61f8|P4f755c55|P86958292|P1158d363,Pa3ce008f,89162162.0
M589147f9,"Big Mommas: Like Father, Like Son",2011,1,105,32000000,en,Crime,Crime|Comedy|Action,3,US,7,C6cbfdb5c|Cc2c73c36|Cfc1e76ab,67,41,True,Kb7b43807|K4869d83d|K19a14feb|K8992c8bc|Kb9a41c4a|Kaf916823|K66f8dde3|Kd6073f4e,P27021ad5|P49b65005|P171674aa|Pd367d248|P080ce5f6,P3f2267f6,83615414.0
M07c829d3,Super,2010,3,95,2500000,en,Comedy,Comedy|Action|Drama,3,US,3,C3f8aa01e|C0e393fe4|C0ae0add1,48,27,False,Kf10ad044|K01c1572d|Kcf15988c|Ka9412423|K35f4a29b|K35845391|K04f1877b|Ka646ca77,Pc43231c7|Pd6d7ac89|Pce2c4e19|P2aace9ed|Pb730fc8e,P797efe48,324138.0
M4bc3fd23,Source Code,2011,1,95,32000000,en,Thriller,Thriller|Science Fiction|Mystery,3,CA|US,2,Cb7b08cd7|Cda1253e4,24,20,False,Kf10ad044|K1fb4ebf8|K442c9be4|Kb73ae987|Ke677fe47|K804bfd5b|K011bc215|Kff43a29c,P536a41bf|Pcea1bef6|P20165b8b|Pac638ea5|Pc35cf27e,P83787549,147332697.0
M61ce4e82,Chalet Girl,2011,1,95,8000000,en,Comedy,Comedy|Romance,2,AT|DE|GB,4,C6cfa93a0|Ca0a3fb57|C8bfd8f3f,23,2,False,Kda3a8325|Kf21aa5e0|K50b811b6|Ka2ab92d9|Ke912ce31|K2374ae5d|Kc6afb85d,P36ae5580|Pf83a5481|P875c6692|Pdaeaa73e|P5148b774,P76c22f8b,1749457.0
M9153ff89,Black Bread,2010,4,110,6000000,ca,Drama,Drama|Crime,2,ES,2,C92ff74f3|Cacb0851c,11,4,False,K1fc61028|K1ef0082a|K9ec3c94f|K7b0292d0|K6ab0e7bb|K9a16fa02|Kd60fc180|Kc4c98066,P80edabb8|P61cd2e16|P81fce1bb|Pcdd002bf|Pd276333e,Pb618ff43,3770657.0
Md91fdeff,Insidious,2010,3,105,1500000,en,Horror,Horror|Thriller,2,US|CA,4,C14fcbad7|C39e03473|C48a2313c,19,14,True,K37b23357|K04065198|K4d32d2ba|Kfcbf608c,Pf3405eca|P7b418b7c|Pee36f2f6|P62a54651|Pbe79abb0,P0ace500a,97009150.0
M764a359a,Hobo with a Shotgun,2011,2,85,3000000,en,Action,Action|Comedy|Thriller,3,US|CA,4,Cf32a2ad6|Cf98002a7|C0629d69e,5,13,False,Ka7984eec|K1199c976|K1b326384|K2f7092f1|K293f5c52|K7f284f24|Ke492da05|K68ad2759,P2ad24815|P17a28407|Pd2e05dda|P36f0a897|Pd99b8cd6,P86c4b146,748453.0
Mf428bb30,Win Win,2011,1,105,10831173,en,Drama,Drama|Comedy,2,US,4,C9ea1bb4a|C4a36c93d|C6aeddf49,22,5,False,Kdc87c7d5|K4d5ca8aa|K7da32c41|Kc124eade,P8d7bcd0f|P98dd9dad|P12c0d119|P1c56c30e|Pb6fdc6b8,Pbe5250ac,10654385.0
Md396c883,The Time That Remains,2009,3,110,6500000,it,Drama,Drama|History|Foreign,3,FR|BE|IT|GB,3,C5af7551b|C7ec42172|C359326f1,7,1,False,,P12ee0630|P62489587|P69a59d09|Pcd617fae|P0613bc77,P62489587,753808.0
Mab166529,Diary of a Wimpy Kid: Rodrick Rules,2011,1,100,21000000,en,Family,Family|Comedy,2,US,2,C7f89a29f|Cc0525343,19,4,True,K1451c5af|Ka742ede8,Pd51dc331|P4cae73fa|P77280b6b|P82b6c827|P2a4182bf,Pbca01d1f,72417394.0
M49e50624,Henry's Crime,2010,1,110,12000000,en,Crime,Crime|Comedy,2,US,2,Cbc27ba90|C352ed75d,16,12,False,K711d7177|K7fc1fc52,Pee0e1556|P20165b8b|Pf434e2ed|Pdc0a48a7|P07f63836,P470008ac,204940.0
Ma0ce8c35,The Nutcracker,1993,4,95,19000000,en,Family,Family|Fantasy|Music,3,US,1,C4a447f47,6,1,False,K944fb3f8,Pbff9c5bb|Pd6ebaa3c|P48794ac5|P14f7841a|P56facf0d,P8c25e8f9,2119994.0
M7ef3faed,13 Assassins,2010,3,140,6000000,ja,Adventure,Adventure|Drama|Action,3,JP|GB,2,Ca27cade7|Cfaa2ef44,26,9,False,K94d1fa6a|Kc8aa65cd|K8f34cc69|Kda40fa6b|K71bf1fc9|K04f44da4|K8dc7cfff|K2602d815,P85c3c382|Pd065ae65|P84fe1b9b|P8c15ad79|P91c211d6,Pab7c3087,17555141.0
M77ace09d,Hanna,2011,2,110,30000000,en,Action,Action|Thriller|Adventure,3,DE|GB|US,4,Ccef37e26|C821e13f7|Cccb15347,18,21,False,K52525103|Kf1fb5fdc|K2e0aac28|K742bd1e5|Kb858ed20|K89b75a49|K110f3ad2|K4e1bb2f5,P975c4090|Pa357a9b4|P43740bda|P7ee731d8|Pf265d5c4,P8b439cf4,63782078.0
M94b2a030,New Kids Turbo,2010,4,85,1500000,nl,Action,Action|Comedy,2,NL,2,Ccec0ceff|C12571db4,25,8,True,,Pd2d34993|Pbc423853|Pd801df7a|P7f19c010|Pb47e6cff,Pb47e6cff,8786756.0
Madf47c1c,Beyond,2010,4,100,3000000,sv,Drama,Drama,1,FI|SE,3,C37c865cd|C756f6170|Cf3e84f92,10,6,False,K24e26ceb|Kee199654|K4d5ca8aa|K4281ec01|Kf3ebd62a|Kabccdd66|K62208a21|Ka5ab56c9,Pd94458af|Pa847f339|P6d6f36b7|Pd40b8c36|P1c69f601,P6028b76c,4800080.0
M8985004a,Arthur,2011,2,110,40000000,en,Comedy,Comedy|Romance,2,US,1,C3e7bdc8f,47,45,False,K02d5ed5f|K71bf1fc9|Kba73167d|Kd428494a|Kafeec409|K3f541b26|Kd6073f4e,Pffd0937d|P2076b2ad|Pec9dd256|P56976266|P1566c0c6,P54f43309,45735397.0
M24feb1e9,Scream 4,2011,2,110,40000000,en,Horror,Horror|Mystery,2,US,1,C07f90652,24,11,True,K27d5bfeb|K2cf201da|K2f73b47d|K5489feee|Kb8281719|K77830caa|K91572c92|Ka69f7dd5,P17d4ec0b|P4a65525b|Pe44cf61d|P7fc186fc|P6db0bf00,P3f55f911,97138686.0
Mc372e57f,Rio,2011,2,95,90000000,en,Animation,Animation|Adventure|Comedy|Family,4,US,2,C2a29849a|C7940c1ce,13,16,True,K1523d990|K4a1d9f6a|K3a4df44c|K965d2159|K09ad2c7a|Kee4cd1c1|K242d9985|Kd6073f4e,Pd3bf69c1|Pfd2a74e7|P4da722a4|P1fcb8ebf|Pe142ca2b,P3c1293f0,484635760.0
Ma64d09d9,The Princess of Montpensier,2010,4,140,14734000,fr,Action,Action|Drama|History|Romance,4,FR|DE,1,C6b57574d,31,14,False,Kf3f28ea8|K139c17cb|K4bc60f6a|Keec6e143,P87a2c0f1|Pe6c96e9e|P33a43f2f|P476c9e2a|P112bab1e,Pcf89086a,6775121.0
M39cd01ce,Melancholia,2011,2,135,7400000,da,Drama,Drama|Science Fiction,2,DK|FR|DE|SE,19,Cc8ba30c0|Cf1ee73ac|C73261401,12,11,False,Kd04c8a26|K0507dbf2|K64f5789b|K6c7e6a17,Pfe6d4c3d|P64e56fb0|Pcf04e53b|Pc4d07f3f|P9a074087,P2ba31d94,21817298.0
Meecc4dcd,Thor,2011,2,115,150000000,en,Adventure,Adventure|Fantasy|Action,3,US,1,Cc4089340,32,30,True,K06311639|Kb63b0e51|Kb68e8fd6|K12b44075|K65f87363|K04f1877b|K923101f0|K8ff3d7ad,Pebd37a00|P158ca9d1|P1d7bd896|Pdff627c7|P10291a37,P39fc9765,449326618.0
Mb98795ab,Atlas Shrugged Part I,2011,2,95,15000000,en,Drama,Drama|Thriller|Science Fiction|Mystery,4,US,1,C59147dcf,16,3,True,K16749310|Kef3d107d|K2e0d1175|K5eb960ce|K58378910|Kd8d4eb0f|Kecc95880|K93dbb663,P47faaae6|P0299a2c2|Pc55b1212|Pb5f55a4d|Pb37bf052,P0299a2c2,4627375.0
Ma6810e82,Welcome to the South,2010,4,100,4000000,it,Comedy,Comedy,1,IT,5,Cbcd20889|C9aa175c5|C2c723ac6,14,3,True,Keae2ee2b|K12e0a0fd|K5bcb4bcc|K5328b3cd|Ke5e5cfb4|Kdf471930|Kf45eab93,P16ce7d00|P052b4a8d|P9568704b|P9a772446|P747cb9f6,P86afd7c9,65584679.0
M04c84187,Water for Elephants,2011,1,120,38000000,en,Drama,Drama|Romance,2,US,5,Ccb5de721|C53a9ea27|C7f89a29f,20,18,False,Ka7223527|K6bed2776|K77608b83,P5397a25c|P4d20c8bc|Pb18736f0|Pe2361191|Pddf4576f,P91ee1ca1,114156230.0
M45b3eb78,Fast Five,2011,2,130,125000000,en,Action,Action|Thriller|Crime,3,US,3,Cd7a83b16|C7f4b55db|C697439ca,36,146,True,K1523d990|K4869d83d|K16a5fc70|K62f81ba2|K7652162c|K25419d9e|K717012d6|K5ef5e3d1,Pb2d28ee6|Pbbb2aadf|Pb1da65f4|P4af9778b|Pa68864f5,Pada1eb31,626137675.0
M1278dec6,Incendies,2010,3,130,6800000,fr,Drama,Drama|War|Mystery,3,CA|FR,3,Ce3d3a395|C1c309bfc|Cedcd08cc,23,69,False,K526fab99|K59543204|K5c0670e8|K90a69de9|K4d32bc03|Kb6f24f2d|K7486a573|K5ceaca2a,Pd20afb89|P2fb85010|P64c419c5|Pde0cb8b7|P57af2ded,Pf0890882,7103838.0
Ma0f23d00,Soul Surfer,2011,2,105,18000000,en,Family,Family|Action|Drama,3,US,5,C52c2683a|C6dfc8237|C746e6608,16,3,False,Kda3a8325|K1451c5af|K6af381ce|K2ba83a95|K4385ab38|Kdc87c7d5|Kd6073f4e,Pb6a433d3|P455e5488|P04c0daeb|P825324b4|P967c7ac4,P8308108c,47088990.0
M34110cbe,Something Borrowed,2011,2,110,35000000,en,Comedy,Comedy|Drama|Romance,3,US,3,C5ce2cd37|Cf33e51fb|C344e9c54,13,5,False,K33e09618|K30ba46ef|K1451c5af|K526c2540|K12e0a0fd|K17651dd4|Kc3d7081d|Kc5c53ac8,P0d5aa382|Pe612dba4|Pcf2e185c|Pde74188f|P7dd3ea0b,P19352113,59901913.0
M95fe0d9a,Bridesmaids,2011,2,125,32500000,en,Comedy,Comedy|Romance,2,US,3,Cd7a83b16|Cdae08cab|Cecb58e4c,27,39,False,Kda3a8325|K70733318|K7a3e26a4|K1afac70d|K2e097b0f|Ka5e5d456|K0fc23f19|K6a651960,Pfbcea453|P7b418b7c|Pd5e4219f|P805acc8e|P5aa1fa17,P224abeff,288383523.0
M13d7022f,Eye of the Dolphin,2007,3,100,2500000,en,Drama,Drama,1,US,6,C5759737e|Cd5595db5|C7c9e6a95,16,3,True,K586700a1|K566c4248|Kb7121b65|Kcf24daef|K34e14511,P50bfcdf7|P1d6f929a|P4272a41d|P2b1e6961|Pb4616e21,Pce3c33fd,71904.0
M592e88a5,The Beaver,2011,1,90,21000000,en,Drama,Drama,1,AE|US,4,Cceb4e3c9|Cf4d6a468|C4abfe3d3,7,17,False,K4422f337|Kcbf64eb9,P312369ee|P46240969|Pc35136a7|Pd1cdca42|Pf1b8b73b,P312369ee,970816.0
M1c874ed4,Pirates of the Caribbean: On Stranger Tides,2011,2,135,380000000,en,Adventure,Adventure|Action|Fantasy,3,US,3,C72b723b8|C4fb6882a|C8f5a5aa5,36,39,True,Kaa9e3589|K58786828|K72d68ef7|K37f20444|K2f323f08|K137a6391|Kd507e55b|Kc8e08999,Pd34c4eab|Pfac84536|Pa34e3ce0|P4bef844c|Pee871f87,P4795b548,1045713802.0
M5cfae9d5,Midnight in Paris,2011,2,95,30000000,en,Fantasy,Fantasy|Comedy|Romance,3,ES|US,5,Ca28b27e9|C8d8cbe9e|C80f375ee,43,66,False,K24eec40f|K6a0c24ab|Kb1aa9b34|K1451c5af|K891ad3b4|K4bc60f6a|K804bfd5b|K4bb2d3cb,P66e0e26d|Pca60e6c7|P0bd0084b|Pf24c6477|P66319b2e,P23c41cec,151119219.0
Mb9b53249,The Tree of Life,2011,2,140,32000000,en,Drama,Drama|Fantasy,2,US,3,C9ea1bb4a|C3762b402|C261bbdea,18,31,False,K8d907d83|Kcf7d212b|K95976ff9|Kee199654|Kfcc5746f|Ka49268c7|K0afc75b9|K2c20abf4,Pc5fe07a1|Pd76d11b5|P5116e460|P1ce889c8|P22ba60b4,P6773d361,54674226.0
M2a1e8b8f,The Hangover Part II,2011,2,100,80000000,en,Comedy,Comedy,1,US,4,Ceddfe7b0|C37ca5c75|C3b34731f,24,4,True,Ka7871417|K671d1965|K78d3caf5|Kc05bfb9e|Kd6073f4e,Pc34a6901|P06e8b61d|P27550147|P8a2232bf|P0d0c464d,P4f384f09,254455986.0
Ma8b6e080,The Virginity Hit,2010,3,120,2000000,en,Comedy,Comedy,1,US,2,Cf729283b|C417218ff,8,2,False,Kfb49abba|Kcf940fd1|Kc862f9f3|Ke3dfe834|Kb7debf2d|K34035ab5|K9e4efd10,P9728358a|P87176ad9|P663cba58|P2b1ee3cf|P29343359,Pbdf019ff,563706.0
M46b9bac8,Pina,2011,1,105,4317946,de,Documentary,Documentary,1,FR|DE|GB,6,Ce06a30fb|C038e2523|C16eebfd1,6,2,False,K94e14513|Kc671bd91|K084581d6,P9399593d|Pce0f5880|P296900a2|Pdd6c8491|Pb15d6d73,P4c574e9e,14624826.0
Mccb9155a,The Roommate,2011,1,90,16000000,en,Thriller,Thriller|Drama|Horror,3,US,2,C336c2b47|Ceba6d050,15,20,False,K70733318|K696d8a88|K443b5d4d|K4e326052|Keec6e143|K35fbf0b0|K54dc8d73|K6ee188c7,P03bba2ac|Pfbde7ffc|P7be8ea86|P7d5e7e04|P1647b9a2,P4ecdb3d0,40492759.0
M720f8f72,Trust,2010,3,105,9500000,en,Crime,Crime|Drama|Thriller,3,US,3,Ce660b27b|Ce4826f85|Cc2537853,32,35,False,K5c0670e8|K443b5d4d|K5bcb4bcc|K91d31f90|Kd3103f62|K9d4a30d0|K57f246b9|K8bb47c73,P0707f4cd|Pe94da565|Ped54adff|P560c0d8f|Pe7fd819d,P556f28bb,120000.0
M7aa71da0,Attack the Block,2011,2,90,14350531,en,Action,Action|Comedy|Science Fiction,3,GB,3,C6cfa93a0|Cf988914f|C9b0e4985,32,28,False,K44f3e3ef|K63549e00|K00ee119f|K2c20abf4|K4ecb270c|K4ad0064e|K35e5d05e|K35dfcf8d,Pde9a236a|P6936aed0|Pfc5aefab|Pa9cda766|P8deeb57e,P6811d5fd,3964682.0
M4e420baf,Kung Fu Panda 2,2011,2,90,150000000,en,Animation,Animation|Family,2,US,1,C586f6404,32,23,True,K1308518c|K4727f806|K012c8f69|Kfde61f41|Kbf31130c|Kcbf64eb9,P72d7d3b1|P9e58b7cf|P7771ab64|P89aa61f8|P789f5166,P55f64127,665692281.0
M0f62c329,X-Men: First Class,2011,2,130,160000000,en,Action,Action|Science Fiction|Adventure,3,US,9,Cadd28e55|Ccb5de721|C6cbfdb5c,41,45,True,K4d54a5a1|Ka6194240|K0edca959|K12b44075|K04f1877b|K923101f0|K2f9c1556|K76c63b85,P443289f8|P387e3056|Pc35136a7|P2aace9ed|P7b418b7c,P82925cc9,353624124.0
M4f921603,The Other Woman,2010,4,100,30000000,en,Drama,Drama,1,US,3,C912e4a96|C34574584|C12d18caf,16,75,False,K1451c5af|Kaefd0630|Kefbdcc04,P158ca9d1|P7e0120c4|P170a6c27|P75526b5a|Pf25ac6cd,P21198a11,102000000.0
Mdfe51d9a,Everything Must Go,2010,4,95,5000000,en,Comedy,Comedy|Drama|Romance,3,US,2,C7d8daf53|C39e03473,17,22,False,K30ba46ef|K8f386df5|Kbe4cc7bb|Kd5755bc3|Kd3103f62|K0e99cb73|K965e7fa3|Kaf7a63f4,Pc5159ea1|Pc488f7aa|P8b92e100|Pbdc89d4d|Pd1a3a566,P5f2a4025,2614773.0
M911523db,Beginners,2010,3,105,3200000,en,Drama,Drama|Romance|Comedy,3,US,3,C16f219c6|Cd2d8ffb0|Ccef37e26,31,22,False,K0c50837f|K0167559b|K526c2540|K9b9e111e|K4eaa0722|K23e3c2ed|Kd585fd58,P5d50695a|Pa54c1475|P3d8bee50|P164e8d08|P419688e2,P13a71274,5332926.0
M3c5414e2,Super 8,2011,2,110,50000000,en,Thriller,Thriller|Science Fiction|Mystery,3,US,4,C6146f42e|C9710581c|Cb2d72985,24,18,False,K4603cffd|K526c2540|K4d0bc3a5|Kc47bb0f5|Kf27a41b9|Kc1dc60ee|Kd6073f4e,P82a5c36b|P058ac46a|P48497be2|P0026d4d8|P97a9c640,Pde4fd0cd,260095987.0
M5a92a730,Green Lantern,2011,2,115,200000000,en,Adventure,Adventure|Action|Thriller|Science Fiction,4,US,3,C260d7df4|C3e7bdc8f|Cdf63d6a2,23,47,False,K38b4fde2|K08b1cffe|K04f1877b|K4d0bc3a5|Kae612877|Kb7ec3d9c|K065b1ff4|K741a26f2,P6b87f42a|P4fc0ff75|Pc3ac31e9|Pb494fa6f|P2598469d,P61003287,219851172.0
Me75c6c68,Mr. Popper's Penguins,2011,2,95,55000000,en,Comedy,Comedy|Family,2,US,4,C6cbfdb5c|C53a9ea27|C98c258fd,17,10,False,K938b3f55|Kc0bb51b1|K00b165eb|K18ddcb45|K3adea399|Kc4d7749d|K8452f813|K03cd8588,P3831e867|P20f57bc9|P59dca10b|Pc0e6515a|P818f8e7c,P9f90bd02,187361754.0
Me3a8c7be,Why Did I Get Married Too?,2010,2,120,20000000,en,Comedy,Comedy|Romance,2,US,2,Cb61eea90|C5970236e,10,2,True,,Peffdff03|P2468f4b0|Pfe56a26f|P14e31b7d|P8080434b,Peffdff03,60072596.0
M4ae67c77,Transformers: Dark of the Moon,2011,2,155,195000000,en,Action,Action|Science Fiction|Adventure,3,US,4,C6146f42e|Cac465b03|C68a1212a,40,29,True,K75b71e8e|K16dd7ad0|K3de100c1|K798d1d58|Ka934a10d|Kc94903d3|K7f2092da|Ke4884854,P5bf5191b|Pefca9620|P0d0c464d|Pf82a31ed|Pd07cd801,Pbac03e2c,1123746996.0
Md33aaf34,Larry Crowne,2011,2,100,30000000,en,Comedy,Comedy|Romance|Drama,3,US,3,Cd7a83b16|C79786dc7|Cda1253e4,17,22,False,Ke235feee|K94571983|K13818823|K64dee69a|Kb41468f7|K7ee4d927|Kd3140bc0|K1ec34a52,Pd8b30691|P9195777d|P52f75b5b|Pc7895e74|Pea553968,Pd8b30691,36160375.0
Maf289c02,Your Highness,2011,2,100,49900000,en,Comedy,Comedy,1,US,2,Cd7a83b16|C7b2cdc0f,27,11,False,K9136e8a9|K3de100c1|K47934026|K2f880fce|Ke5d6abed|K9a16fa02|K3d77a3d8|Kbdce27e1,P00297e99|P58bca367|P158ca9d1|P5616da73|P55160022,Pbc25612e,26121638.0
Me9df863a,Judy Moody and the Not Bummer Summer,2011,2,90,20000000,en,Comedy,Comedy|Family,2,US,2,C6209c773|Cdae08cab,14,39,False,Kda3a8325|Kd47abffe|Ka41bc598|Kd6073f4e,Pb2f58a8d|Pc7c66f8d|P91ba5cc4|Pd9aacfd6|P5a000191,Pa34918b0,14166853.0
Md575f7b9,Takers,2010,3,105,32000000,en,Action,Action|Crime|Drama|Thriller,4,US,1,Cff57c863,18,9,False,K25419d9e,Pfef0f85c|P598805c2|P27ff617e|P09fe7ca4|P2ca69f9f,P3e2f2fde,69055695.0
Mfb1e4ad7,Zookeeper,2011,3,100,80000000,en,Comedy,Comedy|Romance|Family,3,US,7,Cf4478484|C87ffc222|C64be22e3,22,6,False,Kb3effe9e|Kdbe6d9ae|Kb44e6e62|Kd72830b8|Kcc821e1c|K08cf0a94|Kfb414ee5|Kd6073f4e,Pa32924dd|Pefe166d2|P468a604c|Pe28239f5|Pd539ecc7,P45fe1df4,169852759.0
M1a79b324,Cars 2,2011,2,105,200000000,en,Animation,Animation|Family|Adventure|Comedy,4,US,2,C72b723b8|C5f1dc623,47,40,True,Kb6334c56|K19a14feb|K8992c8bc|Kaea398e7|Kc9e5c2e6|Kd6073f4e,P66e0e26d|Pd166fed2|P123185a4|P43f01c1e|Pb8e19397,P27b40a05,559852396.0
M301319ce,The Ward,2010,3,90,10000000,en,Horror,Horror|Thriller,2,US,5,C52088ea8|C0785d7ac|Cec37f9d3,20,16,False,K1d1c144f|K65682ec6|K86a02264|Kd3d56b8a|K343e3fa4|K8dfee22d|K6b9ad492|K649ccc80,P8e9d2cd0|Pd76a43cb|P786adf7f|Pd55cb47f|P1d717077,Pb803aa28,498974.0
Mc4918b25,Delhi Belly,2011,3,100,4090000,hi,Action,Action|Comedy|Foreign,3,IN,1,C5c1e119f,6,2,False,Keca8fe50|K317baec8,P635d09a6|Pf38ff888|P63c11988|P76675e65|P5ddac53a,P104f34c6,18035000.0
Md8549ae8,Monte Carlo,2011,3,110,20000000,en,Adventure,Adventure|Comedy|Romance,3,HU|US,6,C53a9ea27|Cc2c73c36|C7f89a29f,16,26,False,K0b826f3b|Kfeeda837|Ka0c77c84|K153711d1|Kf9c12b5f|Ka608ab08,P82948388|P9b25a799|P7b4ad0ee|Pfbde7ffc|P23ac6758,Ped7b0bd3,17425000.0
M73229110,Harry Potter and the Deathly Hallows: Part 2,2011,3,130,125000000,en,Family,Family|Fantasy|Adventure,3,GB|US,2,C3e7bdc8f|C6c10da85,102,15,True,Kf1fb5fdc|K79547cd1|K4295d119|K349e4ffc|K57f246b9|Kd119a8ee|Kb312f8f4,Pa9ffe9b7|P7aef44db|P187f1470|P4827d768|P12f8d604,P2fd9b66f,1342000000.0
M8a2d9cc8,Drive,2011,3,100,15000000,en,Drama,Drama|Action|Thriller|Crime,4,US,6,C8512fcd5|C912e4a96|C57740895,25,73,False,Kfb36e1cd|K7cb2f9cd|Kd3103f62|Kf79682d4|Kb5a55fd5|K3c6f9488|Kfc3d3a26|K111407d1,Pfc16b487|P15e5c99e|P52f75b5b|Pd0fd22b1|Pb2b28b54,P82d4a2a3,78054825.0
M8e02148e,Snow Flower and the Secret Fan,2011,3,105,134005,en,Drama,Drama|History,2,CN,1,Ced6998cb,18,22,False,K967bf94d|Kd6073f4e,P737fe6e7|Pc3ed01aa|Pa70948d3|Pb950a0f9|Pb904cb8b,P72bf73a1,1332231.0
Ma9baac0c,Captain America: The First Avenger,2011,3,125,140000000,en,Action,Action|Adventure|Science Fiction,3,US,2,C6146f42e|Cc4089340,56,135,True,K33e09618|Kd6a05201|K230a811e|K75a8b02f|K12b44075|K04f1877b|K923101f0|Kd7eb086c,P8164fa59|P243d60a3|Pb23773f6|P3d8ce9aa|Pe38e74eb,Pa589cb62,370569774.0
M5b632de5,The Guard,2011,3,95,6000000,en,Action,Action|Comedy|Thriller|Crime,4,IE,7,C6cfa93a0|C9aa1be52|C0e57fecd,14,20,False,K1199c976|K50f0ee0b|K97e678c5|Kc3ff5557|Keed73c55,P72092b5c|P57744027|P4065054b|P2598469d|Pbe1935e9,P2e2144b4,19560274.0
M1b46825f,Winnie the Pooh,2011,2,65,30000000,en,Animation,Animation|Family,2,US,2,C72b723b8|C7ce0905f,10,89,False,Ka3620687|K765736a4|Kfcbf608c|Kd6073f4e,Pc94778c6|Pb7c74931|P670a4523|P1347bbae|Pfe3a0e3f,Pc7a8c3a5,14460000.0
Md9ce3361,The Smurfs,2011,3,105,110000000,en,Animation,Animation|Family|Adventure|Comedy|Fantasy,5,US,3,Cf4478484|C691c06b2|C4b157932,29,25,True,K75b71e8e|K79547cd1|K923101f0|K346367d7|Kf48bddfa|K5119eb67|K4f1ffeb0|K9b735f2d,P85f4afca|P8b3c5c26|P87a93c16|Pcfe700e6|P80fcf960,P02060500,563749323.0
M28c8d8e5,Dylan Dog: Dead of Night,2011,1,105,20000000,en,Action,Action|Comedy|Horror|Mystery|Science Fiction|Thriller,6,US,3,C570a3fc3|C9f2df8ed|Cb93d097f,14,7,False,Kb1aa9b34|Kffb9e482|K5ebde1b5|K8dfac82b|K89a13bfa|K4f09b7eb,P7e049105|P01aa2946|P4e48f6e4|P37b78ce4|P3dc07175,P4b771872,4634062.0
M69f47098,Friends with Benefits,2011,3,110,35000000,en,Romance,Romance|Comedy,2,US,3,Ce4e76224|Ceba6d050|Ca055c51a,16,4,False,K8ededc31|Kc5c53ac8|Ka69f7dd5|Kfcbf608c|Kd6073f4e,Pc84c3d9a|Pe08ce533|Pa9b844fc|P96737513|Pdd398ebe,P89d442f7,150483765.0
Mdf0a9357,Alpha and Omega,2010,3,90,20000000,en,Family,Family|Animation,2,US|IN,3,C759e00a6|Cdae08cab|Cdfee5af7,12,4,True,K2ae7ec5e|Kcb4d17ec|K4bc60f6a|K110f3ad2|Kf7eb58b9|Kb20e24c4|K03d05cb7|K146f0949,P6db0bf00|P3d8c4551|P0fbbf0cd|Pb1255d95|P6f155c36,Pd7b19ae0,39300000.0
Mcefd6dbd,Blitz,2011,2,95,15774948,en,Crime,Crime|Action|Thriller,3,GB|US|FR,6,Ce4f77d56|Cb0e2042e|C78367188,25,42,False,K1451c5af|Kec8ddc33,P4b27ca24|P5564cba8|P44b954b2|P177043b3|P7458127d,P65875a28,741875.0
M27e8ca82,Our Idiot Brother,2011,3,90,10000000,en,Comedy,Comedy|Drama,2,US,4,Cd8418e70|Cfb1e6ae8|C6d313e93,26,20,False,Kee199654|K8f8f63a3|K0a853afc|K2aaa6001|Kd6073f4e,Pb33386a7|P291847b2|P5616da73|P43f01c1e|Pcdb2bdab,P50bc4afb,17273593.0
Ma5ad3eca,Princess Kaiulani,2010,2,130,9000000,en,Drama,Drama,1,US,3,C3ae29b44|Cbe5e791b|Cc9b511b0,5,1,False,K4385ab38|K249af4ee|Ke5d6abed|Kfb9c23bc|K595f8623,Pd1f34b9d|P8c5e34bb|P9c43b517|P84a9471a|Paa566ea3,P9cb92c86,771499.0
M81888a42,West Is West,2010,4,105,3837625,en,Comedy,Comedy,1,GB,2,Ce09e087e|C34c8a089,13,4,True,K044a94ed|K8d86fd42,Pddf6261d|P7ff51e5d|P4ced00a3|Pdc9c667c|P3c183ed8,P76b50fe6,3867000.0
Mfc6b2a26,The Change-Up,2011,3,110,52000000,en,Comedy,Comedy,1,US,4,Cd7a83b16|C7f4b55db|Cdae08cab,19,41,False,K70733318|K90ecb95a|K4b5d944f|Ke5aa51db|Kdc285d82|K2cef4d52|Kcf5834e0,Pc34f45e8|P6b87f42a|Pd99e7ba1|P4da722a4|P3805177b,Pc46269a8,75450437.0
M3d09dbc2,The Help,2011,3,145,25000000,en,Drama,Drama,1,IN|AE|US,6,Cfa01eb95|Cd05b6468|Ce75beca7,34,60,False,K0bfe4995|K1451c5af|Kb1ae9265|K56b37770|K16d14ec6|Ka43fbb3a|K0ef6400a|K2a8c7a51,P9a467338|Pe7fd819d|P457fc341|P1f53cfec|P5116e460,Pde4e7802,124272124.0
Me6352a8a,30 Minutes or Less,2011,3,85,28000000,en,Action,Action|Adventure|Comedy,3,US|DE|CA,1,Cf4478484,15,2,False,K5863ebf9|K84348ea3|K3ed8404d|Ka2fe93da|K8992c8bc|Kfcbf608c,Pd3bf69c1|P00297e99|P519cb2cd|P2fe75d42|Pef127857,P5cb24cdd,40547440.0
Mebbc6490,Final Destination 5,2011,3,90,47000000,en,Horror,Horror|Mystery,2,US,3,C6988cd6a|C01e9f790|C327052b7,11,43,True,Kb2cadd4a|K8ae6d8d1|K24ff4b48|K2fb3802f|Kd6073f4e|Kb312f8f4,P90fcc0fb|P88a76e81|P453d685b|P578063f1|Pf2fa0311,Pcc06752a,157887643.0
M3591637b,The Conspirator,2010,3,120,25000000,en,Crime,Crime|Drama|History,3,US,2,C7cc7d04d|Ceb44925c,18,75,False,Kc6e19df4|K9fe2949c|Kda5d0fe2|K7da32c41|K554cf43d|Kd6ad3bea|Kddced3d3|Kaf47a35d,P28fb5c65|P443289f8|Pfc8c3208|Pe0da2446|P023d8650,P81f38d6e,15478800.0
Ma2b985c6,Loose Cannons,2010,1,110,7000000,it,Comedy,Comedy|Drama|Romance,3,IT,1,C97b495b4,16,2,False,,Pa1e1129b|P48cecdd4|Pfb6b8970|Pd2fcf4ea|Pcb44863c,Pdfb9f664,8220215.0
M6d87ef22,Spy Kids: All the Time in the World,2011,3,90,27000000,en,Family,Family|Comedy|Action,3,US,1,C07f90652,11,21,True,K33b2d0b2|K03a83b12|K742bd1e5|Ka82694e1,P32d7cd09|P8eeaabeb|Pbfa70ef6|Pd610ea48|P4c8a2eee,Pf41db032,85564310.0
Md4e1e646,Don't Be Afraid of the Dark,2010,4,100,25000000,en,Fantasy,Fantasy|Horror|Thriller,3,US|AU|MX,5,Cf8f92f7f|C0c3e6e3c|C8c45c583,9,69,False,K038c8dca|K71bf1fc9|K0014db0b|K4f8a72ac|K080cfd56|K7d7276b0|K1f31a86f,Pc0a9cc4f|P9491bef5|Pabf1435e|Pbcd709bc|P8c6bcccc,Pafe47389,36993168.0
M849b05bd,Fright Night,2011,3,105,17000000,en,Horror,Horror|Comedy,2,GB|US,1,C0532621e,16,10,True,K53da8c5a|Kffb9e482|Ke677fe47|K71bf1fc9|K61503241,Pd1cdca42|P7b34c4be|P174e117d|P430fc9c1|P034a2fa7,P26d67040,24922237.0
M66b8ae0c,Another Earth,2011,3,90,100000,en,Drama,Drama|Science Fiction,2,US,1,C5950be86,33,44,False,Kf3572fd4|Kea290360|Kb43e50e9|K5cfd6def|K8f66d336|Kc571bdc6|K230459cc|K485fa91a,P6db6d5fe|P8dc1ed1f|P3597b96e|P0ac02be0|P0a6d4537,P2e3a784a,1776935.0
M44452ecf,Hesher,2010,1,105,7000000,en,Drama,Drama,1,US,8,C1b18988c|C44737477|Ca7db90e4,11,29,False,K0167559b|K88c07182|K215012da|K889bd938|Kc7e10b07|Kf8fce369|Kd6073f4e,P8e89b53a|P158ca9d1|Pc43231c7|Pa56e5e84|P1dafaf6d,P40929522,382946.0
Mf77e41c2,The Debt,2010,2,115,20000000,en,Drama,Drama|Thriller,2,US,3,Cf8f92f7f|Cc58a41f5|C7e824bc6,9,49,False,Kfbde6d20|K720604eb|K742bd1e5|K9dab76f4|K7be519c6|Kb6f0d1c6|Kb137302a,P2076b2ad|Paa96a2ea|P4acd4a33|P5116e460|P2707d5f8,P00aa814f,45636368.0
Md8381d25,Colombiana,2011,3,110,40000000,en,Action,Action|Thriller|Crime|Drama,4,FR,6,Cc7ffd06c|Cc94eefdc|Cf0046355,18,91,False,K44f3e3ef|K111e2b6a|K7b02d059|K293c8501,P3430b4ec|P92c82f6a|Pff6ff911|Peda25f2c|P252a66bf,P6e2877bf,60965854.0
Me327a33f,Freakonomics,2010,4,95,3000000,en,Documentary,Documentary,1,US,4,C77da0f1b|C0dbf18d0|C89a826cd,19,27,False,Ka7984eec|K9df93747|K12e0a0fd|Kd0bf5062|K08d1cdff|K25a3086d|Kd3103f62|K6ee188c7,P93272613|Pc2f4a3c1|P39dedca9|P3585835e|Pa9adc3e2,Pc7e10af4,103735.0
Made3deb2,The Skin I Live In,2011,3,115,13000000,es,Drama,Drama|Horror|Mystery|Thriller,4,ES,7,Cac639f37|C67cf598f|C24ed6cdb,19,12,False,Kbf5c7428|Ka11d7b42|Kee6d62b6|Ke4019d7e,Pd761e806|Paed868f1|Pe5a59b94|P82c60b79|Pf37df448,Pd0704ab7,5774854.0
M8f1eaead,Conan the Barbarian,2011,3,115,90000000,en,Adventure,Adventure|Fantasy|Action,3,US,6,C9a28f4be|Ce660b27b|C17ecb874,69,118,False,K55cfa8fb|K37f20444|K79547cd1|Kfb2845a0|Ke5d6abed|K71bf1fc9|K9a16fa02|Kb8281719,P5f2097d8|P8768aeb2|P4d2180f0|Pf7136100|Pa2c42e6a,Pe54b7198,48795021.0
M4f28457e,Prom,2011,2,105,8000000,en,Comedy,Comedy,1,US,2,C72b723b8|Cbe5626ab,22,22,False,K60561435|K94f985a9|Kdaed499d|K5011ba81|K25a3086d|K4514c442|K58cd3a99,Pd361d2e4|P70647ea2|P6c6287a3|P7578fa2f|P99fe00ef,P432b4da4,10130000.0
Ma74ec712,Red State,2011,3,90,4000000,en,Horror,Horror|Action|Thriller,3,US,4,C41e64894|Cd3e0e01d|C801404cb,38,11,False,Kb38c398c|K1ef0082a|K42a8abf4|Kc3e83980|K5ceaca2a|K7f91459d|Kcc181d06|K128ca250,P37bb7a96|P7f88be6e|P6584178d|Pc2ee7020|P96e74a37,P7e090b5e,1104682.0
M3530206f,I Don't Know How She Does It,2011,3,90,24000000,en,Romance,Romance|Comedy,2,US,1,Cd8418e70,14,4,False,K07b14717|Kc5dda34f|K1355f779|K866706ad|K6378fe4a,P95b0bcf1|Pc745bfc7|P2b059ae1|P0f02ee80|P557eaa69,Pa0dfaebd,30551495.0
M08f39430,Shark Night,2011,3,90,28000000,en,Horror,Horror|Thriller,2,US,1,C95f8662e,12,5,False,K6af381ce|Ke546d3c4|K7e95b555|K9a5ab2bc|Kfcbf608c,P8ec65813|P610e9426|Pe0f27c47|P8e8de749|P1f8f2d11,P6c5b02b8,10126458.0
M1452605c,Contagion,2011,3,105,60000000,en,Drama,Drama|Thriller|Science Fiction,3,US|AE,5,C9b55c3fb|Cc2c73c36|C3e7bdc8f,18,51,False,Kd3ee2033|K7b1fe1e7|K9b10ff96|Kc8906f3c|K2565e095|K13815fe2|K2065f113|K860c4a7c,P9d23789b|P0affa6f4|P5516a531|P7ad6a156|Pea601c7b,Pd886c47f,137551594.0
Mb406f2ca,Straw Dogs,2011,3,110,25000000,en,Drama,Drama|Thriller,2,US,1,Cda01761f,20,6,False,Kd06882ca|K5c0670e8|K9be97905|Kb1b2d050|K63195295|Kcabb1ae1|K554808ba|Ke64ecf1a,P003a1c95|P06351fdd|Paa2143a1|Pd3cf5396|P0b740dac,Pb5992745,10324441.0
M366cf8f1,Moneyball,2011,3,135,50000000,en,Drama,Drama,1,US,2,Cf4478484|Cda813610,67,49,False,Kcc576f2d|K1451c5af|K220573b1|Kd98f118f|Kdc87c7d5|Kb72a3d3e|K5582011a|K587cceb9,Pc5fe07a1|Pe13a0898|Pfe9ae21f|Pe0da2446|P0f1e1a63,P12f39321,110206216.0
M4232d34e,Restless,2011,3,90,8000000,en,Drama,Drama|Romance,2,US,3,Cf4478484|Cd927b580|Cb69745f1,12,13,False,Kcc150bfb|K4c442588|K2cf201da|K8ededc31|K4d149348|Ke578b0ae|Kd3103f62|K3fccb5d7,P35231746|Pe705b0b0|Pba5412c0|P015cb58b|Pbd38f42c,Pfb9bfb55,163265.0
M4e865b91,The Avengers,2012,2,145,220000000,en,Science Fiction,Science Fiction|Action|Adventure,3,US,2,C6146f42e|Cc4089340,115,147,True,K33e09618|Kb68e8fd6|K12b44075|K04f1877b|K923101f0|Kbbcbbe27|K3ec095e0|Kfcbf608c,P9aaea10b|P8164fa59|P282469c4|Pebd37a00|Pb214a37a,P09ffba68,1519557910.0
Ma2f0ba17,A Dangerous Method,2011,3,100,15000000,en,Drama,Drama|Thriller,2,CH|GB|DE|CA,6,C0f6e9a4e|C52a06ea0|C2a743a15,34,59,False,K1451c5af|K6923df6d|K505fbf8e|K4385ab38|Kf5e3dc89|Keb141b00|K77f07430|K70029c60,P73f53fc6|P45ae55c7|P387e3056|Pefbacd44|P11383cde,P501bf7bf,27462041.0
M5e0b41cd,The Ides of March,2011,3,100,12500000,en,Drama,Drama,1,US,5,C40e6fa99|C624b703f|C0b8f33ce,54,69,False,K11164177|Kc62bc6d3|Kd9a3d09a|K508347de|K3ac13c59|Kfa6bd60d|Kbdf09501,Pfc16b487|Pd4551c6e|Pfe9ae21f|P8d7bcd0f|P28fb5c65,Pd4551c6e,75993061.0
M3cbdc895,Badmaash Company,2010,2,145,6250000,hi,Comedy,Comedy|Crime|Drama,3,IN,1,Cd925d19e,8,2,False,K8992c8bc|K717012d6|K885aea9a,P9d833993|P3f23498a|Pe8316b2e|P63c11988|P34392fc0,P9346e5c2,8500000.0
Md5f2fd40,Bellflower,2011,2,105,17000,en,Action,Action|Drama|Romance,3,US,1,C036305b1,7,4,False,K666856dc|K3802909b|Kd3103f62|Keede16fc|K5d13274a|Kc79d101b|Kd6073f4e,Paac84f00|P2a1564c0|P846a2896|P647fad3b|Pb03ae303,Paac84f00,101236.0
M00e993c3,50/50,2011,3,100,8000000,en,Comedy,Comedy|Drama,2,US,2,Cceb4e3c9|C37b54f25,38,46,False,K6a0c24ab|Kcf7d212b|K6e02d9c8|K23e3c2ed|Kffca883b|Kc9e5c2e6|K6d90a030|K071e5192,P8e89b53a|P32730d58|P852e3feb|P1f53cfec|P8c0c45c1,Pb63e2ce5,39187783.0
M5a7ff767,Enthiran,2010,4,155,26400000,ta,Action,Action|Comedy|Drama|Romance|Science Fiction,5,IN,1,C3333284f,13,21,False,Kde32259e|K497a09fb|K267cc427|K9f1d9feb|K4ce171fe|Kdbe6d9ae|K9cc4bd29|K09a31c46,Pea60dbf5|Pc54bf1d8|Pc3f9bf47|P48f265e9|P4e07e746,Pc8cca2f3,62000000.0
M4af92196,Take Shelter,2011,4,120,5000000,en,Thriller,Thriller|Drama,2,US,4,C28fa6d54|Cde9b3436|C8376e082,18,13,False,Kaa24d56d|Ka0d759f9|Kfcd41bfc|Kc79d101b,P58f4559e|P5116e460|P9a45a875|P921cf1af|Pf77acd69,P003d3506,3099314.0
Mdc33b58e,Road to Nowhere,2011,2,120,5000000,en,Mystery,Mystery|Thriller,2,US,1,Cbb205332,14,15,False,K139c17cb|K35fbf0b0|Kca0f1cb3|Kd437e8b2|Kd5a80dde,P2fdcc230|P55668e97|Pde05c06e|Pd758348b|P571f05b2,P8ceb8731,27046.0
M34591fc6,Footloose,2011,4,115,24000000,en,Drama,Drama|Music|Romance,3,US,3,Cf9c0b462|Caa6feaa7|C6ac0dfb9,145,76,False,K075bd6d3|Kbba221aa|Kb730b002|K4fcfc4d1|K71bf1fc9|K4514c442|K84420759|Kafc54ecb,P0053008d|Pba521112|P23ac6758|Pddf782b8|Pf77acd69,P4a438dca,63543328.0
Mb14ee797,The Thing,2011,4,105,35000000,en,Horror,Horror|Science Fiction|Mystery|Thriller,4,US|CA,3,Cd7a83b16|C24b92766|C8679e149,17,19,True,K3788e79b|Kdf18978a|K5417f32f|Kd0483d39|K15a8750b|K77eacf9d|Kd6073f4e,P5ec4078e|P098619b4|P3c78457c|Pb66a28ad|Pac9b5fa0,Pa4f939d0,28128670.0
M353cf1f4,We Need to Talk About Kevin,2011,3,110,7000000,en,Drama,Drama|Thriller,2,GB|US,2,Ce09e087e|C652a1a0d,10,37,False,Kdc464b50|K3c6f9488|Ka7a168da|Kd6d0994e|Kdad3abc5|K7c53bae0|K7021cb0a|Kcbf64eb9,Pff2ae6f1|Pae3524a1|P7811d95e|P0e78a7d0|P6c4e2207,Pbc2a448a,6038942.0
Mf1ff9342,The Three Musketeers,2011,3,110,75000000,en,Adventure,Adventure|Action|Thriller,3,US|DE|FR|GB,5,Cf9732504|C295bb1fa|C23c445fe,15,31,False,Ka2fe93da|K76c63b85|K3ef85819|Ke58e8956|Kb312f8f4,P7ba65775|P8e74e958|P5c436162|Pca0a35fe|Pb9dcf7b1,P5257d233,132274484.0
M1a31a4f3,In Time,2011,4,110,40000000,en,Action,Action|Thriller|Science Fiction,3,US,3,Cc2c73c36|C24b92766|Cfc1e76ab,26,29,False,Kd95b93ea|K89099cca|K5182e889|K7f284f24|K42cfc769|Kda40fa6b|K5ef5e3d1|K37daa7dc,Pc84c3d9a|Pea05f72b|P2053e144|Pc34f45e8|Pd80158f1,P42e304f0,173930596.0
Mc5ed1ed9,Margaret,2011,3,150,14000000,en,Drama,Drama,1,US,4,C9ea1bb4a|Cda813610|Cb99e3e4b,22,25,False,K33e09618|Kfd546110|Ke30f40a7|K8c892a2d|K011bc215|K0d25991c|Kfe79fa59|K13818823,P0f48151a|P9d23789b|P282469c4|P21e9c370|P4c7273b2,P24b8fe27,46495.0
M1a7c562a,Margin Call,2011,3,105,3500000,en,Thriller,Thriller|Drama,2,US,4,C34affb07|C7a5e1062|C8d865b91,13,28,False,K755126fd|Kc716c677|Kb4ef9e5e|K081aaae6|Kc32fce3a|Kbc0aa490|Kc3099e6d|K314d2f2f,Pf21f3bf1|P4bc8082e|P3af08c02|P465da483|P7dd3ea0b,P039cabae,19504039.0
M881016fe,Paranormal Activity 3,2011,4,85,5000000,en,Horror,Horror,1,US,4,C6146f42e|Cf0bcd2be|Cfeb50f4c,11,24,True,K55cfa8fb|K8f8f63a3|K19a14feb|Kd0483d39|Kff9c5036|Kb7debf2d,P65dbc5be|P53d12f27|Pb2f68d46|P90dd375a|Pa1c5da96,P6c3a178c,205703818.0
M3e150880,Johnny English Reborn,2011,3,100,45000000,en,Crime,Crime|Adventure|Action|Comedy|Thriller,5,GB|HK|CN,1,Cd7a83b16,32,3,True,K46681d34|Ked0bef46|K2f323f08|Ka3d9c7c4|K742bd1e5|K19a14feb|K7ba10602|Kf04fa5af,P62db77cb|P706b881f|Pda93cf7b|P34b1521d|P3aa72859,Pa682a7e5,160078586.0
M4aaab616,Abduction,2011,3,105,35000000,en,Thriller,Thriller|Action|Mystery,3,US,6,Cb61eea90|C336c2b47|C149c3cae,34,48,False,K4d54a5a1|K31249f48|Kcc343814|K7a3e26a4|K9136e8a9|K5ed0f2d7|Kb858ed20|K44f50085,Pa28c68b2|Pad1aac9d|P9d25dde1|P7c2203eb|Pa90449bf,P96e224e3,82087155.0
Mdaef813b,This Must Be the Place,2011,4,120,25000000,en,Drama,Drama,1,IT|FR|IE|AT,5,C0e768005|C651e6a2e|Cf8519d62,11,13,False,Kcf7d212b|K08665fa5|K06311639|Kaa50d0b1|Kd5acb9df|Kff43a29c|K9d42ff64|Ke30690ed,Pd76d11b5|Pf82a31ed|P23b8c245|Pa5f64a6d|P14ca05b0,P51081a97,11790979.0
Mbc4c9b7f,What's Your Number?,2011,3,105,20000000,en,Comedy,Comedy|Romance,2,US,3,Cc2c73c36|C593b51a0|Cfc1e76ab,37,7,False,K1451c5af|K8c5bcd8a|Kd56d784c|Kdf026a39|Kbf31130c|K6bb787b1|K61a3bd4c|K8d38092b,P8164fa59|P321e1002|P247d05d5|P0f1e1a63|P0c46c6b0,Pcdb3e643,30426096.0
Mba5f8142,Dream House,2011,3,85,50000000,en,Drama,Drama|Thriller|Mystery,3,CA|US,2,Cd4a29ff4|C8679e149,20,85,False,K877c516f|K38c463c3|K04583dcf,P3d5ce154|P8ea19000|P614f6326|P23297f44|P32b1dfbc,Pae05ef05,38502340.0
M13740d8f,Mulan: Rise of a Warrior,2009,4,115,12000000,zh,Adventure,Adventure|Drama|Action,3,CN,1,C930b241b,10,8,False,Kcb3ef735,Ped5a1277|P587f76eb|Pb5f21592|P18141729|P7608ef80,Pcbb5284f,13380561.0
Mfd2c3cb3,Machine Gun Preacher,2011,3,130,30000000,en,Action,Action|Thriller|Crime,3,US,11,Ce8408262|Cdae08cab|C2dccf24a,33,35,False,Kaf8781f5|Kd6073f4e,P979428ee|Pcea1bef6|Pe8359aa6|P561a75a2|Pba937c9a,P6621f3f1,2527904.0
M76918f51,Anonymous,2011,4,130,30000000,en,Drama,Drama|History|Thriller,3,GB|DE,2,Cf4478484|C486ae29a,78,2,False,K76289b46|K52168337|K0db744f4|Kb7e49d8a|Ke34d4838|Kd6073f4e|K292f37d8,Pb72ca8b2|P85ac7180|P4c0744b0|P16ab16fd|Pb22d5147,P916a7de7,15395087.0
M6c2e62bd,Tower Heist,2011,4,105,75000000,en,Action,Action|Comedy,2,US,4,Cd7a83b16|C42ecbdde|Cdae08cab,55,19,False,K6242373e|K09d50f70|Kba73167d|K83351899|Kaf916823|K32aa4194|K03f7a26f|K2242a945,Pd29fc0d4|P1c7f1d9d|Pddf47d8c|Pe5979b1f|P21e9c370,P781658fe,152930623.0
Mbc07dd03,J. Edgar,2011,4,135,35000000,en,Drama,Drama|Crime|History,3,US,3,Cd927b580|C27c08183|C050d26fd,19,13,False,K4385ab38|K249af4ee|K42d78c14,P2cb99efe|P6fc51e8f|Pd094691f|Pff9a122e|P8ea19000,P6f65c5ac,84606030.0
M1b69c0a2,Hugo,2011,4,125,170000000,en,Adventure,Adventure|Drama|Family,3,FR|US|GB,3,C6146f42e|C2098dde5|C0899a5fc,29,77,False,Kec8db847|Kf39e4d30|K89f956e3|K10f8d267|Kdc5570ed|K45012032|Keec6e143|K4b112d80,P6abc1229|P0e1d2f4c|Pce813eae|Pf4fb8900|P0828e953,Pc1b16bc3,185770160.0
Mf5a77894,Trespass,2011,4,90,36000000,en,Crime,Crime|Drama|Thriller,3,US,3,Ce660b27b|C808cafc9|Ce4826f85,14,28,False,Kc5b65b8c|Kb1b2d050|Kfd0f8efa|K2f73b47d|K3efe6bd6|Ke64ecf1a|Kefa5049c|K4d49c25a,Pa2178ef1|P8bb333ae|Ped54adff|P7be8ea86|Pd4250b2a,P59045db6,9612469.0
M805018da,Jack and Jill,2011,4,90,79000000,en,Comedy,Comedy,1,US,3,Cf4478484|C87ffc222|C40004a21,21,12,False,Kd6073f4e,Pc82d1114|Pc0a9cc4f|P13753a9d|P6bd2f0a4|P45be1019,Pad403284,149673788.0
M5f790b43,The Devil's Double,2011,1,110,19100000,en,Drama,Drama|Action|Thriller|Crime|War,5,NL|BE,3,C7a4ee795|C9a63fbc5|Ce346b5a6,18,50,False,Kdd9233bb|K67d5324d|K92ff6dfb,P6b8eb19e|Pb59527ca|Pda3c00d0|P3c447c12|P8a60983e,Pa93f1f6b,5728213.0
Ma5d09e91,Setup,2011,4,85,20000000,en,Action,Action|Crime|Drama|Thriller,4,US,6,C16a0b2e8|C7a9db528|C17ecb874,20,20,False,K25419d9e|K3efe6bd6,P08a2194a|P958f1dd9|Pbc324a94|Pfe3caa99|P982774b9,P76aa03e0,2128186.0
M05351863,Another Happy Day,2011,4,120,4000000,en,Comedy,Comedy|Drama,2,US,1,Ca8898518,10,5,False,,P11dff755|P7811d95e|P06351fdd|P996ee40c|P756167e5,Paddf7fe9,355688.0
Mab4dbbb6,Shaolin,2011,1,130,29000000,cn,Action,Action|Drama,2,CN|HK,2,C79b50bf3|C8d92df16,14,6,False,K02a3ddab|K2f674d5e|K1308518c|K6d7db2b4|Ked259e49|K09e212c6|Kda0f8072|K6cc5da07,Pe49def85|P9e7c4ce8|Pa1236399|P789f5166|P0265cf5a,Pff91bd08,33662874.0
M3809f733,Wuthering Heights,2011,3,130,8000000,en,Drama,Drama|Romance,2,GB,3,C4e47987a|C652a1a0d|C9b0e4985,9,4,False,Kdcf6a5ec|K1451c5af|K29fc5919|K717eb22f|Kbd61acf6|Kcbf64eb9,P78ed3f49|Pf9e7e157|P2cf21d76|P270e5c79|Pf8a9b992,P0d360b39,100915.0
Ma89bae82,The Descendants,2011,3,115,20000000,en,Comedy,Comedy|Drama,2,US,3,C9ea1bb4a|C53a9ea27|C00e0d86d,17,14,False,Kb83ee9ca|K6fdc86f6|K137adf5c|K19f9c0e9|K39c0f1a8|K6a8b806f|K80937108|K1514ad0f,Pd4551c6e|P339a05e4|P40f748d5|P53ae405c|Pbc571bb9,P74e65ede,177243185.0
Mbd49c136,Like Crazy,2011,4,90,250000,en,Drama,Drama|Romance,2,US,5,C14c57614|C45192203|C484743a4,10,7,False,K180c2edd|K15e5de7b|Kea6e2ece|K821c1cc4|Kf2c2d6fa,Pd1cdca42|P36ae5580|Pc35136a7|P178e135f|Pe5c53351,Pbb944355,3542353.0
M053a520e,The Twilight Saga: Breaking Dawn - Part 1,2011,1,115,110000000,en,Adventure,Adventure|Fantasy|Romance,3,US,8,Cceb4e3c9|C773561bf|Ca6967d9c,47,51,True,K1451c5af|Kffb9e482|K89a13bfa|Kd6073f4e|Ke12f48a1,Pff66170f|P5397a25c|Pa28c68b2|P92851ed1|P04255411,P9956b2eb,712171856.0
M4340239a,War Horse,2011,4,145,66000000,en,Drama,Drama|War,2,US,5,Cfa01eb95|C9710581c|C5352c0d0,32,48,False,K7be894cf|Kd081507d|Kd1933b83|K22066cbf|K102f7f06|Kd9a34eb2|K3d452d40|K8c0d2e3a,P1d7bd896|P2402c04c|P7a26d1cc|Pc3043c91|Pa0d3787f,Pcf894350,177584879.0
M5b8c0692,My Week with Marilyn,2011,4,100,6400000,en,Drama,Drama,1,GB,5,Ce09e087e|Cd8418e70|C6cfa93a0,16,11,False,K1451c5af|K4385ab38|K249af4ee|K6f3e2b3c,Pcadac074|P9b2fd63e|P39fc9765|P2c01bfde|Pf0ddf122,Pecf4e23f,35057696.0
M10768395,Singham,2011,3,145,3062000,hi,Drama,Drama|Action|Crime,3,IN,1,C5352c0d0,10,10,True,K7a3e26a4|Kf2e9adce|Kd8ea46d4|Kabc0ebc2|K8f85f821|K49066ce6|K985982f3,P7e27fca5|P78bbc68e|Pc75ef683|P29d0c423|P3186e25f,Pb077e682,25034000.0
M88b803f2,Chandni Chowk To China,2009,1,150,10500000,hi,Action,Action|Adventure|Comedy|Drama,4,IN,1,C3e7bdc8f,9,9,False,K965d2159|K885aea9a,Pb5e3b73a|Pb903d326|Pe863b5f9|P822e05d4|Pa1f0281c,P1f54d646,9400000.0
M67b1bd9b,Hipsters,2008,4,130,15000000,ru,Drama,Drama|Romance,2,RU,1,Cd0c9203c,15,4,False,K965d2159|Ke34d4838,Pae6643db|P6aa0049f|P5550676b|P7cbbf2f3|P41e56022,P7068a42d,16810383.0
Mdab27da3,Sarah's Key,2010,3,110,10000000,fr,Drama,Drama|War,2,FR,9,C12d40757|Cc3140214|Cc94eefdc,13,14,False,,P5264c9ae|P64146494|Pd267171a|P66f6e237|P4895af57,Pf8fef943,17511906.0
Mcb09d90c,Extremely Loud & Incredibly Close,2011,4,130,40000000,en,Drama,Drama,1,US,3,C6146f42e|Cda813610|C3e7bdc8f,21,4,False,K1451c5af|K2691884d|K10f8d267|Kb51c175b|K23d83364|Ke6356cde|Kc343c0fd|Ka5d4047f,P3a368b16|Pd8b30691|Pbf6fd3c6|P63524ef0|P7f88be6e,Pbabc1386,55247881.0
M41b42e5a,Happy Feet Two,2011,4,100,130000000,en,Animation,Animation|Comedy|Family,3,AU,4,C1246c604|C3e7bdc8f|C5f1d7ad7,26,22,True,K18ddcb45|K965d2159|Kfcbf608c|Kb312f8f4,P6f0b74b5|P8b29037b|P9336afec|P86480727|P6e951a51,P807517ed,150406466.0
M06ec45b4,The Perfect Game,2010,2,120,12500000,en,Drama,Drama|Family,2,US,5,C03b74d98|C8e447bff|C7cacce18,18,14,False,K220573b1|Kdc87c7d5|K595f8623|Kd47abffe,P793b9b83|Paa3b8e0f|P2772645d|P5d474cd4|P9d24580b,P86b4ac02,3878993.0
M804b9933,Bullet to the Head,2013,1,90,55000000,en,Action,Action|Crime|Thriller,3,CH|US,8,C32d6fdc3|C10aeca4c|C39e03473,19,84,False,,P468a604c|P20634d81|P2b059ae1|Pac9b5fa0|P5f2097d8,P53cf60a7,9489829.0
M3aa3a258,The Expendables 2,2012,3,105,100000000,en,Action,Action|Adventure|Thriller,3,US,2,Ce660b27b|Ce4826f85,17,106,True,K877e62a3|Ka2fe93da|K996ed124|K3c6f9488|K363cffb3|Kea7cc4a6|Kc756449a|K17814067,P468a604c|P4b27ca24|P3a2425fc|Pbc324a94|Pf3b2f25f,Pcebf9f1a,312573423.0
Mfef39eb0,The Hunger Games,2012,1,140,75000000,en,Science Fiction,Science Fiction|Adventure|Fantasy,3,US,2,C78367188|Cc0525343,48,61,True,Kabe04825|K7f284f24|K6e11d73b|Ka29c45c3|K08248a00|Kfd810dfe|K72f3cb2d|Kb8912dc2,Pc35136a7|P6d77cc56|P7336280b|P96737513|P291847b2,P4d7088a8,691210692.0
Mf4a4b074,The Dark Knight Rises,2012,3,165,250000000,en,Action,Action|Crime|Drama|Thriller,4,US,4,Ceddfe7b0|C3e7bdc8f|Cdf63d6a2,158,217,True,K38b4fde2|Ke3894268|K4d2febdc|K3d2b49b8|K767e5108|K87b7cabd|K5ed0f2d7|K176dbede,P1716f909|P123185a4|P89aa61f8|Pfd2a74e7|P91f4f0f4,P271d3962,1084939099.0
M09a015a9,The Bourne Legacy,2012,3,120,130000000,en,Action,Action|Thriller,2,US,5,Cd7a83b16|Cd3fda92f|Cdae08cab,31,102,True,K52525103|K2ae7ec5e|K22d844e0|Kddb5b504|Ka3780bc9|K1fa2bf52|K718ea211|K45b8f059,P1180ab67|P614f6326|Pf6c5b6fd|Pf83802ba|P14038a03,P77b776f7,276572938.0
Mdf228ac1,Sherlock Holmes: A Game of Shadows,2011,4,130,125000000,en,Adventure,Adventure|Action|Crime|Mystery,4,US,5,C1246c604|Cd36ef9f0|C3149ce9c,25,34,True,K78fbe88f|K1d912f29|Kedc7379f,P9aaea10b|P7ad6a156|Pd55cb47f|Pd94458af|Pc99207cc,P4d1bb4c3,334615000.0
Mac846235,Life in a Day,2011,1,95,45202,en,Documentary,Documentary,1,GB|US,3,Cd5a1e1a6|C34147eb9|Cd2aafd9b,4,12,False,K82f2244d|K1fcf1c14|Kec93c268|Kaa58a17c|K3f81d0bd|K4ab592f5|K3fe00665,P0d7ed223|Pf258440a|P35761bdb|Pfca59b3e,P9ae0932d,225861.0
M2ec3347d,New Year's Eve,2011,4,120,56000000,en,Comedy,Comedy|Romance,2,US,1,C6988cd6a,35,3,False,K67c9210a|K1d21e29f|K6ab4f1cf|Ke11b95ef|K0faad7f4|Kd7fde75c|Kb69ab056|Kd6073f4e,Pd9604827|P6599de6a|Pdbe8182c|P20f57bc9|P76c28485,Pccbd9923,142044638.0
Me38566b7,The Girl with the Dragon Tattoo,2011,4,160,90000000,en,Thriller,Thriller|Crime|Mystery|Drama,4,NO|SE|US,6,Cf4478484|Cda813610|Cf34f145a,59,150,False,K5c0670e8|Ked493fb4|K1451c5af|K00b0e1a7|K0e89a273|K75a8b02f|Ka9d19626|K011bc215,P3d5ce154|P5a00ccb9|Pa54c1475|P164e8d08|P10291a37,Pa8beb66e,232617430.0
M5d0dea35,The Darkest Hour,2011,4,90,30000000,en,Horror,Horror|Action|Thriller|Science Fiction,4,US|RU,5,Cceb4e3c9|Cc2c73c36|C0f5c8c4c,15,66,False,Kbbcbbe27|Ka608ab08|K0a1fa644|K28dc3b26|K29d96bc2,Pa68f8508|Pca2aeafa|P3da915c5|P48ca7442|Pfde2b44e,Pacf590e3,64626786.0
M4d0f15ad,Alvin and the Chipmunks: Chipwrecked,2011,4,85,75000000,en,Comedy,Comedy|Fantasy|Family|Music|Animation,5,US,1,C7f89a29f,11,13,True,K19a14feb|K2185e677|Kb89c6bcc|K9be9917e,P1f2402be|Pd531e946|P17757d39|Pefd76244|P3d8c4551,Pffeced8b,342695435.0
M047be5bd,Albert Nobbs,2011,4,115,8000000,en,Drama,Drama,1,GB|IE,1,C54b0e605,16,8,False,K505abd92|Kaa50d0b1|K0ef6400a,P010e0927|P35231746|P3ffa4742|P347de920|P72092b5c,Pc8451eab,5634828.0
M9edf9e72,The Devil Inside,2012,1,85,1000000,en,Thriller,Thriller|Horror,2,US,2,Cfeb50f4c|C78f109ba,10,43,False,K19777d74|K719e729e|Kedc55cc4|K90d23c94|Kb7debf2d,Pd2bc7688|P7cccbc5f|P784f8121|P9cf57c6e|P7778119b,P458305e1,101758490.0
M49cbb89f,Contraband,2012,1,110,25000000,en,Thriller,Thriller|Action|Drama|Crime,4,US|GB|FR,9,Cd7a83b16|C668b01c5|Cdae08cab,15,17,False,K058b893b|K956eb9ef|Kce5d61e1|Kcf5c9f92,P40d10530|P1210b4c7|P2e4d1f59|P0d4dd445|P8b74a486,P451aa4d1,63100000.0
M4fc0c8b8,Dolphin Tale,2011,3,115,37000000,en,Drama,Drama|Family,2,US,2,C5ce2cd37|C5ededbd2,19,18,True,K586700a1|K45012032|K40ea8d0b|K37228ca6|Ka2f35463,P9c10a86e|P89367870|P6e4d9cf5|P0b48c702|Pbe8d5d9c,P9472181b,95404397.0
Mce87873c,The Iron Lady,2011,4,105,13000000,en,History,History|Drama,2,FR|GB,8,C6cfa93a0|Cc94eefdc|C659a7544,31,15,False,K755126fd|K2f323f08|K3ecd1201|K6affb933|K32bd1120|Kfc8b5c21|K316226bc|K7a5f0096,P5601b6b3|Pc7122190|P0cd5a023|Pecc8fbbe|Pa54bfb4e,P52a08fb4,114956699.0
M6c969fee,The Divide,2011,1,110,3000000,en,Horror,Horror|Science Fiction|Drama,3,CA|DE|US,7,C2f919092|C90f3b1f8|Ca6d29efd,10,35,False,Kd964a10b|K3c6f9488|Ka261a952|K1bcc16ba|K0c6bb999|K6f79c63d,P2c97c3f7|Pc1222ddb|P050bc953|Pfc420846|P3226391c,P64777f39,22000.0
Ma56ce825,Underworld: Awakening,2012,1,90,70000000,en,Fantasy,Fantasy|Action|Horror,3,US,5,Cc032927b|C82201f3c|Ceba6d050,31,41,True,Kffb9e482|K137adf5c|Kf9e3ff7b|K0fb1a4f2|K89a13bfa|K812768d3|K3f099eb0|K319551c3,P1210b4c7|Pb968a7ba|P09fe7ca4|P98c90683|P7e299b38,Pae98cd1d,160112671.0
M4db52106,The Grey,2012,1,115,25000000,en,Action,Action|Drama|Thriller,3,CA|US,6,Cd5a1e1a6|C2dccf24a|Ccf013811,16,56,False,K30ba46ef|K03b817d9|K2ae7ec5e|Kd0cbe5a2|Kd0196534|Kd482d5ec|K163eb34a|Kee7d3574,P1b4a1135|P1dff6e01|P4cb5b658|P7a08690d|Pafc8266b,P82f51058,77278331.0
M0fd4e04c,Man on a Ledge,2012,1,100,42000000,en,Action,Action|Thriller|Crime,3,US,2,Cceb4e3c9|C99d62fdc,56,27,False,Kf743e542|Kc343c0fd|Ka3780bc9|K755ff934|K9670046e|K9e6adb2a|Kd754dfff,P2707d5f8|P291847b2|P3a173673|Pceb538c7|Pd6f7c718,P814889ba,46221189.0
Mdbb3cbd7,Haywire,2011,4,95,23000000,en,Action,Action|Thriller,2,IE|US,2,C7d981cd1|Cdae08cab,14,15,False,K13a62eac|K742bd1e5|Kb8281719|K0bfa99ce|Kd743fec2,Pbe796f65|P5d50695a|P387e3056|P0fd4f855|P4390516d,Pd886c47f,33372606.0
M144e2dc4,Apollo 18,2011,3,85,5000000,en,Horror,Horror|Thriller|Science Fiction,3,CA|US,3,C0f5c8c4c|C07f90652|C20b33510,11,74,False,K75b71e8e|K2c4719da|K9b10ff96|K63ba54cb|K4055072a|K65f87363|K4d0bc3a5|Kf33b31dd,Pe65ee688|P5c221ae7|P1e4922ff|P4ab6b2ca|P8b6650ca,P668f966f,25562924.0
Meb09cecc,Red Tails,2012,1,125,58000000,en,Drama,Drama|Action|Adventure|History|War,5,US,3,C3ea53bb0|C6cbfdb5c|C394e12f2,16,88,False,K230a811e|K9c5003b4|K995841c5,P52f75b5b|P7eeac4fd|P091308ba|P8cbf4abc|P584f290b,P30edacf3,50365377.0
Mbec740b7,The Flowers of War,2011,4,145,94000000,zh,Drama,Drama|History|War,3,CN|HK,3,C329e0c3b|Cdbce590c|C262e0428,8,45,False,Ka7c2999f|K607b1cf4,P1716f909|P32fc8a08|Pbaf730b4|Pd0d20642|P1867d343,P7e7a1042,95311434.0
M4953e0ce,The Intouchables,2011,4,110,13000000,fr,Drama,Drama|Comedy,2,FR,8,C47d534f6|Cc7ffd06c|Cc94eefdc,32,34,False,K5daec4d9|K0cf2de03|K5011ba81|K2e750cb4|K49be0833|K06dfdda0|Kd6073f4e,P9a55aed2|Pc4cc9811|Pfafa3247|Pb5def071|P793cfc3e,P2ed3b621,426480871.0
M29f4ce82,One for the Money,2012,1,90,40000000,en,Action,Action|Comedy|Crime,3,US,2,Cc032927b|C9b58e393,17,19,False,K52726ab3|K1451c5af|Ke578b0ae|K3bb0250f|Kfd246f7a|Kcbf64eb9,P6599de6a|P6f9169cf|P21575310|Pcd89be8e|Pf95acafc,P9db234c4,36893721.0
M5a04026a,W.E.,2011,3,120,15000000,en,Drama,Drama|Romance,2,GB,2,C39e03473|Cdc7d64dd,16,12,False,K6c76de47|Kf4eca845|K4f8a72ac|K219e091f|Kcbf64eb9,P81442d74|Pce4501b9|P6755b72e|P2c94e4eb|P56aac592,P23f1be74,868439.0
M05fff681,The Innkeepers,2011,4,100,750000,en,Horror,Horror|Thriller,2,US,2,Cc30e2d5d|Ca60d70b4,8,15,False,Kd0e4cf1e|Ka5ec14be|K32d43916|Kbe4cc7bb|K5ebde1b5|K041d845f|K7a5fbef0|Kc21c41d9,P8ec65813|P7be950af|Pb06b3dd2|P1d934f66|P6f8af89f,P5647ae15,78396.0
Mfee45e60,Big Miracle,2012,1,105,40000000,en,Adventure,Adventure|Drama|Romance,3,GB|US,3,Cd7a83b16|C1b020c70|C0110c455,38,10,False,K682d5a03|K163eb34a|Kfcbf608c|Kd6073f4e|K8c6a3bd2|Kfc575d06,Pe0243597|Pcf2e185c|Paeb3f5cd|Pf6a80736|P1dff6e01,Pbe4affaf,24719215.0
M610ef1e9,Six Degrees of Celebration,2010,4,90,5000000,ru,Comedy,Comedy,1,RU,1,C0f5c8c4c,15,9,True,K1176bfb1|K1bddc77c,Pba107c1b|P0f481784|Pcbe42b1a|Pfbc0f537|Pcee3b7c3,P97a9e6f2,22772019.0
M486c905f,Detective Dee and the Mystery of the Phantom Flame,2010,3,120,13000000,zh,Action,Action|Adventure|Drama|Mystery,4,HK|CN,1,Cdd27e8bd,6,2,True,Kb1aa9b34|K224669d4|Ke488d676|Kc6858039,Pe49def85|P737fe6e7|Pe6250301|P238bc451|P992177df,P6d402787,51723285.0
M0a9acbb0,Chronicle,2012,1,85,15000000,en,Science Fiction,Science Fiction|Drama|Thriller,3,US,4,C6cbfdb5c|C53a9ea27|C98c258fd,9,71,False,K3a893586|K3a9cfbfe|K5011ba81|K0a8098b2|Kd3adac36|K6878063f|K6ee188c7|K8e4844b2,P237b54bb|P660e1979|P2c31c831|P6d98e0cf|Pc48fcbf6,Pa00d3d99,145000000.0
M100dee7e,The Woman in Black,2012,1,95,17000000,en,Drama,Drama|Horror|Thriller,3,CA|SE|GB,8,C4b6007ad|C6cfa93a0|C14fcbad7,26,28,True,Kef728c09|K526c2540|K71bf1fc9|K9a16fa02|K7da32c41|Kfe15b25a|Kb907c78c|Ke77a22b0,Pa9ffe9b7|Paa96a2ea|P374a1989|Pec15c1cf|P95f077a9,P65874bb1,127730736.0
M2c8336cf,The Monk,2011,3,100,11000000,fr,Thriller,Thriller,1,FR|ES,1,C00a9b829,14,14,False,,P11383cde|P2afce26f|P33bf5ca5|Pb27911a9|Pc5beb7fc,P79524883,807535.0
M546ca590,The Vow,2012,1,105,30000000,en,Drama,Drama|Romance,2,US,2,C475937d3|Ceba6d050,14,4,False,K45d12a23|Kf687e8e6|K595f8623|K86ea730e|Kd40899dc|K9f8f05b8,Pca60e6c7|P4390516d|P5a9109c6|P4c3a688a|P2bab004c,P9e4c030b,196114570.0
Mde077a78,"For a Good Time, Call...",2012,3,85,850000,en,Comedy,Comedy,1,US,1,C0cbb38a2,14,24,False,K4013c5f1|Kc9e5c2e6|Kcb5a7e41|K260a379d|Kd02f8ce0,P0c46c6b0|Pc30ae126|Pe91b46db|P3d8c4551|P48d769f9,Pf9ac7480,1243961.0
M9d05ea1a,Journey 2: The Mysterious Island,2012,1,95,79000000,en,Adventure,Adventure|Action|Science Fiction,3,US,3,C6988cd6a|C593b51a0|C016bc731,10,86,True,Kbf31130c|Kf25765c8|Kaf98f72e|Kd6073f4e|Kb312f8f4,P6d77cc56|P4da7c12b|P123185a4|P5a6a43b8|Padb86a9e,Pc5288da3,355692760.0
Mf792cbd5,Chapiteau-Show,2011,4,205,2000000,ru,Comedy,Comedy,1,RU,1,Ca18fc7b5,12,2,False,K965d2159,Pc5e739b5|Pbc1d6327|P9e495b7d|P06665f01|P930cf5d5,P0ed4d210,393816.0
Maf623ce3,Kokowaah,2011,1,125,5650000,de,Comedy,Comedy,1,DE,2,Cb507b6d7|Cbbde4336,24,3,True,,Pc9c4249e|Pa0016607|P27cbc5a1|Pdc718603|P4eaa6387,Pc9c4249e,43000000.0
M01cd1697,Bodyguards and Assassins,2009,4,140,23000000,cn,Drama,Drama|Action|History,3,CN,1,Cc947fba9,18,4,False,Kb722db6a|K1308518c|K37f20444|K7cb2f9cd|K6acc67ed|Ke22b9b10|K6d7b9f81|K6c8e7672,P00eb740c|P78f437f3|P238bc451|P9e7c4ce8|Pb5f21592,P7009714e,5837674.0
M66ccddd3,Winter in Wartime,2008,4,105,4000000,nl,Drama,Drama|History|War,3,NL|BE,5,Cf1e9d001|Cd0e1f7b4|C67fc9d9f,15,19,False,Kf67016a6|K230a811e,Pe0d99208|P5e9b27ac|P5968603d|Pb72ca8b2|P8ac45a2e,Pd39828d3,530048.0
Md3f1c97a,Ghost Rider: Spirit of Vengeance,2011,4,95,57000000,en,Action,Action|Fantasy|Thriller,3,AE|US,7,Cf4478484|C4abfe3d3|C06703886,11,35,True,K02a3ddab|Kc31c8186|K95034136|K8705cd67|K12b44075|K04f1877b|K58378910|Ked907cc5,Pa2178ef1|Paa96a2ea|P835a3d0e|P05988a52|P5c76b876,P672239f8,149217355.0
Md5fde75c,Courageous,2011,3,130,1000000,en,Drama,Drama,1,US,5,C6dfc8237|Cdf58d82c|C7a5e2582,16,3,False,K3affd9f7|K648bad42,Pa218ffb6|Pa8d38430|P789d0532|P24c404f2|P20b693a9,Pa218ffb6,34522221.0
M09232d9c,Project X,2012,1,90,12000000,en,Comedy,Comedy|Crime,2,US,2,Cd36ef9f0|C3b34731f,28,17,False,Kd3764086|K25a3086d|K585e49eb|K35845391|Ka21fedad|K8e4844b2|Kffef018c|K070b703c,P91bf091d|P2333bcea|P84993317|P43a500db|P7c74a870,Pbe65bffd,100000000.0
Mff5e996d,The Lorax,2012,1,85,70000000,en,Animation,Animation|Family,2,US,2,Cd7a83b16|Cde755e9c,17,17,False,K0afc75b9|K31b25f7e|K656c15b5|Ke243d240|K19f4cb03,P2fdadb28|P6f263068|P163789ed|P06e8b61d|P92423b84,P1ed67163,348840316.0
Md65879e0,The Big Year,2011,4,100,41000000,en,Comedy,Comedy,1,US,6,Ccb5de721|C53a9ea27|C7f89a29f,18,9,False,K7e1398ba|K1451c5af|K164b8bbd|K877e62a3|Kb7bbc9ba|K03fb0425|Kd6073f4e,P66e0e26d|Pa4708d8a|P72d7d3b1|Pf38fae34|P8a5b1d2d,P88dc0e61,7448385.0
Mdddc435c,Act of Valor,2012,1,110,12000000,en,Action,Action|Thriller|War,3,US,2,Cdae08cab|Cfb7be3d8,19,44,False,Ke484fe84|K0ec301c4|K2238060d|Kf6ab0ac8|K50a71b02|Kf27a41b9|Ke488d676|K5c3f16fb,Pedb6866a|P8e9e1ae9|P7a6a40d0|P3a4271b7|Pf0662454,P47097266,81272766.0
Mcad9bfd9,This Means War,2012,1,105,65000000,en,Action,Action|Comedy|Romance,3,US,3,C53a9ea27|C5d7e3326|Caef19b2e,42,40,False,Kde32259e|K5011ba81|K8b7fdd4c|K0e67de7c|Ke16572a5|K35f014de|Kfd8ef43e|Ka39a189e,P4d20c8bc|Pb95440c1|P91f4f0f4|P918a63d2|Pdc134fa5,P6278871c,156974557.0
M05c3440b,John Carter,2012,1,130,260000000,en,Action,Action|Adventure|Science Fiction,3,US,1,C72b723b8,28,132,False,K1451c5af|Kdd65c3f2|Kcc78d910|Ka96b9d40|Ke5d6abed|K4d0bc3a5|K1d912f29|K26533889,P8f3cb8b4|P20be23ec|Pdd0e3f04|P9a2edffb|P524a1a69,Pc3a09dc7,284139100.0
Mc080c867,The Ledge,2011,2,100,10000000,en,Drama,Drama|Thriller,2,US|DE,5,C1e29a000|C61b4734a|Ca2b0fac0,12,12,False,K06ec2ec0|Kb1b2d050|Kb8d59c8d|K5ceaca2a|K5b8f74e7|K153e6530|K0bdfaae8,Pf3405eca|Pce2c4e19|P335a7a6e|P584f290b|P5744264f,P5a15ac16,610986.0
Me705570d,21 Jump Street,2012,1,110,42000000,en,Action,Action|Comedy|Crime,3,US,5,Cf4478484|C7f4b55db|C1fd82d3e,19,49,True,K5daec4d9|K25a3086d|Ka9306de8|K4013c5f1|Kb27e6995|K78d3caf5|Kf7ffd4f8|K8b5fb6b5,P4390516d|Pe13a0898|Pc1db5cd0|Pe2739e3c|P5aa1fa17,Pbac5d8c7,201585328.0
Me3bbf3ce,Lockout,2012,2,95,20000000,en,Action,Action|Thriller|Science Fiction,3,FR,3,Cc94eefdc|C0b057e79|C04b9ffb7,13,19,False,K2b746c3e|K9ad21213|K5f1c888d|K89099cca|K846673e8|K3f264905|Kfbe2cccf|K4a3ff012,P9491bef5|P7e3306de|Pc968ef4e|P252a66bf|P01aa2946,Pcc4b1de8,32204030.0
Mb00cd5fd,A Lonely Place to Die,2011,2,100,4000000,en,Adventure,Adventure|Action|Thriller|Crime,4,GB,3,Ce196d134|C71700191|C9e75fbb8,11,8,False,Ka5ec14be|K866dc592|K9136e8a9|K60686471|Kd0cbe5a2|K601f04b9|K2d60446c|K07eb013a,P13f340d8|P1e1769b9|Pd21aeea2|Pc1af2e95|P3323ac88,P22196db2,25345000.0
M70a1a327,Salmon Fishing in the Yemen,2011,3,105,5000000,en,Drama,Drama,1,GB,7,Ce09e087e|C78367188|C6cfa93a0,11,20,False,K09a778ea|Kb1b2d050|K3b3b69c7|K9317a2bf|K07236e7b|K8f47140e|K51a19256|Ka10ceebf,P87e54ca1|P5d50695a|P5264c9ae|Pa05995fa|Pa1541ba5,P2fb3774a,34564651.0
Mf207d90b,Wrath of the Titans,2012,1,100,150000000,en,Adventure,Adventure,1,ES|US,5,Ceddfe7b0|C6e250e55|C3e7bdc8f,18,31,True,Ka37bedb4|K99af97f9|Kfbd674bb|K095c6b0e|K3326aa88|K47ca0f71|Ke2b6d9c9|K24d18340,P2707d5f8|P1b4a1135|P77e8a1ca|P54a9620e|P7a26d1cc,Pf002a467,301000000.0
M985fcd0a,Iron Sky,2012,1,95,7500000,en,Action,Action|Comedy|Science Fiction,3,FI|DE|AU,3,Cf3e84f92|C93078757|C29ec216c,19,16,True,K4754e56b,Pd036a1d4|Pf4d96df6|P29c5cc08|P90531f40|P55039c0b,Pf49d3ba0,8135031.0
Ma7455111,American Reunion,2012,2,115,50000000,en,Comedy,Comedy,1,US,1,Cd7a83b16,22,11,True,Kb1b2d050|K19a14feb|K8a7cda59|K0b56af84|K99cbc5f3|K5b2310b5|Ke7d6bba6|K96ef8d1b,P3f2c2df0|P0ad01ed1|P7a5b3bd7|P7f8c65a4|Pf604a1f6,P39eed6c4,234989584.0
M68cec43c,The Raid,2011,3,100,1100000,id,Action,Action|Thriller|Crime,3,ID|US|FR,3,Cf19b4c5d|Ca1bc5779|Cba127fdc,14,16,True,K2e975c63|K65b49be5|K03f7a26f|K0b4e4e41|K84cc98e0|Ka435b8cb|Kb4036776|K81203be5,P6c570f3a|P0d855746|Pc829580e|P4d27c8ca|Pa1dfd243,P9f328108,4105187.0
Md8b8535a,The Cabin in the Woods,2012,2,95,30000000,en,Horror,Horror|Thriller,2,US,2,C78367188|C844a0995,48,79,False,K190503f8|K5a14f0ef|K13795dbe|K52d9de2e|K864297b4|K21f60e4e|Kc604e13a|K0ac1cfed,P9c1ab6c4|Pebd37a00|Pcc549572|P1f1c3397|P87f5a4a0,Pcf7ac0d8,66486080.0
M74a7ee95,L!fe Happens,2011,2,100,930000,en,Comedy,Comedy,1,CA|US,2,C394c5b85|C787223c1,25,13,False,K808b4a33|K696d8a88|K5011ba81|Kab832ca0|Keb5e7681|K8b7fdd4c|K07b14717|Kcbf64eb9,P62235ba3|P06351fdd|P2732a2d4|Pefade5c5|Pd7e06582,Pff6e0436,30905.0
M7e7fd764,Silent House,2011,1,85,2000000,en,Horror,Horror|Mystery,2,FR|US,2,C28d28240|C26c48773,6,7,False,K5ebde1b5|K71bf1fc9|Kca0f1cb3|K7aa80eec|Ka7f98209|K2e5b6728|Kb0432512|Kf321d9a6,P422425f8|Pe9862119|P4f00bba7|P0dcab1b1|Pe8f86a48,P7a597e4e,13101672.0
Me068ecf9,The Three Stooges,2012,2,90,30000000,en,Comedy,Comedy,1,US,1,C8245649b,28,11,False,Kd6073f4e,Pdd95ec23|P5ec8762c|P8aa1f449|P1fcb8ebf|Pcfe700e6,Pb3499efe,54819301.0
Mf5f75417,The Raven,2012,1,110,26000000,en,Crime,Crime|Thriller|Mystery,3,HU|RS|ES|US,1,Cdae08cab,11,20,False,K139a4140|K50f0ee0b|Kab20b5b1|K249af4ee|K9c1d6c5b|Ka2122fa4|K287c8e4b|K8fcde6a7,Pe00a4034|P7458127d|Pd24a375e|P72092b5c|P4bef844c,Pfa423e05,29657751.0
Ma6e7b3e9,Mirror Mirror,2012,1,105,85000000,en,Adventure,Adventure|Fantasy|Drama|Comedy|Science Fiction|Family,6,US,6,Cdae08cab|C766d61d3|C2976f8d7,33,33,False,K5b07d285|Kd63352e0|K37b98a59|Ke707377a|K84073ef8|Kf48bddfa|Kda70bb0c|Kb3934d8d,P9195777d|Pad1aac9d|Pff9a122e|Pa09b464d|P9986c3aa,P6e6c8672,183018522.0
M52bc0f0a,Battleship,2012,2,130,209000000,en,Thriller,Thriller|Action|Adventure|Science Fiction,4,US,4,Cd7a83b16|Cbee66776|C4de254c9,46,122,False,K7a3e26a4|Kdab9be36|K0234fea1|K6d7b9f81|Kc7cade6b|Kdbe6d9ae|K07346786|K351c21ee,P8f3cb8b4|Paa2143a1|P2469ac77|P21fc09f7|P9570f38d,Pb1ff26d6,303025485.0
Mc76f846f,The Best Exotic Marigold Hotel,2011,4,125,10000000,en,Drama,Drama|Comedy,2,AE|GB|US,2,Cf4d6a468|C4abfe3d3,19,4,True,K32d43916|K1451c5af|Kcbcfea8c|Kea7cc4a6|Kac14ea0f|Kff9366bc|K270de8c9|Kc549acfd,Pdaeaa73e|P12f8d604|P4acd4a33|Pf0ddf122|P1c4e2561,P00aa814f,136836156.0
M6d505e50,The Five-Year Engagement,2012,2,125,30000000,en,Comedy,Comedy,1,US,5,Cd7a83b16|Cd3fda92f|Cdae08cab,28,13,False,K511491fa|K2c1bbb24|Kc0bb51b1|K4dd02ee6|K00ee119f|K4b215cc7|Kb8072889|Keec6e143,P8961bd5c|P87e54ca1|P0f1e1a63|P58391045|P85ac7180,P1db15a05,53909751.0
Me3d415a6,The Lucky One,2012,2,100,25000000,en,Drama,Drama|Romance,2,US,4,C1246c604|C9ecbdc9b|C3e7bdc8f,11,4,False,K1451c5af|Kb1b2d050|K6c0ff2de|Kc68ac36d|Ke78ba31a|Kc50235af|Ka21aba08,P2fdadb28|Pbdc63578|P47faaae6|P1fe01b7b|P54849766,Pab4ba709,99357138.0
M073e02f2,Jumping the Broom,2011,2,110,6600000,en,Comedy,Comedy,1,US,5,C6dfc8237|C48a2313c|C23c9a472,11,5,False,Kf5992d2d|K6c87d899|K37daa7dc|K2d8b5b1e,P3a27ae88|Pab043648|P0e1f3b2c|P885c0e0e|Pdc134fa5,Pee8ca508,37710610.0
Mc82617f7,The Dictator,2012,2,85,65000000,en,Comedy,Comedy,1,US,1,C6146f42e,15,11,False,Kfa4c48b4,P0e1d2f4c|Pf5635fe5|Pba8673da|P040a1202|P321e1002,P2452d635,179379533.0
Macb30557,Men in Black 3,2012,2,105,225000000,en,Action,Action|Comedy|Science Fiction,3,US,5,C9710581c|Cc3bbdff1|C4abfe3d3,18,21,True,K804bfd5b|K43bab5e9|K4d0bc3a5|Ke42e4c53|K76df1027|Kf1d3553e,Pf5e36785|Pb23773f6|Pc6b524b9|Pfd3d25dc|Pe3b4e9ba,P7d51e148,624026776.0
Md74583f1,Snow White and the Huntsman,2012,2,125,170000000,en,Adventure,Adventure|Fantasy|Drama,3,US,2,Cd7a83b16|C838a3dcf,36,56,True,K8e2e025f|K79547cd1|Kd63352e0|Kda40fa6b|Kd0196534|Kf743e542|K4a91a535|K2156b2ac,Pff66170f|Pa9346d2f|Pebd37a00|P4a9b5d54|Pa34e3ce0,Pe994ba87,396600000.0
M8472473e,Chicken with Plums,2011,4,95,12000000,fr,Comedy,Comedy|Drama,2,BE|FR|DE,2,Cf19b4c5d|C2f7e53e1,14,24,False,Kb1b2d050|K15af98b2|K597f5b18|Kedc55cc4|Kcbf64eb9,P3c57fa1c|P1348a2d4|P0607cee9|Pbf7677c8|Pfbae547e,Pb69fc2c2,1428291.0
M695576aa,The Pirates! In an Adventure with Scientists!,2012,1,90,60000000,en,Animation,Animation|Adventure|Family|Comedy,4,GB,3,Cf4478484|C35902627|C691c06b2,13,57,False,Ka2390abe|K0a66eca0|K323e09b0|Kfcbf608c|Kd6073f4e,P3f407781|P72092b5c|P4c8a2eee|P91a5e1f3|Pb48255ea,P19e3ff16,118338361.0
M138d4e9c,Prometheus,2012,2,125,130000000,en,Science Fiction,Science Fiction|Adventure|Mystery,3,GB|US,4,C6cbfdb5c|C53a9ea27|Cd5a1e1a6,26,81,True,K267cc427|K7f284f24|K4d0bc3a5|K394322cb|K2441bf77|K00991e95|Kfcbf608c|K89be7522,Pd94458af|P387e3056|P9491bef5|P2ca69f9f|P5fcf4317,P54540f1f,403170142.0
M6165e2a1,Bernie,2012,2,100,5000000,en,Comedy,Comedy|Crime|Drama,3,US,5,Ce4e76224|C20b1b934|C63fe8f0c,18,23,False,Kd6d0994e|K71c0a8d5|K4a47a2cc|Kdb5eaf7a|Kef40590d|K409e401a|Ke746ab94|Kcbcb9fdf,P72d7d3b1|Peec93c55|P9d278739|Pa2f1f479|P034609a5,P6f0ffd49,9206470.0
M4cfb99d3,Inhale,2010,3,100,10000000,en,Drama,Drama|Action|Thriller,3,US,1,C8818c4ba,11,13,False,K3e04d489|K60686471|K137adf5c|Kb67ea35c|K9bddb5a5|K6d90a030|K78704ce7|K16baadd7,Padd04ad4|P8a81e10e|P1dff6e01|Peee2378c|P236e26c9,P451aa4d1,55089.0
M4700f6d5,Wanderlust,2012,1,100,35000000,en,Comedy,Comedy,1,US,3,Cdae08cab|Cecb58e4c|C9ae892a9,31,14,False,K6fb75ba3|K505fb7a1|Kad999a11|K1024654d|Kfcbf608c|Kd6073f4e,Pb33386a7|P0151a8e9|P55160022|P8ac5cc1c|P75526b5a,Pd36b57a5,24159934.0
M620bb658,5 Days of War,2011,2,115,20000000,en,War,War|Drama,2,US,4,C488db4fd|Cc0766b6b|C992f593c,13,17,False,Ked493fb4|Kb6f24f2d|K6c09605d|K51e10916,P99efd3c1|Pcfb78473|P45c72dd5|P30ae53a2|P8329d18d,Pc9ab0a9c,17479.0
Mdc0127c1,Cosmopolis,2012,2,110,20500000,en,Drama,Drama,1,CA|FR|IT|PT,10,C12d40757|C87ec3be3|C8279bee4,29,57,False,K511491fa|Ke99876ac|K40c4ef28|K60686471|Kdfc0b517|K08d1cdff|K2ec70e73|K35fbf0b0,P5397a25c|P2b0de4d7|Pefbacd44|P8d7bcd0f|Pdd0e3f04,P501bf7bf,6063556.0
M6e910e23,A Thousand Words,2012,1,90,40000000,en,Drama,Drama|Comedy,2,US,4,C6146f42e|Cfa01eb95|C82201f3c,44,36,False,K5c35eca7|Kefdf1be5,P1c7f1d9d|P32e4a7d8|P92c82f6a|Pf31846a4|P6ea9ba14,P416cd319,22044277.0
M3eb182d0,Love's Deadly Triangle: The Texas Cadet Murder,1997,1,95,14000000,en,Drama,Drama|Crime,2,US,1,C40d33ab4,15,3,False,K595f8623|K35fbf0b0|K7bb68118,P485af468|Pa85e741f|Pda9ef3f9|Pe156777b|P5eac374e,Pb7b9a9b0,161001698.0
M21a98b79,Safety Not Guaranteed,2012,2,85,750000,en,Comedy,Comedy|Romance|Science Fiction|Drama,4,US,2,Ccf39ffcc|C6d313e93,19,23,False,K804bfd5b,Pf55a640e|P984e398b|Pe63c2343|P679b3493|P455f806b,P2cd2d553,4007792.0
M935c6a2e,Madagascar 3: Europe's Most Wanted,2012,2,95,145000000,en,Animation,Animation|Family,2,US,1,C586f6404,12,15,True,K451f5b44|Kb312f8f4,Pd29fc0d4|P0e1d2f4c|P556f28bb|Pf82a31ed|P560244ba,P9c2f7edf,746921274.0
Mfdea3c1d,Your Sister's Sister,2011,3,90,125000,en,Drama,Drama|Comedy,2,US,1,C0ec94df7,6,8,False,K8f8f63a3|K526c2540|Ke578b0ae|K84d3878d|K9d42ff64|K641e9342|Kcbf64eb9,P984e398b|P87e54ca1|P7943bc19|Pf7fe9f98|P5c7865f4,Pf0657ce4,3200000.0
M51260020,Brave,2012,2,95,185000000,en,Animation,Animation|Adventure|Comedy|Family|Action|Fantasy,6,US,2,C72b723b8|C5f1dc623,15,44,False,K866dc592|Kcbf4eaa8|K6a646879|Ka6dd6393|K64866fdd|K4b5d944f|K2e6897b6|K3ddfe965,Pe64e372f|P349feb94|Pe3b4e9ba|Pec60ac6c|P15027afd,P1630b133,538983207.0
M3d1a5e43,What to Expect When You're Expecting,2012,2,110,40000000,en,Romance,Romance|Comedy|Drama,3,US,4,C5ce2cd37|C78367188|C3257102f,30,19,False,K1451c5af|K1624771e|K965e7fa3|Kd916fbd4|Kda18de02|Kf09ecec2|K728dfc95|K3b3e1443,P955f54ab|P91999fa3|P291847b2|P852e3feb|P21fc09f7,Pbdac9c54,79700000.0
Md1767663,To Rome with Love,2012,2,110,17000000,en,Romance,Romance|Comedy,2,IT|ES|US,4,Ca28b27e9|Cbcd20889|Cb38fd307,49,3,False,K19777d74|K8fc1fa45|K9cdb510b,P23c41cec|Pd6818470|Pfac84536|Pa350e788|P63d412e7,P23c41cec,73244881.0
M517e3620,For Greater Glory - The True Story of Cristiada,2012,2,145,12000000,en,History,History|Drama,2,MX,1,C888bc695,5,2,False,Kd6073f4e,P60422cb6|P45c72dd5|Pb2b28b54|P191dcec8|P85fa2fa7,P40e1cb1a,9622846.0
M97b002c7,Seeking a Friend for the End of the World,2012,2,100,10000000,en,Comedy,Comedy|Drama|Romance|Science Fiction,4,US,4,C37b54f25|C484743a4|C1b020c70,37,15,False,K8be3e267|K110f3ad2|Ka0d759f9|Kcbf64eb9,P4be68e2c|P73f53fc6|Pba2b31f5|P1651784d|P99848168,Pdcc9515e,9636289.0
Mfc1dc005,Ted,2012,2,105,50000000,en,Comedy,Comedy|Fantasy,2,US,3,Cd7a83b16|C6944d896|C06dae13e,50,83,True,K5011ba81|Keec6e143|K66d1041e|Kcdb7d4d6|Ka8ffeb96,P40d10530|Pe08ce533|Pdda26985|Pd610ea48|P0d4dd445,Pdda26985,549368315.0
M19eb5a35,Magic Mike,2012,2,110,7000000,en,Drama,Drama|Comedy,2,US,2,C6f847826|Cb10ab451,84,25,True,K075bd6d3|K841cd429|K2e0aac28|Kaa020f23|K7e2f317b,P4390516d|P9d278739|Pd80158f1|Pe00f2814|P557eaa69,Pd886c47f,167221571.0
M341d4b01,On the Road,2012,2,135,25000000,en,Adventure,Adventure|Drama,2,BR|FR|GB|US,13,C947c3de9|C12d40757|C97fa9391,17,11,False,K1451c5af|K6fcaaeb8|Ka3337f91|K60686471|K8ededc31|Kc1293130|K5011ba81|K110f3ad2,P730529f8|P531a0df9|Pff66170f|P2b24b1d6|Pd9c4efd3,P3f8ddcb0,8784318.0
M54261248,The Amazing Spider-Man,2012,2,135,215000000,en,Action,Action|Adventure|Fantasy,3,US,3,Cf4478484|C99dba64f|C06703886,57,106,True,K4eaa0722|Ke492da05|Kfd61515d|K12b44075|K0547d18b|K9c03986b|K0ed27dff|K3855800f,P3113812d|P9a467338|P85ac7180|Pb316026c|Pc5390370,Pe27e3856,752215857.0
Mbdf4b75e,Ice Age: Continental Drift,2012,2,90,95000000,en,Animation,Animation|Comedy|Adventure|Family,4,US,2,C2a29849a|C7940c1ce,37,13,True,K785ecc11|K8e1e7c6d|K2a2fd5bf|K694eeac6|K978de957|K1d2b64a9|Kece80f89|K97885405,Pcd89be8e|Pa4798128|P01fc44b7|Pb316026c|P7a5b3bd7,Pe60f6002,877244782.0
Ma2fadc13,Beasts of the Southern Wild,2012,2,95,1800000,en,Drama,Drama|Fantasy,2,US,3,Ca8ce83fc|C6205b9ea|Cc505c0d8,15,17,False,K9676e035|K0791e92e|K442c9be4|Kef91a2f8|K1350c859|Kfb9c23bc|K0439b6f7|K120465cb,Pfafabfda|Pdd64d024|P64f95266|P5538230e|P2ff984f4,P4ad4be0d,21107746.0
Md0555aed,People Like Us,2012,2,115,16000000,en,Drama,Drama,1,US,2,Cfa01eb95|C0532621e,35,12,False,Kd6073f4e,Pb95440c1|P291847b2|Pc34f45e8|Pe39be12b|P984e398b,P7cb598f9,12434778.0
M55d6e332,Savages,2012,3,130,45000000,en,Crime,Crime|Drama|Thriller,3,US,3,C619444a9|Cdae08cab|C5b766614,15,21,False,K56c900d4|Ka608ab08|Ka8ef4938|Ka44ed540|Keff777bc|Kd86fe1be|K52d9de2e|Kf63eba13,P4fc0ff75|P8f3cb8b4|P3ffa4742|P1ebfa909|Pb48255ea,Pc20617a1,82966152.0
M9f2e5180,The Watch,2012,3,100,68000000,en,Comedy,Comedy,1,US,8,Cadd28e55|Ccb5de721|C6cbfdb5c,19,14,False,Kd6a05201|Kcbc40a95|K7b0292d0|K33437310|K5011ba81|K4d0bc3a5|Kdc464b50|Kbbcbbe27,Pd29fc0d4|Pe5898b7e|Pe13a0898|P1fdb9207|P7943bc19,P249c3e73,68267862.0
Mbe9278d9,2 Days in New York,2012,1,90,8000000,en,Comedy,Comedy,1,FR|DE|BE,3,C9fc0b22f|C10ed8f4e|C94ac9dbe,39,31,True,K63569927|Ke16754ae|K63896ead|K8d218433|K2b85f5c7|K013f1243|Kfd85c6ba|K2946d5d0,Pe3fffc54|Paa341d84|P560244ba|P4a456556|Pf6d394b5,Pe3fffc54,1653792.0
M3dfc5b3a,Killer Joe,2011,3,100,10000000,en,Crime,Crime|Drama|Thriller,3,US,4,Cc67914ef|Cd4ad3ed1|C2deba38a,13,22,False,Ka38abaff|K01c1572d|Kf6d4d5a6|Kc98923f1|Ka05e8854|K635e103c|K9bddb5a5|K117559bc,P9d278739|Pa68f8508|P524a1a69|P592d3fa5|P05e9fa10,P51a13d4a,3665069.0
M3fa034db,Total Recall,2012,3,120,125000000,en,Action,Action|Science Fiction|Adventure|Thriller,4,CA|US,5,Cf4478484|C7f4b55db|Cfb6f1f16,26,29,False,K742bd1e5|K7f284f24|K71bf1fc9|K23204864|K03cb4013|Kc93026f3|Kb8ff716e|K08f05408,P7b34c4be|P1210b4c7|Pe2235564|P52f75b5b|Pdaeaa73e,Pc88313a5,198802074.0
Mc86fcaa4,Skyfall,2012,4,145,200000000,en,Action,Action|Adventure|Thriller,3,GB|US,1,Cf4478484,24,30,True,K33b2d0b2|K742bd1e5|K31065c79|K6ed603be|K01f9d499|K0d2e7f11|Kb037b384|K812768d3,P3d5ce154|Pf0ddf122|P9f0e9d1d|P77e8a1ca|P58270b08,Pc1703105,1108561013.0
M93c9edc5,Hope Springs,2012,3,100,30000000,en,Drama,Drama|Comedy|Romance,3,US,5,Cf4478484|C37b54f25|C8287d6b8,15,17,False,Kddb3c22a|Ka16e5631,P5601b6b3|P4be68e2c|Pb23773f6|P04e83853|P7aa4f1d4,P88dc0e61,114281051.0
Mb3bf79b5,ParaNorman,2012,3,90,60000000,en,Family,Family|Animation|Adventure|Comedy,4,US,2,Ccef37e26|Cd5b282b9,21,73,False,K37b23357|K0a66eca0|Kf1b1594d|Kbca37521|Kd653b7f5|K01c9a845|Kfcbf608c|K5705ad00,P853e9f27|P33526b67|P4d71e533|P852e3feb|Pddf47d8c,P41c66c9b,107139399.0
M6000db6b,Diary of a Wimpy Kid: Dog Days,2012,3,95,22000000,en,Comedy,Comedy|Family,2,US,1,C7f89a29f,19,12,True,Kc9e5c2e6|K03863ef7|Kd6073f4e,Pd51dc331|P82b6c827|P4cae73fa|P77280b6b|P2a4182bf,Pbca01d1f,77112176.0
M507cb811,War of the Arrows,2011,3,120,8000000,ko,Drama,Drama|Action|History|Thriller,4,KR,4,Ce3546f41|Cf59f3dfd|C69ffb631,11,13,False,K676ae011|Kb8912dc2,P0a3af052|P997f6b37|P0bda73bf|P007a11ea|Pa4f9f9c7,P8f0634c8,49000000.0
Med04275f,Hit & Run,2012,3,100,2000000,en,Action,Action|Comedy|Romance,3,US,4,C1b015448|Ced994d46|Cd949db57,18,34,False,Kb88365f6|K79d278c7|Kd6073f4e,Paeb3f5cd|P19f25908|P5010bf75|Pb1f38ec6|P339a7290,P19f25908,14400000.0
Ma1fcf797,Piranha 3DD,2012,2,85,5000000,en,Horror,Horror|Thriller|Comedy,3,US,3,C07f90652|C46823be3|C8714fd10,20,39,True,K19a14feb|K798f0a14|Kc4b89fa4|K63a0c4f5|Kd6073f4e|Kb312f8f4,P786adf7f|P4cf4a4d0|P57691be0|Pa2f70246|P842eb32b,P775168eb,8493728.0
M4e981a45,The Possession,2012,3,90,14000000,en,Horror,Horror|Thriller,2,US|CA,2,Cd037f327|C5b61a91e,14,77,False,,P1c5299b1|P2b2d3115|Pcfef6716|Pbf4fdc8f|P3725c9e5,Pa8be921f,85446075.0
Mfa48de75,Little White Lies,2010,4,155,25000000,fr,Comedy,Comedy|Drama,2,FR,3,Cfeba7872|C1f08d061|C0b057e79,27,21,False,K63327ad9|K01084bd3|K5c5e4382|K7cf176e8|Kb92c5fc4|Kcbd6f2f9|K39c0f1a8|Kc9c4c3bd,P9a55aed2|Pea601c7b|P44462348|P46abef34|P9b5501ce,P278197be,48531470.0
M8fbbab04,The Apparition,2012,3,80,17000000,en,Horror,Horror|Thriller,2,US,4,C668b01c5|C32d6fdc3|C3e7bdc8f,11,10,False,Kd0bf5062|K5ebde1b5|Kd9e983e4|Kff9c5036|K6b9ad492|Kaa58a17c|Kd653b7f5,P92851ed1|Pe38e74eb|Pdcf7d7b4|P796171b3|Pc848659c,P9c58f5fc,9627492.0
M78375878,Pitch Perfect,2012,3,110,17000000,en,Comedy,Comedy|Music|Romance,3,US,1,C4ddd6363,125,29,True,Kda3a8325|K696d8a88|K94571983|Ka5e5d456|K4fcfc4d1|K84a774f0|Kb92c5fc4|Kb514a248,P852e3feb|P7c5bdb2b|P731f2e79|Pbb5edd2b|P2c21d2ab,Pf4e02888,115350426.0
M68647b06,The Cold Light of Day,2012,2,95,20000000,en,Action,Action|Thriller,2,US,6,Cceb4e3c9|Cc054e56a|Cf34f145a,22,20,False,K9136e8a9|K88562b4a|K8beac702,Pa32d1e3a|P80a11e15|Pab61d2a5|Pbc324a94|P93f0cf5f,P95173b67,16863583.0
M24a00fdc,Looper,2012,3,120,30000000,en,Action,Action|Thriller|Science Fiction,3,CN|US,4,Ccb902284|C8c45c583|Cf41e8e6c,34,42,False,Kc8aa65cd|K52525103|K65612631|K89099cca|K804bfd5b|K7f284f24|K677587fb|K45012032,P8e89b53a|Pbc324a94|P87e54ca1|P6d085933|P4585ccf6,Pb023515b,47042000.0
Mc185c09e,That's My Boy,2012,2,115,70000000,en,Comedy,Comedy,1,US,3,Cf4478484|C87ffc222|Cdae08cab,28,5,False,K7df9cd9c|Kc9ad07ef|Ke3cc0b20|K03bf90ef,Pc82d1114|P105610f1|P5e8afba4|Pfbde7ffc|Peea9996a,P369cce8c,58058367.0
M4e51460d,Robot & Frank,2012,3,85,2500000,en,Science Fiction,Science Fiction|Comedy|Drama|Crime,4,US,6,C77ec1a19|C48a2313c|C3ec44829,15,23,False,K5011ba81|K4ce171fe|Kead9964a|K99cb36d3,P7985ee27|Pce2c4e19|P003a1c95|P105610f1|Pc3ac31e9,P7d995142,3325038.0
M1a331c30,Resident Evil: Retribution,2012,3,95,65000000,en,Action,Action|Horror|Science Fiction,3,CA|FR|DE|US,1,Ce4f77d56,26,19,True,Ka6194240|K7f284f24|K19a14feb|Kda5d0fe2|Kd46e7629|K8dfac82b|Kb4e75fa3|K0a1fa644,P7ba65775|P0e6fa9f3|P6b7675df|Peff3b25b|P737fe6e7,P5257d233,240159255.0
M46b592a2,The Master,2012,3,135,32000000,en,Drama,Drama,1,US,3,C80cef579|Cd8418e70|C8e445836,28,56,False,Kfaea2c22|Kd2b00110|Ka9f1b88a|K0a996b17|Kd9a34eb2|K1bc03ea9|Kb02581e1|K08fbd00b,Pdfff36db|Pfe9ae21f|P2b24b1d6|Pbdc89d4d|P1cb0d278,P39845bd4,28258060.0
Mc6dacd34,Dredd,2012,3,95,50000000,en,Action,Action|Science Fiction,2,ZA|GB|US|IN,5,C60c81b3f|C0d8ca19f|C39e03473,15,82,False,Kd6a05201|K9df93747|Ke3894268|K82a98e31|Kf60e6e9a|K03618637|K8e2e1632|K7f284f24,P7f9caf38|P3da915c5|P82a0adaa|Pc42423af|Paf0e5774,Pc89faeb1,41037742.0
M46070423,End of Watch,2012,3,110,7000000,en,Crime,Crime|Drama|Thriller,3,US,7,C11934135|C0b9f22a9|C521f2284,28,65,False,Keb5e7681|K5fd633eb|K38de4f0f|K73ca0d60|Ka0ecbd16|K1dc45a5d|K3278b466,P536a41bf|Pb3e20a3a|Pcd908470|P852e3feb|P56aac592,Pa9d23fc9,48126384.0
M96109988,The Perks of Being a Wallflower,2012,3,100,13000000,en,Drama,Drama|Romance,2,US,2,Cceb4e3c9|Cc6195434,19,16,False,K489cee79|K526c2540|Ka3337f91|Ke6244421|K54dc8d73|K6878063f|Kcf940fd1|K070b703c,P5c436162|P187f1470|P7811d95e|Pb33386a7|P18bebc62,Paaa2817d,33400000.0
Meab8faef,The Hunt,2012,3,115,3800000,da,Drama,Drama,1,DK|SE,9,Cc8ba30c0|Cf1ee73ac|C73261401,33,28,False,Kcf7d212b|K802e62e8|K5bcb4bcc|K7ff5535a|K0e0d0928|K3affd9f7|Kafa89063|K6c33796a,Pa208cfd9|Pf51b7a78|P16a0c188|Pc5d0b9eb|Pbee512a7,P903fbd22,16800000.0
M43f9cf2f,Behind the Burly Q,2010,2,95,250000,en,Documentary,Documentary,1,US,1,C077eeef5,6,2,False,K791ce7d1|K60686471|K9fe2949c|K1f41d544|Kcbf64eb9,P77bb86bd|Pe5979b1f|Pf0d05fcb|P27bd425a|P9d812d8a,P763a70aa,23859.0
M9e4fbb94,Two Rabbits,2012,1,110,2000000,pt,Action,Action|Crime|Drama,3,BR,1,Cdf51d971,12,3,False,,P30903527|Pdd823ae0|Pb5c61061|P65e9bc44|Pc0def875,P9d456df8,1620436.0
M384d1e24,Sparkle,2012,3,115,14000000,en,Drama,Drama|Music,2,US,4,C6dfc8237|C3257102f|C48a2313c,10,11,False,K4111e7e0|Kd6073f4e,Pbb894750|P67828dad|P680196b9|P885c0e0e|Pec359c6c,Pee8ca508,24637469.0
M6dd8b68f,Red Lights,2012,1,120,14000000,en,Thriller,Thriller,1,ES|US,11,C7b2811b9|Ca1fcd147|C92ff74f3,18,8,False,Kd9e983e4|K612dab15|K739dac07,Pab61d2a5|Pd9604827|P2053e144|P422425f8|P87107d44,P4e55d8d9,13551174.0
Mc7432a9f,The Paperboy,2012,3,105,12500000,en,Thriller,Thriller,1,US,4,C0e9f010d|Ce660b27b|C34affb07,18,22,False,K4cda933c|K8be79513|K6ff32a66|Ke0da61c4|Ke1c0e5e2|K25edec7e|Kf7f26b01|K5643a293,P2fdadb28|P9d278739|P8bb333ae|Pe00a4034|P7eeac4fd,P193fd6ec,1353868.0
M77dfe4f5,A Royal Affair,2012,1,135,8000000,da,Drama,Drama|History|Romance,3,CZ|DK|DE|SE,6,Cc8ba30c0|C73261401|C2305da34,42,40,False,K8e2e025f|K9244f39a|K2f314b77|Kd1f0857a|K6d90a030|Kef72052c|Ka8d815db|Kbcc2cee2,Pa208cfd9|P2da6ee78|P3d6ce273|Pd4837b27|P11149004,P8498fe56,7594693.0
M7a7b7a8f,House at the End of the Street,2012,3,100,6900000,en,Horror,Horror|Thriller,2,US,3,Cec37f9d3|Cdae08cab|C24ed6cdb,24,29,False,K4281ec01|K7550115d|K3c6f9488|K5c1c497d|Kcd601608,Pc35136a7|P32b759c9|P4f05630f|P8e8f8178|P0f38ba7a,Pc8e4a11e,44287131.0
M599cff9a,Laurence Anyways,2012,2,170,9500000,fr,Drama,Drama|Romance,2,CA|FR,1,C99395a3e,23,8,False,K683aa1bf|Ka1f5c031|K9a7a2db0|K1dd7c969|K960154c8|K9f8f05b8|K136d2f19|Kb7831a61,P5adbf979|Pf458ae9b|Pb618fee1|Pcd21bd66|P3bdbe537,Pd763e608,12250.0
M49c8e23f,Rust and Bone,2012,2,125,15400000,fr,Drama,Drama|Romance,2,FR|BE,16,C12d40757|Cb298c307|C866f81c4,14,36,False,Kcf7d212b|Kcce77c17|K9c5a3aa7|Ke18df4b5|K76c5bf51|K34b4289e|K14268449,Pea601c7b|P039fb56f|P97aa78c7|Pa77ec6df|P11358819,Pec63885a,25762027.0
Ma778b6c0,Katy Perry: Part of Me,2012,2,95,12000000,en,Documentary,Documentary|Music,2,US,4,C6146f42e|Cd927b580|C0498af6f,11,13,False,Kcbf64eb9,Pe3e7f25f|Pffd0937d|Pfc2793e0|P212a30a1|Pdcc8dd9b,Pb90183d4,32726956.0
M9a2cb959,Frankenweenie,2012,4,85,39000000,en,Animation,Animation|Comedy|Family,3,US,1,C30a4a967,10,83,False,K489cee79|K0a66eca0|K2269cdc2|K303698d7|Kffef018c|Kde5720b1|K713c04f8,P170a6c27|Pb3c10df7|Pb2cc6074|Pf5453513|P12268483,P9059d147,35287788.0
M5135ee32,Sinister,2012,1,110,3000000,en,Horror,Horror|Thriller|Mystery,3,US,5,C14fcbad7|Cf0bcd2be|C39e03473,15,14,True,Ka33df06b|Kb1823169|K825ca0e9|K23ef1841|K35fbf0b0|K43c53aeb|K4209a93a|K0507dbf2,P598f6582|P81ae8d52|P5552edf8|P33c7907b|Pedabe952,P24e998cd,77712439.0
M99e5b1a8,Hotel Transylvania,2012,3,90,85000000,en,Animation,Animation|Comedy|Family|Fantasy,4,US,2,Cf4478484|C691c06b2,24,13,True,K55cfa8fb|K79547cd1|K03f80d45|Kffb9e482|K85de5b12|K95034136|Ka633621b|Kd309184a,Pc82d1114|Pa887b05b|Pad97c69f|Pa32924dd|P82948388,Paa03148a,358375603.0
M2805865e,Argo,2012,4,120,44500000,en,Drama,Drama|Thriller,2,US,3,C0899a5fc|C3e7bdc8f|Cf9c2bf80,61,58,False,K4d54a5a1|Kb1b2d050|K7ad05542|Ke7705857|K4c45f99b|K4385ab38|Kfa019c7b|Ka608ab08,Pcde62a4b|P52f75b5b|P5ea8cfef|P7f88be6e|Pcbec6fc0,Pcde62a4b,232324128.0
M75d0326d,Seven Psychopaths,2012,3,110,15000000,en,Comedy,Comedy|Crime,2,GB,4,C7632721f|Cdd8eadf1|Cefe1531c,33,11,False,Kc8aa65cd|K30ba46ef|K511491fa|K891ad3b4|Ka37bedb4|K7a3e26a4|K9136e8a9|K35845391,P7b34c4be|P14f62872|P96737513|P3be49d96|Pc3fa4428,Pbafd66a1,19422261.0
Mc6224796,Hoodwinked Too! Hood VS. Evil,2011,2,85,30000000,en,Comedy,Comedy|Animation|Family,3,US,1,Cc75428b8,15,8,True,K55cfa8fb|K2ae7ec5e|K52d93ded|K19a14feb|K64f39905|K21f663eb|Kfcbf608c|Kd6073f4e,P6db0bf00|Pb89bdd1e|Pf948d741|Pa3b62736|P010e0927,Pd87a5bc8,13521829.0
Ma45064b4,Paranormal Activity 4,2012,4,95,5000000,en,Horror,Horror,1,US,4,C6146f42e|Cf0bcd2be|Cfeb50f4c,14,27,True,K7c0be96b|K0c67acf4|K44f50085|K52043cb9|K4f8a72ac|K45d1badc|Kb7debf2d|Kce40ebb4,P65dbc5be|P75e075f4|P58a26315|P531df96d|P38391ed2,P6c3a178c,142817992.0
M1e217321,Alex Cross,2012,4,100,45000000,en,Action,Action|Thriller|Crime|Mystery,4,US,1,Cceb4e3c9,12,31,True,Kf04475c3,Peffdff03|P4d2180f0|Pd4ba50b7|P4b31e561|Pdaba1495,P64f7b4aa,30353232.0
M1371e39f,Cloud Atlas,2012,4,170,102000000,en,Drama,Drama|Science Fiction,2,DE|HK|SG|US,8,C1f52bcc8|C687fb912|C778fe45e,30,150,False,Kfce86ae4|K89099cca|K7f284f24|Kea7cc4a6|Kd6073f4e|Ka989950b|Kcbf64eb9|K3dfddd9d,Pd8b30691|P1de24948|Pecc8fbbe|P243d60a3|P85eb8363,P482c31a3,130482868.0
Mb9ccf30c,Silent Hill: Revelation 3D,2012,4,95,20000000,en,Thriller,Thriller|Horror|Mystery,3,FR|CA,2,Ce4f77d56|Ccc28db50,22,25,True,K6e11d73b|K5c69e7fa|Kb4e75fa3|Kbb6fd82f|Kc1f1d10b|Kfeecc73f|Kf594e4b5|Kfcbf608c,P8a24d8aa|P79a9589b|Pa0abef07|P5c4ac37e|Pa5509ed0,P5b5de6db,52302796.0
Mc2432fa4,Like Dandelion Dust,2009,1,100,2500000,en,Drama,Drama|Family,2,US,0,,4,1,False,K1451c5af|Kd3103f62,Pdab4818d|P8c5e34bb|Pe272310a|P2e054780,P70934cef,352810.0
Mc4fe65f1,Killing Them Softly,2012,3,95,15000000,en,Crime,Crime|Thriller,2,US,5,C3762b402|C2dccf24a|C8e445836,20,21,False,Kde829ea0|K8341e452|Kc5b65b8c|K1451c5af|Ke7dde3b3|K87fafd88|K35fbf0b0|K68ad2759,Pc5fe07a1|Pa39a7ba5|P491039bd|P87a98968|Pb3dd3313,P3c52754a,37930465.0
M8cb327f2,The Sessions,2012,2,100,1000000,en,Drama,Drama|Romance|Comedy,3,US,2,C14db85dd|Cb51111ef,19,17,False,K9cb98d13|K47934026|Ka3337f91|Kc9b037e6|K6ee56909|K4cb5e447|K35855c84|K0507dbf2,Pfab4aa23|P455e5488|Pe66d9e38|Pec8d4dfe|Pa32c8897,P158f860d,9138338.0
Mba82aabc,Smashed,2012,3,85,500000,en,Drama,Drama,1,US,1,Cbc527e63,15,15,False,,P5ec4078e|P2055b8a2|P457fc341|Pf70b9f82|P6ef92a6d,Pa9fd5dda,376597.0
M818de206,Wreck-It Ralph,2012,4,110,165000000,en,Family,Family|Animation|Comedy|Adventure,4,US,1,C7ce0905f,66,38,True,K696abb12|Kca1740ee|K612c5674|Kf0482246|K50f13167|K78189303|K122a271f|K6e39fc31,Pff2ae6f1|P21c520f9|Pa6d5e167|P1fcb8ebf|P4f424405,P0e5a933d,471222889.0
M75949d39,Lookin' to Get Out,1982,4,105,17000000,en,Comedy,Comedy,1,US,2,Cccbfd50f|C30ed96d9,15,15,False,,Pb3cd0383|P065e487d|Pe7367b58|P1af933e0|P44251d6e,P0e1a528a,946461.0
M6cf77f85,Flight,2012,4,140,31000000,en,Drama,Drama,1,US,3,C6146f42e|C333317d5|C8f59c42c,18,72,False,Kaf5e7471|K877e62a3|K36f92a97|Kc05bfb9e|K996ed124|Kb6f0d1c6|K7c5743f4|K87eb877d,Pbbc37df2|P57744027|P630c09d9|Pc99207cc|P7f88be6e,P32776b6f,161772375.0
M75f0f197,Life of Pi,2012,4,125,120000000,en,Adventure,Adventure|Drama|Action,3,US|TW|GB,6,Cadd28e55|Ccb5de721|C53a9ea27,21,27,False,K709db681|K4fdd4469|Kef04bc1a|K765736a4|K648bad42|K8452f813|Kcf940fd1|Kb47cb5d8,Pbb248b9f|P219eba99|P3f04d5e4|P25740e88|P9925d6c9,Pfcd8ba40,609016565.0
M9a9fc34f,The Man with the Iron Fists,2012,4,95,15000000,en,Action,Action,1,HK|US,2,Ca1ff0137|Cf5ee1458,21,12,True,Kc29f41d4|K50d76002|K710f87ef|K3c6f9488|K224669d4|K71ef7357|Kd6073f4e|Ked11e34a,Pf4bdfa1a|P99abea01|P10686b2b|P9619cfd6|P26030e2a,P9619cfd6,15608545.0
Mdafefec6,Meet Monica Velour,2010,2,100,5000000,en,Comedy,Comedy|Drama|Romance,3,US,0,,5,16,False,K0f72d59b|K8cfbd3dd|Kd3103f62,P791fd83e|P888bed6b|Pabff7fb3|P4fa7fc5d|P03ba8716,Pe63a836e,31649.0
M9de2ab95,Lincoln,2012,4,150,65000000,en,History,History|Drama,2,IN|US,7,C70bb0a40|C9710581c|C6cbfdb5c,71,21,False,K2b746c3e|K64331a6b|K4b3cb02d|K4e2bb6af|K66d68ca5|Kf5038425|Kc57bcd68|K8ae9d43f,P38ff2ca0|P05a50f1e|P8e1bdae6|P8e89b53a|P20c40fce,Pcf894350,275293450.0
M24d4ad66,The Twilight Saga: Breaking Dawn - Part 2,2012,4,115,120000000,en,Adventure,Adventure|Fantasy|Drama|Romance,4,US,3,Cceb4e3c9|C773561bf|C8016c88c,56,113,True,Kffb9e482|Ke578b0ae|K84073ef8|K62af3c54|K139f0d3f|K429b8126|K72706074|Kf7575c3e,Pff66170f|P5397a25c|Pa28c68b2|P04255411|Pbf34e0ad,P9956b2eb,829000000.0
Mbe14d8bc,Red Dawn,2012,4,95,65000000,en,War,War|Action|Thriller|Science Fiction,4,US,2,C593b51a0|C8c45c583,98,15,False,K2b5d957d|K80ee6e30|K71bf1fc9|K4dab0142|Kf1e717d1,Pebd37a00|P6d77cc56|P1e8f235a|Pbc51b226|P1c5299b1,P97f0f057,44806783.0
Mf8830400,Rise of the Guardians,2012,4,95,145000000,en,Fantasy,Fantasy|Animation|Family,3,US,1,C586f6404,16,10,False,Kf8baada2|Kcf3c4678|Ke30f40a7|K212445da|Kfb5a4fac|K55c63205|K8e2b0c41|Kd6073f4e,Pb95440c1|Pa350e788|P7ad6a156|P0bae546f|Pa70948d3,Pdf764944,306941670.0
Mffc7f15e,Deadfall,2012,4,95,12000000,en,Crime,Crime|Drama|Thriller,3,FR|US,5,C668b01c5|Ca7fe7c78|C202af22f,34,51,False,Kb72a3d3e|K35fbf0b0|K5ef5e3d1|Kc8232ad2|Kf1fbe500|K9a7a2db0|K1ac404c8|Kbff33af0,Pa357a9b4|Pc34f45e8|P335a7a6e|Pf53ae90e|Pbe8d5d9c,Pa2be58e6,66351.0
M1f4aac3d,Byzantium,2012,3,120,10000000,en,Drama,Drama|Fantasy|Thriller,3,IE|GB|US,6,C7d981cd1|Cb4d8871f|C30f3517c,23,58,False,Kffb9e482|K6e6dc8aa|Kf7cb789e|K4281ec01,P975c4090|P00bfae09|P531a0df9|Pb8250c11|Pa659895e,Pa29f92aa,89237.0
M117019e2,Step Up Revolution,2012,3,100,33000000,en,Music,Music|Drama|Romance,3,US,1,Cceb4e3c9,12,11,True,K581598fd|K6138a9cd|Kff3bb993|K5b2df63f|K4c63415b,P1d0e6a1a|P39c2fd1d|P1aa61bf9|Pa5f85e0f|P9b5ba4d3,Pde2d75ba,140470746.0
M708e0e81,The Hobbit: An Unexpected Journey,2012,4,170,250000000,en,Adventure,Adventure|Fantasy|Action,3,NZ|US,4,Cfa9f1be7|C6988cd6a|C2d54d9a7,30,50,True,K71840e6c|K82d85bd6|K743ae960|K98f12e70|K62b46e1c|K38519a3c|Ke09d99ff|Kd119a8ee,P6ada0366|P247d05d5|P892642d7|P56bf7213|P7ee731d8,P715cf7f1,1021103568.0
M0bf18f48,Lay the Favorite,2012,2,95,26350000,en,Drama,Drama|Comedy,2,GB|US,3,Cfb1e6ae8|C98a0a3bc|Ccef37e26,11,5,False,K8341e452|Ke578b0ae|K9bddb5a5|K309b728a|K50722e44|K3417e84c,Pc5159ea1|Pbc324a94|P76ffd39b|P859c27cc|Pe5898b7e,P581cd374,1576687.0
M44e4d7c9,Crooked Arrows,2012,2,95,13000000,en,Drama,Drama,1,US,0,,8,3,False,Kdc87c7d5|Kd6073f4e,P7e049105|P6003493e|P4698b8bd|Paf98ea66|Pf0cae3e3,P7b974a41,1832541.0
M3e3e4f8b,Yossi,2012,2,85,500000,he,Drama,Drama|Romance,2,IL,2,C1e710cd4|Cb6a18b5b,8,2,True,K0c50837f,P8ae55ace|P565b9034|P8a97e27a|P7d24d118|P275cf9a7,P265d5e50,116207.0
Mf9dafe6c,Zero Dark Thirty,2012,4,155,40000000,en,Thriller,Thriller|Drama|History,3,US,3,Cf4478484|C8e445836|C3c07e75f,31,19,False,Kb722db6a|K4d54a5a1|K32d43916|K4d2febdc|Kae263b85|Kd0d019de|K720604eb|K4bf29bde,P5116e460|P560c0d8f|P2598469d|P098619b4|P0f1e1a63,Pb7944fa9,132820716.0
M29edbddd,Fire with Fire,2012,3,95,20000000,en,Action,Action|Crime|Drama|Thriller,4,US,8,Cf28fbfbf|C16a0b2e8|C7a9db528,17,55,False,K969ef670|Kb88365f6|K35fbf0b0|K0288d01a,Pbc324a94|Pd07cd801|Pefe166d2|P5552edf8|P08a2194a,Pfa415ab2,4636169.0
M294fe09d,Warm Bodies,2013,1,95,35000000,en,Horror,Horror|Comedy|Romance,3,CA,1,Cceb4e3c9,36,19,False,K8e2e1632|K7f284f24|K8dfac82b|Ka0214839|K7916547a|K779b67dc,P65627fc6|P94b6fc55|P28ca0a96|P99848168|Pe2739e3c,Pb63e2ce5,116980662.0
M9adca589,Jack Reacher,2012,4,130,60000000,en,Crime,Crime|Drama|Thriller,3,US,4,C6146f42e|Ca7fe7c78|C5d38df22,47,35,True,K1451c5af|K0c24b3e3|K011bc215|K0d25991c|K9824022f,P13cbd053|P34b1521d|P0ca0f182|P7eeac4fd|Pbffe8bd7,Pc9357660,218340595.0
M396ca57b,Django Unchained,2012,4,165,100000000,en,Drama,Drama|Western,2,US,2,Cf4478484|Cd8418e70,115,88,False,K52726ab3|Kcc343814|K59820160|K744c0ebb|K5011ba81|Kc5c53ac8|K9a16fa02|Ka2390abe,P20c8297f|Pb18736f0|P2cb99efe|P6ea9ba14|P5eab90f9,Pa480d3d3,425368238.0
M0588e024,This Is 40,2012,4,135,35000000,en,Comedy,Comedy,1,US,1,Cecb58e4c,26,32,False,Kb1b2d050|K6c33796a|Kd47abffe|Kd6073f4e,Pb33386a7|P4da722a4|P8961bd5c|Pff493673|P040a1202,Pf8cd7d4f,88058786.0
Me28f78c5,The Impossible,2012,3,115,42000000,en,Thriller,Thriller|Drama,2,US|ES,9,Cceb4e3c9|C03bf9635|C3e8bde00,17,11,False,K3ae80f7d|Ka1198490|Kc5dda34f|Kb213b883|K45c236aa|K67550bfb|K7151d758|K1a68a78d,P8ea19000|P5d50695a|P6c1e0f01|P4e4d945e|P8160fd61,P00112f9d,180274123.0
M78c84262,Les Misérables,2012,4,155,61000000,en,Drama,Drama|Music|Romance,3,GB|US,4,Cd7a83b16|Cdae08cab|C6816ea8d,208,46,False,Kc56ceab0|Kc5b65b8c|K50d76002|K2f8d3554|K50aad106|K965d2159|K4ad0064e|Kef0c5442,Pa70948d3|Pf4bdfa1a|Pfd2a74e7|Pea05f72b|P0e1d2f4c,P32081925,441809770.0
M654388ae,Not Fade Away,2012,4,110,20000000,en,Drama,Drama,1,US,1,C14c57614,48,23,False,Kd67871a7|K165fbb60|K0d3cfd67|Ka08a09e6,Pd1d0ef39|P87a98968|P7b1975d8|Pacb66fff|P37800ea3,Pd1918ad9,610792.0
M6f030fac,StreetDance 3D,2010,2,100,5773100,en,Drama,Drama,1,GB,3,Ce09e087e|C6473ec27|C5a7f8a39,16,15,True,Kd9ebaef7|K784b4d3e|Kcbf64eb9|Ka6d278f9,P270e5c79|Pac5653d9|P776442a0|P7e0c3c23|Pbca5705d,P0090b1f7,18144030.0
M36540ad8,Parental Guidance,2012,4,105,25000000,en,Comedy,Comedy,1,US,6,C6cbfdb5c|C53a9ea27|Ce9b365ce,18,10,False,,Pfa741633|P104d62f4|Pacdffa16|P6ab1aed2|Pabf1435e,P63c9e215,119772232.0
M4e2f4c27,The Sweeney,2012,3,110,3730500,en,Action,Action|Drama|Crime,3,GB,3,C6473ec27|C548374e4|C7b8d8499,28,48,False,K89b75a49|Kb27e6995,P0828e953|Pa0095aca|P3d8ce9aa|Pe12d51ba|P4d469574,Pcc386860,6294161.0
M8469266d,English Vinglish,2012,3,135,2840000,hi,Drama,Drama,1,IN,1,C99ac4fb0,8,5,False,Ke235feee|Kee5de369|K64331a6b|K7d90df99|K6c87d899|Kca0722bc|K047650e4|Kcbf64eb9,Pa8cd5fc9|Pdb6bfc86|P994dc9d9|P9925d6c9|P5598c3b0,P6caf2faa,11620000.0
M2690e21e,Texas Chainsaw 3D,2013,1,90,20000000,en,Horror,Horror|Thriller,2,US,2,Ce660b27b|C9f62c71e,20,27,True,K19a14feb|K6a3cb94b|Kf7dc2055|K04b71262|K4a3d8658|Kfcbf608c|Kd6073f4e,P7db9ca6b|P018a3ef1|P168f4ac1|P7145e4d6|Pa4e03e7e,P3e2f2fde,47241945.0
Mf1fa0eb2,Gangster Squad,2013,1,115,60000000,en,Crime,Crime|Drama|Action|Thriller,4,US,4,C1246c604|C3149ce9c|C3e7bdc8f,40,81,False,Keb5e7681|K25177432,Pc6b524b9|Pfc16b487|Pe28239f5|P9a467338|Pd76d11b5,P5cb24cdd,105200903.0
M82f7e3f4,The Iceman,2012,3,105,20000000,en,Thriller,Thriller|Crime|Drama,3,US,2,Cd97b41c2|Ce4826f85,40,9,False,Kd67871a7|Kc0bb51b1|Ke7dde3b3|K4bf29bde|K4ad0064e|Ka05e8854|K595f8623|Kd3958923,P58f4559e|P11a199f3|Pb3dd3313|P8164fa59|P556f28bb,Pf8580631,1969193.0
M27e67914,A Haunted House,2013,1,85,2500000,en,Comedy,Comedy|Horror,2,US,4,Ccb902284|Ce82761ec|C39e03473,16,8,True,Kb9aa4e67|Kb7debf2d|Kd6073f4e,P2d1be6b8|Paaac09a1|Pef127857|Pc7895e74|P842eb32b,P68486bce,60141683.0
M6bec58ab,Mama,2013,1,100,15000000,en,Horror,Horror,1,ES|CA,3,Cd7a83b16|C0f2e083a|Ceb169c14,7,14,False,Kadaa7b6f,P5116e460|Pa1ab47e0|Pb332800b|P59cc69e4|P67581648,P381e9b0c,146497771.0
Me4e39fc4,Upstream Color,2013,2,95,100000,en,Drama,Drama|Science Fiction,2,US,1,Cad49d854,6,7,False,K4c442588|Ke6ffbdf3|K4727f806|K95c5f181|Ke578b0ae|Kd3103f62|K0d0549f1|Ka39debe0,P39755bb7|Pdc776e3d|P4de4b3c6|P56731b88|P597214a6,Pdc776e3d,444098.0
Me7ac92eb,Broken City,2013,1,110,56000000,en,Thriller,Thriller|Crime|Drama,3,US,9,Cc2c73c36|Cd8bdad17|C2dccf24a,22,65,False,K2f8d3554|K011bc215|Kc62bc6d3|Kdea39ed5|K9a16fa02|K3aaa358d|K4642261b,P40d10530|Pf4bdfa1a|P76ffd39b|Pcfe2fbb3|P8c5e34bb,Pf2b88fc8,19701164.0
M4285075e,Shadow Dancer,2012,1,100,6300000,en,Thriller,Thriller,1,IE|GB,6,Ce09e087e|C0e57fecd|C7d981cd1,22,17,False,,Pce4501b9|P0707f4cd|Pda93cf7b|P44b954b2|P384d7805,P06acc0f0,419953.0
Mbd9b8207,Sunny,2011,2,125,3550000,ko,Drama,Drama,1,KR,1,C09730d5b,17,9,False,K612c5674|Kd3103f62|Keede16fc|K2af03737,P2ef22c50|Pc51597c4|P1e4f075a|P068b6b67|Pa0287765,P9876e784,48000000.0
M1df9ca8c,Movie 43,2013,1,90,6000000,en,Comedy,Comedy,1,US,5,C3721cb6d|Cdae08cab|Cf274536f,105,111,False,Kf047ea03|Kea7cc4a6|Kd6073f4e|Kcbf64eb9|K9d24f978,P321e1002|P9a467338|P1de24948|P5516a531|Pa70948d3,P639f8694,32438988.0
M32881b32,Parker,2013,1,120,35000000,en,Action,Action|Crime,2,US,1,C252b058b,31,32,False,Ka8d0b23e|K7c4ffc61,P4b27ca24|P91999fa3|Pe28239f5|Pbefbca66|P793b9b83,P5aaefb61,46216641.0
M9a5fa8c6,Hansel & Gretel: Witch Hunters,2013,1,90,50000000,en,Fantasy,Fantasy|Horror|Action,3,US|DE,6,C6146f42e|C295bb1fa|C0498af6f,23,24,False,K55cfa8fb|K37b98a59|K1d912f29|Kf48bddfa|K542ffc57|Kb5a55fd5|K3c6f9488|K9e66551c,P1180ab67|P00bfae09|P0303ea88|Pfa8bd9c1|P0a771383,P7aa64c61,224803475.0
M7796c8b6,The Last Godfather,2010,4,100,13400000,en,Action,Action|Comedy|Thriller,3,,0,,15,2,False,,Pfb649c8d|P6d1560b2|P21397362|P871eb1ef|Pa8c660b2,Pe8e9753d,16700000.0
Meab47aef,The East,2013,2,115,6500000,en,Drama,Drama|Thriller,2,GB|US,1,Cd5a1e1a6,15,34,False,K901329ee|K35fbf0b0|K03eb72c1|Ke15b4cbf|Kc8dafd16|K2f031f3d,P8dc1ed1f|Paa2143a1|Pd6d7ac89|P7a26d1cc|P86958292,P8010e46e,2401510.0
Mb4e13cb6,"Pink Ribbons, Inc.",2011,3,95,900000,en,Documentary,Documentary,1,US|CA,1,Cef959c55,5,1,False,K11f1900d|K34a74aa5|Ke1947c37|Kcbf64eb9,P9cf62490|Pf99ea9b0|P9c6885da|P5b21e0fc|P7410d70c,P31e5a004,25000.0
M57527a35,Side Effects,2013,1,105,30000000,en,Thriller,Thriller|Crime|Drama,3,US,4,Cac465b03|Ccb902284|C6e89df64,29,15,False,Kfb4b3fa1|Kb7d5ad7d|K35fbf0b0|Kd9198f5a|Kf21c4a93|K0ea6a725,P7ad6a156|P5a00ccb9|P76ffd39b|P4390516d|Pf6a80736,Pd886c47f,63372757.0
M5c241d0d,Beautiful Creatures,2013,1,125,60000000,en,Fantasy,Fantasy|Drama|Romance,3,US,4,C5ce2cd37|C3e7bdc8f|Ce10249c3,47,21,False,K399777ff|Kd06882ca|K79547cd1|K1cdca0c8|K2d055b5e|K87efb9c3|K69264478|K779b67dc,P40d1f4fd|Pf81fec6b|P3af08c02|Pe7fd819d|Pe4345fb3,P8079d011,60052138.0
Mdcf9873c,A Good Day to Die Hard,2013,1,100,92000000,en,Action,Action|Thriller,2,US,9,Ccb5de721|C6cbfdb5c|C53a9ea27,20,109,True,Kf10ad044|K4d54a5a1|K9ff6cdc6|K66331d63|K6851e1e0|K8a30e52f|K0a1fa644,Pbc324a94|P24e0f259|Pead051a0|P5ec4078e|P08b287b2,Pd01865f1,304654182.0
Mb70a23c4,21 & Over,2013,1,95,13000000,en,Comedy,Comedy,1,US,4,Cdae08cab|Cf274536f|Cbaaa629a,13,26,False,K30ba46ef|K17651dd4|K3263692a,Pddf782b8|P7c5bdb2b|P8ff374c2|P43b7da8a|Pf414c62e,P48159fe3,48065672.0
M1350a50e,Safe Haven,2013,1,115,28000000,en,Romance,Romance,1,US,2,C7d05ff6c|Cdae08cab,21,15,False,K1451c5af|Kc5a122eb|K1355f779|K8069284a|K3cb25fd0,Pba521112|Pd07cd801|P12b6482a|P8bff665a|P4e910ddd,P2fb3774a,97594140.0
Mdb339ca5,Elles,2011,3,95,4000000,fr,Drama,Drama|Romance,2,FR|DE|PL,7,C77a1c285|C038e2523|C03a225e1,25,3,False,Ka7984eec|K511491fa|Ked493fb4|Kb1b2d050|K434779d5|K2c5ec680|K017ae580|K6b8633b0,P2b0de4d7|P055487aa|P4f8529c1|P8ff0b857|Pd9cfa431,Pbb0fd856,911466.0
Mc99ea78b,The Act of Killing,2012,3,115,1000000,id,Documentary,Documentary,1,DK|NO|GB,4,Cfec0cbd4|Caf99894b|Cd7c4ba03,10,32,False,K9df93747|K65cf7a95|K3a4f3ee0,Pbe7db4b4|P58d2c5b6|P2bbfb7be|P5be768fe|Pf3438b37,Pf5a499aa,444575.0
Mc180067e,Universal Soldier: Day of Reckoning,2012,4,115,11500000,en,Thriller,Thriller|Action|Science Fiction|Horror|Mystery,5,US,3,Ced99e004|C61b4734a|Ceaef4586,19,27,True,K6a3cb94b|Kb5a55fd5|Kd6ef690c|K1774a51c|K13dc82ab|K3c706261|Kc5077db5,P7ff40d0f|P10e2ab46|P3a2425fc|P9d5b94c0|Pdf5cc66e,P8017d4c3,1402307.0
M0440a825,Escape from Planet Earth,2013,1,90,40000000,en,Animation,Animation|Comedy|Adventure|Family|Science Fiction,5,CA|US,3,C3357d6dc|C36c4551e|Ccc2f1425,17,13,False,K6b674f5c|K4d0bc3a5|Kb8281719|K66331d63|K5cfd6def|Kfae7a03b|K0062a513|K1b83f3e6,P02dbf1fc|P99848168|P5167078c|P32d7cd09|P95b0bcf1,Pa56b8d95,74597643.0
M156fe4e3,Before Midnight,2013,2,110,3000000,en,Romance,Romance|Drama,2,GR|US,5,C825a8443|Ce4e76224|Cf9a0d8fc,17,35,True,K32d43916|K31249f48|Ke7253a00|Kf0265e5f|Kf8baada2|Ka4c44306|Kc5c53ac8|K77830caa,P598f6582|Pe3fffc54|Pbdbfef12|P4c04c3b5|P12959858,P6f0ffd49,11176469.0
M56caf069,Snitch,2013,1,110,35000000,en,Thriller,Thriller|Drama,2,US|AE,5,Caed2054d|Cf4d6a468|C4abfe3d3,22,25,False,Kcf7d212b|K595f8623,P4da7c12b|P8c5e34bb|Pb7c83a72|P105610f1|P023d3a68,P011dfb56,42930462.0
M50bffed4,Dark Skies,2013,1,95,3500000,en,Science Fiction,Science Fiction|Thriller|Horror,3,US,4,C14fcbad7|Cf0bcd2be|Ccdff349c,27,71,False,K5ebde1b5|K5489feee|K4d0bc3a5|Kaa58a17c,Pe896c281|P6fc51e8f|Pde4ac769|P8b74a486|Pe50136ef,P50f36f6a,25174316.0
Mdbb5a021,A Coffee in Berlin,2012,3,90,300000,en,Comedy,Comedy|Drama,2,DE,4,Cfeaa7063|C16eebfd1|Cf6511261,36,12,False,,P748a5346|P1a687ae0|P58afa7e2|P301ab93f|Pafaa9779,P2613236d,2750275.0
M7abfb88a,Jack the Giant Slayer,2013,1,115,195000000,en,Action,Action|Family|Fantasy,3,US,6,C6988cd6a|C7f4b55db|Ceddfe7b0,46,108,False,K3429bcad|K7d794e10,P65627fc6|Pea1949cc|P5d50695a|Pae29ae2b|Pa34e3ce0,Pe52532d6,197687603.0
Mad4542be,The Last Exorcism Part II,2013,1,90,5000000,en,Horror,Horror|Thriller,2,US,2,C668b01c5|Cdd8eadf1,7,3,True,Kb7debf2d,P9dbd99fb|P945450a3|P4de4b3c6|Pfd345166|P126036a7,P7773d5d7,15179302.0
M33775d26,Stoker,2013,1,100,12000000,en,Drama,Drama|Horror|Thriller,3,US,3,C9ea1bb4a|Cd5a1e1a6|C484743a4,19,14,False,Kfcf79c07,P35231746|P8bb333ae|Pd4288e7a|P1dff6e01|Pc8f4d4c4,P899f2d41,12077441.0
Mfa07edcc,Phantom,2013,1,100,10000000,en,Thriller,Thriller,1,US,3,C6e2c8b87|C5c6002ff|C697c12cd,15,44,False,Ke484fe84|K9d999169|Kcb866ff6,Pceb538c7|P301fb6b8|P30683d6f|P416ef296|P1e156a17,P635695ea,1034589.0
M1c2bd902,Oz: The Great and Powerful,2013,1,130,200000000,en,Fantasy,Fantasy|Adventure|Family,3,US,2,C72b723b8|C838a3dcf,159,31,False,K22aa7ca6|K55cfa8fb|K79547cd1|K4727f806|K2aaf35f7|K0d6d3b22|K1af38959|Kd119a8ee,P58bca367|Pe08ce533|P614f6326|Pcadac074|Pfc9fb1db,Pb8906202,491868548.0
Mb904a1cf,The Croods,2013,1,100,135000000,en,Adventure,Adventure|Animation|Comedy|Family|Fantasy,5,US,1,C586f6404,8,14,True,Kcfa763a9|K137adf5c|K3affd9f7|K74f9fa70|K38fdc8cf|K2d8b300b|K9a7a2db0|K4dbea4d9,Pa2178ef1|P9a467338|P6b87f42a|Pe94da565|P5a51d88d,P55065474,585178928.0
Md84cd2de,Burn,2012,4,85,225000,en,Foreign,Foreign|Documentary,2,US,1,Ce883b51e,3,2,False,K08665fa5|K502356a3|K5f3faeaa|K549c4579|Kcbf64eb9,P5edd6839|Pbd21f070|P2a06bcb2,Pe2620298,111300.0
M5d9e523d,The Incredible Burt Wonderstone,2013,1,100,30000000,en,Comedy,Comedy,1,US,3,C6988cd6a|C72f5c2a1|C9c6db300,15,29,False,K79547cd1|K309b728a,P4be68e2c|P3831e867|Pa887b05b|Pc34f45e8|P87a98968,P41530e40,27437881.0
M6eb637da,Spring Breakers,2013,1,95,5000000,en,Drama,Drama|Crime,2,FR|US,8,Cbae3db82|C35fe1a35|Cd2f89087,10,67,False,Ka7984eec|K511491fa|K841cd429|Kcf15988c|K60686471|Ka5e5d456|K35845391|Kb14b6db0,P58bca367|P82948388|P5a6a43b8|Pfd74110e|P8011db18,Pd96f5474,31724284.0
M53e0662a,I'm So Excited!,2013,1,90,5000000,es,Comedy,Comedy,1,ES,1,Cff0e5325,26,21,False,K877e62a3,Pd761e806|Pfac84536|P5356849b|P6944ecc6|P3c5ee271,Pd0704ab7,11724119.0
M713c335b,The Call,2013,1,95,13000000,en,Crime,Crime|Thriller,2,US,6,C6dfc8237|C61cd275e|C4859da39,11,15,False,K04f0a53b|Ke63eacc3|K9136e8a9|K35fbf0b0|Kca0f1cb3|Ka2122fa4|K1797df49|K679c3332,P1de24948|P00b5326f|P7ec7e10c|Pb0fb4d19|P87a79958,P5aec6bd6,68572378.0
M25f65941,The Place Beyond the Pines,2013,1,140,15000000,en,Drama,Drama|Crime,2,US,3,C9b58e393|Ce9d09d84|Cc174957b,33,22,False,K9df93747|Kcf7d212b|K8997685b|K967a939d|K58378910|Kcec27f06,Pfc16b487|Pc34a6901|P750e20b3|P237b54bb|P7103bb2b,P71f0e9fe,35485608.0
M7fd9c0f9,The Host,2013,1,125,44000000,en,Action,Action|Adventure|Romance|Science Fiction|Thriller,5,US,4,Cb21477d1|C2c293c29|C216db64c,36,19,False,K1451c5af|K4f1bb2e0|K7f284f24|K22d7e348|Kbbcbbe27|Kd6073f4e|K7916547a|Kc65a4a1a,P975c4090|P8a81e10e|Pb3a57dd1|P9cf8177c|P28a79bd6,P42e304f0,63327201.0
M18d6b365,Admission,2013,1,105,13000000,en,Comedy,Comedy|Drama|Romance,3,US,1,Ccef37e26,29,5,False,K617a0f79|Kd4005844,P73249322|Pb33386a7|P66319b2e|P64f6a790|P74d8dac0,P2b3f2097,18000000.0
M5be9cd91,Hey Ram,2000,1,200,3900000,ta,Drama,Drama|Foreign,2,IN,1,C89a6117d,23,18,False,Kb722db6a|K90a69de9|K706bcd22|Kef04bc1a|K2fb3e115|K9a16fa02|Ka63c2b67|K0bdfaae8,P3d9d7a6d|Pa6041114|P3342e2ae|P318fee5e|Pdcf92da9,P3d9d7a6d,4900000.0
M6184db0e,Evil Dead,2013,2,90,17000000,en,Horror,Horror,1,US,3,C6dfc8237|Cd037f327|C8c45c583,14,51,False,K71bf1fc9|Kf0ee355f|Kcae9adb0|Kd6073f4e,P57ec62cb|P86958292|P89e5e757|Pc16a5226|Pc166203f,P1ee4cf11,97542952.0
M4917af95,Trance,2013,1,100,20000000,en,Thriller,Thriller|Crime|Drama|Mystery,4,GB|FR,4,Cc5c5e5c9|C364a6cb1|Cd07b32ff,15,20,False,Kf687e8e6|K7da41875|Kc1028be6|K0b03e1bf|Kd6073f4e,P443289f8|P11383cde|Pefe166d2|P89988f47|P3a6e34ba,P8c6407a8,24261569.0
M8520bdb0,42,2013,2,130,40000000,en,Drama,Drama,1,US,1,C3e7bdc8f,23,43,False,K220573b1|K4385ab38|Kdc87c7d5|K884fb130,P0c3db016|Pb02afa0f|Pfa43d9be|P9eeff9dd|Pd67102cc,P2c8c6040,95020213.0
M248d1c78,Love Is All You Need,2012,3,115,5500000,da,Comedy,Comedy|Romance,2,DK|FR|IT|SE|DE,2,Cc8ba30c0|Cfb67af9c,25,14,False,K62a68d17|Kb8d59c8d|K34a74aa5|K787b956a|K6c87d899|Kf1412deb|Kcbf64eb9|Kcddbeb99,Pc745bfc7|Pc363f373|P6582be21|Pd83ac841|P423565b0,P5f9f15b6,10016934.0
M78b129d6,Disconnect,2012,3,115,10000000,en,Drama,Drama|Thriller,2,US,5,C78367188|Ce3ef5f73|Ccf013811,22,10,False,K9a97b678|Ka27c80f8|K8bb47c73|K1ec34a52|K59e64369,Pd99e7ba1|Pe8b36871|P4cb5b658|P3a27ae88|P78b6b250,Pb124ff2c,3428048.0
M248e7962,Scary Movie 5,2013,2,85,20000000,en,Comedy,Comedy,1,US,1,C07f90652,19,22,True,K19a14feb|Ka9306de8|Ke0dd090a|Kfcbf608c|Kd6073f4e,P238b7b94|P738b78a5|P79a733fb|P1f2640df|P7a713a5d,P15491de3,78378744.0
M2ed5648b,Pain & Gain,2013,2,130,25000000,en,Thriller,Thriller|Crime|Action,3,US,2,C6146f42e|C260d7df4,25,18,False,Kf01a1f7b|K7089ab26|Kf1fbe500|K45b5b8e5|K6d7d9598|Kd6073f4e,P40d10530|P4da7c12b|Pde213099|Pf423dbcb|Pceb538c7,Pbac03e2c,86175291.0
Ma5241de7,Home Run,2013,2,115,1200000,en,Drama,Drama,1,US,2,Cad2653b6|Cdf58d82c,14,6,False,K220573b1,Pa74a9201|Pa449f6c6|P57ea6cb9|Pdb85809d|P3f5734f2,P8c85da96,2861020.0
Mc6f8bc2e,The Grandmaster,2013,1,130,3860000,zh,Action,Action|Drama|History,3,CN|HK,6,Cd8418e70|Ca035d745|C8b326944,14,10,False,K1308518c|K6d7db2b4|K4385ab38|K1e55e1dc,Pb3242959|P552b9995|Pb6f28d2a|P433907da|P9cc22245,Pd0e5d22f,64076736.0
M5af679b0,This Is the End,2013,2,105,32000000,en,Action,Action|Comedy,2,US,4,Cf4478484|C37b54f25|Cc6c76810,27,43,False,K5c0670e8|K038c8dca|Ka7d35b39|K5011ba81|K09ae40ae|Kba7e4369|K35845391|K31d67b3d,P58bca367|Pe13a0898|P32730d58|P476f3956|P00297e99,P32730d58,126041322.0
M1d7640eb,Late Autumn,2010,3,115,6200000,ko,Drama,Drama,1,CN|US|KR|HK,3,C52088ea8|C116af045|Cb1f703f3,6,2,False,,P86630876|P5ced2109|Pb3c26b82|P216902c3|P1ec9f56b,P06ef91b6,4820000.0
M3f2a42fa,Mud,2013,2,130,10000000,en,Drama,Drama,1,US,2,C24ed6cdb|Ca157166c,13,17,False,Kbf16afac|Ka3356dfa|K1ec8dfa8|Kc8232ad2|K7d6688ec,P9d278739|Pb7a50fd8|Pf723d392|Peee2378c|P4d20c8bc,P003d3506,21587700.0
Mb0b98e2f,The Great Gatsby,2013,2,145,105000000,en,Drama,Drama|Romance,2,US|AU,6,C1246c604|Cd2458bcc|C3e7bdc8f,31,18,False,K1451c5af|Kb8d59c8d|K443b5d4d|K4727f806|Kb312f8f4,P2cb99efe|Pf9bb3d0b|P15e5c99e|P098619b4|P2ac8bdfa,P53b7ebbb,351040419.0
Maada9d87,The Internship,2013,2,120,58000000,en,Comedy,Comedy,1,US,5,C6cbfdb5c|Cc2c73c36|C2d76984f,117,20,False,Kecfc7d39|Kb41468f7|Kf99395b8|Kb4303256|K00a1e654|K9d4c78d2|Kecb1cfae,P66e0e26d|Pe5898b7e|P7b418b7c|Pfde2b44e|Pba8673da,P6d9a86b4,44000000.0
M4743195d,Only God Forgives,2013,2,90,4800000,en,Drama,Drama|Thriller|Crime,3,FR|DK|SE|TH|US,5,C47d534f6|C8b326944|C8512fcd5,11,7,False,Kefe0a483|Ke5024188|K15a34031|K496d2cff|K86d1bc34|K83f8d649|K7fa0ec70,Pfc16b487|P5264c9ae|Pf4f0cc2d|P9327d81e|P748c73b3,P82d4a2a3,10337387.0
M86481f06,The Hangover Part III,2013,2,100,103000000,en,Comedy,Comedy,1,US,2,Ceddfe7b0|C3b34731f,32,92,True,K19a14feb|Kc05bfb9e,Pc34a6901|P06e8b61d|P27550147|P8a2232bf|P0d0c464d,P4f384f09,362000072.0
M891ffda6,Fast & Furious 6,2013,2,130,160000000,en,Action,Action|Thriller|Crime,3,US,9,C9d5bb40c|Cd7a83b16|C7f4b55db,52,132,True,Kb6334c56|K19a14feb|Kf1fbe500|K7b0dfbd5|Ka7d37777|K3735e30d,Pb2d28ee6|Pbbb2aadf|P4da7c12b|Pb1da65f4|P6b7675df,Pada1eb31,788679850.0
M9abbdc00,Epic,2013,2,100,100000000,en,Animation,Animation|Adventure|Family|Fantasy,4,US,2,C2a29849a|C7940c1ce,25,23,False,K442c9be4|Kba1b70ed,P6d77cc56|Pea05f72b|P7b34c4be|Pf12075fd|P519cb2cd,P01fc44b7,268426634.0
Meeb57f73,The Past,2013,2,130,11000000,fr,Drama,Drama|Mystery,2,FR|IT|IR,2,C76cf9bad|C108338ce,13,11,False,Kc8aa65cd|Kc6484f9a|Ka235aaf3|K6dd556ee|K8d86fd42|K33dc8956,P790d9cfe|P4fe461da|Pd867d8d1|Pd1b771df|P630cdcbb,Pb0c15e34,10631747.0
Mc14455cc,Down Terrace,2009,3,90,31192,en,Drama,Drama|Action|Comedy,3,GB,0,,9,3,False,K35fbf0b0|Ka646ca77|K413c26e3,Pc420a98f|P908fcd17|P0ec1b759|P8fbedb40|Pd883a3fe,P15a054b0,10000.0
M461ba36a,The Lords of Salem,2012,3,100,1500000,en,Horror,Horror|Thriller,2,CA|US|GB,5,C14fcbad7|Cf0bcd2be|C39e03473,43,32,False,K55cfa8fb|K8713c8eb|K8f125d68|Kc76cda06,P08ca3f94|P12a17d60|Pba307383|P751c6a0d|P3862977f,Pcbacae17,1165882.0
M315879f9,After Earth,2013,2,100,130000000,en,Science Fiction,Science Fiction|Action|Adventure,3,US,3,Cf4478484|Cb3e71746|Cfb761d03,19,86,False,K7f284f24,P9cf6d4a6|Pf5e36785|Pd8ccd5f8|Pb1a83eac|P1587a214,P0e4432bf,243843127.0
M72f218e9,Special Forces,2011,4,110,10000000,fr,Action,Action|Drama|War,3,FR,6,C668b01c5|Cc94eefdc|Cd69a3137,15,12,False,Ked493fb4|K9136e8a9|K9de0b72d|Ke4105161|K43727838|K7c136f6c|Kb8281719|K51e10916,P8a81e10e|Pba7f0b0a|P44462348|P672393d7|P112bab1e,P9354861f,10759.0
M15967b8f,Redd Inc.,2012,4,95,500000,en,Thriller,Thriller|Horror|Comedy,3,AU,1,C902c38fc,11,6,False,,P63c84276|Pb21d28ee|P24109a09|P5b86b243|P41dd6239,Pa7632b13,1000000.0
M7c7d2191,The Way Way Back,2013,2,105,4600000,en,Comedy,Comedy|Drama,2,US,3,C9ea1bb4a|C57740895|C8238341a,13,18,False,K489cee79|Kfbde6d20|K9033eb93|K51729822|K5011ba81|K2d5b6229|K6eadcfd9|K91d31f90,P0af8367f|P4be68e2c|P174e117d|Pb6a433d3|P14f62872,P1f06aaa9,23198652.0
Mc2bbff9d,Man of Steel,2013,2,145,225000000,en,Action,Action|Adventure|Fantasy|Science Fiction,4,GB|US,5,Ceddfe7b0|C3e7bdc8f|Cdf63d6a2,33,48,True,Kd3ee2033|K38b4fde2|K04f1877b|K923101f0|K2f9c1556|Kbbcbbe27|K3855800f|K741a26f2,Pa32d1e3a|P2b24b1d6|P58f4559e|P02f4f983|P938e6548,P7dac83b0,662845518.0
M31aa88d0,The Big Wedding,2013,2,90,35000000,en,Comedy,Comedy,1,US,2,Cf5b3e50e|Cc88b2123,24,12,False,K1624771e|K33437310|K33dc8956|K6e33e1bb,Pd9604827|P581ee292|P6599de6a|Pea05f72b|P88f192ec,Pe964104b,21819348.0
M14307a2a,The Purge,2013,2,85,3000000,en,Science Fiction,Science Fiction|Horror|Thriller,3,FR|US,5,Cd7a83b16|Cb298c307|C46f771f9,15,11,True,K7f284f24|K2115d9e8|Ke64ecf1a|Kd1603780|Kdd973b74|K500cf5fd,P82a0adaa|P598f6582|P82e5bf71|P7c494871|P6bc20100,Pf8e97d35,89328627.0
Ma8a90761,The Bling Ring,2013,2,90,15000000,en,Drama,Drama|Crime,2,US,2,C6da91d6f|C7300e0bc,29,15,False,K09ae40ae|Kba7e4369|K5852d5b1|Ka646ca77|K0fd60dc2|K7b334d40|Kca9ab0e0|Kcd97a98f,Paab79001|P73abda5c|P187f1470|P56e3a073|P8879a8a8,Pfc1993d7,19145732.0
M4ba35f61,Monsters University,2013,2,105,200000000,en,Animation,Animation|Family,2,US,2,C72b723b8|C5f1dc623,24,13,True,K038c8dca|Ka8535bbd|Kaf767ab6|K346367d7|Kc9e5c2e6|K4e408e8a|K2263a56d|Kfcbf608c,Pfa741633|P7f88be6e|Pa887b05b|P2076b2ad|Pe3007a16,Pad3c9535,743559607.0
Mc1d94069,Maniac,2012,4,90,6000000,en,Horror,Horror,1,FR|US,4,Ca26ea17b|Cc3140214|Cc94eefdc,27,12,False,K1199c976|K8adfda3c|K71bf1fc9|K35fbf0b0|K6a3cb94b|Ka2122fa4|K9548f3dd|K26ddc953,P6f0b74b5|P3649d720|P6624dc8b|Pfde08b34|P9a600e51,Pd3de7d99,31081.0
M597c38d8,Pacific Rim,2013,3,130,180000000,en,Action,Action|Science Fiction|Adventure,3,US|CA,4,Ceddfe7b0|C3e7bdc8f|C3a740ac6,43,27,True,K7f284f24|Ke4884854|Kddaadb9a|Kc79d101b|K812768d3|Kd6073f4e|Kb312f8f4,P2ca69f9f|P335a7a6e|P004c5399|Pf7136100|Pd6041171,P2b09a029,407602906.0
Macb453c9,The Best Offer,2013,1,125,13500000,en,Drama,Drama|Romance|Crime|Mystery,4,IT,6,C99f9a8ab|C3e7bdc8f|C5a96a571,17,6,False,K9636e000|K379fccbe|Kd1a3e1b3|Kbef4ea35|K64395df8,Pee871f87|P85eb8363|P27344277|P38ab614f|P2a9f0075,P7c2acb8c,19255873.0
M65a0341f,World War Z,2013,2,115,200000000,en,Action,Action|Drama|Horror|Science Fiction|Thriller,5,US|MT,7,C6146f42e|C0899a5fc|C5d38df22,22,31,True,K7f284f24|Kc79d101b|K8dfac82b|K16f3ad99|K7aa38718|Ka0214839,Pc5fe07a1|P2f2b490d|P64bcd31f|P0674a0b5|P3782b006,P6621f3f1,531865000.0
Me9893f4f,Elysium,2013,3,110,115000000,en,Science Fiction,Science Fiction|Action|Drama|Thriller,4,US,7,C6dfc8237|C6944d896|Cc6c76810,24,118,False,K7f284f24|K4a3ff012|Kef96bc40,P9d23789b|P312369ee|P4b73cb04|Pbc2fbf24|P906305c0,Pe25f8fa0,286140700.0
Mc2a5c11a,Despicable Me 2,2013,2,100,76000000,en,Animation,Animation|Comedy|Family,3,US,2,Cd7a83b16|Cde755e9c,39,31,True,K742bd1e5|Ke4fa9ea2|K01f8fc04|K2d8b300b|Kd6073f4e|K9e1a6b25|Kcb2b72ac|Kb312f8f4,P4be68e2c|Pfbcea453|Pf4ed54bb|P0e239020|Pffd0937d,P56d03fab,970761885.0
M9c93e185,White House Down,2013,2,130,150000000,en,Action,Action|Drama|Thriller,3,US,4,Cf4478484|C486ae29a|Cb10ab451,21,22,False,K2b746c3e|Kda5d0fe2|K397177e8|Kcd40bb99,P4390516d|P20c8297f|P730e1d0f|P3ded3528|P0ca0f182,P916a7de7,205366737.0
Mf0ef9f34,The World's End,2013,3,110,20000000,en,Comedy,Comedy|Action|Science Fiction,3,GB,4,Cd7a83b16|Cdefa0672|Ccef37e26,55,11,False,Ka0d759f9|Kc79d101b|Kd8d4eb0f|K3a81c44c,P77e32dde|Pde9a236a|P247d05d5|P3465fde8|P5564cba8,P42d4c0d3,46089287.0
Me2fdb4c9,The Heat,2013,2,115,43000000,en,Action,Action|Comedy|Crime,3,US,6,Cadd28e55|Ccb5de721|C6cbfdb5c,23,14,False,K9c580a0a|K4869d83d|K8b5fb6b5,Pbf6fd3c6|Pc90073ad|Pfd4cb25f|P555ee1d0|P8db1b3f4,P224abeff,158674180.0
M279b31d6,The Lone Ranger,2013,3,150,255000000,en,Action,Action|Adventure|Western,3,US,6,C72b723b8|C4fb6882a|C2098dde5,60,35,False,Kf6d4d5a6|Kd081507d|K2b5cdafa|K9a1562f0|Kb72a3d3e|K6bf58623|K66331d63|K7da32c41,Pd34c4eab|Pff9a122e|P416ef296|Pe42cb422|P3782b006,Pb3125d33,89289910.0
Mad3623f1,The Spectacular Now,2013,3,95,2500000,en,Comedy,Comedy|Drama|Romance,3,US,4,C2d76984f|Cbea7817c|C15fcf131,29,18,False,K1f1ba69c|K6878063f|K8e4844b2|K070b703c|K779b67dc,Pddf782b8|P339a05e4|Pc1db5cd0|P286cd28a|Pdd63b977,Pa9fd5dda,6854611.0
M05166e48,Bhaag Milkha Bhaag,2013,3,185,4600000,hi,History,History|Action|Drama,3,IN,1,C6adae5ef,15,21,False,K34c58965|K7a3e26a4|Kf32b54ae|K2f73b47d|K4385ab38|K16600711|Kfc7d5102|Keec6e143,P6351c860|P2231ba11|P413176a7|P8123cfe4|Pa2cf689c,Pa631f12a,25000000.0
M2ea9d542,R.I.P.D.,2013,3,95,130000000,en,Fantasy,Fantasy|Action|Comedy|Crime,4,US,3,Cd7a83b16|C7f4b55db|C9a28f4be,35,33,False,K68d34ab1|K1c0e5389|Kb72a3d3e|K9a16fa02|Kdffaf2fb|Kd653b7f5|K8a0e82de,Pdfa9d578|P6b87f42a|P2aace9ed|P75ffb684|Pd4a36cd3,P9bb573ea,61648500.0
Mf7d7b2f7,The Conjuring,2013,3,110,13000000,en,Horror,Horror|Thriller,2,US,3,C6988cd6a|C4a39b77e|C36bfcc3f,23,50,True,K8f8f63a3|K719e729e|K04868029|K595f8623|K3ee73455|K77991a82|Kd653b7f5|K3a1db897,Pf3405eca|P20165b8b|P822a5444|Pe5752711|Pfb548939,P0ace500a,318000141.0
M0707e3bb,Turbo,2013,3,95,135000000,en,Animation,Animation|Family,2,US,1,C586f6404,12,11,False,Kcc576f2d|Kb6334c56|Kf8baada2|K0bc8eb9e|Kf3b60d20|Ka05aa0d9|K20b78404|Kc5c53ac8,P6b87f42a|P8d7bcd0f|Pb3e20a3a|P5eab90f9|Padb86a9e,P340766d3,282570682.0
M9f16a79b,The Wolverine,2013,3,125,120000000,en,Action,Action|Science Fiction|Adventure|Fantasy,4,GB|US,6,C6cbfdb5c|C3b4ef1a3|C06703886,22,82,True,K94d1fa6a|K8f34cc69|Ka6194240|K7be894cf|K12b44075|K04f1877b|K923101f0|K2f9c1556,Pa70948d3|P00f58b13|P0303ea88|P565f131f|P1fb631cc,P1783672c,415440673.0
M9a569434,2 Guns,2013,3,110,61000000,en,Action,Action|Comedy|Crime,3,US,4,C9d5bb40c|C912e4a96|C11934135,44,33,False,Kb7b43807|Kfb93ab74|K923101f0|K9bddb5a5|Kc8232ad2|Kcec27f06|Ka44ed540,Pbbc37df2|P40d10530|P3a27ae88|P0fd4f855|Pb08ae3d9,P451aa4d1,131940411.0
Mc4710815,Lost in Thailand,2012,4,105,2200000,zh,Comedy,Comedy,1,CN|TH,1,Cc35ffe95,6,1,False,,Pf65d73ce|P0955e06a|Pb85f016c|Pcf3585bb|Pa1236399,P0955e06a,208000000.0
M258b3c1d,Blue Jasmine,2013,3,100,18000000,en,Comedy,Comedy|Drama,2,US,1,Cf7459051,17,13,False,K2c1bbb24|K8f8f63a3|Kc343c0fd|Kaf002c80|K4d71e362|Kb9ca163b,P7ee731d8|Pa350e788|P3282819d|Pb6fdc6b8|Pb3139999,P23c41cec,99206215.0
Ma91ac47e,The Great Beauty,2013,2,140,12400000,it,Comedy,Comedy|Drama,2,IT,14,C12d40757|Cf8519d62|C8233771f,16,32,False,K30ba46ef|K19777d74|K2b024aec|K1451c5af|K17651dd4|K4d23e9ec|K60686471|K4f7fe086,P633fea9f|P62a9eb08|P4ed8407b|P5437c06f|Pea6bb0b4,P51081a97,8371085.0
Me3af1c6c,The Canyons,2013,3,100,250000,en,Thriller,Thriller|Drama,2,US,4,C565d29cb|C662e5d21|C4d56279c,18,32,False,K511491fa|K06ec2ec0|K70733318|K60686471|K0de19f1e|K936368ab|K5c35eca7|Kcd97a98f,P1f2640df|Pa7b577ef|Pfb9bfb55|P0f38ba7a|P759c69f6,P960227bb,56825.0
M77484b2b,Percy Jackson: Sea of Monsters,2013,3,105,90000000,en,Adventure,Adventure|Family|Fantasy,3,US,6,Cd05b6468|C53a9ea27|C7f89a29f,22,29,True,K139a4140|Kc89fe71f|K1d86d74e|K4ede27fa|Ka9204db8|K055d619e|Kb312f8f4|Ka7a3eb43,P5c436162|P7db9ca6b|P36c925b1|P16820ba5|P49b65005,P9fa1256f,174578751.0
M1e42ff24,The Smurfs 2,2013,3,105,105000000,en,Fantasy,Fantasy|Family|Comedy|Animation,4,US,5,Cf4478484|C691c06b2|C4b157932,32,12,True,Kc94903d3|K346367d7|K5119eb67,P85f4afca|P8b3c5c26|P72092b5c|P87a93c16|Pca249924,P02060500,347434178.0
M9d71e26c,Alan Partridge: Alpha Papa,2013,3,90,4000000,en,Comedy,Comedy,1,GB,5,Ce09e087e|C668b01c5|Cc3b03b25,23,13,False,K7fa4f963|K44e2b16c|K8b8060e4|K4d49c25a|K6db10b97|K9d4c78d2,Pf9ddcb76|P1f9d5e79|P2978458c|Pc76753f1|P5ddcd0cb,P8cead2d7,9800000.0
M877d0fd3,Class of 1999,1990,2,100,5200000,en,Science Fiction,Science Fiction|Thriller,2,US,2,Ccc2393be|Ce626bfab,13,9,True,Kf93b4bf6|K9f1d9feb|K89099cca|K7f284f24|K666b8780|K35fbf0b0|K13818823|K57f246b9,Pb0ccbd05|Pf30d3fb0|P6ffb425f|P14038a03|P6cf0f8c7,P707abcc4,2459895.0
M0702a796,Man of Tai Chi,2013,3,105,25000000,en,Action,Action|Drama,2,CN|HK|US,5,Cd7a83b16|C1246c604|C8d92df16,13,2,False,K2f674d5e|K1308518c|K6cc5da07|K94b73188|Ka420ff70,Pee0e1556|P9705295b|P09a90ac3|P9e12bf9c|P0cb6f0d9,Pee0e1556,2054941.0
Mabb45195,We're the Millers,2013,3,110,37000000,en,Comedy,Comedy|Crime,2,US,6,C6988cd6a|Cd8e4f059|C6c10da85,17,43,True,K3e04d489|K0d25991c|Keede16fc|Kd367e496|Kd9198f5a|K9a7a2db0,Pf12075fd|P0151a8e9|P4fb37270|P7fc186fc|P06e8b61d,P14d608d5,269994119.0
M6fddbc6e,Grown Ups 2,2013,3,100,80000000,en,Comedy,Comedy,1,US,3,Cf4478484|C87ffc222|Cc6c76810,55,17,True,,Pc82d1114|Pa32924dd|P560244ba|Pad97c69f|Pb48255ea,Pad403284,246984278.0
M8549c37e,Planes,2013,3,90,50000000,en,Animation,Animation|Family|Adventure|Comedy,4,US,2,C72b723b8|C7ce0905f,15,7,True,K65700454|Kb8213944|Kaea398e7,Pf5207e51|Pb2458829|Pcfb78473|P4602217e|P887c8fa2,Pe8580960,219788712.0
M467d5836,Cameron's Closet,1988,4,85,7000000,en,Horror,Horror,1,GB|US,1,C7c1106fa,8,3,False,K3a9cfbfe|K7190a704|K612dab15|Kf0ee355f|K58aaa709,Pbc9a200a|P225d6737|P2cdcc4c7|P75d5ed93|Pf064a8ad,Pe174ba55,136203.0
M76868d1e,Paranoia,2013,3,105,35000000,en,Drama,Drama|Thriller,2,FR|US,9,C47d534f6|C79be19d8|C5352c0d0,37,31,False,K33b2d0b2|K1451c5af|K3788e79b|K798d1d58|Kf743e542|K66331d63,P7336280b|Pfa43d9be|P89aa61f8|Pd76a43cb|P78e34d3c,P57a1ed5d,13785015.0
M53038150,The Wind Rises,2013,3,125,30000000,ja,Animation,Animation,1,JP,7,Ca27cade7|C0532621e|C5e2a080a,15,48,False,K94d1fa6a|K4a64b667|K230a811e|Kaf306dc5|K877e62a3|K4385ab38|K2524dcc1|Keec6e143,P3aa0dc38|P9c8ef561|P2da661a1|Peeacb215|P76923d06,P8513cc51,117932401.0
M8e5651c3,Jobs,2013,3,130,12000000,en,Drama,Drama|History,2,US,4,C2c293c29|C0322a7f0|C6cea72a6,17,10,False,K4385ab38|K408254ef|K595f8623|K6f6e8406|K7120172c|K3712e16f,Pdbe8182c|P1dff6e01|P8d737e84|Pb303b271|P51b53dde,Pb98a58a9,35931410.0
Mbe6bb24b,The Mortal Instruments: City of Bones,2013,3,130,60000000,en,Action,Action|Adventure|Drama|Mystery|Romance|Fantasy,6,US,4,Ce9a4656c|C3e27d953|Cfb81a4ce,22,12,False,K36a3c7b7|Kffb9e482|K89a13bfa|K8ab9d1b0|K35f764b7|K2cb05f05|Kd9cfc2f7|K779b67dc,Pad1aac9d|Pb72ca8b2|P08c82a79|Pf9198e94|Pdfa6456a,P7d56ba51,90565421.0
M72e055e0,The Butler,2013,3,130,25000000,en,Drama,Drama,1,US,6,C99dba64f|C0e9f010d|Ce8045816,28,74,False,Kfb526a76|K505abd92|K4385ab38|K6b7d2c8f,P52cbfc7b|P931b6fab|P04529af2|Peb51d09f|Pa7dffdb9,P193fd6ec,115922175.0
M2676aa3c,In a World...,2013,3,95,1000000,en,Comedy,Comedy,1,GB|US,4,C8f218bca|C61217be9|C6a5cc100,47,43,False,Ka3337f91|K2d8b300b|Ke30690ed|Kcbf64eb9|Kc4f58609,P9b47de87|P45f21a70|Pde3e6dcf|P354ea97c|P472f8323,P9b47de87,2963902.0
Ma3973561,About Time,2013,3,125,12000000,en,Comedy,Comedy|Drama|Science Fiction,3,GB,2,C0110c455|C56ccd8b4,28,12,False,Kef728c09|Kcf7d212b|K804bfd5b,P384d7805|Pca60e6c7|Pdaeaa73e|P2dd6aa84|Pd48fbca7,P5fda7421,87100449.0
M07f57f1b,Chennai Express,2013,3,140,18000000,hi,Romance,Romance|Comedy|Action,3,IN,2,C5c1e119f|Ce9f4ac39,11,17,False,K50613f73|Kaefd0630|K3fff4c55|K885aea9a|K221cbbaa|Kf54b2db7|Ka625e190|Ke9a1580e,Pa6041114|Pe863b5f9|P5d71bf4e|Pdea69e29|P1f53de8c,Pb077e682,62000000.0
M55046f0d,The Frozen Ground,2013,3,105,27220000,en,Thriller,Thriller|Crime,2,US,9,C16a0b2e8|C7a9db528|C5fb0cee8,19,12,False,K01c1572d|K66331d63|Ka2122fa4|K500fb439|K78255130,Pa2178ef1|P5a6a43b8|Pe00a4034|Pa5509ed0|P95a98e9b,P31a0d542,5496951.0
M666cf24f,Empire State,2013,3,95,11000000,en,Action,Action|Drama,2,US,9,C16a0b2e8|C7a9db528|C28feb411,19,50,False,K25419d9e|K87cc6c28,P7336280b|P4da7c12b|P7fc186fc|P6115687d|Pb6deed66,P836107cc,3639345.0
M92b04a35,Tidal Wave,2009,2,120,16000000,ko,Action,Action|Adventure|Drama|Thriller,4,KR,3,C4c03ad91|C09730d5b|C963cad64,13,13,False,K7e1398ba|Kfbde6d20|K4eaa0722|Kff982198|Ka1198490|Kd47abffe|K3f1b97d7|Ke85f007d,P0d051f70|P793535a6|P9b4cdbb9|P84d19956|Paa5b280e,Pd603b4cc,11301649.0
M99031bdf,Adore,2013,2,100,16000000,en,Drama,Drama,1,FR|AU,9,C47d534f6|Ca68e0837|Cc94eefdc,23,17,False,K68f9bab5|Kcbf64eb9,P8ea19000|Pe0da2446|Pac093bb4|Pd6fe8830|P491039bd,P07dccbda,318982.0
M787d49a7,Instructions Not Included,2013,3,115,5500000,es,Comedy,Comedy|Drama,2,MX,4,C2646409b|C79ac32e3|Ce9119d91,49,6,False,Kf7ce9b88|K6e1855a2,P7a270301|P6bd2f0a4|Pe0693365|P6b875643|Pc330622c,P6bd2f0a4,99067206.0
Mb89f7450,Getaway,2013,3,90,18000000,en,Action,Action|Crime,2,BG|US,10,C32d6fdc3|Ced99e004|C10aeca4c,12,15,False,,P598f6582|P82948388|Pb3cd0383|Pec7b2e5d|P692a437e,P312efbc0,10501938.0
M4c2b3be9,Gravity,2013,3,90,105000000,en,Science Fiction,Science Fiction|Thriller|Drama,3,GB|US,3,C3e7bdc8f|C6c10da85|Cd793d264,7,81,False,K16f6df26|K95c5f181|K846673e8|Kfae7a03b|K86385cf0,Pbf6fd3c6|Pd4551c6e|Pceb538c7|Pf488cbdb|P0242c587,Pa6dc9439,716392705.0
M707d3ae9,What If,2013,3,95,11000000,en,Drama,Drama|Comedy|Romance,3,CA|IE,3,Ce016b47d|C53b72b36|Ce4cd24f9,24,15,False,Kb92c5fc4|Kc9e5c2e6|K01f8fc04,Pa9ffe9b7|P1f811a28|Pb2614e2e|P1f15b64b|Pee786644,P1d828ed8,7847000.0
M250bf47c,Prisoners,2013,3,155,46000000,en,Drama,Drama|Thriller|Crime,3,US,3,C5ce2cd37|Ce61ec1f1|C2c7896cc,34,37,False,Kb1823169|K9136e8a9|K0d6bdfd0|Ke492da05|Kc3ff5557|Kefbdcc04,Pa70948d3|P536a41bf|P6d085933|Pa90449bf|P6584178d,Pf0890882,122126687.0
M292f1e60,Austenland,2013,3,95,4900000,en,Comedy,Comedy|Romance,2,GB|US,2,C446e4185|C85878c6e,43,29,False,Kfa05f698|Kd6073f4e|Kcbf64eb9,Pe896c281|Pe1f9d600|Pf457685b|P5974c4db|P39ea87bc,P812ce0ea,2159041.0
Ma1b84d9d,Rush,2013,3,125,38000000,en,Drama,Drama|Action,2,DE|GB,5,C9ff7414f|C0110c455|C0b8f33ce,26,18,False,K22c4407b|Kdc87c7d5|K488692b9|Ka7d37777|K8ae9d43f|Ka02e1b13,P8b0aeaa5|Pebd37a00|Pc34f45e8|Pca261932|P2a232db8,Pc68f979a,90247624.0
Mff11238a,The Family,2013,3,110,30000000,en,Crime,Crime|Comedy|Action,3,FR|US,7,C2418e9a7|Cc7ffd06c|Cf250f179,24,4,False,Kc56ceab0|Kb88365f6|Ke864e2ff|K108d612a,Pd9604827|Pe39be12b|Pac04cb89|P47b03911|Pb23773f6,Pad9f53b5,36894225.0
M604a9413,The To Do List,2013,3,105,1500000,en,Comedy,Comedy|Romance,2,US,2,C1916527a|Cb7b08cd7,20,14,False,K511491fa|K96bcf62d|Kc79c9346|K1111606f|Kef5d5b64|Kec36ef5e|K585e49eb|K9d4a30d0,Pf55a640e|Pa4aeaa91|Pb89bdd1e|P5b670aa2|P61ba00be,P43edb620,3566225.0
Ma4f9265f,Battle of the Year,2013,3,110,20000000,en,Music,Music|Drama,2,US,1,Ceba6d050,13,16,False,K965d2159|Kb312f8f4,P78e34d3c|P7831e46a|Pfef0f85c|P0b740dac|P85ed05d4,P6a21b11d,16549477.0
Mc9ab136d,Nebraska,2013,3,115,12000000,en,Drama,Drama|Adventure,2,US,2,C14c57614|C4a45941c,14,69,False,Ke1a7ed2f|Kc5a122eb|K5f1c888d|Kdb691a95|K110f3ad2|K36f92a97|Ke3de980f|Kcc28c4e0,Pdba508fc|P6db31703|P3730669f|P4ecf2abc|P14038a03,P74e65ede,17654912.0
M70c6ecd1,Special 26,2013,1,145,7100000,hi,Crime,Crime|Drama|Thriller,3,IN,1,C21e7fbd8,15,24,False,K25419d9e|Kcf252581|K09fc1f51,Pb5e3b73a|P7a292757|Pf6f17ebd|P34392fc0|P78bbc68e,P5d4fc34d,18000000.0
M6a808547,Runner Runner,2013,3,90,30000000,en,Crime,Crime|Thriller|Drama,3,US,5,C9b55c3fb|Cc2c73c36|C40e6fa99,19,14,False,K8341e452|Ke33fde63|Kbd8891fc|K7e95b555|Kb1459be4,Pcde62a4b|P00bfae09|Pc84c3d9a|Pde213099|Pc4647b56,P8f87ea75,62616646.0
M83ef5111,Blue Is the Warmest Color,2013,4,180,4300000,fr,Romance,Romance|Drama,2,FR|BE,16,Ce3cc6f95|C8b326944|Cc94eefdc,68,60,False,Kc56ceab0|K1ef0082a|Keec6e143|K8bb446de|Kcc181d06|K6878063f|K10261fed|K9d4a30d0,P1b2ce895|Pe54ea676|P830b9e68|P79637d81|Paa6e6069,P121f1fb3,10165694.0
Mcc18be02,Parkland,2013,4,95,10000000,en,History,History|Drama|Thriller|Mystery,4,US,3,C0dc701b8|Ceb44925c|C0b9f22a9,51,23,False,K4869d83d|K4fd61cd8|Ka69f7dd5|Ka7cc3c3b|K87ea9b85,P2fdadb28|P08e0c086|Pe5752711|P8a429f6b|P8d7bcd0f,P3506b1f6,653651.0
M8ac6b9ad,Cloudy with a Chance of Meatballs 2,2013,3,95,78000000,en,Animation,Animation|Family|Comedy,3,US,2,Cf4478484|C16b6a6d4,15,29,True,K5214af59|K290c0ee2|Kdbe6d9ae,Pb89bdd1e|P321e1002|Pf434e2ed|P6db31703|Peea9996a,P7724fa8d,248384621.0
Mda930e79,Captain Phillips,2013,4,135,55000000,en,Action,Action|Drama|Thriller,3,US,1,Cf4478484,17,85,False,Kc8e08999|Kf00c2125|K8720c3f2|Kbeeaead5|K68ad2759|K94336058|K323e09b0|Kaf4058be,Pd8b30691|Pe94da565|Pa7b09b92|P013ceca7|Pc666fa45,Pf667602e,95000000.0
Mad2dc73c,Machete Kills,2013,3,105,12000000,en,Action,Action|Crime|Thriller,3,US,7,C2c293c29|C77205af5|C2fd7c4e2,22,42,True,K3e04d489|Kfb526a76|K99d06904|Kc2492ead|K59174898,P897e16bc|P46240969|Pd76a43cb|P6b7675df|Pcfe700e6,Pf41db032,15008161.0
Mcdaba1eb,Filth,2013,3,95,5000000,en,Crime,Crime|Drama|Comedy,3,GB|US|DE|SE|BE,8,Cdeedc470|C0db30e84|C4f6445b9,36,24,False,K866dc592|K9653593d|K9bef033e|K4cd89d7c|Kb1b03c02,P443289f8|P3a173673|P3465fde8|Pe5d50dde|P0cee8db4,P9b77f9e1,9114264.0
M7273ccf7,Drona,2008,4,150,15000000,hi,Action,Action|Foreign|Thriller,3,IN,0,,6,1,False,,Pb987bdff|Pb2bbef91|P0b260e59|Pa00001bf|P9e11cfaf,Pfe6db773,3250000.0
M7f19386e,Baggage Claim,2013,3,95,8500000,en,Comedy,Comedy,1,US,1,C084fa964,16,23,False,,P3a27ae88|P1651784d|Pba7f0b0a|P37b78ce4|Pe811d993,Peedc62f2,22456509.0
Ma8b713b6,Escape Plan,2013,4,115,50000000,en,Action,Action|Thriller,2,US,7,Cceb4e3c9|C57611a80|C11934135,36,100,False,K526fab99|K90a69de9|Kc8e08999|Kfcf79c07|K921968c0|K66331d63|Kf1fbe500|K44cab5c6,P468a604c|Pf3b2f25f|P864bcbbd|Pc3cf53fb|P08a2194a,Peacaeeac,122915111.0
M4687c2c6,Carrie,2013,4,100,30000000,en,Drama,Drama|Horror,2,US,3,Ceba6d050|C1e53a163|C766d61d3,19,65,False,Ka5ec14be|K1451c5af|Kf3b60d20|K3a9cfbfe|K25a3086d|K71bf1fc9|K9a16fa02|K35fbf0b0,Pf4fb8900|P62eda3c0|Pdc0a48a7|P660e1979|P171674aa,Pca54de6b,82394288.0
M39bb84f5,The Fifth Estate,2013,4,130,28000000,en,Drama,Drama|Thriller,2,BE|US,5,Cfa01eb95|Cf4d6a468|C5352c0d0,26,8,False,Ked493fb4|K4385ab38|K8bb47c73|K6c423654|K80b71146,P2402c04c|P8b0aeaa5|Pde213099|P4c0744b0|P3d6ce273,P9956b2eb,8555008.0
M8a9fe51c,The Counselor,2013,4,115,25000000,en,Thriller,Thriller|Crime|Drama,3,GB|US,9,Ccb5de721|C7f89a29f|Cd5a1e1a6,30,17,False,K9a94a39f|K7da32c41|Kd367e496|Kf03fbfc4|Kd247b182,P387e3056|P955f54ab|P9f0e9d1d|P164e8d08|Pfac84536,P54540f1f,71009334.0
M33e26cf4,12 Years a Slave,2013,4,135,20000000,en,Drama,Drama|History,2,US|GB,5,C3762b402|Cc2c73c36|C261bbdea,93,72,False,Kff6a7718|K9136e8a9|Kfb2845a0|K59820160|K2740e151|K74c0d84b|K9822529c|K1573ead3,P5498c3a1|P387e3056|P0a95112f|P2402c04c|P6d085933,P30b7e5da,187000000.0
M4520587f,Ender's Game,2013,4,115,110000000,en,Science Fiction,Science Fiction|Action|Adventure,3,US,6,Cceb4e3c9|Ce5b24224|C57740895,20,127,False,K1451c5af|K12fa9017|K489ed63a|K70acbef7|K141d5843|K846673e8|K921968c0|Kbbcbbe27,Pce813eae|Pfa43d9be|Pab5b1006|P00b5326f|P6abc1229,P0d333310,125537191.0
M1b4d4c1e,Bad Grandpa,2013,4,90,15000000,en,Comedy,Comedy,1,US,3,C6146f42e|C0498af6f|Cca5a49e2,9,16,True,Kd6073f4e,P38b61b35|P16491269|Pe36695f6|Pe51003a1|Pe94da565,P4253fd70,151831537.0
M934f4097,Dallas Buyers Club,2013,3,115,5000000,en,Drama,Drama|History,2,US,4,C9d5bb40c|Cd7a83b16|C28feb411,16,24,False,K4cbeb026|Kf6118f7e|K4385ab38|K595f8623|K0efd2058|Kd9198f5a|K78c4687d,P9d278739|P56976266|P2f0b3e83|P4231338d|P2a4182bf,P0401675c,55198285.0
M81728b12,Pieta,2012,3,105,103000,ko,Drama,Drama,1,KR,2,C802e21f5|C9146697b,9,6,False,,P2b363410|Pf5ae4499|P2cefc30a|P627e68c1|Pd7210dd5,Pfe36f6d3,3623330.0
Mb1f4dd21,Last Vegas,2013,4,105,28000000,en,Comedy,Comedy,1,US,5,C3dcb868e|Cdd8eadf1|C0b6d52f6,17,10,False,Ke33fde63|K5daec4d9|K57c38f2b|K309b728a|Kac14ea0f,Pd9604827|P9c10a86e|P9485f066|Pfc8c3208|P585b87be,Pbe6a4304,134402450.0
Mdf849dbe,The Best Man Holiday,2013,4,125,17000000,en,Comedy,Comedy,1,US,1,C6e89df64,12,6,True,Ka5891f60,P584f290b|P424e4286|P7ec7e10c|Pf6e49672|P37b78ce4,P15491de3,71625195.0
M2dc76836,Ida,2013,4,80,2159280,pl,Drama,Drama,1,DK|FR|PL|GB,9,C91388ebb|C6fae8a77|Ce3cc6f95,10,36,False,K309b4d79|K0edca959|Kbef3ef96|K1da57ffd|K91623a51,P2159e8d6|Pd0b69804|Pa84d6d88|P4f8529c1|P9bd3624e,P213db9c3,15298355.0
Me749a4a0,The Hobbit: The Desolation of Smaug,2013,4,160,250000000,en,Adventure,Adventure|Fantasy,2,NZ|US,4,Cfa9f1be7|C6988cd6a|C2d54d9a7,32,108,True,K82d85bd6|K743ae960|K98f12e70|K38519a3c|Kf6ced2f1|Kd119a8ee|Kbe9439a8,P247d05d5|P6ada0366|P892642d7|Pf96e1a06|Pcafc88e9,P715cf7f1,958400000.0
M333a2da4,47 Ronin,2013,4,120,175000000,en,Drama,Drama|Action|Adventure|Fantasy,4,US,5,Ccadd9ad1|C7b2cdc0f|C6e89df64,24,81,False,K94d1fa6a|Kc8aa65cd|K8f34cc69|K595f8623|Ka0492cf9|K37a8537e|Ka36f1691|K92b124ee,Pee0e1556|P00f58b13|Pc0cfdfea|P9570f38d|P8a301838,Pa9c030d1,150962475.0
M49635532,Delivery Man,2013,4,105,26000000,en,Comedy,Comedy,1,US,2,Cfa01eb95|C0532621e,12,17,False,K71bf1fc9|K70e20313,Pe5898b7e|P12b6482a|P0f1e1a63|Pfe09a073|Pa2d2d7aa,P0974368f,51164106.0
M9130ba54,Twice Born,2012,3,125,13000000,it,Drama,Drama|Romance|War,3,IT|ES|HR,1,Cbcd20889,22,3,False,,Pfac84536|Pa68f8508|P1fe1dcc3|Pf609166b|P88c8c66d,P2a498521,18295.0
M3e73c335,Frozen,2013,4,100,150000000,en,Animation,Animation|Adventure|Family,3,US,2,C72b723b8|C7ce0905f,56,25,True,K8e2e025f|K965d2159|Ke5d6abed|K3efe6bd6|K903577ef|K346367d7|Ka88750f4|Kf1b1594d,Paeb3f5cd|Pe56d45cc|Pb0194508|P51b53dde|P4d1a5f5e,Pb4327638,1274219009.0
Mf6a69701,The Wolf of Wall Street,2013,4,180,100000000,en,Crime,Crime|Drama|Comedy,3,US,5,C6146f42e|C40e6fa99|C8b206e79,140,244,False,K9df93747|K511491fa|K96bcf62d|Kd95b93ea|K97636139|K4385ab38|Kb4ef9e5e|K52d403a5,P2cb99efe|Pe13a0898|P2786c4ac|P0026d4d8|P4bc483e6,Pc1b16bc3,392000694.0
Mab760320,Homefront,2013,4,100,22000000,en,Action,Action|Thriller,2,US,2,Ce4826f85|C2c293c29,14,30,False,K1451c5af|Kcf15988c|Kdea39ed5|Kc3ff5557|K78d3caf5|Kc0f6b2bf|K85d20f98|Kd9198f5a,P4b27ca24|P58bca367|P146cce33|P11a199f3|P4d6760e0,Pd43821ba,43058898.0
M9c6dc2d3,Mandela: Long Walk to Freedom,2013,4,140,35000000,en,Drama,Drama|History,2,GB|ZA,5,C29fe1490|C565dd015|C85b9ed36,15,10,False,K526fab99|Kf214fced|K7932db46|K4385ab38|Kdb20759f|K249af4ee,P2ca69f9f|P58270b08|Pa319a218|P0ce4f3a3|P4ac62ecd,P9df7c164,27330000.0
Md4e192b3,American Hustle,2013,4,140,40000000,en,Drama,Drama|Crime,2,US,3,Cf4478484|C8e42f8bf|C8e445836,31,30,False,Kcf252581|K7089ab26|Kfe856611|Kaf916823,P1716f909|Pc34a6901|P2b24b1d6|P1180ab67|Pc35136a7,Paf0a42d2,251171807.0
Mfa4342b2,The Secret Life of Walter Mitty,2013,4,115,90000000,en,Adventure,Adventure|Comedy|Drama|Fantasy,4,US,8,C6988cd6a|Ccb5de721|C6cbfdb5c,13,21,False,K1bee81c6|K63569927|Kd56d784c|K9326926c|K0fc1fccd|Kfe15b25a|K9a5ab2bc|K5eb7d1b3,Pd29fc0d4|Pfbcea453|P711d5bf8|Peec93c55|Pcdb2bdab,Pd29fc0d4,188133322.0
M70c3b9ea,Her,2013,4,125,23000000,en,Romance,Romance|Science Fiction|Drama,3,CN|US,2,C3e7bdc8f|C8e445836,37,24,False,K497a09fb|K408254ef|Keec6e143|K0a8098b2|K96ad18d1|Kb6afab96|Kaa64d9a2|Ka1ad37aa,Pdfff36db|Pb214a37a|P5a00ccb9|P2b24b1d6|Pc34f45e8,Pe51003a1,47351251.0
M7a2b9845,Lone Survivor,2013,4,120,40000000,en,Action,Action|Drama|Thriller|War,4,US,11,Cd7a83b16|Cce89c773|C73458315,47,48,False,K65cf7a95|Kee7d3574|K50a71b02|Kb5f65871|K19bd33fb,P40d10530|P8f3cb8b4|Pa68f8508|P2e4d1f59|Pc153dc13,Pb1ff26d6,149295601.0
Md90f8846,Saving Mr. Banks,2013,4,125,35000000,en,Comedy,Comedy|Drama|History,3,AU|GB|US,5,C72b723b8|Ce09e087e|C414e0532,18,17,False,K4385ab38|K346367d7|Ka43fbb3a|K85888dbe,Pe3b4e9ba|Pd8b30691|P8d7bcd0f|P7b34c4be|P1927a931,Pcdf66a5f,112544580.0
Mbc4f54be,The Nutcracker: The Untold Story,2010,4,110,90000000,en,Fantasy,Fantasy|Action|Family,3,GB|HU,4,C37730631|C62b2baeb|C3303fcd3,12,3,False,,P058ac46a|Pa09b464d|Pb8e19397|Pcbc5557a|Pdedf9737,Pb8921229,16178959.0
M371b3736,Oldboy,2013,4,105,30000000,en,Drama,Drama|Thriller|Mystery|Action,4,US,4,C336c2b47|C1b1533bd|C4dd5817c,19,19,False,Kc549f327|K8c4ad842,Pc6b524b9|P422425f8|P5eab90f9|P4b73cb04|Pd4c1a969,P1e91a320,4861022.0
Mf0efd0f6,Anchorman 2: The Legend Continues,2013,4,120,50000000,en,Comedy,Comedy,1,US,3,C6146f42e|Cf729283b|Cecb58e4c,27,8,True,K00b0e1a7|K45b31a1b|K15d01775|K2dd9f515|K488c0698|Kfcbf608c|K31b367d1|K159998e9,Pc488f7aa|P4be68e2c|Pb33386a7|Pb0acacc8|P842eb32b,Pa2f257bd,173649015.0
Md776d5e0,Snowpiercer,2013,3,125,39200000,ko,Action,Action|Science Fiction|Drama,3,KR|FR|CZ|US,5,C09730d5b|C2fad14af|Ca2f841df,45,62,False,Kcf7d212b|K34e32ba6|K50d76002|K12864c24|Ka0427582|Kb59164e1|K8e2e1632|K7f284f24,P8164fa59|P636078df|Pceb538c7|P9a074087|Pae3524a1,P9030df77,86758912.0
Me50c3234,The Precocious and Brief Life of Sabina Rivas,2012,4,115,4620000,es,Drama,Drama,1,MX,2,C3d5ab2e1|Caf577d0c,14,7,False,Kd94d9089,P3e810ebf|Pc1e08fb6|Pd48727b4|Pc1d986ef|P3f9872b9,P4b9f64d2,2395000.0
M05599f95,The Physician,2013,4,155,32000000,en,Adventure,Adventure|Drama|History,3,DE,6,C2f094961|C35e22a3a|Cf5c9e687,13,51,False,K6fb501d0|K93f264b2|Kef0c5442|K6d90a030|K4b112d80|Ke4b0b97f|Kb88c522e|K7a9a7ef1,P049f099f|P6abc1229|P10291a37|P368e7bb0|Pce7f9b71,P6f34a471,57284237.0
M0440edc5,Mio in the Land of Faraway,1987,3,100,7200000,en,Adventure,Adventure|Drama|Fantasy|Family|Mystery,5,SE|RU|NO,2,C1ad65685|C739539f4,11,4,False,K45012032|K5011ba81|Kbdce27e1,P351716f1|P1716f909|Pbd325aeb|P988643d5|P5b8ce720,P0af7949f,2300000.0
Mf37838ec,The Hijack That Went South,2013,1,95,1800000,fi,Action,Action|Comedy|Crime,3,,0,,9,4,False,K877e62a3|K4f18300d,Pe72b14ef|P5f725298|P67009392|Pd80137ee|Pc54ef4a2,P5791ac44,532269.0
M11a9ad2a,Grudge Match,2013,4,115,40000000,en,Comedy,Comedy,1,US,2,C59f46e55|C3e7bdc8f,17,33,False,Kcf7d212b|Kdc87c7d5|Ka2390abe|Kac14ea0f|K3bb9d8f3,Pd9604827|P468a604c|P5ea8cfef|Pb7c83a72|P037f5849,P02eb8a2f,44907260.0
Ma1336287,Dhoom,2004,3,125,1500000,hi,Action,Action|Crime|Drama|Thriller,4,IN,1,Cd925d19e,6,8,True,Kb8504f9e|Kf831234d|K5a966264|K885aea9a|K58378910,Pb987bdff|Pdbb49bad|P9e9550cd|P7eb52e68|P38ff576c,Pcb71d296,12000000.0
M55269218,Paranormal Activity: The Marked Ones,2014,1,85,5000000,en,Horror,Horror|Thriller,2,US,3,Cf0bcd2be|Cfeb50f4c|C1577294f,10,9,True,K5ebde1b5|Kf0ee355f|Kb7debf2d,P67c92773|P97b77a17|P8bb16ba5|Pba905e0c|P09e1560e,Pc9cf36bb,86362372.0
M427563bf,Yves Saint Laurent,2014,1,105,12000000,fr,Drama,Drama,1,FR,5,C252b058b|C6bc9ebfd|Ca67d8ea1,16,13,False,K4385ab38|K7ec19939|Kd21fa78f,P03164971|Pf1870f6e|Pfb0d9d60|P4de5d937|P87832338,P0eadd99f,21026290.0
M092096c0,Hunting Elephants,2013,3,105,2300000,he,Comedy,Comedy|Crime,2,IL,2,Cb6a18b5b|Cd97b41c2,10,9,False,K3eda802b|K1bb9edda|Kcec27f06|K3b6e64c6,Pee5ac206|Pd0abc51d|P9d19295b|P962c3aa1|P72d6aaf7,P0dbac03a,4500000.0
Mae324987,Underdogs,2013,3,105,22000000,es,Animation,Animation|Adventure|Romance,3,AR|ES,9,C0c358e53|Ccb6c001f|C3ec38436,15,5,False,Kc7cade6b,Pd22ee647|P9ab56db8|Pebd43b58|P45252849|P364d3410,Pd22ee647,24000000.0
Ma74a69ea,Diana,2013,3,115,15000000,en,Drama,Drama|Romance,2,SE|GB|FR|BE,5,C4e47987a|Cca5764c9|C4b0c1ae1,28,12,False,Kef728c09|Kdfc0b517|K9244f39a|K2844717e|K044a94ed|K4385ab38|Ke5d6abed|Kd1f0857a,P8ea19000|P58fe5ea7|P2f4f575e|P5c28b9d8|P7b6b5b4d,Pa4f03da5,21766271.0
Mf152787b,Ride Along,2014,1,100,25000000,en,Action,Action|Comedy,2,US,4,Cd7a83b16|Cff57c863|C8ec8ea90,45,19,True,K1c0e5389|K49066ce6|Ka37e47aa|Kd6073f4e|K5d17b0f5,Pabc55b2b|P037f5849|Pcd89be8e|P74d6ac27|P384114d4,P0f9f87a2,153997819.0
M199f4425,Jack Ryan: Shadow Recruit,2014,1,105,60000000,en,Action,Action|Drama|Thriller,3,RU|US,6,C6146f42e|Cac465b03|Cfe5673c8,29,31,True,Kef728c09|K9df93747|K4d54a5a1|K4d2febdc|K0c24b3e3|K18f7c353|K6b4e6a64|K9ff6cdc6,Pb95440c1|P73f53fc6|P02f4f983|P39fc9765|P50f7ed11,P39fc9765,50549107.0
Mf9a2f5cc,HOUBA! On the Trail of the Marsupilami,2012,2,105,50000000,fr,Adventure,Adventure|Comedy,2,FR,2,Cc94eefdc|C364a6cb1,6,3,False,,Pa0ff9805|P437afb2c|P4a73591f|Pe6c96e9e|P407bb949,Pa0ff9805,48600000.0
Mcfa6c135,Devil's Due,2014,1,90,7000000,en,Horror,Horror,1,US,3,C6cbfdb5c|C98c258fd|Ce5b5fbdb,16,33,False,Kb7debf2d,P315abbfc|Pcbbd9aee|P6f8f8c70|P263e71e5|P9cf40cfb,P25d5f8f7,36433975.0
M9084d083,The First Power,1990,2,100,10000000,en,Crime,Crime|Thriller|Horror,3,US,3,C2b1996b8|C91c4750c|Ceafcc337,9,30,False,Ka2122fa4,P324bdcf4|Pf24d9e10|Pf3a6084d|P6b0ba4af|Pbd372aad,P9accefae,22424195.0
M15f60b7f,Decoding Annie Parker,2014,2,90,2000000,en,Drama,Drama,1,US,4,Cfa79085c|Cf6b5228b|C4a47f9cb,10,34,False,Kb8d59c8d|Kd76cca5b|Ka646ca77|K23e3c2ed|K80118def,Pdd0e3f04|P455e5488|P2055b8a2|Pd24a375e|P7e3306de,P3d91f8cd,48390.0
M1ef848ca,Yeh Jawaani Hai Deewani,2013,2,160,7700000,hi,Romance,Romance,1,IN,1,C8861a5e2,6,3,False,,P4c53c2d3|Pe863b5f9|P8d4e14a5|P713e7836|Pf38ff888,P6ec5e5bc,46000000.0
M6db4dc88,Ernest & Celestine,2012,4,80,12516654,fr,Animation,Animation|Comedy|Drama|Family,4,BE|FR|LU,6,C668b01c5|C701e2668|C586d949b,25,12,False,Kc14495e8|Ke9d21ca1|K5011ba81|Kf45eab93|K2e6897b6,Pfb899210|Pe6c96e9e|Pa9596f5a|Pf71cc3e2|P282347b6,P79b24a2f,8109160.0
Mf0d36532,"I, Frankenstein",2014,1,90,65000000,en,Horror,Horror|Thriller,2,US|AU,4,Cc032927b|C9b58e393|C78367188,22,87,False,K69ceb4aa|K8e2e025f|K9ad21213|K442c9be4|K2f880fce|K5ebde1b5|Kd309184a|Kf48bddfa,Pe85b6a97|P6984320b|Pdaeaa73e|P24e0f259|P7392e714,P4fc309a4,71154592.0
M7eb425a1,Better Living Through Chemistry,2014,1,90,5000000,en,Drama,Drama|Comedy,2,GB|US,4,C8bfd8f3f|Cac7d511c|Cf66411b5,10,6,False,Ke60197c4|Ka646ca77|Ke9c281f7,Pc34f45e8|Pcea1bef6|P14f62872|Pb3dd3313|Pc1b22bed,Pf34fe580,75143.0
Mcdd94333,Labor Day,2013,4,110,18000000,en,Drama,Drama,1,US,3,Cc6195434|C484743a4|Cae6aa207,19,46,False,K72c5ca2f|K15ae3fa5,Pc6b524b9|P5516a531|Pd45be46c|Pf9bb3d0b|P3912c8b1,P7b8d5df4,20275812.0
M46efe712,The Young and Prodigious T.S. Spivet,2013,4,105,33000000,en,Adventure,Adventure|Drama|Family,3,CA|FR,3,Cf6e9c17d|C0b8f33ce|C59a2bb3f,35,13,False,K4a10d49a|Kd87f189d,P4065ceef|Pe42cb422|P63d412e7|P5ba54ccc|P4dbdcd8d,P649904b4,9494789.0
M05a257d9,The Monuments Men,2014,1,120,70000000,en,War,War|Drama|History|Action,4,DE|US,5,Cf4478484|C295bb1fa|C7f89a29f,22,21,False,K230a811e|K75a8b02f|K3a648934|K2e20d5a6,P9d23789b|P7ee731d8|Pd4551c6e|Pfe130811|P7f88be6e,Pd4551c6e,154984035.0
Mb0e08b38,Sabotage,2014,1,110,35000000,en,Action,Action|Drama|Thriller|Crime,4,US,5,C2c293c29|C0c3a9255|C95c793f8,57,50,False,K45dbe5a1|K05619edf,Pf3b2f25f|P2707d5f8|P2f2b490d|P89649b91|P424e4286,Pa9d23fc9,17508518.0
M54daa05d,Endless Love,2014,1,105,20000000,en,Drama,Drama|Romance,2,US,3,Cd7a83b16|C1388f87d|C4de254c9,38,7,False,Kf5c1294f,Pd80158f1|P2bf2ba42|P81c51e0c|P6bc20100|Pce7f9b71,P992090f2,34077920.0
M1de2a0da,Winter's Tale,2014,1,120,60000000,en,Drama,Drama|Fantasy|Mystery|Romance,4,US,3,C1246c604|Cce89c773|C3e7bdc8f,33,12,False,K1451c5af,P7b34c4be|P2d208d19|Pf4bdfa1a|P9cf8177c|P6a544fc5,P0b56309c,30800231.0
Me17e4605,Joe,2014,2,120,4000000,en,Drama,Drama,1,US,4,Cd4ad3ed1|C4c09572b|C4e0e7fbb,21,32,False,K24e26ceb|K1199c976|K9be97905|K50d76002|Ka3356dfa|K21b70957|K7ff5535a|Kb59164e1,Pa2178ef1|Pb7a50fd8|P4a6f1334|P6db9cc3f|Pbbbf05ee,Pbc25612e,2365467.0
M2cc1613b,Love Story 2050,2008,3,170,20000000,hi,Science Fiction,Science Fiction|Romance,2,IN,1,Ca4efcbdb,5,2,False,,Pd36aa2ff|Pb2bbef91|P45712bf1|P5d4ace35|Pc7e1ae01,Ped04c321,5000000.0
M1415091c,About Last Night,2014,1,100,12500000,en,Comedy,Comedy|Romance,2,US,3,Cd2e83be1|Cff57c863|Ca055c51a,12,5,False,Kd6073f4e,P037f5849|P09fe7ca4|P7c5c9b52|Pc119c673|P606df67a,P0e092e29,49002684.0
Ma0553374,That Awkward Moment,2014,1,95,8000000,en,Comedy,Comedy|Romance,2,US,1,C43994d37,20,40,False,K5daec4d9|K5011ba81|K8b7fdd4c|K9d42ff64|Kd6073f4e|K0ac1cfed,P2fdadb28|Pddf782b8|P2c31c831|Pe5d50dde|P88e5e92a,P8a0b0df0,26049082.0
M6fae6f0b,Interstellar,2014,4,170,165000000,en,Adventure,Adventure|Drama|Science Fiction,3,CA|US|GB,5,C6146f42e|Ceddfe7b0|C3e7bdc8f,36,120,False,Kd3ee2033|K497a09fb|Kcf7d212b|K60561435|K2c4719da|Kfa0063d6|K3004c01c|Ka96b9d40,P9d278739|P5116e460|Pfd2a74e7|P123185a4|Pddf47d8c,P271d3962,675120017.0
M38b35707,3 Days to Kill,2014,1,115,28000000,en,Action,Action|Drama|Thriller|Crime,4,FR|US,6,C62730ca8|C0b057e79|Cdae08cab,16,48,False,K677587fb|K397177e8|K197c1f2e,P02f4f983|Pd76a43cb|Pab5b1006|P655299b5|Pa0e0077a,P6278871c,52597999.0
Md1cbda76,Non-Stop,2014,1,105,50000000,en,Action,Action|Thriller|Mystery,3,FR|GB|US,7,C668b01c5|Cd36ef9f0|Cc7ffd06c,28,33,False,K877e62a3|Kda5d0fe2|K996ed124|K1ec34a52|K4f18300d|K5b620d85|K7e79c0f1,P1b4a1135|P62eda3c0|Pa39a7ba5|P5f91994b|P44d9ec09,Pa2798d77,222809600.0
M28205d27,300: Rise of an Empire,2014,1,100,110000000,en,Action,Action|War,2,US,6,Ceddfe7b0|C0efc044c|C57611a80,42,90,True,Ke93ce105|K24d18340|Kd6073f4e|Keaa05d5a|Kccf93baa|Kcb2b72ac|K7f215d88|Kb312f8f4,Paec1b087|P25926a42|P82a0adaa|P6d00c3c4|P210792a8,P729dad9b,337580051.0
M4ad73b82,Mr. Peabody & Sherman,2014,1,90,145000000,en,Animation,Animation|Adventure|Family,3,US,4,C4562a606|C586f6404|C08bd6882,51,11,False,Kcf7d212b|K30a53fa2|K6b4e6a64|K1624771e|K804bfd5b|K45012032|K70acbef7|K5011ba81,Pf73f885f|P616918a0|P398a6919|P32e4a7d8|P5aa1fa17,Pb28334ec,272912430.0
Mdfe2c1c9,Under the Skin,2014,1,110,13300000,en,Thriller,Thriller|Science Fiction|Drama,3,GB|CH|US,10,Ccd5c1747|C6cfa93a0|C24ed6cdb,24,62,False,K1fc61028|K866dc592|K8b871f23|K4d0bc3a5|K83f8d649,Pb214a37a|P8eb68af3|Peddb7c7d|Pe4da0d7a|Pa6930f30,P42acca35,5380251.0
Mfbd3ac88,Need for Speed,2014,1,130,66000000,en,Action,Action|Crime|Drama|Thriller,4,PH|US|GB|FR,6,Cfa01eb95|C5352c0d0|Cfb7be3d8,46,69,False,K720fc195|K79bd7cfc|K62b39914|K7b0dfbd5|Kb4e75fa3|Kd6073f4e|Kb312f8f4,P2055b8a2|P6b8eb19e|Pe5d50dde|P18f3cd4b|Pf63cc3f8,Pba7ceef2,203277636.0
M6daf282e,Barefoot,2014,1,90,6000000,en,Comedy,Comedy|Drama|Romance,3,US,1,C02c8f8a2,46,4,False,Kef5d5b64|K71bf1fc9|K9a7a2db0,P28fb5c65|P4c3a688a|P8b74a486|Pd74bca30|Pb15cbf6d,Ped266f41,15071.0
M8b59a546,Veronica Mars,2014,1,105,6000000,en,Comedy,Comedy|Drama|Crime,3,US,6,C3e7bdc8f|Cbaa9f072|C88ef5fd5,53,25,False,Kc2b5e04a|K19a14feb|K35fbf0b0|Kb27e6995|K4642261b|K5b2310b5|Kd6073f4e|Kf8f674bc,Paeb3f5cd|P3c8ac957|P3478dfec|P41e2b1a6|P99880b74,Pf5a2f637,3485127.0
Maeb8a7da,Bad Words,2013,3,90,9500000,en,Comedy,Comedy,1,US,2,Cd3b00717|C8b2f8e2c,11,2,False,Kda3a8325|Kba7e4369|K41634686|K6ae62070|K06dfdda0|Kdbb5d634,Pd99e7ba1|Pa6bce221|Pfdd2ee26|P7fe5538a|P32e4a7d8,Pd99e7ba1,7800000.0
M269b7119,Son of God,2014,1,140,22000000,en,Drama,Drama,1,US,2,Cc0ad8110|Cb2afe0db,35,5,False,K4385ab38|K0e0f83d5,Pdc0e3dcc|P66ba78d7|Pa4f4e071|P38b2c3b0|P583f3626,P00cc176a,67800064.0
Mc11bc0b5,Captain America: The Winter Soldier,2014,1,135,170000000,en,Action,Action|Adventure|Science Fiction,3,US,1,Cc4089340,70,41,True,K9bd9c4c0|K89099cca|Kb68e8fd6|K12b44075|K04f1877b|K923101f0|K4a740e40|Kfcbf608c,P8164fa59|P5eab90f9|Pb214a37a|P81f38d6e|Pe38e74eb,P80aaf589,714766572.0
Mb856040e,Noah,2014,1,140,125000000,en,Drama,Drama|Adventure,2,US,4,C6146f42e|Cc2c73c36|C290c10a2,18,75,False,K7db97ba9|K3091e024|K06cfb093|Kb312f8f4,Pf4bdfa1a|P6a544fc5|P187f1470|P5c436162|Pdff627c7,Pe5b33ad5,362637473.0
M2e107797,13 Sins,2014,2,95,5000000,en,Horror,Horror|Thriller,2,US,6,C8ed2fe58|C07f90652|C39e03473,24,37,False,,Pe91b46db|P42f45f58|Pfb9af57d|Pf7136100|P2bfc81bf,P0b919e56,13809.0
M9614cbea,Muppets Most Wanted,2014,1,110,50000000,en,Comedy,Comedy|Adventure|Crime|Family,4,US,2,C23c77778|C1b0d1e30,66,7,True,K965d2159|Kfa58cf34,P5167078c|Pf73f885f|P73249322|Pcc91db79|P79d14524,Pf47f23d0,80383290.0
M14d15246,Blood Ties,2013,3,130,25500000,en,Thriller,Thriller|Crime|Drama,3,FR|US,16,C8b326944|C45f472e0|C1f08d061,16,56,False,,P0707f4cd|Pcef472a3|Pea601c7b|Pe08ce533|P3430b4ec,P278197be,2415472.0
M0b35ef6e,The Quiet Ones,2014,2,100,200000,en,Horror,Horror,1,GB|US,3,C4b6007ad|C0b9f22a9|C83f4b03b,9,35,False,K1fc61028|Ka7984eec|K4603cffd|Kd0bf5062|K60686471|K0c67acf4|K90ce011c|K31d67b3d,Pd55cb47f|P4a9b5d54|P8733f470|Pfe5f7b8b|Pe36a95b0,P2fa3afb1,17834867.0
M51d30c8c,Draft Day,2014,2,110,25000000,en,Drama,Drama,1,US,2,Cceb4e3c9|C78367188,19,29,False,Kdc87c7d5|Kd6073f4e,P02f4f983|P56976266|P8a429f6b|P6c1d6a47|Pfe946f0b,P069fb67f,28831145.0
M498f3b75,The Raid 2,2014,1,150,4500000,id,Action,Action|Crime|Thriller,3,ID,2,Ca1bc5779|Cba127fdc,16,23,True,K526fab99|Kb7b43807|K7a3e26a4|K0d25991c|K25177432|K3c6f9488|K6c36c0eb,P6c570f3a|Pd321b063|P300bb1e7|P814ece52|P0b8a1768,P9f328108,2627209.0
M460f413a,The Amazing Spider-Man 2,2014,2,140,200000000,en,Action,Action|Adventure|Fantasy,3,US,4,Cf4478484|Cf60e0133|Ce20a57c7,65,102,True,K443b5d4d|K12b44075|K19a14feb|K923101f0|K23a6eb92|K0c79182e|Kebd04041|K741a26f2,P3113812d|P9a467338|P20c8297f|P237b54bb|Pc5390370,Pe27e3856,705717432.0
M2f3947b2,Oculus,2013,3,105,5000000,en,Horror,Horror,1,US,5,Cc054e56a|Cf0bcd2be|Cdae08cab,10,43,False,Kabe04825|K5ebde1b5|Kadc334c7|K739dac07|Kd653b7f5,P6d4d6e20|Pc2a81824|P0b34dd79|P4880e89b|Pbee14a5f,Pe594929e,44030246.0
M2424fb8b,God's Not Dead,2014,1,115,17000000,en,Drama,Drama,1,US,1,C77b6ecfb,19,9,True,K5ceaca2a|K0bdfaae8,Pcf031443|P07366dc1|Pa11cf5f8|P30ae53a2|P437677a2,Pff5ef379,29789000.0
M3ca0da16,Rio 2,2014,1,100,103000000,en,Animation,Animation|Adventure|Comedy|Family,4,US,2,C2a29849a|C7940c1ce,21,22,True,K3a4df44c|K19a14feb|Kb2c2fb55|Kb514a248|K09c51288|K54ffe6db,Pd3bf69c1|Pfd2a74e7|P4da722a4|P20c8297f|P45c72dd5,P3c1293f0,500188435.0
M15e4bb97,Transcendence,2014,2,120,100000000,en,Thriller,Thriller|Science Fiction|Drama|Mystery,4,CN|GB|US,4,C5ce2cd37|Cedec6c61|Cf41e8e6c,41,67,False,K497a09fb|K9a97b678|Kaa11187d|Kf8283fbe|K73141f4b|K0e0f83d5|Keec6e143|K7ba10602,Pd34c4eab|P4bc8082e|Pc5159ea1|Pa1581fbd|P9c10a86e,Pdd0c66b9,103039258.0
M245e5068,The Other Woman,2014,2,110,40000000,en,Comedy,Comedy|Romance,2,US,2,C6cbfdb5c|Cc8f502ef,16,4,False,Kb8d59c8d|K9a16fa02|K049e135d|K4a91a535|K2c5b2ac4|K1d0caf0e|K86040293|K9d24f978,P955f54ab|P4da722a4|Pa75ac765|P6a5889be|Pa1ab47e0,P6af89baf,196781193.0
Mab8d4662,Locke,2014,2,85,2000000,en,Drama,Drama|Thriller,2,GB|US,3,C39e03473|C76ddad9a|C7300e0bc,12,27,False,Kef728c09|Kdcf6a5ec|K70029c60|K07b14717|Ka330fb9c|K5b620d85|K355d3705|Ke0a8d8ef,P91f4f0f4|P1927a931|P1e56b795|P656ec4d9|P6c1e0f01,P8f411bf1,4635300.0
M9ab0a0dd,Pompeii,2014,1,105,130000000,en,Action,Action|Adventure|History|Romance|Drama,5,CA|DE|US,5,Cf9732504|C6dfc8237|C4129cb63,36,43,False,Kd6be48f0|Kf872823e|Kcf5d70d9|Kc5d3ff17|K8a28c7c8|K4bc60f6a|K6473597c|K9f47b446,P79a9589b|P5c4ac37e|Pf12557c1|Pac9b5fa0|Pc16a5226,P5257d233,117831631.0
Md86bb1ab,Tentacles,1977,1,100,750000,en,Thriller,Thriller|Horror|Science Fiction,3,IT|US,3,C7807c497|Ca9843f9b|Cc3115a18,12,10,False,K2a0a6f5a|K9c5a3aa7,P95cfa58a|P9199ff50|P21f03cde|Pe3600e46|Pc2595dc7,P04fbbf07,3000000.0
M5eb151e0,Belle,2013,3,105,10900000,en,Drama,Drama,1,GB,5,C83bf99c0|C659a7544|Cefe1531c,14,40,False,Kf0d9f371|K554cf43d|Kdcb54f72|Kd380c19d|K3095c4e2|K01d1f823|Kcbf64eb9|K136d2f19,P43d8d70f|P4acd4a33|P086ca141|P2f9c5a0c|Pc3043c91,Pcb97f201,16505460.0
M682883c7,A Wednesday!,2008,3,105,1400000,hi,Action,Action|Drama,2,IN,1,C5c1e119f,20,10,False,Kf10ad044|Ka5ec14be|K0d25991c,P34392fc0|P8d24aeb6|P7a292757|P4671158b|Pae8ca56f,P5d4fc34d,3500000.0
M4bfa1eb7,Moms' Night Out,2014,1,100,5000000,en,Comedy,Comedy,1,US,5,C6dfc8237|Cdf58d82c|C77b6ecfb,22,27,False,K01084bd3|Kb1b2d050|Kb48e8785|K6c33796a|K4281ec01|K1a8796e3|K88d14467|Kd6073f4e,P047ec35c|P27ef56e2|P113cc24b|Pfe42d12e|P445b3cc0,P94cb5889,10429707.0
M41e979c8,Lucy,2014,3,90,40000000,en,Action,Action|Science Fiction,2,FR|US,5,Cd7a83b16|Cc7ffd06c|Cc94eefdc,59,75,False,K497a09fb|Kc3529256|K6b4e6a64|Ked4bdeed|K3a9cfbfe|K141d5843|Kd9198f5a|Kbdcbb1cd,Pb214a37a|P9c10a86e|P19e69d72|Pa1541ba5|Pb19f08ea,Pad9f53b5,126546825.0
Mef770010,X-Men: Days of Future Past,2014,2,130,250000000,en,Action,Action|Adventure|Fantasy|Science Fiction,4,GB|US,7,C6cbfdb5c|C3b4ef1a3|C06703886,65,86,True,K4603cffd|Ka6194240|K804bfd5b|K12b44075|K923101f0|K2f9c1556|K6e9bdb3a|Kbbd9be26,Pa70948d3|P443289f8|P387e3056|Pc35136a7|P1de24948,Pe52532d6,747862775.0
M1478e7d4,Walk of Shame,2014,2,95,15000000,en,Comedy,Comedy,1,US,3,Cc032927b|C9b58e393|C8c45c583,20,13,False,Ked493fb4|K845da920|K0961ce93|K4a91a535|K0d6d3b22|K7866a96e,P291847b2|P003a1c95|P18163a01|P110b7c6d|P43b7da8a,P4c0d45a9,59209.0
M68cb0979,Afflicted,2014,2,85,318000,en,Horror,Horror|Thriller,2,CA,3,C87ec3be3|Cb5ef2759|Ccdff349c,11,16,False,Kffb9e482|Kb7debf2d,P2028a53c|P3e820f79|Pdd19e62e|P47bb6e55|Pedf7b772,P3e820f79,121179.0
Mc1f4deda,Blended,2014,2,115,40000000,en,Comedy,Comedy,1,US,4,C87ffc222|C6257db4c|C3e7bdc8f,31,9,False,Ke2c03db7|K934725bf|K9d42ff64|Kc5dda34f|K9a7a2db0,Pe0243597|Pc82d1114|P805acc8e|P863d0f25|Pfe946f0b,P45fe1df4,123494610.0
Md3968090,Begin Again,2013,3,105,8000000,en,Comedy,Comedy|Music|Romance|Drama,4,US,4,Cfb1e6ae8|Cecb58e4c|C0b9f22a9,47,11,False,,P282469c4|P73f53fc6|Pa72c1238|Pab5b1006|Pe94da565,P36e21ef7,63464861.0
Ma9ae088e,Edge of Tomorrow,2014,2,115,178000000,en,Action,Action|Science Fiction,2,AU|US,6,C1246c604|C3e7bdc8f|C5478ecca,40,111,False,K6935c473|K17d6e4f5|Kb91cc689|K7f284f24|K65cf7a95|K4d0bc3a5|K75a4745d|K51e02761,P13cbd053|P87e54ca1|P72092b5c|P0fd4f855|Pd10294e3,P10130871,370541256.0
Md3cbf7ea,Mission: Impossible - Rogue Nation,2015,3,130,150000000,en,Action,Action|Adventure|Thriller,3,CN|US,7,C6146f42e|C5d38df22|C347a5af7,75,112,True,Kef728c09|K33b2d0b2|K07855152|Kc720e141|K19a14feb|Kbf31130c|Kda5d0fe2|Kce059e85,P13cbd053|P2df0e450|P77e32dde|P1180ab67|P8b839607,Pc9357660,682330139.0
M63fc8359,Million Dollar Arm,2014,2,125,25000000,en,Drama,Drama,1,US,1,C72b723b8,14,2,False,K220573b1|Kdc87c7d5|Kd6073f4e,P33bb4cb4|P0fd4f855|P9b47de87|Pbb248b9f|Pba8673da,P26d67040,38307627.0
Mc6392a1e,The Grand Seduction,2014,2,110,12700000,en,Comedy,Comedy,1,CA,2,C70af9496|Ca86c94b5,10,37,False,Kbfacad38|K6d90a030|Kb412e79c|K00a1e654|K6ddd50a7,P72092b5c|P8f3cb8b4|Pba6d433b|Pf51db45b|P1c16ac35,P754fe2b4,3430018.0
M3caeccba,Black Nativity,2013,4,95,17500000,en,Drama,Drama|Music,2,US,2,C9ea1bb4a|C858cc53e,9,14,False,K965d2159|Keb141b00|Kcbf64eb9|K690e422a|K8555b74f|K399ba99f,P52cbfc7b|Pdc134fa5|P1c4e1bc5|P4af9778b|P6394c70f,Pc55f4234,7018189.0
M16b228a7,Mindscape,2013,4,100,4357373,en,Thriller,Thriller|Drama,2,FR|ES|GB|US,6,C668b01c5|Ca1fcd147|C4a39b77e,20,13,False,K8e4844b2,P2598469d|P8879a8a8|P7df79f5c|P56330bda|Pcb2cce2e,Pd632e98e,1200000.0
M8b0ab181,Bikini Spring Break,2012,2,85,500000,en,Comedy,Comedy,1,US,1,Cdcd5b7d2,8,2,False,,P40f741d4|P07562092|P8d8bcccd|P43c26531|Pd9fce2a6,P31fc7035,500000.0
M53852b05,Human Capital,2014,1,110,6000000,it,Drama,Drama,1,IT,2,Cb5455d41|C6ac0b798,22,4,False,,P21cd849d|P5f201b76|Pbef36beb|P12ad114d|Pfad7d3b8,P09f6a4b5,5809330.0
M0f4fe198,The Equalizer,2014,3,130,55000000,en,Thriller,Thriller|Action|Crime,3,US,6,Cf4478484|C1246c604|C8287d6b8,38,82,False,K9df93747|K52525103|K8b8060e4|K4869d83d|Ke7dde3b3|K5b049f92|Kfaf8071d|K249e52d7,Pbbc37df2|P23297f44|Pf4fb8900|P56aac592|Pcf15bdf7,P0efd056c,192330738.0
M31c231e7,How to Train Your Dragon 2,2014,2,100,145000000,en,Fantasy,Fantasy|Action|Adventure|Animation|Comedy|Family,6,US,2,C586f6404|C66757765,17,29,True,Kcf7d212b|Kb1b2d050|K50e48db4|Kea755439|K19a14feb|Kb8281719|Kf6ced2f1|K5c1c497d,P476f3956|P979428ee|Pfbcea453|Pe13a0898|P7ee731d8,Pe002662f,609123048.0
M59701726,Birdman,2014,3,120,18000000,en,Drama,Drama|Comedy,2,US,5,Cd4ad3ed1|Cfc1e76ab|Ce5b5fbdb,50,77,False,Kd253152d|K04f1877b|Kf389d61e|Kc343c0fd|Kb7e49d8a|K46e36b6d|K66ffa8f5,Pf10575be|P9a467338|P27550147|P8ea19000|Pf6c5b6fd,Pd62e8d76,103215094.0
Md9c576dd,17 Girls,2011,2,85,4141459,fr,Drama,Drama,1,FR,13,Cf69c5386|Cc94eefdc|Ceb4f74e7,31,11,False,Kcbf64eb9,Pd7227f34|P48a3a278|P8e79e507|Pae138e26|P778633ec,P357f28df,201607.0
M2aefafe5,Boyhood,2014,2,165,4000000,en,Drama,Drama,1,US,2,Cf06bdafd|Cf9a0d8fc,81,28,False,K82f2244d|K8363a7bc|K6ebeecb0|Kba0ea723|K180c1ff4|K6878063f|K88d14467|K33dc8956,P0d76921d|P9e148a63|P598f6582|P03206384|Pf97af80e,P6f0ffd49,44349000.0
M5458ae2c,Think Like a Man Too,2014,2,105,24000000,en,Comedy,Comedy|Romance,2,US,1,Cdae3edac,23,18,True,,P1651784d|P09fe7ca4|Pad7a841a|P0e1f3b2c|P7c5c9b52,P0f9f87a2,70181428.0
M38a52fae,Transformers: Age of Extinction,2014,2,165,210000000,en,Science Fiction,Science Fiction|Action|Adventure,3,US,8,C6146f42e|C9710581c|Cac465b03,41,86,True,K19a14feb|K4d0bc3a5|K7f2092da|Ke4884854|K4ce171fe|K812768d3|Kf796ee00,P40d10530|Pae29ae2b|Pc6c0443f|P70ae4253|Pa2d2d7aa,Pbac03e2c,1091405097.0
Mde535b9c,Planes: Fire & Rescue,2014,3,85,50000000,en,Animation,Animation|Comedy|Adventure|Family,4,US,4,C72b723b8|Cfa12deba|Cd6658b7c,37,16,True,K969ef670|K14211087|K19a14feb|Kaea398e7,Pf5207e51|Pceb538c7|Pab043648|Pf7039fbf|Pbc846e8b,P068437eb,151165787.0
M558ea9b8,Mrs. Brown's Boys D'Movie,2014,2,95,5900000,en,Comedy,Comedy,1,IE|GB,3,Ce09e087e|C939df7db|Ca93d55c5,38,28,False,Kabb619b7|Kd574d4c9|Kd6073f4e|K3c33f9d9,Pb78605a8|P174a8ba3|P643c6135|Pe0b4321b|Pb6261810,P85bb59ad,23000000.0
Mc54d9ebf,Tammy,2014,3,95,20000000,en,Comedy,Comedy,1,US,2,C6988cd6a|Cf729283b,40,46,False,,Pc90073ad|P105610f1|Pe76df162|P32e4a7d8|Pe236144b,P19119c6f,100525432.0
M70fb054f,The Babadook,2014,2,95,2000000,en,Drama,Drama|Thriller|Horror,3,CA|AU,4,Caff760a5|Cf3a86b29|C3d31ac9a,36,33,False,K038c8dca|Ke30f40a7|K2cf201da|K8d86fd42|Kbea00521|Kcf1a0035|K5c1c497d|K5c041697,Pbcbc23f4|P7faf028f|Pe9ba8e58|P17e44705|Pe090a26a,Pc68186e9,6676471.0
M549d2444,Whiplash,2014,4,105,3300000,en,Drama,Drama,1,US,3,C8512fcd5|Cf0bcd2be|Cae6aa207,51,64,False,Kc42414c8|K443b5d4d|Ke94456e0|K97613fbf|Kc343c0fd|K3c6f9488|Kdcdac547|K424a0f0c,Pddf782b8|P8b74a486|Pc2df11f4|P8027045c|Pd3d80bec,P54dab560,13092000.0
M93d9b296,Gone Girl,2014,4,145,61000000,en,Mystery,Mystery|Thriller|Drama,3,US,6,C6cbfdb5c|Cc2c73c36|Cfc1e76ab,72,82,False,K1451c5af|K52d403a5|K6b9ad492|K70029c60|Kaf98f72e|K823cfef0|K54ba6a34|K794ecc9e,Pcde62a4b|P34b1521d|P88ff00e8|P8b3c5c26|Peffdff03,Pa8beb66e,369330363.0
Me29befc4,Dawn of the Planet of the Apes,2014,2,130,170000000,en,Science Fiction,Science Fiction|Action|Drama|Thriller,4,US,3,Ccb5de721|Cd5934ffd|Ce5b5fbdb,33,146,True,K71b96fcb|Kc6d5904a|K8e2e1632|K7f284f24|Kd0196534|K19a14feb|Kb8dd9a75|K86d86087,P56bf7213|P560c0d8f|P89aa61f8|Pe896c281|P7a26d1cc,P241ffa32,710644566.0
Mf936d431,No One Lives,2013,1,85,2900000,en,Horror,Horror|Thriller,2,US,4,C9e17b695|C61cd275e|C5f2c7b79,14,28,False,Kc8aa65cd|K1fc61028|Ka7984eec|K1b326384|Kc0bb51b1|K60686471|K7f49c806|K3d4cce0d,P7458127d|P8a24d8aa|P09018b02|P45541f53|P3649d720,P0d0fca87,74918.0
M4e8bfb98,Sex Tape,2014,3,95,40000000,en,Comedy,Comedy,1,US,4,C8287d6b8|C6944d896|Cc6c76810,28,44,False,K33437310|K8bb47c73|K9d42ff64|K9a7a2db0|K038b8350,P955f54ab|P8961bd5c|P99848168|P5aa1fa17|P7dc817d8,Pd4f8e50e,126069509.0
M26d5f24e,The Signal,2014,1,95,4000000,en,Thriller,Thriller|Science Fiction,2,US,3,C0e50ec55|Cebb8c1ad|C40434328,12,52,False,K0e89a273|K00f341b1|K110f3ad2|Kd3103f62|Kbdcbb1cd|K1176bfb1|Ke22fc3c8,Pc2a81824|P8733f470|Pcddb9242|P05d35fbc|Pb3602b20,Pae6a1530,600896.0
M12c6bded,The Expendables 3,2014,3,125,90000000,en,Action,Action|Adventure|Thriller,3,FR|US,6,Ce4f77d56|Ce660b27b|C3f8ac89b,31,85,True,K4d54a5a1|Kdb5d0011|K19a14feb|Kdc3a06ff|Ka69f7dd5|K10a4d48b|Kf1b510f8|K34569733,P468a604c|P4b27ca24|Pfa43d9be|Pf3b2f25f|P46240969,Pb332a090,206172544.0
M631e4111,Hercules,2014,3,100,100000000,en,Action,Action|Adventure,2,US,4,C6146f42e|C1e53a163|Cb1d25a5a,26,77,False,K13a62eac|K10a4d48b|K24d18340|K76eb4735|K8d539641|K1156e9f7,P4da7c12b|Pa34e3ce0|P9a074087|Pcfa03d94|P8a6f8a88,P781658fe,243400000.0
Mae835195,A Most Wanted Man,2014,3,120,15000000,en,Thriller,Thriller,1,GB|US|DE,8,C9fc0b22f|C78367188|C24ed6cdb,28,42,False,Ka5ec14be|K90a69de9|K6b4e6a64|K6cb61a2e|K5fcea8d1|K6692eda1|K11ba2c1f,Pfe9ae21f|Pca60e6c7|Pe0da2446|P8b0aeaa5|P9a2edffb,Pfac34338,31554855.0
Mdb3801a1,Wish I Was Here,2014,1,120,5500000,en,Drama,Drama|Comedy,2,US,3,C9b55c3fb|C8b326944|Cd4ad3ed1,27,11,False,Kbef3ef96|Kd3103f62|K2aa0f26c|K9a7a2db0|Ke1ce1437,Pfc9fb1db|P0d5aa382|P730e1d0f|Pd8683cf3|P77e59c1c,Pfc9fb1db,5483299.0
Mf4589213,Earth to Echo,2014,2,90,13000000,en,Family,Family|Adventure|Science Fiction,3,US,2,C783a2a2c|Cd949db57,27,59,False,K4d0bc3a5|Kb7debf2d,P3d4309ea|Pacb4eeb4|Pa421cc21|P12ee9d35|P66045351,Pdbfb7f1f,45300000.0
M30119430,Life After Beth,2014,3,90,2400000,en,Romance,Romance|Comedy|Horror,3,US,4,Ca6b6caa3|C5d7d1775|C4bb65ac1,20,12,False,,Pf55a640e|P237b54bb|Pff2ae6f1|P51c048a3|Pe68a631c,Pd7778227,88273.0
Mcb188ce3,Magic in the Moonlight,2014,3,95,16800000,en,Comedy,Comedy|Drama|Romance,3,GB|US,2,Cf7459051|C8da00094,31,3,False,Kef593078|K79547cd1|K2f7bff09|Ka08ea41b,P292df613|P9a467338|P1f735ed7|Pf934ebfb|Pc8f4d4c4,P23c41cec,51029361.0
M29d72e2d,The Hundred-Foot Journey,2014,3,120,22000000,en,Drama,Drama,1,IN|US|AE,7,C9710581c|C49296be1|Cf4d6a468,39,5,False,Kc56ceab0|K1451c5af|K8867be76|Kc0bb51b1|K9a7a2db0,P2076b2ad|Peaa8cb84|P7ff51e5d|P4de5d937|Pfdd2ee26,P2fb3774a,88880821.0
M6311bb14,The Giver,2014,3,95,25000000,en,Drama,Drama|Science Fiction,2,US,4,Cd8418e70|C016bc731|Cedfb3887,23,18,False,K7f284f24|K2269cdc2|K779b67dc,Pdfa9d578|P5601b6b3|Pc2a81824|P11c24bd4|Paa2143a1,Pc29be49f,66980456.0
Mee32cfb3,If I Stay,2014,3,105,11000000,en,Drama,Drama,1,US,2,C6988cd6a|C1e53a163,43,22,False,K45d12a23|Ke9d21ca1|K9d4a30d0|Kd40899dc|K8e4844b2|K149606a1|K85dd2d8e|K779b67dc,Pf4fb8900|Pbb63c01f|Ped54adff|P2f2b490d|P14038a03,P5b64f780,78874843.0
Mb6858bec,The Pyramid,2014,4,90,6500000,en,Horror,Horror,1,US,3,Cdfcfe998|Cdeddbc83|C907ffdb7,11,54,False,K038c8dca|Kd52903b2|K3b3b69c7|Kf37f81c3|K0d6d3b22|Kb7debf2d|K965f97c3|K6b87d767,P0eb50b19|P4231338d|P3fdd34ec|P355d6ab2|P1ef3279b,P77608b01,13865435.0
M28598fc3,"As Above, So Below",2014,3,95,5000000,en,Horror,Horror|Thriller,2,US,3,Cd7a83b16|Ceddfe7b0|C15e3c0af,16,51,False,K24eec40f|K08ca496b|K1bec466e|Kdbe6d9ae|Kcdfa1532|Kf37f81c3|Kc756449a|Ke4313c16,P064e6da8|Pe93b8db7|Pfd2bde07|P0dc7445c|Pc7f8dfd3,P5d56d82a,40100000.0
M8a10c8ee,The Guest,2014,3,100,5000000,en,Mystery,Mystery|Thriller|Action,3,US,2,C204ca293|C4dd98075,11,38,False,K9be97905|Ke7186c43|K25a3086d|K7dc0994d|K35fbf0b0|K64dee69a|Kb86d1224,Pad28a0f4|Pd2d8a9de|P273abf86|P204b49cd|Pe0f27c47,P597262d5,2367161.0
M1e052ef0,Before I Go to Sleep,2014,3,90,22000000,en,Mystery,Mystery|Thriller,2,FR|SE|GB,6,C668b01c5|Cd5a1e1a6|Ce4826f85,10,44,False,Kf687e8e6|K6e02d9c8|K4438d3ff|Ka69f7dd5|K62fab60e,P8bb333ae|P292df613|P2598469d|P250ec2cb|Pfdeef33c,Pdf1de1be,15447154.0
Ma6711b94,Atlas Shrugged Part III: Who is John Galt?,2014,3,100,5000000,en,Drama,Drama|Science Fiction|Mystery,3,US,1,Ca4c0a0c2,14,13,True,Kd8d4eb0f|K93dbb663,Paf1a2f81|Pbab6a7a9|P7329e4e8|Pf198d2e0|P5f72248e,P309eb5b9,846704.0
Mf39abdf3,The Drop,2014,3,105,12600000,en,Drama,Drama|Crime,2,US,2,C9ea1bb4a|Cd5934ffd,22,49,False,Kc5b65b8c|K9be97905|K12864c24|K50f0ee0b|Ke7dde3b3|K2ff67a32|K2e975c63|K717012d6,P91f4f0f4|Pd94458af|P87a98968|P039fb56f|P336250ba,P7dac8f5f,19054534.0
M1109be51,The Maze Runner,2014,3,115,34000000,en,Action,Action|Mystery|Science Fiction|Thriller,4,US,6,Ccb5de721|C6cbfdb5c|C149c3cae,37,81,True,K1451c5af|K0d6bdfd0|K8e2e1632|K7f284f24|K66331d63|K86ea730e|Kb215400b|K102f7f06,P18efa5b8|Pf0d3e0a4|P78ed3f49|Pb22f4caf|P0e036e01,P2191d6fa,348319861.0
M1c39b553,No Good Deed,2014,3,85,13200000,en,Crime,Crime|Thriller,2,US,1,Cdae3edac,18,62,False,K82b36e2a|K8b8060e4|K31065c79|Ka2122fa4|K68ad2759|K72c5ca2f|K88ffb92c|Ke64ecf1a,P2ca69f9f|Pc94a193b|Pba280f80|P483cf4d9|Pc5deb710,P52f5840f,53830415.0
Mbe29c3c9,Camp X-Ray,2014,4,115,1000000,en,Drama,Drama,1,US,5,C149c3cae|Cd2179c4a|C086d71b9,7,34,False,K2cfe2fc3|K1844dd3b|K6e11d73b|Ka608ab08|K3fef1406|K06dfdda0|Kf08ae6ed|K8b74dc92,Pff66170f|P08955d67|P3811b9db|P9396af01|P48e87e08,Pbe860186,59744.0
M75b609ca,A Walk Among the Tombstones,2014,3,115,28000000,en,Crime,Crime|Drama|Mystery|Thriller,4,US,8,C9b55c3fb|Ca1800b09|C2dccf24a,48,58,False,K1451c5af|K35fbf0b0|Ke864e2ff|K852f076b|Kc343c0fd|Kd9a34eb2|Kca406c7f|K794ecc9e,P1b4a1135|Pad28a0f4|P56aac592|P163da70b|P1610d06c,P576340a7,53181600.0
M0d270c0e,My Old Lady,2014,3,105,5000000,en,Romance,Romance|Comedy|Drama,3,FR|GB|US,3,Ce09e087e|Cf8720f88|Ca4c858ea,9,5,False,K24eec40f|Ka43fbb3a|K32aa4194,P12f8d604|Pfc8c3208|P5264c9ae|P9741e23b|P5ea52c00,P4404f39b,7527232.0
M8174bea1,CBGB,2013,4,100,5000000,en,Drama,Drama|Music,2,US,2,C5eaa9e0d|C5a9bf99a,48,10,False,Kebfedc52|K4fcfc4d1|K195a66c2|Ka86707f7|Ka757202f|K0692478d|K7b7e31c8|K6d482333,P4827d768|P7aef44db|P8ac5cc1c|Pab9fddde|P7aafb2eb,P5b48a305,40400.0
M2fd7497a,The Homesman,2014,2,120,16000000,en,Western,Western|Drama,2,FR|US,3,Cea450185|C0b057e79|C37ab11cd,22,63,False,K075bd6d3|K1451c5af|K9a16fa02|K58cd70ff|K3c6f9488|Kb8ea1403|Kdfebbb73|K81f2ff70,Pc23204e6|Pb23773f6|P628cc958|P5601b6b3|P7392e714,Pb23773f6,3442853.0
Maa37118b,The Tale of the Princess Kaguya,2013,4,135,49300000,ja,Animation,Animation|Drama|Fantasy,3,JP,5,C5e2a080a|Cefced4b8|Cbdaad2d4,24,12,False,Ke5d6abed|Ke9caa1ff|K3429bcad|K9910f19f|Kee7e192b|K974fca8a,P281e3a18|P0b771a70|Pa08e71d1|P4655312e|P052ba9da,Pd2cbc968,24186232.0
Ma86efdfa,This Is Where I Leave You,2014,3,105,19800000,en,Drama,Drama|Comedy,2,US,3,Cb99639e7|C2d76984f|C3e7bdc8f,33,9,False,K1451c5af|K8ededc31|K8d86fd42|K23d83364|K3f541b26|K9a7a2db0|K66d68ca5|K74c27fc9,Pd99e7ba1|P73249322|Pee786644|P7b418b7c|P242b66fa,P6d9a86b4,41296320.0
M05ebbb40,American Sniper,2014,4,135,58800000,en,War,War|Action,2,US,6,C1246c604|C27c08183|C3e7bdc8f,81,74,False,K0c24b3e3|K4385ab38|Ka635b1fc|K50a71b02|K7cbb8bb5,Pc34a6901|Pbf1ee1ef|P96e74a37|P2d20eebf|P9ff78e7e,P6f65c5ac,542307423.0
M4e9e22d6,Tusk,2014,3,100,2800000,en,Comedy,Comedy|Horror,2,US,4,C801404cb|Ce78e2af4|C5485eec2,10,18,False,Kdd6cc548|K443b5d4d|K8e704685|Kf743e542|K6bb787b1|Kf49b8933|K23f30800|Kcbb16de8,P37bb7a96|P3d8c4551|Pc8bfe735|P4720f8ec|Pd9d63c9b,P7e090b5e,1826705.0
M7af764fb,Annabelle,2014,4,100,6500000,en,Horror,Horror,1,US,4,C6988cd6a|C4a39b77e|C36bfcc3f,23,46,True,Kd0483d39|Ka0eac085|K50835a41|K394322cb|K2c054ece|K90d23c94|K9062a211|Kcdb7d4d6,P0f5c0fd4|P2968fe29|P4d66edc9|Pb348fa32|P9270db65,Pa0a691ae,255273813.0
Mf6c32763,Dracula Untold,2014,4,90,70000000,en,Horror,Horror|Action|Drama|Fantasy|War,5,US,5,Cd7a83b16|Ceddfe7b0|C3fa3fb6f,23,112,False,Kffb9e482|K85de5b12|K6e6dc8aa|K10a4d48b|K77332852|Kb6b22e55|Kddce735b|Ke12f48a1,P7458127d|Pefbacd44|P6b8eb19e|Pef533d09|P471cda5c,Pf64995f1,215529201.0
M0f05c058,The Prince,2014,3,95,18000000,en,Thriller,Thriller|Action,2,US,4,C16a0b2e8|C11934135|C6a37d8a4,25,49,False,Kfe856611|Kb02aa6bc|K60601863|K69502c16|K79460dbf,Pbc324a94|Pee263a29|Pe00a4034|P4f988c11|Pb0c21e81,Peff86c0c,266586800.0
M74171e08,Predestination,2014,3,95,5500000,en,Science Fiction,Science Fiction|Thriller,2,AU,4,Cf3a86b29|Caee4558e|Ce71f2b00,62,44,False,K804bfd5b,P598f6582|Pfcf5501a|Pa14d13eb|Pf4d96df6|P61dd5b96,P8e28865e,3000000.0
M724bf951,The Best of Me,2014,4,115,26000000,en,Drama,Drama|Romance,2,US,1,Cdae08cab,34,5,False,K8d78c5aa,Pcea1bef6|P003a1c95|Ped54adff|Paeadf05c|P3abcbfa9,Pc15eee86,35926213.0
M83f896d1,John Wick,2014,4,100,20000000,en,Action,Action|Thriller,2,CA|CN|US,5,Cceb4e3c9|C3e7bdc8f|C1a3ae900,35,57,True,Ke7dde3b3|K88e067de|K9a16fa02|K35fbf0b0|K25177432|Kffef018c|K60601863|K1355f779,Pee0e1556|P78b6b250|P54c6b08b|Pbc51b226|P55688699,P0484e48d,88761661.0
M0c3b1b81,"Alexander and the Terrible, Horrible, No Good, Very Bad Day",2014,4,80,28000000,en,Family,Family|Comedy,2,US,3,C72b723b8|C2d76984f|C8e91a7dd,35,63,False,K1451c5af|Kecfc7d39|K4f28f03e|K4b5d944f|K4ab592f5|K31b25f7e|K832ce925,P4be68e2c|P56976266|Pd56d9660|Pf0ab39b9|Pd95e76c1,P3b539b87,100654149.0
M7c0709a7,Left Behind,2014,4,110,16000000,en,Thriller,Thriller|Action|Science Fiction,3,US,1,Cc5c01eef,27,53,False,K877e62a3|K27546ebe|K71bf1fc9|Kd3f30ed9,Pa2178ef1|P4c9485c7|P4c1d4fe7|P4fa86820|P9986c3aa,P23fbf903,19682924.0
M317e5cae,Felix The Cat: The Movie,1988,4,80,9000000,en,Animation,Animation|Family,2,DE|HU|US,2,C2c30cf2b|Cfa523cdb,9,1,False,K9a70e6ce|Kdbe6d9ae|Kb7ec3d9c|Kc2c6b5b4|K1efe2c18|K368321c1,P3a9ebd58|P76b7e9f4|P5787816e|Pa6d0e02c|Pb60dff62,P0d88c95d,1964253.0
M1be5db54,Big Hero 6,2014,4,100,165000000,en,Adventure,Adventure|Family|Animation|Action|Comedy,5,US,2,C72b723b8|C7ce0905f,46,39,False,K2b5d957d|Kcc343814|Kdd9ed465|K9a16fa02|Kc9e5c2e6|K5c69e7fa|K4ce171fe|Kd31349af,Pfa100969|Pf08516a4|P2ee6fb38|P26b83a5a|P10686b2b,P838c655e,652105443.0
Mca7cad3b,The Book of Life,2014,4,95,50000000,en,Romance,Romance|Animation|Adventure|Comedy|Family|Fantasy,6,MX|US,4,C6cbfdb5c|C0e63dc4c|C7940c1ce,27,16,False,Kde32259e|Ka42eba1d|K534e4b10|K6bd5880f,P906305c0|P4390516d|P3430b4ec|Pb0acacc8|P6bd2f0a4,Paec890bc,97437106.0
Mc1b01d53,Ex Machina,2015,1,110,15000000,en,Drama,Drama|Science Fiction,2,GB,4,C60c81b3f|Ca0d5529c|C9b0e4985,11,60,False,K075bd6d3|K497a09fb|Kf172f9db|K03b817d9|K9a97b678|Ke50579d9|K5011ba81|Kf743e542,P384d7805|P3d6ce273|Pb2b28b54|P882900c6|P087d7f82,P901c9e89,36869414.0
M07bd5eed,Kung Fu Dunk,2008,1,100,10000000,en,Action,Action|Adventure|Comedy,3,HK,3,C79b50bf3|C3ca4c209|C3e6b8cc6,16,2,False,K1308518c|Kdc87c7d5|K24762420|K112ac7a2|Kb44e8055|K4e408e8a,Pc5f9a431|Pf501df28|P88b5382e|Pfb58ac45|P385f0b70,P937e3e83,22896728.0
Md0b93127,Paradise: Love,2012,2,120,3600000,de,Drama,Drama,1,AT|FR|DE,3,C57685069|C6433ecf7|C178c3459,10,13,True,,P4d407d25|Pae2ea9ac|Pdec89dc3|Pd016627a|Pcf304bef,P51fa165f,24267.0
Mb31aa118,Foxcatcher,2014,2,135,24000000,en,Drama,Drama|Thriller,2,US,3,Cfb1e6ae8|C6944d896|C8e445836,22,50,False,K4385ab38|K65302cc3|Kdc87c7d5|K595f8623,P4be68e2c|P4390516d|P282469c4|Pbf1ee1ef|Pb22d5147,P12f39321,12096300.0
M9a575b14,Walking With Dinosaurs,2013,4,85,80000000,en,Animation,Animation|Family|Adventure,3,AU|IN|GB|US,7,Cda74b91e|C0d8ca19f|Cbc6daac9,12,12,False,K940149f8|Kb312f8f4,Pdedf9737|P3d8c4551|P7f9caf38|Pbd2f2134|Pcd89be8e,P19641ebf,126546518.0
Md4a22445,Remington and the Curse of the Zombadings,2011,3,95,22361,en,Foreign,Foreign|Comedy|Horror|Drama,4,PH,4,Cafea6902|C83a6e62d|Cbc086b92,20,3,False,K07e4b8a5|Kd25f81da,Pd9ec5902|P85505346|Pcf4233e2|P1f76d9b8|Pd76bcda0,P2f4a8dd0,721651.0
M1b41cf60,Stalingrad,2013,4,130,30000000,ru,War,War|Action,2,RU,1,Ce1575a99,42,4,False,K230a811e|K62487044|Kea9a7984|K81851020|K49f3e163|K91d37165|K595f8623|Kcb866ff6,P88ce8fad|Paeae6747|P30dbaba5|Pfb89c24a|P601f3df2,P2ad38a91,68129518.0
Mdf72afa7,The Imitation Game,2014,4,115,14000000,en,History,History|Drama|Thriller|War,4,GB,2,C252f2500|C1e87a7d2,68,43,False,K0c50837f|Kdcf6a5ec|K230a811e|Kc2d74a4e|K4385ab38|Kc448a35f|K4c5a1cc0,P2402c04c|P73f53fc6|Pd4288e7a|Pe7f1384e|Pa91503c0,P248401be,233555708.0
M953bedaf,Inherent Vice,2014,4,150,20000000,en,Comedy,Comedy|Romance|Crime|Drama|Mystery,5,US,3,C80cef579|C3e7bdc8f|Cb8541d22,101,24,False,K1451c5af|K4603cffd|K852f076b|K685246a1|Keb5e7681|Ka08a09e6,Pdfff36db|Pc6b524b9|P66e0e26d|Pde0388e6|P4d20c8bc,P39845bd4,11110975.0
M5e813b4a,Exodus: Gods and Kings,2014,4,150,140000000,en,Adventure,Adventure|Drama|Action,3,ES|GB|US,4,Cd5a1e1a6|Cd5934ffd|C23a5cc4e,24,155,False,K49bee7c5|K7db97ba9|K21a560e6|Kb312f8f4|Ke3a86b2f,P1716f909|P098619b4|Pb8e19397|P2055b8a2|P491039bd,P54540f1f,268031828.0
Mdd69b2c0,Repentance,2014,1,90,5000000,en,Horror,Horror|Thriller,2,US,0,,10,5,False,,P52cbfc7b|Pde213099|Pf6e49672|P890f1411|P885c0e0e,Pe6edf833,1189612.0
M42d47ec8,The Theory of Everything,2014,4,125,15000000,en,Drama,Drama|Romance,2,GB,1,C0110c455,45,86,False,Kb1b2d050|K4385ab38|K7a03cc6b|K8b1e5356|K34bc02e4|K70d52960|Kc533a451|K9c15e0fd,P9b2fd63e|P36ae5580|P359ead8c|Pc3043c91|P49f77bd8,P06acc0f0,123726688.0
M8962f3ef,"Moscow, Belgium",2008,1,100,560000,nl,Romance,Romance|Drama|Comedy,3,BE,0,,9,2,False,K79a56504|K277a5e7d|Kfe075bcf|Kafd14623|K10261fed|K230e7f2e|K1ec34a52|K94b091c8,P00c94960|P8ba2d1c3|P539ab5e9|P9a97e9dd|P3fef98e6,Peaba1733,1500000.0
M2c936a5d,When the Game Stands Tall,2014,3,115,15000000,en,Drama,Drama,1,US,2,C52c2683a|C7a5e2582,65,6,False,K63327ad9|Kdc87c7d5|K329b0b67,P864bcbbd|Pbefbca66|Pbdc89d4d|P4df2dcb4|P12c2f6d9,Pef6fceaf,30127963.0
Maa6023b6,Ragnarok,2013,4,120,6500000,no,Action,Action|Adventure,2,NO,3,Cc94fae07|C53224464|C79bae39e,13,13,False,K08ca496b|Kea755439|Kd3cd7fde|Kf9662bfb|Kbedada4e|K4c610d63,P8cd8d6c7|P4a01b0bc|P1d422d70|P03effbf5|P9765b979,Pfbd4fc38,3721345.0
Mb51b3c35,20th Century Boys - Chapter 1: Beginning of the End,2008,3,140,20000000,ja,Science Fiction,Science Fiction|Adventure|Mystery,3,JP|TH,2,Cedf12380|C2eb45d92,18,14,True,Kef728c09|Kefe0a483|Kedd80cbe|K1be27af3|Kd46e7629|K6a40957e|K974fca8a,P838c4f52|P06328522|P47a1f800|P2da6529f|Pf6ab8052,P557aa1b4,31244858.0
M58201fca,Beyond the Lights,2014,3,115,7000000,en,Romance,Romance|Drama,2,US,5,Cdae08cab|Cf62cabf1|C05ec320a,42,79,False,Kdd9ed465|K36437c68|Ke9d21ca1|Kcbf64eb9,P43d8d70f|P44d9ec09|Pbf89d8eb|P2f4bc7eb|P6f155c36,P4a2b4f10,14618727.0
Ma8407f7a,Jurassic World,2015,2,125,150000000,en,Action,Action|Adventure|Science Fiction|Thriller,4,US,5,C9d5bb40c|C9710581c|Ceddfe7b0,28,435,True,K038c8dca|K83f5b2e6|K243d823e|Kd0fd3122|K566c4248|K19a14feb|Kca0f1cb3|Ke85f007d,P0f1e1a63|P1f53cfec|P219eba99|P5552edf8|Pe7997fe6,P2cd2d553,1513528810.0
Mc07f517f,My Dear Desperado,2010,2,100,800000,ko,Romance,Romance|Comedy|Drama,3,KR,1,Ce3546f41,8,5,False,,P0d051f70|P7fcf1d51|P6b5e416b|Pf052a078|P03349644,P09a6c06b,4214668.0
M61045980,Horrible Bosses 2,2014,4,110,42000000,en,Comedy,Comedy,1,US,3,C6988cd6a|Cd8e4f059|C37047fd9,19,33,True,K526fab99|K9136e8a9|K19a14feb|Kfc3d3a26|Ka5c888af|K038b8350,Pd99e7ba1|Pf12075fd|P004c5399|P0151a8e9|Pf21f3bf1,P369cce8c,107670357.0
M06bdf939,Lucia,2013,4,135,79000,kn,Fantasy,Fantasy|Romance|Thriller,3,IN,0,,9,25,False,Kabe04825|Kf04506ca,P63abf10f|Pf8dc5f3d|P8e6d02a6|Pab05e783|P572e336d,P2fb0b6f2,170000.0
Mdfd0659e,Penguins of Madagascar,2014,4,90,132000000,en,Family,Family|Animation|Adventure|Comedy,4,US,1,C586f6404,16,4,True,K18ddcb45|K451f5b44|Kb312f8f4,P35cbd61e|Pf856df45|Pe1e8b306|P9c2f7edf|Pefca9620,P0ac84fa8,373552094.0
Ma20c8e0a,Black or White,2014,3,120,9000000,en,Drama,Drama,1,US,1,C43994d37,32,10,False,K787b956a|K1355f779,P02f4f983|P1a8779df|P8d765fd4|P18163a01|P457fc341,Pd0f45010,21571189.0
Md8c9a80c,The Water Diviner,2014,4,110,22500000,en,War,War|Drama,2,AU|US,2,Cfc82e1ca|Ccda64db0,24,111,False,K6d63f82c|K241b3a3b|Ke43d3144|Kc4c98066|K51a19256|Kc5031ada|K4d28368f|Kea73601a,Pf4bdfa1a|Pc793c726|P107800b3|Pe5a03749|P24e0f259,Pf4bdfa1a,15520023.0
Mf1b362ae,Still Alice,2014,4,100,5000000,en,Drama,Drama,1,US,4,Cd6f28c26|C47f08b81|C4af9fc5f,18,16,False,Kede84157|Ka2fe4ac7|K2ad7d4de,P62eda3c0|Pa350e788|Pff66170f|P06351fdd|P662623db,Pc09eb3eb,43884652.0
Ma5e7d00c,Paddington,2014,4,95,55000000,en,Family,Family|Comedy,2,GB,9,Cd8418e70|C668b01c5|Cc7ffd06c,68,8,False,Kdcf6a5ec|Kbda797ac|K1451c5af|K2e6897b6|Kaea398e7|Kd124805f|K93ed811d,P8bb333ae|P69540e44|P17934d14|P580e9714|P339559a2,P72188dc2,259207227.0
M24b24c94,Maze Runner: The Scorch Trials,2015,3,130,61000000,en,Action,Action,1,US,3,C149c3cae|C8016c88c|Ce5b5fbdb,37,99,True,K1451c5af|Ke7fd3ddd|K0d6bdfd0|K8e2e1632|K7f284f24|K9b10ff96|K5ef5e3d1|K66331d63,P18efa5b8|P78ed3f49|P1e605391|Pdaba1495|P44b954b2,P2191d6fa,311256926.0
Mec4587e4,Clouds of Sils Maria,2014,3,125,6600000,en,Drama,Drama,1,DE|FR|CH,3,C9169880c|Cb7558811|C70ff560f,12,19,False,Kc8aa65cd|Ke09d99ff|Kdb691a95|K33dc8956|Kd41b7520|Kb8388558,P2b0de4d7|Pff66170f|Pf4fb8900|P7c838653|P37273b55,P6830bef2,1851517.0
M782efa24,Hard to Be a God,2013,1,170,7000000,ru,Drama,Drama|Science Fiction,2,RU,3,Ce535c89c|Ce218dbe9|C236af74f,8,11,False,,Peff918b3|P239f35e2|Pa9057af3|P1b76149c|P0f62b3ad,P48e71d33,1310673.0
M60a05f33,Kill the Messenger,2014,4,110,5000000,en,Thriller,Thriller|Crime|Drama|Mystery,4,US,2,Ce845698c|C32549fa1,17,9,False,K4385ab38,P1180ab67|P5ec4078e|P66319b2e|Pb3dd3313|P81c51e0c,Pc5fcfc7e,2450846.0
M4ac7b692,The Face of Love,2013,4,90,4000000,en,Drama,Drama|Romance,2,US,1,C51f77173,11,10,False,K56c900d4|K7fca2c3b|K38caa61d,Peb51c4ea|Pceb538c7|P8b29037b|P4d54f48c|P145f8fd3,P8892490b,350006.0
M209414e3,The Hobbit: The Battle of the Five Armies,2014,4,145,250000000,en,Action,Action|Adventure|Fantasy,3,NZ|US,5,Cfa9f1be7|C6988cd6a|C2d54d9a7,42,127,True,K9df93747|K82d85bd6|K743ae960|K98f12e70|K62b46e1c|K38519a3c|Kf6ced2f1|K10a4d48b,P247d05d5|P6ada0366|P892642d7|Pf96e1a06|Pcafc88e9,P715cf7f1,956019788.0
M6229405d,Selma,2014,4,125,20000000,en,History,History|Drama,2,GB|US,5,C3762b402|C49296be1|Ccef4d06f,38,18,False,K4d3a89c3|K0f81b132|Kc6e19df4|K70d68533|K6b7d2c8f|K58af3b4f|Kcbf64eb9|Kf28ff5c4,P7eeac4fd|P4acd4a33|Pec359c6c|P0eba053f|P3b26f725,Peb289f2d,66787908.0
M92791842,Unbroken,2014,4,135,65000000,en,Drama,Drama|War,2,US,3,Ceddfe7b0|C692aaab5|Cfc434e89,79,92,False,K230a811e|Ke3d2a5d6|K4385ab38|Kdc87c7d5|K65cf7a95|K0b568d4a|Kcbf64eb9|K4b966f81,Pc898a617|P384d7805|P730529f8|Pe7ce8824|Pb999f0e8,P9e58b7cf,163442937.0
M0d53edd4,Fat Pizza,2003,2,95,400000,en,Comedy,Comedy,1,AU,0,,9,7,False,Kcb98e4ee|K0e27dce1,Pf0ac94e7|Pb8e0b35c|Pa1c4d999|P2175e74d|P955b6446,Pf0ac94e7,7888102.0
M33bd0c5e,Khumba,2013,3,85,20000000,en,Animation,Animation|Adventure|Family,3,ZA,1,Cebf2b205,22,3,False,Kb312f8f4|Kf056c4bd,P9d24580b|P1b4a1135|Pa887b05b|Pb6a433d3|P05d35fbc,Pb1bf54af,27187375.0
Me504e47d,A Girl Walks Home Alone at Night,2014,1,100,1000000,en,Horror,Horror|Romance,2,US,4,C40c67889|C1caad2a8|Cf2573841,8,20,False,Kffb9e482|K32afce2d|Kc6d564c1|Kcbf64eb9,Pc727cd7f|Pa2b8ff6f|Pe0af27c0|Pb9f8fb9f|Pba2e03d5,P38ab93b3,395000.0
M0e0ac224,Mommy,2014,2,140,4900000,en,Drama,Drama,1,CA,4,C87ec3be3|Ca223697e|Cba4c5bb8,31,11,False,K49eb1525|K8d86fd42|Kbea00521|K5c1c497d|Kde9129f0,P17a3ddea|Pf458ae9b|Pc681f5ae|P5f2e62ba|P922fe2f1,Pd763e608,3494070.0
Md9a5ef7a,A Most Violent Year,2014,4,125,20000000,en,Crime,Crime|Drama|Thriller,3,AE|US,7,Cf4d6a468|C4abfe3d3|C24ed6cdb,22,78,False,K9df93747|K755126fd|K12864c24|K5fce51a3|K6cb61a2e|Kf3af935a|Kfe075bcf|K2c07d33a,Pb2b28b54|P5116e460|Pd0fd22b1|P3ceeedfc|P7eeac4fd,P039cabae,12007070.0
Mfc24c0b0,Big Eyes,2014,4,105,10000000,en,Drama,Drama,1,CA|US,4,Cd8418e70|Cda0d9740|Ce9d09d84,38,14,False,Kb1b2d050|K4f7fe086|Kabb619b7,P2b24b1d6|Pb18736f0|P62235ba3|Pf8af4a2a|P7ba508aa,P9059d147,28883511.0
M998f18c5,Into the Woods,2014,4,125,50000000,en,Fantasy,Fantasy|Comedy|Music,3,US,3,C72b723b8|C912e4a96|C04c23827,19,76,False,K55cfa8fb|K059a5fd2|K2f880fce|Kd63352e0|K965d2159|Ke5d6abed|Keb141b00|K5ceded96,P5601b6b3|P87e54ca1|P608c4074|P852e3feb|Pb95440c1,P4795b548,212902372.0
M0b838a84,The Interview,2014,4,110,44000000,en,Action,Action|Comedy,2,US,2,Cf4478484|Cededb20c,38,24,False,K4d54a5a1|K2f314b77|K915217a1|K1e2e9f5f|K5f626b73,P58bca367|P32730d58|P710cb5c5|Pc69f2146|P3c561970,P32730d58,12342632.0
M871434bf,Night at the Museum: Secret of the Tomb,2014,4,95,127000000,en,Adventure,Adventure|Comedy|Fantasy|Family,4,GB|US,5,C6cbfdb5c|Cd05b6468|C2d76984f,26,108,True,K57663f99|K7b6f0775|K86a4c1f9|K9fe2949c|K3ca6f3d8,Pd29fc0d4|P18f3cd4b|P2c21d2ab|P8b29037b|P66e0e26d,P6d9a86b4,349424282.0
M4c484036,Seventh Son,2014,4,100,95000000,en,Adventure,Adventure|Fantasy,2,CN|CA|US|GB,6,Ceddfe7b0|C6e250e55|C0b6d52f6,35,55,False,K79547cd1|K489ed63a|Kfe7c4c95|K78178069|K5ba50a12|K779b67dc|Kbe9439a8,Pdfa9d578|P62eda3c0|P3ef74b99|P3d6ce273|P79a9589b,P77187e2b,114178613.0
M1fab6be0,Gloss,2007,3,120,2500000,ru,Comedy,Comedy|Drama,2,RU,0,,14,2,False,,Pe9205fba|Pc767debb|P17552a34|Pb3c8fefd|P2bb11226,Pb8921229,4684165.0
Ma3ca230d,Annie,2014,4,120,65000000,en,Comedy,Comedy|Drama|Family,3,US,5,Cf4478484|Ca055c51a|Cc6c76810,40,60,False,K965d2159|K4b112d80|K7463be77,Pfafabfda|P20c8297f|P7b418b7c|P955f54ab|Pb6fdc6b8,P89d442f7,133821816.0
M2658dbb0,PK,2014,4,155,13000000,hi,Comedy,Comedy|Drama|Science Fiction,3,IN,2,Cf81992ec|C717acce7,15,8,False,K744c0ebb|K5011ba81|Keec6e143|K4d0bc3a5|K0bdfaae8|Kd00e476d|Ke9b94314,P655d94a7|P3f23498a|Pa826d4fa|P45712bf1|P3732b00c,P66d7fd1e,120000000.0
M55335a86,Foodfight!,2012,2,85,65000000,en,Animation,Animation|Action|Comedy|Family,4,US,2,C60302f01|C759e00a6,21,7,False,K79a56504|K7a3e26a4|Kca1740ee|K64f39905|K290c0ee2,P79a733fb|Pef9e2f37|Pb867ac16|P60422cb6|P65c2b572,P07fcd61e,73706.0
M125dcb84,Drishyam,2013,4,160,750000,ml,Crime,Crime|Thriller,2,IN,1,C95bad1bf,19,37,False,K80b08e19|Kb7b99f26|K0d25991c|K35fbf0b0|K9a7a2db0|K7b0dfbd5|Kedc55cc4|K9824022f,P00b5fdfb|Pc930b08f|P147e3471|P37ca4255|Pdbbd3696,Pfc917699,12000000.0
Mea1e7b4c,Chappie,2015,1,120,49000000,en,Crime,Crime|Action|Science Fiction,3,MX|ZA|US,8,Cf4478484|C6944d896|Cc6c76810,45,50,False,K497a09fb|K267cc427|K4ce171fe|Kaa64d9a2|Kb8ff716e,P4b73cb04|P1c4e2561|Peaf9c33c|P54a399fa|P6d236a27,Pe25f8fa0,104399548.0
M1dbab1c1,Gimme Shelter,2013,4,100,7500000,en,Drama,Drama,1,US,2,C94106565|C7f5821ae,13,2,False,K0c537174|K595f8623|Kd3103f62|Kd47abffe|K0bdfaae8|K8e4844b2|K2d8b300b|K624181ff,P5a6a43b8|Pefe166d2|P02dbf1fc|P75ffb684|P27f9bfda,Pb8ba4d7f,1359910.0
Mbc4e989e,Taken 3,2014,4,110,48000000,en,Thriller,Thriller|Action,2,FR|US,9,C6cbfdb5c|Cfeba7872|Cc94eefdc,56,100,True,K9a16fa02|K35fbf0b0|K5ef5e3d1|Kc8232ad2|K3bb0250f|K2d8b300b|K30d03c88,P1b4a1135|P52cbfc7b|P7e3306de|P0303ea88|Pff49d7df,P6e2877bf,325771424.0
Mf208bd9a,Blackhat,2015,1,135,70000000,en,Crime,Crime|Drama|Mystery,3,US,3,Cd7a83b16|C4afff6ec|Ceddfe7b0,19,54,False,K4d2febdc|K9a97b678|K9ad21213|K0e89a273|Kf8283fbe|Kab85160e|K42cfc769|K408254ef,Pebd37a00|P1f12042c|P5ced2109|Pe7fd819d|P992a7c14,Paa8ef28b,17752940.0
M9be9f0dd,Terminator Genisys,2015,2,125,155000000,en,Science Fiction,Science Fiction|Action|Thriller|Adventure,4,US,3,C6146f42e|C8e445836|Cd0666bee,32,144,True,Kd3ee2033|K497a09fb|Kf93b4bf6|K9f1d9feb|K89099cca|K804bfd5b|K7f284f24|K19a14feb,Pf3b2f25f|P560c0d8f|P09ec2fe6|P24e0f259|P8b74a486,P8748023c,440603537.0
Mde84e44f,The Woman in Black 2: Angel of Death,2014,4,90,1000000,en,Thriller,Thriller|Horror|Drama,3,GB|US|CA,6,C336c2b47|C4b6007ad|C14fcbad7,20,66,True,K1451c5af|Ke099800e|K5ebde1b5|K19a14feb|Kff9c5036|Kd653b7f5,P9e82f046|Pa0d3787f|Pbc72acc3|P46d15e07|P3210eaa2,P0b00f084,26501323.0
Md2cd61be,Forbidden Kingdom,2014,1,125,26000000,ru,Thriller,Thriller|Adventure|Mystery|Fantasy,4,CZ|RU|UA,2,Cd7a83b16|C3752954c,22,8,True,K038c8dca|K0c5ab195|K9b0a830c|Kf0ee355f|K9e66551c|K6d28c684|Kfe7c4c95|Kb312f8f4,P13c6deee|P144cc972|Pf3d79faa|P239f35e2|P9778c087,P100c467b,34592118.0
M103fb582,Nothing Left to Fear,2013,3,100,3000000,en,Horror,Horror,1,US,7,C76ef270a|Cd2179c4a|C3bcd2fe8,14,10,False,,P4df2dcb4|P9a444c72|P3a7756e1|P18c235ce|P05a43098,Pc91c30a3,1675381.0
M2cda2cca,It Follows,2015,1,100,2000000,en,Horror,Horror|Thriller,2,US,3,C0848c9f8|C9f555334|C0c01ec3e,29,29,False,K00ee119f|K5ebde1b5|Kc5c53ac8|K838ef4ab|K57f246b9|K0ac1cfed|K9b4ffc28,Pd2d8a9de|P8ef5e2bf|P728d5a60|P0e83c5fc|P9cf76fa2,P3a9570da,14674076.0
M101fa290,Highway to Hell,1991,4,95,9000000,en,Fantasy,Fantasy|Action|Comedy|Science Fiction,4,US,1,C1a07fd51,15,5,False,,P90f6cc61|Pebc9c8a3|Pb27bd1ce|P5920226e|P2930db87,P12324903,26055.0
M2c64564f,Peter and Vandy,2009,1,80,500000,en,Drama,Drama|Comedy|Romance,3,,0,,5,2,False,,Pd9b36fc9|P4d54f48c|Pf9dc9e9d|P7dd5a830|P7646504a,P55284509,11276.0
M6a1e2b5d,Kandahar,2010,1,105,7000000,en,Drama,Drama|Action,2,RU,3,C79237d98|C7a39e942|C08899dcc,5,4,False,K9de0b72d|K7c136f6c|K66331d63,P43a24a1a|P1bae380e|Pdb0f5859|P79861b19|P34b77b1b,P25b8293f,15172408.0
M856e9bda,Torrente 5: Operación Eurovegas,2014,4,105,9272437,es,Action,Action|Comedy,2,ES,3,C4aa5be27|C21f6d571|C7ce1a443,49,12,True,Ke33fde63|Kc5b65b8c|K9ad21213|K89099cca|K19a14feb|Ka9306de8|Keede16fc|K7e95b555,P2f88ef40|Ped0d9556|P2d8a5125|Pa350e788|P7184015d,P2f88ef40,11672363.0
Mbb4b1dd5,Mad Max: Fury Road,2015,2,120,150000000,en,Action,Action|Adventure|Science Fiction|Thriller,4,AU|US,3,C1246c604|C15749a2b|C3e7bdc8f,60,76,True,K89099cca|K00ee119f|K8e2e1632|K7f284f24|K241b3a3b|Kb8281719|Kee7d3574|K5ef5e3d1,P91f4f0f4|Pa9346d2f|P65627fc6|P0882286d|P76ffb9f2,P807517ed,378858340.0
Mc33716eb,Insidious: Chapter 3,2015,2,95,10000000,en,Drama,Drama|Horror|Thriller,3,CA|US,1,C6fc703e1,28,54,True,K19a14feb,P1dff6e01|P582fb01b|Pbe79abb0|P30da69e2|Pc6ccb1bb,P30da69e2,104303851.0
Mac81a842,Star Wars: The Force Awakens,2015,4,135,245000000,en,Action,Action|Adventure|Science Fiction|Fantasy,4,US,3,C3ea53bb0|C36f04e4d|Cb2d72985,84,113,True,K267cc427|K6b674f5c|Kcf0b105a|K812768d3|K4d7becfd|Kb312f8f4,Paf241dd3|Pfc5aefab|Pee786644|Pfa43d9be|Pb2b28b54,Pde4fd0cd,2068223624.0
M83fe7d48,Ben-Hur,2016,3,125,100000000,en,Adventure,Adventure|Drama|Action,3,US,4,C6146f42e|C1e53a163|C4d5f1934,19,8,False,Kf6432100|K3efe6bd6|K9c8bb082,Pacb66fff|P7a26d1cc|Pb52a6e3c|Pf9f94fa2|Pbdfedffd,P97a9e6f2,94061311.0
M214c3189,Warcraft,2016,2,125,160000000,en,Action,Action|Adventure|Fantasy,3,CA|CN|JP|US,4,Cd7a83b16|C8e42f8bf|Ceddfe7b0,47,129,False,K3ea5ce14|K82d85bd6|K98f12e70|K79547cd1|K00ee119f|K923101f0|K349e4ffc|K07346786,P3a27ae88|P8b568f45|P2e4d1f59|Pfc01209d|P6b8eb19e,P83787549,433677183.0
Mf0e7de9f,Pirates of the Caribbean: Dead Men Tell No Tales,2017,2,130,230000000,en,Adventure,Adventure|Action|Fantasy|Comedy,4,US,4,C72b723b8|C4fb6882a|C2098dde5,68,182,True,Kaa9e3589|Kc8e08999|K19a14feb|K283b75a4|K8873fd10|K323e09b0|K54cbc9dd|Kcc821e1c,Pd34c4eab|P9f0e9d1d|Pee871f87|Pc2a81824|P78ed3f49,P3107bc23,794191988.0
Mb83ada71,Fantastic Four,2015,3,100,120000000,en,Action,Action|Adventure|Science Fiction,3,US,7,C6cbfdb5c|Cc58a41f5|C06703886,28,119,False,K16d71dad|K08b1cffe|K3a9cfbfe|Kf07f431d|K12b44075|K04f1877b|K923101f0|K3ec095e0,Pddf782b8|Pa1581fbd|P2c31c831|P3a173673|P7a26d1cc,Pa00d3d99,167977596.0
M362b7365,Guardians of the Galaxy Vol. 2,2017,2,135,200000000,en,Action,Action|Adventure|Comedy|Science Fiction,4,US,2,C72b723b8|Cc4089340,63,131,True,K19a14feb|K04f1877b|K923101f0|Kc79f1b80|K846673e8|K59174898|Kfcbf608c|Kd6073f4e,P0f1e1a63|P3430b4ec|P2231426b|Pb2d28ee6|Pc34a6901,P797efe48,863416141.0
M2fb5419d,Captain America: Civil War,2016,2,145,250000000,en,Adventure,Adventure|Action|Science Fiction,3,US,5,C295bb1fa|Cc4089340|C783a2a2c,100,119,True,K399777ff|K65cf7a95|K12b44075|K19a14feb|K04f1877b|K923101f0|K812768d3|Kfcbf608c,P8164fa59|P9aaea10b|Pb214a37a|Pe38e74eb|Pde213099,P80aaf589,1153304495.0
M5da28c1f,X-Men: Apocalypse,2016,2,145,178000000,en,Science Fiction,Science Fiction,1,US,6,C6cbfdb5c|C3b4ef1a3|C06703886,95,96,True,Ka6194240|K00f341b1|K12b44075|K04f1877b|K923101f0|K2f9c1556|Kc79d101b|K3ec095e0,P443289f8|P387e3056|Pc35136a7|P65627fc6|Pb2b28b54,Pe52532d6,543934787.0
M9445fd94,My Way,2012,1,150,27563396,fr,Drama,Drama,1,FR,2,C668b01c5|C45f472e0,14,15,False,K965d2159|K4385ab38,Pf3b7bb76|P44462348|P694dbca9|P6bd6a023|P0268e06d,Pdab8cb9b,29193330.0
M3ba3493b,The Derby Stallion,2005,3,100,750000,en,Drama,Drama|Family,2,US,0,,4,5,False,,P2fdadb28|P4eba50f4|P629540f1|P792f984d,Pbb4be2bb,4000000.0
Me6be5abb,Cake,2014,3,100,7000000,en,Drama,Drama,1,US,3,C83e9259b|C8c854a77|C8322a75d,22,46,False,Kc8aa65cd|K696abb12|Kc6484f9a|K1355f779|K74c27fc9|Kbf8b3c76,P0151a8e9|P852e3feb|Pe66d9e38|Pb1f2cb97|P6da38991,P0cb072de,2360281.0
Ma2136149,The Snow Queen,2012,4,75,7000000,ru,Animation,Animation|Fantasy,2,RU,1,C0f5c8c4c,5,4,True,,P539db46b|Pe536c606|Pb567e95d|P50194cba|P61d919a9,Pb3c7a5d1,12400000.0
M49ebefd5,The Gambler,2014,4,110,25000000,en,Thriller,Thriller|Crime|Drama,3,US,4,C6146f42e|C6923166d|C1756f792,22,21,False,K8341e452|K01c1572d|Ka2fe4ac7|Kf4eca845|K6fdd0b1b|Ka0c78ca5,P40d10530|P7f88be6e|Pc1db5cd0|P023d3a68|P2bab004c,P101349e3,39171130.0
Mdae01478,The DUFF,2015,1,100,8500000,en,Romance,Romance|Comedy,2,US,3,C62730ca8|Cdd8eadf1|C1b43db3a,16,49,False,K25a3086d|K8e4844b2|Ke6c41798|K070b703c|Kc862f9f3|Kd6073f4e|Ka44699dd|K779b67dc,Pf43e7b96|Pcf440b87|P863d0f25|P7626c4b6|Pdcad1600,Pe8e3ac46,43528634.0
M758ece9b,Project Almanac,2015,1,105,12000000,en,Science Fiction,Science Fiction|Thriller,2,US,4,C6146f42e|C0498af6f|C46f771f9,16,28,False,K804bfd5b|K43bab5e9|K8e4844b2|Kb7debf2d,P084a5fdd|P43311563|P8ce4fe0e|P430fdc38|P2632a5d8,P64dd08e9,32248241.0
M24b75c80,A Walk in the Woods,2015,3,105,8000000,en,Adventure,Adventure|Comedy|Drama,3,US,2,C7cc7d04d|C29bd6407,29,43,False,Ke09d99ff|K2d60446c|Ka633621b|K07eb013a|Kc5c53ac8|Kd6cc8bc3,P81f38d6e|Pe28239f5|Pe3b4e9ba|Pf70b9f82|Pa8093b47,Pbe4affaf,35991087.0
M9d7d9d8b,99 Homes,2014,4,110,8000000,en,Drama,Drama,1,US,4,C4abfe3d3|C652d0c8a|C583d1975,43,23,False,K841cd429|K7f49c806|K9ce959f1|K8069284a|K5c1c497d|Ke7ac5581|Ka2bbfe34|Kc32fce3a,P3113812d|Pbdc89d4d|P58f4559e|Pa026fac5|Pac04b3ed,P03b5b787,1411927.0
M71dbc26b,Aloft,2014,1,110,8000000,en,Drama,Drama,1,FR|US|ES,3,Cbd2aed21|Cf9b9ab46|C601686e5,11,2,False,K08f33448|Kcbf64eb9|K7eb89dec,P6a544fc5|P3d8bee50|P2053e144|P049c7af6|P65335400,Pe24c86e2,53086.0
Mf6fd2580,The Bronze,2016,1,110,3500000,en,Drama,Drama|Comedy,2,US,1,Ccf39ffcc,15,4,False,K423c3366|Kc5a122eb|K57e6bc9d|K4b966f81|Kd683fc43|K5abbaaf5,P5ff60c1c|P66b17666|P1bc75c17|Pdd5ebe45|Pe38e74eb,P54dc12bc,615816.0
M6625de64,Dope,2015,2,105,700000,en,Crime,Crime|Drama|Comedy,3,US,3,Cc061e2c6|C3094da3e|C0b355ba5,20,3,False,Kc2b5e04a|K8ed256fc|K67237633|K11f62707|K6878063f|K8e4844b2|Kd9198f5a|K070b703c,P8e7fc64f|P7615fb88|P27bb7c8e|Pb1a83eac|Pb9c0e109,P25ce80df,17986781.0
Ma35399cf,Miss Julie,2014,3,120,5500000,en,Drama,Drama,1,GB|NO,1,C858087f1,4,10,False,Kde32259e|Keec6e143|K93285900|Kbaa1f7e4|Kcbf64eb9|Kb318e1c8,P5116e460|P7b34c4be|Pdd0e3f04|P59190e97,P7783551c,5000000.0
Md771b14b,The Loft,2014,4,110,14000000,en,Thriller,Thriller,1,US,3,C32d6fdc3|C1b020c70|C2c293c29,16,14,False,K5daec4d9|K35fbf0b0|Kca0f1cb3|K60e9ea0a|K32aa4194|K04b7a06e|Kcdc51843,P7f9caf38|P003a1c95|P2c9d6141|Ped0c632e|P039fb56f,Pf4c8c801,10076790.0
M8fb532de,Lost River,2015,2,95,2000000,en,Fantasy,Fantasy|Thriller,2,US,3,C8512fcd5|C912e4a96|Cd036e519,38,37,False,Ka37bedb4|K0b2d818c,P6ec99a80|P975c4090|P750e20b3|P833e51d3|Pf0f50158,Pfc16b487,45431.0
M6c58b985,Battletruck,1982,1,90,1000000,en,Science Fiction,Science Fiction,1,NZ,1,C4c903060,10,12,False,Ke184998e|K8e2e1632|K7f284f24|Kfe075bcf|K73b89326,Pc4750870|P4917b2d7|P9c908b77|P97cdbec4|P2bdd40ac,P08a63150,3000000.0
Md6bd5c06,The Hateful Eight,2015,4,165,44000000,en,Crime,Crime|Drama|Mystery|Western,4,US,3,C9b55c3fb|Cd8418e70|C146bb014,18,77,False,K52726ab3|K56b6b770|Ke09d99ff|Ka3337f91|Kb478cfc7|K5609530a|K77eacf9d|K1fcf18d1,P5eab90f9|P6265995c|P35d8608c|P80b4a9ed|Pfd4cb25f,Pa480d3d3,155760117.0
Me6c706f3,The Wedding Ringer,2015,1,100,23000000,en,Comedy,Comedy,1,US,3,Cf8f92f7f|Ceba6d050|C65c33185,23,4,False,K5daec4d9|K618a002d|K6c87d899|K20efb58b|Ka5891f60,P037f5849|P51b53dde|Pc22fb455|Pf0d9c797|Pdb8f2172,Pc16de803,79799880.0
M3eb8f95e,Hot Tub Time Machine 2,2015,1,95,14000000,en,Comedy,Comedy,1,US,3,C6146f42e|C7e86926f|C1e53a163,24,72,True,K804bfd5b|K19a14feb|K1353a46b|Kd6073f4e,P99848168|P2ddfb78f|Pf31846a4|Pcdb2bdab|Pd730679d,P0e092e29,12314651.0
Mf72ff784,Focus,2015,1,105,50100000,en,Romance,Romance|Comedy|Crime|Drama,4,US,3,Cbdf9d67f|Cfbdd0c82|C280ab7ea,37,48,False,K0de19f1e|K8c338b0d|K710f87ef|Kf743e542|Ka2390abe|Kcf252581,Pf5e36785|P2786c4ac|Pb52a6e3c|Pfb565740|P3abcbfa9,P7fc22db4,153962963.0
M0edbf756,The SpongeBob Movie: Sponge Out of Water,2015,1,95,74000000,en,Animation,Animation|Adventure|Comedy|Family,4,US,6,C6146f42e|C507cfe58|C8ba98cb5,61,98,True,K709db681|Kaa9e3589|K50aad106|Kee9373a7|K8992c8bc|K9478175c|K6e4fe7a8|K7eef7ccf,Pfe3a0e3f|P5b38318e|Pcf93b348|P4df2dcb4|P1bd91dfc,Pebb10b46,311594032.0
M119e9e9c,The Second Best Exotic Marigold Hotel,2015,1,120,10000000,en,Drama,Drama|Comedy,2,GB|US,3,C9ea1bb4a|Cf4d6a468|Ce89b317a,14,4,True,Kcbcfea8c|K0c513b6b,P1c4e2561|Pf0ddf122|Pb8c4c754|P12f8d604|Pdaeaa73e,P00aa814f,85978266.0
M3eb1ebc7,Tracers,2015,1,95,11000000,en,Action,Action|Crime|Drama,3,US,6,C8016c88c|C6455008e|C70eb3949,21,21,False,K7c7fe3bc|K09e212c6|Kc343c0fd|Ka0c78ca5|K0ac1cfed|Kb1b7ba7a,P9f2e55b0|Pa28c68b2|Pcf445368|P681baf3b|P1d7df59c,P9e808bb3,593683.0
Mcc36b07b,Wolf Totem,2015,1,115,38000000,zh,Adventure,Adventure|Drama,2,FR|CN,2,C2a3409f2|Caff240d5,5,8,False,K2ae7ec5e|K242d9985|K97944f7a|K4fd69cdb|Kb312f8f4,P6b31a882|P6814825e|P00f8291b|P80bba548|Pca3efe2e,P25398c8b,123205624.0
M882df947,The Lazarus Effect,2015,1,85,3300000,en,Thriller,Thriller|Horror,2,US,3,C78367188|Cf0bcd2be|C5cfe0faf,9,45,False,Ka5ec14be|Kd0bf5062|Ka42eba1d|Kd9e983e4|K3c6f9488|Kedc55cc4|K003875f5|Kb0231903,Pc34f45e8|P984e398b|Pd331f973|P289b71d5|P6ad4f974,P4b29ae28,64110728.0
Md8029224,Unfinished Business,2015,1,90,35000000,en,Comedy,Comedy,1,US,4,C295bb1fa|Cc2c73c36|C8287d6b8,16,5,False,K5ec58f64|Kb301f9b4,Pe5898b7e|Pe2739e3c|P003a1c95|Pf50e4a8a|Pbf1ee1ef,P0974368f,14431253.0
Mb2fa663a,Soulless,2012,4,100,2800000,ru,Comedy,Comedy|Drama,2,RU,1,Ce1575a99,7,3,True,,P061b5903|P60fc3423|P6f83bcf7|P32d92752|P88e9074d,P171b0471,13218980.0
M5755c2e4,Raanjhanaa,2013,2,140,6400000,hi,Drama,Drama|Romance,2,IN,2,C99ac4fb0|C8d53a7b3,16,19,False,K7aa53697|K304aa4fc|K782cbab1|K2d22e771,Pb7b4152d|P2231ba11|Pdfcb0a31|Pa52520c3|P2f1f48b8,Pdc07d669,18000000.0
M14d4e35f,Cinderella,2015,1,105,95000000,en,Romance,Romance|Fantasy|Family|Drama,4,GB|US,4,C72b723b8|Ccb37e8a6|C3b29d514,78,80,False,K059a5fd2|K79547cd1|K2f880fce|Kd63352e0|Ka6dd6393|K66ef882a|K4b112d80|Kdb3a5e81,P20024c66|P7ee731d8|P0f02773a|Pe42cb422|P10291a37,P39fc9765,543514353.0
Me77d144c,Pan,2015,3,110,150000000,en,Adventure,Adventure|Family|Fantasy,3,US,4,C3e7bdc8f|C8f5a5aa5|Ce14a150e,19,22,False,K4a64b667|K79547cd1|Kd63352e0|K6a429914|K7465e29d|K323e09b0|Kb407fd08,P00191124|P730529f8|Pa70948d3|P5a00ccb9|Pea05f72b,P8b439cf4,128388320.0
M2d934298,While We're Young,2015,2,95,10000000,en,Comedy,Comedy|Drama|Mystery,3,US,2,Cda813610|C7300e0bc,20,14,False,K6fdc86f6|K33437310|K50e9d383|Kdd83c949|K7fca2c3b|Kb1a54031|Kc0ee74a9|Keaae7795,Pd29fc0d4|P8ea19000|Pee786644|Pea05f72b|P8e34619f,Pe3ac90a0,7587485.0
Mf1603cac,Suite Française,2014,4,105,15000000,en,Drama,Drama|Romance|War,3,BE|GB|FR|CA,5,Caa2c94ae|C14fcbad7|Cc94eefdc,15,25,False,K1451c5af|K230a811e|K4bc60f6a|Keec6e143|Kc096fab8|K41ffdc20|K5610216b,Pcadac074|P5264c9ae|P039fb56f|P531a0df9|P1927a931,P46816ccf,9104716.0
M563c19ad,Insurgent,2015,1,120,110000000,en,Adventure,Adventure|Science Fiction|Thriller,3,US,4,Cceb4e3c9|Cbaaa629a|Cc6e1872c,24,71,True,K1451c5af|K7ad05542|K7f284f24|K19a14feb|K1e9a5917|K0ac1cfed|Kb312f8f4|K99f26c5e,P339a05e4|P98c90683|P5516a531|Pff290c0c|Pddf782b8,P9bb573ea,295238201.0
Mf498c2d5,Big Game,2014,3,90,8500000,en,Action,Action|Adventure|Thriller,3,FI|DE|GB,10,Cfba6484f|C4464ef88|Cd96fbbc2,17,57,False,K4d2febdc|Kc612ab1b|Kc6e19df4|Kc2abe754|K66331d63|K20be92c5|K26a0199b,P5eab90f9|P15961ba9|P56c03652|Pcbec6fc0|P6da38991,Pf34a4007,7500000.0
M11057a5d,Home,2015,1,95,135000000,en,Fantasy,Fantasy|Comedy|Animation|Science Fiction|Family,5,US,2,C6cbfdb5c|C586f6404,11,35,False,K5011ba81|K6b674f5c|K846673e8|K4d0bc3a5|Kbbcbbe27|K53e568b9|K3c8b1ee8|K27c1ae5e,P8a5b1d2d|P2469ac77|Pa4708d8a|P91999fa3|Pf923e955,Pe1df90f8,368871007.0
Mc0643441,Midnight Special,2016,1,110,18000000,en,Adventure,Adventure|Drama|Science Fiction,3,US,3,C3e7bdc8f|C732ba2cc|C8ee15533,36,46,False,Kcf7d212b|K7e1398ba|K4869d83d|K7f49c806|K00ee119f|Ke85c2396|K16500dc7|K87ea4b4a,P58f4559e|P94218c5f|P098619b4|Pfe6d4c3d|Pee786644,P003d3506,6212282.0
Md14f5180,The Gunman,2015,1,115,40000000,en,Action,Action|Drama|Crime,3,FR|ES|GB|US,11,C668b01c5|Cd36ef9f0|Cc7ffd06c,28,99,False,K52525103|Ke7dde3b3,Pd76d11b5|Pa3ec873a|P9f0e9d1d|P0828e953|Pa8cef79d,Pd62b7b03,13644292.0
Mf95ed616,Escobar: Paradise Lost,2014,4,120,17000000,en,Thriller,Thriller|Romance,2,BE|FR|ES,6,Cdbf49848|C937a429d|C4faa3b26,9,33,False,K4ab52561|K35fbf0b0|K88ffb92c|K9e993983|Kce861d1f,P1ebfa909|P6d77cc56|P37273b55|P4fa3d765|Pba9d2a1e,Peb902e56,3758328.0
Ma51751fb,Furious 7,2015,2,135,190000000,en,Action,Action,1,JP|US,10,Cd7a83b16|C7f4b55db|C3fa3fb6f,52,98,True,Kb6334c56|K0bc8eb9e|K9a16fa02|Kca0f1cb3|K7b0dfbd5|Ke292b350|K7ebca98c,Pb2d28ee6|Pbbb2aadf|P4da7c12b|P6b7675df|P4af9778b,P0ace500a,1506249360.0
M1fb4395d,Unfriended,2015,2,80,1000000,en,Horror,Horror|Thriller,2,US,2,C0f5c8c4c|Cf0bcd2be,11,41,False,K408254ef|K612c5674|K9a16fa02|K8bb47c73|K8e4844b2|K3c6f9488|K627a6e04|Kdd4b0d8e,P6a63f67e|Pac56fb5a|P88412caa|Pf240ec57|P797709ba,Pcc853aaa,62882090.0
M69c5bb36,Bolero,1984,3,105,7000000,en,Drama,Drama|Romance,2,US,1,Cfc6ae2fe,11,10,False,K511491fa|K505abd92|K60686471|K38b6b55c|Kd3103f62|K7be2a212|K9a9cd022,Pe5ee9a51|P756167e5|P92373ba7|Pe6016c5b|Pc56157c0,Pf6c82c3b,8914881.0
M84cf19d6,Child 44,2015,1,135,50000000,en,Crime,Crime|Thriller,2,GB|US|CZ|RO,3,Cceb4e3c9|Cd5a1e1a6|Cd4ad3ed1,24,64,False,K1451c5af|K62487044|K5b049f92|K35fbf0b0|Ka2122fa4|Kb5f65871|Kde31ae4d|K1a6aec24,P91f4f0f4|P89aa61f8|Pd94458af|P48ca7442|P5564cba8,P4bef541e,3324330.0
Mcb5b6804,Get Hard,2015,1,100,40000000,en,Comedy,Comedy,1,US,2,Cf729283b|C3e7bdc8f,31,28,False,K526fab99|Kb858ed20|K3bb0250f|Kef40590d,Pc488f7aa|P037f5849|P58391045|Pb1885140|Pd80b46a5,Pe5effb8e,111811453.0
M778520fe,What Men Talk About,2010,1,95,1950000,ru,Comedy,Comedy,1,RU|UA,1,Cd0c9203c,16,5,True,K8992c8bc|Kcbd6f2f9,P3592dffb|Pcff67b88|Pac5dda75|P617075bb|P103c97f2,P0198be96,12005838.0
M994d2e8a,Infinitely Polar Bear,2014,1,85,6700000,en,Comedy,Comedy|Drama,2,US,4,C612d1026|Cb2d72985|C3ec44829,29,12,False,K0f527dd8|Kcbf64eb9|K4cd89d7c|K00611be2|Kb1b03c02,P282469c4|P3430b4ec|Paa9d55d9|P3a02dfa5|P2ee4ba36,P087ddeec,1430655.0
M77b71471,Woman in Gold,2015,2,120,11000000,en,Drama,Drama,1,GB|US,2,Ce09e087e|C6ec16fbe,33,31,False,K75a8b02f|K595f8623|Ke091f74e|K4f316603,P2076b2ad|P6b87f42a|Pc5797ff6|Pc0a9cc4f|P1158d363,Pecf4e23f,61619773.0
M3305a824,Samba,2014,4,120,20000000,fr,Drama,Drama|Comedy,2,FR,3,C47d534f6|Ce5a91cd3|Cdba2507a,24,8,False,,Pc4cc9811|P64e56fb0|P4fe461da|P164c1fe7|P18700ed9,P2ed3b621,151530.0
M249eda47,Space Dogs,2010,1,85,25000000,ru,Family,Family|Animation,2,US|RU,1,C9fe890e5,10,4,True,K9ff6cdc6|K16f6df26|K846673e8|K59174898|Kffef018c,P844c6f08|P86754f3f|P6d66c5fd|P14d9fac4|P5657bf99,Paccdff14,6500000.0
Mb9c6d957,Long Live Freedom,2013,1,95,5000000,it,Drama,Drama,1,IT,1,Cfa18d2af,6,3,False,,P633fea9f|P4b6a837c|P5f201b76|P5c1e8200|Pea6f4635,Pbca64090,48125.0
M00407393,Paul Blart: Mall Cop 2,2015,2,95,38000000,en,Action,Action|Comedy|Family,3,US,6,Cf4478484|C87ffc222|C64be22e3,51,25,True,Kdcd12872|K309b728a|Kce5d61e1,Pa32924dd|P9261e6b3|P7e7643e2|P1446fb6c|P5b6ff605,P63c9e215,107597242.0
M714a1f4e,The Age of Adaline,2015,2,110,25000000,en,Fantasy,Fantasy|Drama|Romance,3,US,3,Cc032927b|C9b58e393|Cf3cddf6a,35,22,False,K2c1bbb24|Kda40fa6b|Keec6e143|K94af3e73,P4fc0ff75|Pe3f0b4b5|Pfa43d9be|Pce96e08a|Pe8359aa6,P638bd8bc,65663276.0
Mb5f9b77a,Danny Collins,2015,1,105,10000000,en,Comedy,Comedy|Drama|Music,3,US,2,C47f08b81|Ce5541a82,9,3,False,Kdaf3dc08|K7fca2c3b,P13753a9d|Peb51c4ea|P56976266|Pb6fdc6b8|Pa54c1475,Pacf52e96,10835752.0
M0ca42c31,A Company Man,2012,4,95,3500000,ko,Drama,Drama|Action,2,KR,1,C925b01e8,7,8,False,K9a16fa02|Ka240b893|K717012d6|Kecb4d583|K95c36f74,Pb66467ed|Pf1b9a651|P45db3397|P62976be0|P8cacdc73,Pe6fc300f,7339398.0
Md190f236,Hitman: Agent 47,2015,3,95,35000000,en,Action,Action|Crime|Thriller,3,ID|DE|US,11,Ccb5de721|C6cbfdb5c|Cd3e3d48b,50,59,True,K52525103|K3d2b49b8|K6b4e6a64|Ke7dde3b3|K22066cbf|K6ed603be|Kb4e75fa3,P99efd3c1|P465da483|Pd42f6eab|P8e9e1ae9|Pdf6d5faa,P1ea97eae,81967450.0
M97ad74f9,Jimmy P.,2013,3,115,10000000,en,Drama,Drama,1,FR,3,Cb298c307|Cd4ad3ed1|C75018a55,12,10,False,K6923df6d|K690774e1,P1ebfa909|P3c57fa1c|P29480dfb|P5301479e|Pe77a7d9e,P1664585d,30283.0
Me174d424,Ricki and the Flash,2015,3,100,18000000,en,Comedy,Comedy|Drama|Music,3,US,3,C3ccf7ff0|Cd196108b|C65c33185,76,4,False,K1ef0082a|Kdaf3dc08|Kdb691a95|Kd47abffe|K33dc8956|K9020c44e,P5601b6b3|Pfc8c3208|P1d717077|Pe38e74eb|P9ff7bdc3,Peb35fbab,41325328.0
Me4caeee4,Piku,2015,2,125,5500000,hi,Drama,Drama|Comedy,2,IN,3,C11d6d30d|C5359ecb3|Ca0366dd4,4,7,False,,Pa798f148|Pe863b5f9|P219eba99|P53a918c7,P4bb75692,22159216.0
M309f928a,Carol,2015,4,120,11800000,en,Romance,Romance|Drama,2,GB|US,3,Cd6f28c26|C9b0e4985|C30f3517c,43,34,False,K0c50837f|K33e09618|Ka7984eec|K018324f1|K511491fa|K32d43916|K67c9210a|K8dc59445,P7ee731d8|P5a00ccb9|P0026d4d8|P989e841a|P1069d0f4,Pc96228f7,40272135.0
M0ed81d8d,Strangerland,2015,3,110,10000000,en,Drama,Drama|Thriller,2,AU,1,Cd4ad3ed1,10,13,False,K241b3a3b|K8362991c|Kb2f49a91|Kf45d1f98|K4bc5f9e5|Kcbf64eb9|K567f8085|K79460dbf,P8bb333ae|Pc94a8b75|P243d60a3|P90e432ea|P459dfbf6,P2fa9289e,17472.0
Mfd169c02,Hot Pursuit,2015,2,85,35000000,en,Action,Action|Comedy|Crime,3,US,4,C6988cd6a|C3e7bdc8f|C1e53a163,114,18,False,Kf6d4d5a6|Kae263b85|K9653593d|K45dbe5a1|K5ef5e3d1|K49066ce6|K970ced86|Kcbf64eb9,P4d20c8bc|Pcfe700e6|P1c8678e2|P48e87e08|Ped61b326,P61ac47f1,51680201.0
M3c2ef5fe,A Driver for Vera,2004,3,105,3300000,ru,Drama,Drama,1,RU|UA,3,Ccff8cb03|C3f855bd9|Cb29ba64b,8,3,False,,P1b7e0ffe|P8a4733f1|Pf3066fe3|P34b77b1b|P51370e94,P4e304418,2011837.0
Mea1c44c6,The Martian,2015,3,140,108000000,en,Drama,Drama|Adventure|Science Fiction,3,US,6,C6cbfdb5c|Cd5a1e1a6|Ccadd9ad1,51,105,False,K1451c5af|Kdd65c3f2|K2c4719da|K03b817d9|K244b35b0|Kd482d5ec|K6b674f5c|K846673e8,P9d23789b|P5116e460|Pfbcea453|P63cebd80|Pb3e20a3a,P54540f1f,630161890.0
M71723725,Youth,2015,2,120,13360000,it,Comedy,Comedy|Drama,2,GB|IT|FR|CH,4,C12d40757|Cf8519d62|C364a6cb1,34,7,False,Kabdaec69|Kc8aa65cd|K1fc61028|Ka7984eec|K32d43916|K891ad3b4|K4e718541|K67802e2a,P123185a4|Pfb649c8d|P614f6326|P6d085933|Pc1b22bed,P51081a97,2000000.0
Ma1ca4cac,Wake Up Sid,2009,4,140,3000000,hi,Drama,Drama|Comedy|Romance|Foreign,4,IN,0,,8,3,False,K885aea9a,P4c53c2d3|Pfc71654a|Pb16a63b4|P34392fc0|P2285ed26,P983f6592,11000000.0
M75c3a8e7,Sarkar,2005,3,125,1900000,hi,Crime,Crime|Action|Drama,3,IN,1,Ce809b9cf,9,10,True,K9df93747|Kc62bc6d3|Kae8764d8,Pa798f148|Pb987bdff|Pdcb4d212|P34392fc0|P9e11cfaf,P5f52a6d7,5900000.0
M06f5850f,Spy,2015,2,120,65000000,en,Action,Action|Comedy|Crime,3,US,3,C6cbfdb5c|Cd5934ffd|C14fe6e45,51,75,False,K33b2d0b2|K4d54a5a1|Kb7b43807|Kdb5d0011|Ke85f007d|K84661938|Kfcbf608c|Kd6073f4e,Pc90073ad|P7ad6a156|P7b418b7c|P4b27ca24|P0c7cf0e1,P224abeff,235666219.0
M8fd0e561,Trainwreck,2015,3,125,35000000,en,Comedy,Comedy,1,US,4,Cd7a83b16|C3fa3fb6f|Cd3fda92f,34,22,False,K30ba46ef|K845da920,P164b8424|Pb89bdd1e|Pc1db5cd0|P6aa9f932|Pcd22955f,Pf8cd7d4f,140795793.0
Mf71d275b,From a Whisper to a Scream,1987,3,100,1100000,en,Comedy,Comedy|Horror,2,US,1,Cfc9beb71,17,1,False,K399777ff|Ka3337f91|Kcf60ec2b|K0e56c0d6|K1b65a087|Ka8fc7db9|K1fec39b5,P09b4d59a|P229d3d20|Pe9d25041|P3a22ca2b|P4db290aa,P578f121c,1400000.0
M3c166295,Entourage,2015,2,105,30000000,en,Comedy,Comedy,1,US,2,C3e7bdc8f|C6923166d,47,25,False,K5011ba81|Kcd97a98f|K69162ea8|K81847ae1,P4c8a2eee|Pee40d8f4|Pad7a841a|P9c7fcdd3|P1f784840,Pa2e66917,49263404.0
M1bd7660b,Inside Out,2015,2,95,175000000,en,Drama,Drama|Comedy|Animation|Family,4,US,2,C72b723b8|C5f1dc623,65,50,False,Kf8baada2|K310d09f4|K52043cb9|K346367d7|K9a7a2db0|K53852ec8|Kfb07c726|K4e771ec6,Pabb5b404|Pf8c1593c|Pf9e112db|Pb89bdd1e|P21b386a4,Pb4e46c51,857611174.0
Mdf5678c5,Tanu Weds Manu,2011,1,120,400000,hi,Drama,Drama|Comedy|Romance|Foreign,4,IN,3,Ca8adc307|C98f0963e|C6adae5ef,6,7,True,,P59f24262|P3ef37ae8|P7a292757|P93b65424|P27beed60,Pdc07d669,252000.0
Mc8135bc1,The Hunger Games: Mockingjay - Part 2,2015,4,135,160000000,en,Action,Action|Adventure|Science Fiction,3,DE|US,3,C295bb1fa|C78367188|Cc0525343,51,116,True,K7ad05542|K77b45109|K7f284f24|K6814d3d8|Kb312f8f4|K779b67dc,Pc35136a7|P6d77cc56|P7336280b|P96737513|P291847b2,P91ee1ca1,653428261.0
M988c4165,Max,2015,2,110,20000000,en,Adventure,Adventure|Drama|Family,3,US,4,C773561bf|C3e7bdc8f|C1e53a163,34,15,True,K9de0b72d|K65cf7a95|K595f8623|Kb8281719|K3efe6bd6|Kffef018c|K74c27fc9,P524a1a69|Pb1bd4123|P13c6bc31|Pcf440b87|P5e3a0c87,Pa3a21e14,43967255.0
Mb8735651,Allegiant,2016,1,120,110000000,en,Adventure,Adventure|Science Fiction,2,US,4,Cceb4e3c9|C78367188|Cbaaa629a,34,109,True,K1451c5af|K7ad05542|K7f284f24|K19a14feb|K1e9a5917|K0ac1cfed|K779b67dc,P339a05e4|P98c90683|Pb1a83eac|Pddf782b8|P8ea19000,P9bb573ea,179246868.0
Mf7740e61,Fantastic Beasts and Where to Find Them,2016,4,135,180000000,en,Adventure,Adventure|Family|Fantasy,3,GB|US,2,Cce91b416|C3e7bdc8f,167,81,True,Kc5b65b8c|K79547cd1|K16d71dad|K75027d8b|Kc343c0fd|K1d053722|K768ed09c|Kd119a8ee,P9b2fd63e|P7b34c4be|Pde0388e6|P512b1938|P439e89b8,P2fd9b66f,809342332.0
M371e7d7c,Madras Cafe,2013,3,130,5400000,hi,Thriller,Thriller,1,IN,2,Ce0fc3ace|C11d6d30d,7,5,False,Kb12b2856|K3cae8cbb|K8c9f1146|Kcbcfea8c|K1e2e9f5f|K64389a65,Pdbb49bad|P9976c030|P7984cd4b|Pf12113f2|P1a508c28,P4bb75692,6500000.0
M99753142,The Secret Life of Pets,2016,2,85,75000000,en,Animation,Animation|Family,2,US,4,Cd7a83b16|C3fa3fb6f|Cd3fda92f,31,53,True,K4a1d9f6a|Ka41db239|Kaea398e7|Kffef018c|K242d9985|Ke882e630|K3722b39c|K6fa002a1,Pb3139999|Ped0c632e|P037f5849|P17757d39|P9b47de87,P649d3e38,875457937.0
M5d1798c0,White Tiger,2012,2,105,11000000,ru,Action,Action|Adventure|Fantasy|War,4,RU,3,C5a7186c7|Cc72f0106|C2861786a,17,5,False,K443b5d4d|K230a811e|K4fb305b3|K35a2798d,P4726a45c|P988a864c|P303cccef|Pacfba51a|P98335a92,P9178a9e4,7200000.0
Mdce98964,Gabbar Is Back,2015,2,130,11000000,hi,Drama,Drama|Action,2,IN,1,C737870d9,10,6,False,,Pb5e3b73a|P7d72477b|P9a3dacf1|Pe29af72b|Pad0c97b4,Pcebe9184,41000000.0
M52d1ee0c,Self/less,2015,3,115,26000000,en,Science Fiction,Science Fiction|Mystery|Thriller,3,US,2,Ccb902284|C6da966c1,43,49,False,K5bcb4bcc|Kda40fa6b|Kc8906f3c|K203a4f8b|K23e3c2ed|K6d90a030|Kcf5834e0|Kedc55cc4,P6b87f42a|P6abc1229|Pcd908470|Pd4288e7a|P5f91994b,P6e6c8672,30523226.0
Md698afd8,Criminal,2016,2,115,31500000,en,Action,Action,1,GB|US,6,C78367188|Cd8e4f059|Ce4826f85,62,35,False,K4d54a5a1|K0c8ef730|K3f264905|Ka2be9ba2,P02f4f983|P89aa61f8|Pb23773f6|P6b87f42a|P236e26c9,Pf8580631,14708696.0
M63a7e566,The Last Witch Hunter,2015,4,105,90000000,en,Fantasy,Fantasy|Action|Adventure,3,US,7,Cceb4e3c9|C57611a80|Cc16ef045,22,92,False,K33e09618|K55cfa8fb|K53d67835|K78178069,Pb2d28ee6|P71c14fb5|P6f0b74b5|P9885d438|P0c41faea,Pecfcb851,146936910.0
M82affebc,Krampus,2015,4,100,15000000,en,Horror,Horror|Comedy|Fantasy,3,US,2,Cd7a83b16|Ceddfe7b0,21,62,False,Ke6b45b39|K12864c24|Kcf3c4678|K412badbe|K3e780b2a|K6e781bd1|Ka0be1140|K0507dbf2,Pcdb2bdab|P174e117d|P5f72008e|P842eb32b|P29dfe54f,Pe65b960f,61548707.0
Maa0658cd,Suicide Squad,2016,3,125,175000000,en,Action,Action|Adventure|Crime|Fantasy|Science Fiction,5,US,5,C9e2f18ea|C53a9ea27|C8e42f8bf,128,104,False,K38b4fde2|Kbb3dc1a5|K9ad21213|Kaf170639|Kc720e141|K04f1877b|Kb54248f3|Kb1e97fa4,Pf5e36785|P2786c4ac|P48ca7442|Pe7fd819d|P2f0b3e83,Pa9d23fc9,745600054.0
M7de30e75,Bluffmaster!,2005,1,135,1823152,hi,Drama,Drama|Comedy|Romance|Foreign,4,IN,2,Cdc37c068|Ce809b9cf,5,1,False,,Pb2bbef91|P6289b1a5|P0c1c7962|P45712bf1|Pb987bdff,P4810dc07,7133082.0
M3d8559d9,Pizza,2012,4,125,240000,ta,Thriller,Thriller|Comedy|Romance|Horror,4,IN,1,Cd0f0484a,7,6,False,K5ebde1b5,P1fac0ff2|P2fa34c9c|Pc4b03848|P897915b8|P823bacdb,P7e14a844,2800000.0
M18aff466,Rockstar,2011,4,160,10920000,hi,Drama,Drama|Music|Romance,3,,0,,10,15,False,K965d2159|K0f53b6e3|Kf23f0642|Ke97810f7|Kfc7bb424,P4c53c2d3|P9976c030|P10a1b743|P97997414|Pa0c10835,P9baf4a8f,19660000.0
Mdbc7673c,This is Sodom,2010,3,90,2745000,he,Comedy,Comedy|History,2,IL|BG,1,Cb6a18b5b,11,5,False,,Pa944c46d|P6e3ae173|Pb9c64191|P793723ee|P86d60004,P4db95a68,5850000.0
M37738f21,Jackson County Jail,1976,1,85,445000,en,Crime,Crime|Drama,2,US,1,C3ca5d16d,16,12,False,Ka7984eec|K526fab99|K5c0670e8|K60686471|K62f81ba2|K35fbf0b0|K7652162c|Kd3103f62,Pecfa0898|Pb23773f6|P40f741d4|Pd1396c8b|Pf7836ad6,P81606e98,2300000.0
Mb4715f77,Kaminey,2009,3,135,9000000,hi,Action,Action|Crime|Drama,3,IN,0,,4,5,False,Kcbcfea8c,P9d833993|Pb2bbef91|P2bb06ae9|P6393abbe,P1ddd76ec,18130000.0
Ma8881ab0,Shootout at Lokhandwala,2007,2,150,11000000,hi,Action,Action|Crime|Drama|Foreign,4,IN,1,C0c04238c,14,4,False,,Pa798f148|P3732b00c|P9835fc33|P7c5720f2|P60f25761,Pd1ca029f,12000000.0
Md9b13465,Josh,2000,2,160,6900000,hi,Romance,Romance|Drama,2,IN,1,C358df8c0,11,12,False,,Pa6041114|Pc54bf1d8|P922f8726|P7d67a424|Pe2c247c1,P2c0ff085,15000000.0
Mcbd2bfad,Dhoom 3,2013,4,170,19500000,hi,Action,Action|Crime|Thriller,3,IN,1,Cd925d19e,12,26,True,K22aa7ca6|Kb2dd1d83|K19a14feb|K25419d9e|K3b6e64c6|Kac110eb9,P655d94a7|Pdcb4d212|Pb987bdff|P9e9550cd|P0da8f66a,Pf57da0bf,91000000.0
Mb655e517,Dhoom 2,2006,4,145,11000000,en,Drama,Drama|Action|Thriller|Crime,4,IN,1,Cd925d19e,6,11,True,Kc5b65b8c|K1523d990|K84348ea3|K19a14feb|K25419d9e|K885aea9a|Kb9a41c4a|Kf7ffd4f8,Pb68e1df3|Pb987bdff|Pc54bf1d8|P9e9550cd|P101c834e,Pcb71d296,46396427.0
Ma57b6843,Ted 2,2015,2,115,68000000,en,Comedy,Comedy,1,US,5,Cd7a83b16|C06dae13e|C4de254c9,105,76,True,Ka15709db|K19a14feb|K43f05856|K6851e1e0|K66d1041e|Kfcbf608c|Kcdb7d4d6|Kc9ad78ac,P40d10530|Pdda26985|Pea05f72b|P0eda0167|P0d4dd445,Pdda26985,217022588.0
M67ed2bdf,Minions,2015,2,90,74000000,en,Family,Family|Animation|Adventure|Comedy,4,US,2,Cd7a83b16|Cde755e9c,17,12,True,K927d5d19|Kfcbf608c|Kd6073f4e|Ke3224781|Kcb2b72ac|Kb312f8f4,Pbf6fd3c6|P33bb4cb4|Pf10575be|P32e4a7d8|Pf9ddcb76,P1ed67163,1156730962.0
M1d8717b3,Rough Cut,1980,2,110,14000000,en,Adventure,Adventure|Comedy|Crime|Mystery|Romance,5,US,2,C6146f42e|C6850cae4,12,15,False,Kf67016a6|Kc5493297|Kd5560f02,Pdd352fba|Pc8e9e17c|Pcc2b4a2b|P1c6d9f01|P233057eb,P412a83d7,16656125.0
M0d7ca553,The Good Dinosaur,2015,4,95,175000000,en,Adventure,Adventure|Animation|Family,3,US,2,C72b723b8|C5f1dc623,19,11,False,K243d823e|Kc5c53ac8|Kce76b317|K940149f8|Kaa58a17c|K6e9bdb3a|Kfd61967c|K254f34a1,P8851494e|P5c84551f|Pcfe2fbb3|Pf82a31ed|P05d098f5,Pefd7b846,331926147.0
Mab317054,Spectre,2015,4,150,245000000,en,Action,Action|Adventure|Crime,3,GB|US,3,Cf4478484|C179b944e|Cdada37f8,83,155,True,K33b2d0b2|K1451c5af|K742bd1e5|K19a14feb|K4cceba12|K0d2e7f11|Ka123667f,P3d5ce154|Pb18736f0|Pe54ea676|P77e8a1ca|P9ab3ffdf,Pc1703105,880674609.0
Mae5fed37,Bulletproof,1988,2,95,5000000,en,Action,Action|Thriller,2,US,1,Cfd6efa81,14,11,False,,P8fb4a661|P94e27b72|P24149090|P95802b42|P48cd1830,P1581f6bc,807947.0
M243a759a,Steve Jobs,2015,4,120,30000000,en,Drama,Drama|History,2,US,6,Cd7a83b16|Cda813610|Ceddfe7b0,19,64,False,K4385ab38|K408254ef|K2d8b300b|K6f6e8406|K7120172c|K8ae9d43f,P387e3056|P5516a531|P32730d58|Pde0388e6|P63cebd80,P8c6407a8,34441873.0
M80034262,Macbeth,2015,3,115,15000000,en,History,History|Drama|War,3,FR|GB|US,6,Cf988914f|Cfa70675d|Cfb54ec4d,31,70,False,K866dc592|K76289b46|Ke4b0b97f,P387e3056|Pea601c7b|P5564cba8|P577ed115|Pa2d2d7aa,Pba10fe46,12601706.0
M261d1216,Vacation,2015,3,100,31000000,en,Comedy,Comedy,1,US,3,C6988cd6a|Cd8e4f059|C89073297,45,39,True,K21c797a9|Ke366a6ba|Kf7d3dfc2|K6eadcfd9|K110f3ad2|K19a14feb|K8d86fd42|Kc5dda34f,P06e8b61d|Pb0acacc8|P8fba5d4e|Pdaf5160a|Pebd37a00,P59849b1d,104384188.0
M7ad152ca,Manglehorn,2015,2,95,4000000,en,Drama,Drama,1,US,1,Cd4ad3ed1,12,29,False,K9cb98d13|Kc5a122eb|Kf6d4d5a6|Ka70bcfa7|Kaa043be3,P13753a9d|P0d14952b|P281a5f82|Pd96f5474|Pefc51b38,Pbc25612e,143101.0
M43e71757,Batman v Superman: Dawn of Justice,2016,1,150,250000000,en,Action,Action|Adventure|Fantasy,3,US,6,C9e2f18ea|C8e42f8bf|C3e7bdc8f,152,111,True,K38b4fde2|Ke492da05|K04f1877b|K923101f0|K9a16fa02|K741a26f2|K48f21e0d|K4244b62b,Pcde62a4b|Pa32d1e3a|P3276bcf6|P2b24b1d6|Pd3bf69c1,P7dac83b0,873260194.0
M1d7ed036,Gemma Bovery,2014,3,100,9700000,fr,Romance,Romance|Drama|Comedy,3,GB|FR,10,C47d534f6|C12d40757|C414e0532,18,21,False,Kc5a122eb|Kce7bd21b|Kedc55cc4|K5c1c497d|Kcbf64eb9|Ka0463917|K036321e2,P00bfae09|P13c6deee|Pe334e1ba|P7733972e|P3fc9d50e,P07dccbda,154701.0
M6d7eeabb,Love and the City,2009,1,90,3500000,en,Comedy,Comedy|Romance,2,RU|UA|US,0,,9,2,True,,Pfbc0f537|Pa0a68b96|Pf5d06999|P2281feaf|Pa7fce5a9,Pc52089ce,9112193.0
M683fdf25,Magic Mike XXL,2015,3,115,14800000,en,Comedy,Comedy|Drama|Music,3,US,2,C3e7bdc8f|Cb10ab451,54,21,True,K5daec4d9|K2e0aac28|K110f3ad2|K31420734|K9fe73f5b,P4390516d|Pe41db4b2|P89649b91|Pf22228ed|Pbeee71c7,P6c15a4b8,122513057.0
M81019a94,The Jungle Book,2016,2,105,175000000,en,Family,Family|Adventure|Drama|Fantasy,4,GB|US,4,C72b723b8|C783a2a2c|Caff32662,30,25,False,K1451c5af|Ka3356dfa|K2ae7ec5e|Kb1bf4dbb|K765736a4|Kfec77ccf|Kc0dc9c9f|K71bf1fc9,P47d88347|Pfe130811|P6abc1229|P2ca69f9f|Pb214a37a,Pd539ecc7,966550600.0
Mec0e6890,Dragon Ball Z: Resurrection 'F',2015,2,95,5000000,ja,Action,Action|Adventure|Animation|Fantasy,4,US|JP,2,Cadf73467|Cec1fc5b7,11,3,True,K974fca8a,P3ecf225d|P3c43f7f3|Pcc9d5f03|Pf5ca9fa5|P40e0de31,Pbed94cf0,61768190.0
M90d72be7,Bombay Velvet,2015,2,150,18000000,hi,Crime,Crime|Drama|Thriller,3,IN,2,C23491c8f|C50d7b583,10,31,False,Kc42414c8|K53c130d2|K91f7bc96|K717012d6|K885aea9a|K25177432,P3f23498a|P4c53c2d3|P983f6592|P028a8c38|P9e11cfaf,P1d464812,1500000.0
Mfc0804b6,The Man from U.N.C.L.E.,2015,3,115,75000000,en,Comedy,Comedy|Action|Adventure,3,US,4,C98c258fd|C3e7bdc8f|Ceec2380b,27,105,False,K33b2d0b2|K9d999169|K71bf1fc9|Kb27e6995|Kf7ffd4f8|K5dae4160|K8df36538,Pa32d1e3a|Pff9a122e|P3d6ce273|P2ac8bdfa|P31325bc0,P4d1bb4c3,108145109.0
M267ed209,Treehouse,2014,4,95,3250000,en,Thriller,Thriller|Horror|Mystery,3,GB|US,2,Ce018bbd2|C8095aab0,17,27,False,K9136e8a9|K8e4844b2|K9749c839|K3c6f9488|Ka5be6b4e,P3c527f18|Pd36e78e1|P5e2464f1|Pb6053a79|Pad915729,Pf894c3a9,3250000.0
M46ff24d4,13 Hours: The Secret Soldiers of Benghazi,2016,1,145,50000000,en,Action,Action|Drama|History|Thriller|War,5,MT|MA|US,5,C6146f42e|C1916527a|Cf8cd9de2,33,80,False,K1451c5af|K0b2122b4|K13a62eac|K2aadbe13|K4385ab38|K595f8623|Kf6ab0ac8|K20be92c5,P3782b006|Pcf2e185c|Pa7b09b92|P44135192|P5abfaf11,Pbac03e2c,69411370.0
Mcdcb0f36,French Women,2014,2,115,5000000,fr,Comedy,Comedy,1,FR,1,C02632b34,43,4,False,,Pb9e3ec44|P06697b90|Pc9a99645|P05fc0700|P2c1eff1e,P05fc0700,12058187.0
M1e93cb50,Welcome to the North,2012,1,110,6000000,it,Comedy,Comedy,1,IT,2,Cbcd20889|C9aa175c5,16,3,True,,P16ce7d00|P747cb9f6|P052b4a8d|P0025ba03|P9568704b,P86afd7c9,35000000.0
Ma4ba978e,A Whole Life Ahead,2008,1,115,5940000,it,Romance,Romance|Drama|Comedy,3,IT,2,Cbcd20889|C6ac0b798,11,5,False,K51038c64,P944b5a0b|P4ed8407b|P4be30518|Pfbe0e97d|P554848b1,P09f6a4b5,4250000.0
M74d59a90,The Opposite Sex,2014,4,95,3300000,en,Comedy,Comedy,1,US,2,C3b9dd912|C5a3d363e,7,4,False,Kcdcd7d77|K33dc8956|K2908bfeb|K8d617579|K5d8de848,Pc6e94d6b|P3a9dba0c|Pb1f38ec6|Pcfcc5449|P91b309e1,Pa11bbf74,45000.0
Mf9a90318,Dark Places,2015,1,115,20000000,en,Drama,Drama|Mystery|Thriller,3,FR|GB|US,8,Cf59772e9|C63fe8f0c|C0b9f22a9,27,42,False,K526fab99|K1451c5af|Kee199654|K98f891b6|K8c892a2d|K2e0aac28|K2b5cdafa|K0f72d59b,Pa9346d2f|P65627fc6|Pf4fb8900|P6ec99a80|Pb7a50fd8,Pf8fef943,208588.0
Mf04ce741,Mustang,2015,2,95,1300000,tr,Drama,Drama,1,QA|FR|DE|TR,14,C07369155|Cc94eefdc|Cf6cdbbfa,14,21,False,K8f8f63a3|Kcb4d17ec|Ka33447c1|K1f246b21|Keede16fc|K9d4a30d0|K21c0bf96|K3c6f9488,P1e3bc596|P29ed2486|Pcea79756|P3f5e3660|Pde62a90b,Pd8559db0,250000.0
Mb5a8a2f9,Soodhu Kavvum,2013,2,140,310000,ta,Comedy,Comedy|Thriller,2,IN,2,Cfc7cd2a7|Cd0f0484a,11,10,False,K9136e8a9|Ka646ca77,P1fac0ff2|Pf78f0945|P0819d375|P5665d9c3|P843641ff,Pfe5a967a,12000000.0
M60fb5667,Bajrangi Bhaijaan,2015,3,165,14000000,hi,Adventure,Adventure|Comedy|Drama,3,IN,4,C99ac4fb0|C78209895|C9b4351fd,8,10,False,,P13fc16aa|P336bfdef|Ped4b27a4|Pd910fa9f|P956da07e,P1ce1e3f6,98000000.0
M6d72e629,Irrational Man,2015,3,95,11000000,en,Mystery,Mystery|Drama,2,US,3,C6fc703e1|Ca28b27e9|Cf7459051,39,18,False,,Pdfff36db|P9a467338|Pbb63c01f|P56b036c0|Pf62a4874,P23c41cec,27391084.0
M0b218c98,Anomalisa,2015,4,90,8000000,en,Animation,Animation|Comedy|Drama|Romance,4,US,1,Cce61d56c,3,56,False,K511491fa|Kc6484f9a|Ke45bd61c,P4c0744b0|P35d8608c|P9b4df68b,P3af2fad1,5659286.0
M319c7f32,Colonia,2016,1,120,14000000,en,Drama,Drama|Romance|History,3,GB|FR|DE|LU,4,C549d6d66|Cabbedc6d|Cd575d245,46,48,False,K9136e8a9|Kedd80cbe|Ke0867ce1|K7d9df871|K6b9f0ccd,P187f1470|P8b0aeaa5|P78b6b250|P71451763|P43740bda,P2a2a1612,3621046.0
M592a8bdd,The Intern,2015,3,120,35000000,en,Comedy,Comedy,1,US,2,Cf9cd15c4|C3e7bdc8f,25,23,False,Kf99395b8|Kcbf64eb9,Pd9604827|Pfd2a74e7|Pc3561a4c|P5f0e0961|P63006f00,P7376184f,194564672.0
Mcbe4212c,Love,2015,3,135,3000000,en,Drama,Drama|Romance,2,BE|FR,5,C8b326944|C07897dbd|C68dc4e4e,9,5,False,K24eec40f|K511491fa|K96bcf62d|Kfd0f8efa|K60686471|K63cf9df1|K99500dc4|Keec6e143,P8bd9bc20|P09e57463|P3cd58e5d|P260a7852|P1b2dd2da,P1b2dd2da,249083.0
M07b9bb74,Room,2015,4,115,6000000,en,Drama,Drama|Thriller,2,CA|IE,8,C87ec3be3|C01bd7729|C0e57fecd,24,24,False,K1451c5af|K291743ca|K03b817d9|K9136e8a9|Kc549f327|K8034cfb2|K66331d63|Ka69f7dd5,Pc1db5cd0|P2f345417|P7b4520e9|P6d90da14|Pe66d9e38,P956a88f7,35401758.0
Me979ea27,The Gift,2015,3,110,5000000,en,Thriller,Thriller|Mystery,2,US,5,Cf0bcd2be|C96c5d153|Cc25fdc8b,19,44,False,Kb1aa9b34|K4b802e88|Kf7f7171c|K0c2e638b|K92b39d7d,Pd99e7ba1|Pc5159ea1|P098619b4|P5f72008e|P6e7639bb,P098619b4,58978653.0
M8a657910,The Witch,2016,1,90,3500000,en,Mystery,Mystery|Horror,2,CA|US,9,C16f219c6|Cacbc46d9|C37580b5e,32,47,False,K55cfa8fb|K7becbddb|Ke58e8956,P81684503|Pc5e1626a|P0ea78ec5|Pe5be427a|P875586c3,P398d1555,40423945.0
Ma49ebaed,Zaytoun,2012,4,105,8000000,en,Drama,Drama|War|Adventure|Thriller,4,IL|GB,2,Cb04db0de|C158d6c08,4,2,False,,Pb9fdccdb|P21cf94e3|Pc82570a3|Pb67e89da,P931276f2,42330.0
M337914ba,The Visit,2015,3,95,5000000,en,Horror,Horror|Thriller,2,US,2,Cf0bcd2be|Cb3e71746,22,26,False,Kbf8c37bb|Kb1823169|Kee199654|Kd3d56b8a|K8034cfb2|K35fbf0b0|K6c33796a|Kd3103f62,P70258e73|Pd56d9660|Pa6bce221|Pe933bbd3|P68561c66,P0e4432bf,98450062.0
M1f18d28c,Secret in Their Eyes,2015,4,110,19500000,en,Crime,Crime|Drama|Mystery,3,ES|GB|US,8,Ccb5de721|C0c3e6e3c|C39e03473,11,9,False,K4869d83d|K8362991c,P5498c3a1|P8bb333ae|P9195777d|P3d0b119a|P1b46c0b0,Pf27239f8,34854990.0
Mceacac41,Sinister 2,2015,3,95,10000000,en,Horror,Horror,1,US,7,C14fcbad7|Cf0bcd2be|C39e03473,22,71,True,Ke099800e|K19a14feb|K77f05966,Pde05c06e|P33c7907b|P37e366be|P7103edb4|P658c8bf2,P4b541c63,52882018.0
M43914cd2,No Escape,2015,3,105,5000000,en,Action,Action|Thriller,2,US,3,C8512fcd5|C37ca5c75|C15e3c0af,23,45,False,K32d43916|K7ad05542|K42cfc769|K47c1f5a0|K303e0fc0|Kee7d3574|K33ee741a|K22066cbf,P66e0e26d|P9b47de87|Pc745bfc7|P0674a0b5|Pb6544b37,P5d56d82a,54418872.0
M0787264f,Straight Outta Compton,2015,3,145,28000000,en,Drama,Drama|Music,2,US,6,C6988cd6a|Cd7a83b16|Ceddfe7b0,60,30,False,K2b5d957d|Kf6118f7e|K51852249|Kbf8c37bb|K8ed256fc|Kb1b2d050|Kd3764086|Kcf15988c,P1a40f8cb|P3a73b0f7|P6d9b49bc|Pbaa6c018|P20eb7835,P04bcabef,201634991.0
M0cd2dc63,Tangerine,2015,3,85,100000,en,Comedy,Comedy|Drama,2,US,2,Ccf39ffcc|C5965d3a5,15,22,False,K938b3f55|K1199c976|K22101519|K511491fa|K8a63c14d|K83c2565a|K45ea3192|K1dd7c969,P6aef8f08|Pfaf3865f|P6632e5ec|P3edc0ab5|P33c7907b,P2af24021,702354.0
M2fa3dc7d,Joy,2015,4,125,60000000,en,Drama,Drama|Comedy,2,US,4,C7f89a29f|C98c258fd|C8e445836,67,89,False,K47dc8a72|K5214af59|K77b45109|K4385ab38|K595f8623|K4986af4c,Pc35136a7|Pc34a6901|Pd9604827|P80653dcd|P54a9620e,Paf0a42d2,101134059.0
M52186bf1,Iron & Blood: The Legend of Taras Bulba,2009,2,130,25000000,en,Drama,Drama|History,2,RU,1,Cd0c9203c,14,5,False,Kcf7d212b|K1451c5af|K446ef088|K466aa432|K813bd763|Kfd335d37,P29bdcdfe|Pf3066fe3|P1dffe8b8|P1b7e0ffe|P41277752,Pacc77d53,16815892.0
Mf7c514f8,The Angrez,2006,2,110,50000,hi,Comedy,Comedy,1,,0,,11,2,True,Kc585e3ed|Kb424b768,Pc83e0f1f|Pde984f3b|P06730e13|P9a8b3c6e|Pdc1975f8,P06730e13,300000.0
M07b3aa47,Captive,2012,3,120,11180,en,Drama,Drama|Thriller,2,PH,3,Cec724f86|Cb2ef0a5e|Cc2a5898a,30,5,False,,P603908f8|Pa8aef7be|P19a5129f|P879f96d3|P96255fc3,P1575df0e,24591.0
M0d8d24e2,Equals,2015,3,100,16000000,en,Drama,Drama|Romance|Science Fiction,3,US,5,Cd5a1e1a6|C907f63ca|C1084b0a3,13,37,False,K1d21e29f|K61a241c8|K26b4fe8c|Kaa64d9a2|K9c21b752|K50e3fade,P65627fc6|Pff66170f|P9491bef5|Pc8f4d4c4|P8b4e2307,Pbb944355,2084628.0
M851dea3f,Suffragette,2015,4,105,14000000,en,Drama,Drama|History,2,GB,3,C414e0532|C364a6cb1|C9b0e4985,22,57,False,Kef728c09|K4385ab38|K7ab71e36|K54cbc9dd|Kcbf64eb9|K816e85d2|K0d930f1e,P15e5c99e|Pe42cb422|P5601b6b3|P17934d14|P72092b5c,P06db7e11,16002420.0
Mcdfe38f0,We Are Your Friends,2015,3,95,6000000,en,Drama,Drama|Music|Romance,3,GB|US|FR,1,C0110c455,29,7,False,K585830ec,P2fdadb28|P683ecfe6|P3fb4b40c|P28ff4c15|P2e2fb454,P4facc0b0,11122090.0
M8fb63107,War Room,2015,3,120,3000000,en,Drama,Drama,1,US,3,Cdf58d82c|C7a5e2582|Cdafbc01e,12,6,False,K5ceaca2a,P7a4a94cf|P9bf76800|Pbc820c2b|P6b22159d|Pc935f534,Pa218ffb6,67790117.0
Ma74fecea,Legend,2015,3,130,25000000,en,Crime,Crime|Thriller,2,GB|US|FR,3,C0110c455|C0b8f33ce|C8c1186ba,40,49,False,K4385ab38|K595f8623|K25177432|K77f05966,P91f4f0f4|Pf12557c1|Pa71c8bda|P4c0744b0|P85b0b520,P2c8c6040,42972994.0
M8446025a,The Danish Girl,2015,4,120,15000000,en,Drama,Drama,1,DE|GB|US|BE|DK,10,C62d30c53|C0110c455|Cc0f1f350,38,29,False,K24eec40f|K802e62e8|K1c740e97|K4f7fe086|Ke091f74e|Kef273ffe|K18035d21|K1dd7c969,P9b2fd63e|P3d6ce273|P039fb56f|Pd76a43cb|P17934d14,P32081925,64191523.0
Mf976205f,Green Room,2016,2,95,5000000,en,Horror,Horror|Crime|Thriller,3,US,2,C607463a1|C583d1975,25,54,False,K9aa63b64|Kf0f76cb9|K4fcfc4d1|Kb7d5ad7d|K35fbf0b0|Kca0f1cb3|K6a3cb94b|Kbba2a680,Pd1cdca42|Pe5d50dde|P5b670aa2|P2ce998d5|P8ec9521f,P8dc3d443,3220371.0
M1fdaf4d2,The Lady in the Van,2015,4,105,6000000,en,Comedy,Comedy|Drama,2,GB,2,Ce09e087e|Cb4e2698c,37,3,False,K1451c5af|K4385ab38|K595f8623,P12f8d604|P47d49d1a|Pcbc5557a|Pe9b627ed|P6b8eb19e,Pcb12c641,41387687.0
Mc1e4526a,Zid,2014,4,130,1556288,en,Thriller,Thriller|Romance,2,IN,0,,5,3,False,Kde32259e|K443b5d4d|Kc9b098d6|K68ca34e8|Kd4c48519|K9505b13a|Ka9d4c499,P350f5663|P380bc6c6|P2dee28c6|Pc49ee7de|P67046d71,P289c40c8,1268395.0
M4a8fdecd,The Transporter Refueled,2015,3,95,25000000,en,Thriller,Thriller|Action|Crime,3,BE|CN|FR,1,C0b057e79,27,42,True,K8e05e851|K19a14feb|Kca0f1cb3|K7b0dfbd5|K3b6e64c6|Kba879cad,P1f4b71ac|Pca0a35fe|P1e1ef398|Pdb3e45cc|P4b86fb02,P6dc3506d,72629670.0
M8cc2ee09,Would I Lie to You? 2,2001,1,105,12560000,fr,Comedy,Comedy,1,FR,5,C684ea4bd|Cc7ffd06c|C2b05d73c,53,6,True,,P35aa7b9e|P2266065f|P28144bfa|P025174cc|Pfe67a081,Pba425fc6,42700000.0
Mcc834d8e,Dreaming of Space,2005,2,90,2000000,ru,Drama,Drama,1,RU,1,Ccb321bca,8,2,False,,P86754f3f|Pbe26cd1a|P1fe37dfd|P1a17400d|P844d21b1,P276c8e4d,696681.0
Ma4fda5c8,Silenced,2011,3,125,2200000,ko,Drama,Drama,1,KR,3,C09730d5b|Cbb619dc0|Cc40d9696,13,9,False,K5c0670e8|K595f8623|K3f1b97d7|K9daa9d8b|Ke3cc0b20|Kc224f724,P388611d3|P7fcf1d51|P16fbb53b|Pc987f1e1|Pb94e02ab,P67d6cdbc,31500000.0
M5968a0d5,Demolition,2016,2,100,10000000,en,Comedy,Comedy|Drama,2,US,4,C9b58e393|Cc6195434|Cae6aa207,30,33,False,Kb8d59c8d|Kc7daf488|K6fdc86f6|K7652162c|Kb76fa970|Ka646ca77|K683aa1bf|K787b956a,P536a41bf|P2db253cf|P8ea19000|P73f6c79a|P046f9fd6,P0401675c,1978592.0
M4ce539bb,Our Brand Is Crisis,2015,3,110,28000000,en,Comedy,Comedy|Drama,2,US,2,Cf4d6a468|Cf9c2bf80,14,16,False,Ke1d9dcbe|K4a91a535|K0560b9f4|Ka504d982|K8baba988,Pbf6fd3c6|Pde213099|P08e0c086|P1f811a28|Pa39a7ba5,Pbc25612e,7002261.0
M2cc1c9a9,Agneepath,2012,1,175,11097000,hi,Action,Action|Crime|Drama,3,IN,1,C8861a5e2,19,10,False,K965d2159|K7a0943da|Kbaedfbea,Pb68e1df3|P3732b00c|Pb2bbef91|P97e6df9d|Pe37e1faf,Pcfa9590c,49028000.0
M61714d90,Cocktail,2012,3,145,6400000,hi,Romance,Romance|Drama|Comedy,3,IN|GB,3,C99ac4fb0|Cc4b6ec9b|C7f6edb1c,7,9,False,K5011ba81|Kc5c53ac8,Pe863b5f9|Pa5463feb|P76eebae5|Pb887b3f4|P45712bf1,P558c329d,18800000.0
Mae7f077d,The Assassin,2015,3,105,15000000,zh,Action,Action|Drama|History,3,CN|FR|HK|TW,6,C68643661|C98b30496|C9e5ddb81,16,24,False,K52525103|K3ff42206|K224669d4|K03735454|K9bd0e754,Pdb12d105|P433907da|P9632075c|P94b17698|P0618b855,Pda8b0030,632542.0
M1b29864b,The Night Before,2015,4,100,25000000,en,Comedy,Comedy,1,US,3,C6fc703e1|Cededb20c|C4dd5817c,25,21,False,K5daec4d9|Kc343c0fd|Kd9198f5a|K45ea3192|Kceb29f63|K399ba99f,P8e89b53a|P32730d58|Pde213099|P710cb5c5|Pdd233090,Pb63e2ce5,52395996.0
M12d3c05a,Everest,2015,3,120,55000000,en,Adventure,Adventure|Drama,2,IS|US|GB,6,Cd7a83b16|C0110c455|C016bc731,36,113,False,Ke09d99ff|K412badbe|K2d60446c|K07eb013a|K6e781bd1|Kedc55cc4|K77eacf9d|K29a0008a,P560c0d8f|P536a41bf|Pc6b524b9|Pfab4aa23|P2707d5f8,P451aa4d1,203427584.0
M2d23f13e,Monster Hunt,2015,3,110,40000000,zh,Action,Action|Comedy|Fantasy,3,CN|HK,1,C2a3409f2,17,3,False,K038c8dca,P7691bf00|P5711c259|Pb904cb8b|Pcf68c1ba|Pdb1b44ea,P02cd4c1e,385284817.0
M086c17ca,Spotlight,2015,4,130,20000000,en,Drama,Drama|Thriller|History,3,CA|US,5,Cd7a83b16|Cf4d6a468|C1b020c70,74,98,False,K24e26ceb|K00b0e1a7|K82a98e31|K841cd429|K9c580a0a|K7ff5535a|Kd2e5bc2f|Kb7d5ad7d,P282469c4|Pf10575be|Pca60e6c7|P961bdf96|P96e591c4,Pbe5250ac,88346473.0
M68acb6ea,Son of Saul,2015,2,105,1000000,hu,War,War|Drama|Thriller,3,HU,2,Cd4522af2|C0837b8a9,11,25,False,Kae263b85|K22ed0978|K2c62fabd|K7486a573|Kbc5eea05|Kccfc6e3b|K8caeac96,Pd793efa0|P05928533|Pcce5cdd2|P825f46cf|P66ab560d,P4a285b24,1777043.0
M40709f67,Pawn Sacrifice,2015,3,115,19000000,en,Thriller,Thriller|Drama,2,US,2,Cfa1e77d4|C5f7ea4cb,67,8,False,K519a783b|K9d999169|K9ff6cdc6|K4385ab38|K7650b57e,Pf9bb3d0b|Pdce11d2d|Pc3ac31e9|P961bdf96|Pb128499f,Pe91fb048,5578519.0
Mab3a0169,Hardcore Henry,2015,3,95,10000000,en,Action,Action|Adventure|Science Fiction,3,RU|US,3,C0f5c8c4c|Cc25fdc8b|C592e61b3,13,62,False,Kf93b4bf6|K35fbf0b0|K6a3cb94b|Kb5a55fd5|Kfc3d3a26|Kfaa089eb|K236cb560|K0a1fa644,P4b73cb04|Pcf15bdf7|P061b5903|P7ee1c6be|Pe99f9c6d,Pfa38388d,14333790.0
M4e613fe8,Burnt,2015,4,100,20000000,en,Drama,Drama,1,US,3,C9b55c3fb|C86edaa29|C692aaab5,27,24,False,Kef728c09|K12749c65|Kc0bb51b1|Kd2075423|K43f280e8|Ka3d9c7c4|K8ff3d7ad|Kd9198f5a,Pc34a6901|Pbf1ee1ef|P20024c66|P3d6ce273|P8a49c60a,P44f1571f,36606743.0
Mef6a96c6,Lootera,2013,2,135,4100000,hi,Drama,Drama|Romance,2,IN,2,Ce5e9630e|C23491c8f,7,21,False,K6a0c24ab|K4f7fe086|Keec6e143|K6c1909d9,Pbab7bff8|P9b77505d|P9925d6c9|Pe4f1df62|P8bc7a0ba,P7b10c1e2,4300000.0
M7c7c3d49,Bangalore Days,2014,2,170,7400000,ml,Drama,Drama|Family|Romance,3,IN,2,C7e44b017|C651e9a6b,16,7,False,Kb1b2d050|K33437310|K64a06ec6|Kcbcfea8c|Kcbf64eb9|Kda33255a|Kc0fa6bd0|K484a472c,Pc10a8f4b|Paabf2391|P6bf781bd|Pbab7615e|P1a2e88b9,P6952dc35,1300000.0
Mafa06611,Ohm Shanthi Oshaana,2014,1,130,220000,ml,Comedy,Comedy|Romance,2,IN,1,C78266c01,18,8,False,K7fe72660|Kcbf4eaa8|K6d7db2b4|K2edca6e5|K6d90a030|K98bdedc5|K304aa4fc|Kda33255a,Pc10a8f4b|Paabf2391|P212c5656|P4156f262|P86777142,Pe5183d3f,1500000.0
Mfe573dcb,Alaipayuthey,2000,2,155,2000000,ta,Romance,Romance|Drama,2,IN,1,Cd36235e4,13,13,False,K45d12a23|K965d2159|Kd4c48519|Kf4568af4|K23e1490c|K857ead05,P59f24262|P5224626c|P4ac13019|P3585a6ad|P6bccb9ed,P4347ab6e,6000000.0
M67e40d73,Vaaranam Aayiram,2008,4,170,3000000,ta,Drama,Drama|Comedy|Thriller|Romance,4,IN,0,,5,4,False,,Pc8d62df2|Pa5d16d19|P66fc7813|P9ee5c173|Pea64b672,Pea64b672,14000000.0
M39d4e59a,Hotel Transylvania 2,2015,3,90,80000000,en,Animation,Animation|Comedy|Family,3,US,2,Cf4478484|C691c06b2,22,9,True,K83f121ca|K32d43916|K55cfa8fb|K9a97b678|K79547cd1|K03f80d45|K85de5b12|K95034136,Pc82d1114|Peea9996a|P82948388|Pa32924dd|Pa887b05b,Paa03148a,473226958.0
M787e32c2,Godfather,1991,1,150,18000,ml,Comedy,Comedy|Romance,2,IN,1,Cb742e0eb,20,6,False,Kda33255a,P8517bf69|P5c9373ae|Peacaf1a3|P62ddfcd8|P97442108,P93d0bfc8,700000.0
M3505d927,Freeheld,2015,4,105,7000000,en,Romance,Romance|Drama,2,US,3,C9b55c3fb|Ccb902284|Caf935bfa,29,4,False,Kd67871a7|K426aa293|K8bb446de|K23e3c2ed,P62eda3c0|Pd6d7ac89|P4be68e2c|P58f4559e|Pc5270c6c,Pe6223366,573335.0
Me763d6f0,By the Sea,2015,4,120,10000000,en,Drama,Drama|Romance,2,FR|US,3,C3762b402|Cfc434e89|C59e918ca,20,51,False,Kc56ceab0|K32d43916|K4603cffd|Kb76fa970|Kc7759f81|K547bb331|K22c5c863|Kcbf64eb9,P9e58b7cf|Pc5fe07a1|P3d8bee50|P5adbf979|P64146494,P9e58b7cf,3727746.0
M03dbcb5b,The Little Prince,2015,3,90,64000000,en,Adventure,Adventure|Animation|Fantasy,3,FR,6,C3950e73b|Cbe896860|C75018a55,20,7,False,K8d907d83|K61a241c8|K877e62a3|K84348ea3|K7f284f24|Kc4d7749d|Kba0ea723|K251f030c,Pdfa9d578|Pca60e6c7|Pb33386a7|Pea601c7b|P58bca367,P291208c4,97571250.0
Me0857f72,Wonder Woman,2017,2,140,149000000,en,Action,Action|Adventure|Fantasy,3,US,7,C53a9ea27|C8e42f8bf|C3e7bdc8f,106,195,True,K38b4fde2|Kcc343814|K095c6b0e|K566c4248|K7be894cf|K04f1877b|K923101f0|K1c2c3e23,P3276bcf6|Pb95440c1|Pe0da2446|Pf8af4a2a|P4c0744b0,P3304ca27,820580447.0
Mccb8f245,The Circle,2017,2,110,18000000,en,Drama,Drama|Thriller|Science Fiction,3,US,3,Cfb1e6ae8|C0dc701b8|C328b036a,78,92,False,K9a97b678|K7eead61d|K926ca99f|K956eb9ef|Kb11e7660,P187f1470|Pd8b30691|Pfc5aefab|P6d4d6e20|P0d76921d,Pa9fd5dda,20497844.0
M85f2b789,Silence,2016,4,160,46000000,en,Drama,Drama|History,2,MX|TW|US,7,Ca7db90e4|C1374febc|C0f13b90e,35,113,False,Kb38c398c|K94d1fa6a|K4d2815bf|K1451c5af|K3efe6bd6|K5fcea8d1|Kced5e46c|K6d034ebe,P3113812d|Pee786644|P9570f38d|Paa96a2ea|P1b4a1135,Pc1b16bc3,23737523.0
M2e69c1a6,Cruel World,2005,3,90,2000000,en,Thriller,Thriller|Horror|Comedy,3,US,2,C3f5f86d6|C13161172,8,7,False,K6f266ecf|Kc7b5b708|K94571983|K5bac89ee|Ka05e8854|K9a16fa02|K6ee188c7|K04b71262,P32cffca3|Pc1ef3bdf|Pb8e71fc1|P93e7654e|P1de94b99,P34db3086,16344.0
M19d595ec,Look Who's Back,2015,4,115,3196621,de,Comedy,Comedy,1,DE,1,Ca7e0a9d6,13,2,False,,P838f69c8|P89e0818a|P12f8ff87|Pc17a38f1|Pe929f38d,P1a53405c,25513752.0
M363577e6,Standing Tall,2015,2,120,5000000,fr,Drama,Drama,1,FR,2,C8c854f7a|C0920d164,9,8,False,Kcbf64eb9,Pb61e686f|P7d3d0982|P977b9447|P44462348|Pe8d1c3c2,P533c637e,26144.0
Me1fba89e,The Bullet Vanishes,2012,3,110,12000000,zh,Action,Action|Mystery,2,CN|HK,1,C79b50bf3,13,11,False,,Pe4745b7f|P9e7c4ce8|P31b0b331|P8990cf9f|P5711c259,Pff634509,117629.0
Md3c63aa0,Goosebumps,2015,3,105,58000000,en,Adventure,Adventure|Horror|Comedy,3,AU|US,7,Cf4478484|C1246c604|C7f4b55db,54,26,False,K1451c5af|K79547cd1|K442c9be4|K89a13bfa|K9a7a2db0|K7072ecb7|Ke0c92e46|Kb312f8f4,P72d7d3b1|Pf0ab39b9|P11c24bd4|P12c0d119|Pdd233090,P0f187f43,158162788.0
Md9042c5e,The Perfect Guy,2015,3,100,12000000,en,Drama,Drama|Thriller,2,US,1,Ceba6d050,36,21,False,,P09fe7ca4|Pf6e49672|P7ec7e10c|P377099a5|Pfb9af57d,P9d56d36a,60273173.0
Maab974ad,Rock the Kasbah,2015,4,100,15000000,en,Comedy,Comedy|Music|War,3,US,4,C62d6d2d6|C0c3a9255|Ce25cc1ca,40,8,False,K70733318|Kd067d312|K9de0b72d|Ked477778|K8769ca01|Ka240b893|K8ff3d7ad,Pfe130811|P5616da73|Pbc324a94|P0d5aa382|P7fd8acd7,P88a4894e,3020664.0
M6b038187,Aferim!,2015,1,110,1379375,ro,Drama,Drama|History,2,RO|BG|CZ|FR,3,Ce87fbffb|Ca4a45f27|C78ede767,12,12,False,K0ddcc54c|K06ec2ec0|Kf1c7e0e5|Kb318e1c8,P7c80fda9|Pb8ab3b33|P9d52b3ac|Pd782791a|P2be144af,P856df149,105097.0
Md9d87bc7,Paranormal Activity: The Ghost Dimension,2015,4,90,10000000,en,Horror,Horror|Thriller,2,US,2,C6146f42e|Cf0bcd2be,13,53,True,Ka5ec14be|K5ebde1b5|K19a14feb|Kf0ee355f|Kb7debf2d|K399ba99f|Kb312f8f4,P1e0b3e31|Pbda0e795|P48409f40|P401f6d8d|Pc9164a7d,P43e95d99,78096553.0
Md667a333,Trumbo,2015,4,125,15000000,en,Drama,Drama,1,US,3,C6aeddf49|C84840909|Ce5541a82,21,18,False,K891ad3b4|K7f60b468|K4385ab38|Kb2f096b8|Kcd97a98f|Ka43fbb3a|K2d8b300b|K3fb4fd92,P52f75b5b|P938e6548|P2076b2ad|P058ac46a|Pb3139999,Pa2caa452,8235661.0
M7e2ee3bd,Wolf Warrior,2015,2,90,12000000,zh,Adventure,Adventure|Action|War,3,CN,3,C370643ab|Cb63bef32|C31f1e2fc,8,8,True,,P0265cf5a|Pa70cfd91|Pd4021033|P10e2ab46|P986d36ee,P0265cf5a,80000000.0
M691f51eb,Concussion,2015,4,125,35000000,en,Drama,Drama,1,AU|US|GB,6,Cf4478484|C1246c604|Cd5a1e1a6,72,69,False,K63327ad9|Kbfaa77ca|K4385ab38|K2a107b4c|K40ffb0c1|K28574b0b|K064c9695|Kfa652ac0,Pf5e36785|Pa350e788|Pd0fd22b1|P43d8d70f|P45b0b121,P3506b1f6,50363790.0
Mf20f0cc0,The Peanuts Movie,2015,4,90,99000000,en,Animation,Animation,1,US,2,C2a29849a|C7940c1ce,14,16,False,K923101f0|K9a7a2db0|Kb312f8f4|K10c7b167|Ke7effd47,Ped6a83ab|P1c9983ed|P9290eb74|Pd64af395|P961d3f13,Pe60f6002,246233113.0
Meca62c29,Antikiller,2002,3,115,5000000,ru,Action,Action|Crime,2,RU,0,,14,3,True,,P0d326dd7|Pdb0f5859|Pa158f155|P1c680944|P5d29e276,Pca2799ef,340312.0
M573265cf,Dil To Pagal Hai,1997,4,180,1300000,hi,Drama,Drama|Romance|Comedy,3,IN,1,Cd925d19e,8,15,False,K965d2159|K885aea9a,Pa6041114|Pa4d36389|P903eb449|Pb5e3b73a|Pb3309ccd,Pa8506af8,11000000.0
M38d736d1,Fiza,2000,3,170,1000000,hi,Drama,Drama|Foreign|Romance,3,IN,0,,11,3,False,Kc8aa65cd|Kb028491c|K276b0263|K172d90e4|Keec6e143|K68f9f755,Pb68e1df3|P903eb449|P0b260e59|P52a1210b|P4c3ed64b,P5ca0dff7,623791.0
Mae629314,Creed,2015,4,135,37000000,en,Drama,Drama,1,US,4,C6988cd6a|C3e7bdc8f|C1e53a163,74,71,True,Kcc576f2d|Kdc87c7d5|K394322cb|Kbc1e73b3|Kb01f7f13|Kcfd3e1e7,P2c31c831|P468a604c|Pcafc88e9|Pc622b9b8|P3c0a67e3,P4c9e98d1,173567581.0
M120d8548,Lost in the Sun,2015,4,95,25000,en,Action,Action|Crime|Drama|Thriller,4,US,0,,6,2,False,Kc5b65b8c,Pd07cd801|Pb1bd4123|P20be23ec|P38065433|P5a4604f5,Pdb9f2b9e,25000.0
Md09d72dc,Louder Than Bombs,2015,2,110,11000000,en,Drama,Drama,1,DK|FR|DE|NO|US,3,C72125088|Ce4bc0ff3|C9f555334,15,17,False,Kd6a05201|K2b5d957d|Kcf7d212b|Kd40899dc|K52170209|K1b64ef78|Ke45bd61c|K323d8c54,Pbb2d8b2b|P603908f8|Pd3bf69c1|Pe9ce0b92|P12c0d119,Pf40b8e35,161789.0
Mda1a6507,Heist,2015,4,95,8900000,en,Crime,Crime|Action|Thriller,3,US,4,C11934135|C7df364ad|C076c789b,37,38,False,Ke33fde63|Kc5b65b8c|K54b802e3|K25419d9e,P1c5299b1|Pd9604827|P06351fdd|P2231426b|Pbe796f65,P3c70cc53,4100000.0
M7e9a17a4,Love the Coopers,2015,4,105,17000000,en,Comedy,Comedy|Family,2,US,3,Cd927b580|C6aeddf49|Cdd8eadf1,15,3,False,K19bab12a|Kd47abffe|K9a7a2db0|Kcbf64eb9|K399ba99f,Pa4708d8a|P581ee292|P7f88be6e|P5ea8cfef|Pc34f45e8,Pdcc83b17,42426912.0
M3f07f091,Prem Ratan Dhan Payo,2015,4,175,23400000,hi,Drama,Drama|Action|Romance,3,IN,2,C50d7b583|C1ff47a0a,8,7,False,,P13fc16aa|P2231ba11|Pa8f7baef|P34392fc0|Pa52520c3,P18e5c213,67000000.0
Mf893a150,Point Break,2015,4,115,105000000,en,Action,Action|Crime|Thriller,3,DE|US|CN,4,C295bb1fa|C5ce2cd37|Cf41e8e6c,14,144,False,Kb7b43807|Kfb93ab74|K993b2681|Kaf916823|Kb312f8f4,P54a9620e|Paeadf05c|P94b6fc55|P1b3c94e0|P0828e953,Pd2a8cfeb,133718711.0
Mdfb4a727,Katyar Kaljat Ghusali,2015,4,160,1500000,mr,Music,Music,1,IN,0,,7,1,False,,P0e986b2b|P1f413bc7|Pc4221bda|Pc4221bda|Pe470465b,Pddc795ce,4400000.0
Mb69a5701,Mary Kom,2014,3,120,224056,hi,Drama,Drama,1,IN,1,Cc2faf925,5,28,False,K4385ab38|K9081cd93|Kcfd3e1e7|Kb4533fbf,Pb2bbef91|Pfaae5318|P308a7e82|P33c5736a|P53e933af,Pa627020d,15536328.0
M4c3cc2b2,Premam,2015,2,165,6200000,ml,Comedy,Comedy|Music|Romance,3,IN,1,C651e9a6b,19,8,False,Kb730b002|Kb59164e1|Keec6e143|K13818823|Kfd95aca2|K304aa4fc|Kf860d411|Kf54b2db7,Paabf2391|P8b84afdb|Pfc1a3508|Pbf46090d|Pbb92b765,P6d6263c6,11000000.0
M37a32b15,The 5th Wave,2016,1,110,38000000,en,Adventure,Adventure|Science Fiction,2,US,4,Cf4478484|C0899a5fc|Cc81c740c,35,74,False,K1451c5af|K7f284f24|K4d0bc3a5|Kbbcbbe27|K2065ff44|K9468c0e8|K779b67dc,Pf4fb8900|Pe7997fe6|P795e1733|Pd2d8a9de|P5d612cd2,Pce21a6d2,109906372.0
Mb292b747,The Wave,2015,3,105,5904067,no,Action,Action|Drama|Thriller,3,NO,2,Cc94fae07|C095f3a63,12,49,False,K32d43916|Kcf130f17|Kab557e1b|Ka1198490|Ke85f007d|Kcce77c17|Kd131f0db|Kf85c8459,Pd7f07f85|P16a0c188|P57206deb|Pe6c7add8|Pffe9f211,P8dea3c61,12975143.0
Mafd28775,Monkey King: Hero Is Back,2015,3,90,10000000,zh,Fantasy,Fantasy|Animation|Comedy,3,CN,2,C5abe3afd|Ca2447a97,9,2,False,,P044277f6|P93f80e50|P8578e9f2|Pdb7b08b0|Pb264bb31,P73277548,150000000.0
Ma613b373,Truth,2015,3,120,9600000,en,Drama,Drama,1,US|AU,3,Ce3cbc8b8|C37047fd9|C903d49f7,42,4,False,K8dfa302b|K4385ab38|K19c1b07e|Kec0c4b93|K44bb6158,P81f38d6e|P7ee731d8|Pd7006e11|P88f192ec|P967c7ac4,P195ff12c,2541554.0
Mbc915abf,The Big Short,2015,4,130,28000000,en,Comedy,Comedy|Drama,2,US,3,C6146f42e|C3762b402|Cc2c73c36,103,75,False,Kd95b93ea|Kfb4b3fa1|K4385ab38|Kb4ef9e5e|K9ce959f1|K595f8623|Kf6105faf|K3676f124,P1716f909|P4be68e2c|Pfc16b487|Pc5fe07a1|P6584178d,Pa2f257bd,133346506.0
M1647d3bc,Loham,2015,3,130,1050255,ml,Action,Action|Thriller,2,IN,2,C95bad1bf|C8d37b620,32,7,False,K68d34ab1|K01c1572d|K8a63c14d|K5d0ba27b|K08b1cffe|K011bc215|K6f601db4|K79e54a7e,P00b5fdfb|P6e511d1c|P4b7ca740|P212c5656|P220017ce,P9535163a,2250547.0
Mad8e1f91,The Legend of Bhagat Singh,2002,2,155,3000000,hi,Drama,Drama|History,2,IN,0,,10,2,False,,P7e27fca5|Pb3f4e248|P645709b6|P6f63a20b|P4159ace9,Pbaea66a8,6000000.0
M63431c9a,Zoolander 2,2016,1,100,50000000,en,Comedy,Comedy,1,US,2,Cda813610|C9e48d798,124,17,True,K0ed44ab9|K19a14feb|Kd21fa78f|K3e6e0b4a|K2a46c827|K28030617,Pd29fc0d4|P66e0e26d|Pc488f7aa|Pfac84536|Pfbcea453,Pd29fc0d4,55969000.0
M936db555,How to Be Single,2016,1,110,38000000,en,Comedy,Comedy|Romance,2,US,3,C6988cd6a|Cf811e59d|C4f86b965,21,23,False,K33e09618|K1451c5af|K845da920|Kab832ca0,Pcaefda9d|P2c21d2ab|P58391045|P6c6287a3|P10de95ac,P074ffea4,112343513.0
M01107506,The Perfect Weapon,1991,1,85,10000000,en,Action,Action|Drama,2,US,1,C6146f42e,24,2,False,,P795ad02b|P1894dd5a|Pc58901fa|Pb40488f7|P8e3ce0c9,P229b320f,14061361.0
M60594956,Fifty Shades of Black,2016,1,90,20000000,en,Romance,Romance|Comedy,2,US,1,Ca7ad251d,17,5,False,K511491fa|K1bb3c192|Ka9306de8|Ke0dd090a|K4709b558,P2d1be6b8|P2c40e554|Pbe7baba9|P885c0e0e|Pf0d9c797,P68486bce,21164799.0
M9444d8e2,Nocturnal Animals,2016,4,115,22500000,en,Drama,Drama|Thriller,2,US,4,Cd7a83b16|C53acd457|C8d682073,63,121,False,K1451c5af|K8b8060e4|K23e3c2ed|K4281ec01|Ka43fbb3a|Kafeec409|Ke091f74e|Ka355daca,P2b24b1d6|P536a41bf|P58f4559e|P3ffa4742|P0bae546f,P78a1230b,29252978.0
M425935a7,Sisters,2015,4,120,30000000,en,Comedy,Comedy,1,US,1,Cf624b302,34,17,False,K8f8f63a3|K484c0905,P73249322|Pabb5b404|Pcd89be8e|P16e29e40|Pd5e4219f,Pf4e02888,105011053.0
M33cd18ba,Kung Fu Panda 3,2016,1,95,145000000,en,Action,Action|Adventure|Animation|Comedy|Family,5,CN|US,4,C6cbfdb5c|C586f6404|C8841c09a,34,34,True,K2f674d5e|K1308518c|K6d7db2b4|Ke5e5cfb4|Kfde61f41|K19a14feb|Kb3effe9e|Kaea398e7,P72d7d3b1|P52f75b5b|P7771ab64|P9e58b7cf|P8b74a486,P55f64127,521170825.0
M93c7010a,Bajirao Mastani,2015,4,150,19500000,hi,War,War|History|Romance,3,IN,2,Cc2faf925|C99ac4fb0,9,8,False,Kf5ed22f0|K0c8d8459|K2ffb158c,Pbab7bff8|Pe863b5f9|Pb2bbef91|P0e9c83ca|Pae9353b7,P5a965bf2,56000000.0
Mf383c3c0,F.C. De Kampioenen: Kampioen zijn blijft plezant,2013,4,115,3849796,nl,Comedy,Comedy,1,,0,,12,1,True,,Pe5e6d450|P6e2f0808|Pcb530af8|P7c82c7d1|P54fc55cb,P3f8d3749,7471304.0
M19b983d4,Pride and Prejudice and Zombies,2016,1,110,28000000,en,Romance,Romance|Horror|Comedy|Thriller,4,US,6,C78367188|C34574584|C0b8f33ce,22,13,False,K1451c5af|K7f284f24|K962f88ff|Kf45eab93|K8dfac82b|Kb13933eb|K1a3d2db3|Kb50ea267,P20024c66|P531a0df9|Pacb66fff|P7b1975d8|P99413b96,Pdc08ef65,16374328.0
Mfeed5e12,Dilwale,2015,4,160,26000000,hi,Crime,Crime|Action|Comedy,3,IN,2,Ce9f4ac39|C6b3ac88d,10,3,False,,Pa6041114|P461da7c3|P467a8c93|P53a0d0e3|P45712bf1,Pb077e682,61000000.0
Mc44a74c0,Woodlawn,2015,4,125,12000000,en,Drama,Drama,1,US,1,C6fc703e1,46,4,False,Kdc87c7d5|K16d14ec6,Pc1209924|P27ef56e2|Pb3cd0383|Pb6f9fb44|P45a19a30,Pd185b6ed,14394097.0
M9c717009,Captive,2015,3,95,2000000,en,Crime,Crime|Drama|Thriller,3,US,5,C03e71eb5|Ca4fdbc99|Cba0fa993,23,48,False,K8b8060e4|K595f8623|K35fbf0b0|Kd3103f62|Kbea00521|Kd9198f5a|Kcd1a7e06|K2cdeacfc,Pa1581fbd|P7eeac4fd|P023d3a68|P48d769f9|P3e0cd67e,P89789ab1,2801508.0
M27166a7d,The Forest,2016,1,95,10000000,en,Horror,Horror|Thriller,2,US,3,Ca0f8bd64|Caa2f1d34|C261cc4e6,31,63,False,K94d1fa6a|Kd0196534,P2a232db8|P7fd8acd7|P2914111a|P604cd324|Pdab96a48,P3b33dd90,40055439.0
M8df310c1,Raavan,2010,2,140,4500000,hi,Action,Action|Adventure|Crime|Drama|Romance|Thriller,6,IN,2,Cd36235e4|C230a1ab5,7,20,False,Kde32259e|Kbba221aa|K01c1572d|K88847b06|K7a3e26a4|K9136e8a9|Kfbd674bb|K6e58cb32,Pb987bdff|Pc54bf1d8|Pe392c3df|P44914451|P0b2a7925,P4347ab6e,4200000.0
Me6aedaa3,Rowdy Rathore,2012,2,145,6700000,hi,Action,Action,1,IN,1,C18ca2f6d,20,22,False,K7a3e26a4|K9653593d|Keec6e143|K5852d5b1|K9a16fa02|Ka0c77c84|K44ff0b98|K94234568,Pb5e3b73a|P9b77505d|P3a631154|P7e8ad1e2|Pe9c8ba55,Pa9bf78cb,31000000.0
M7de15e55,Ride Along 2,2016,1,100,40000000,en,Action,Action|Comedy,2,US,4,Cd7a83b16|C8ec8ea90|Cdae3edac,72,23,True,K0d25991c|K19a14feb|K49066ce6|Ka37e47aa|K5d17b0f5|Kc0650075,P037f5849|Pabc55b2b|P557eaa69|P384114d4|P0d0c464d,P0f9f87a2,124827316.0
M417a8689,Airlift,2016,1,125,4500000,hi,Thriller,Thriller|Action|Drama|History,4,IN,3,Cc24c85d5|Cf9378475|C644da8a5,19,13,False,Kfc0600a1|K65cf7a95|K595f8623|K218aa488,Pb5e3b73a|Pbd375746|P1b356e82|P3f919efd|Pa976e487,P1eada34b,32000000.0
M3f515286,Stonewall,2015,3,130,13500000,en,Drama,Drama,1,US,2,C486ae29a|C7999dbf1,17,4,False,K28ec9ef9,Pa0d3787f|P11aa461f|P2c3e141f|Pf7136100|Pb8250c11,P916a7de7,187674.0
M35e48ab6,The Boy,2016,1,95,10000000,en,Horror,Horror|Mystery|Thriller,3,US|CN|CA,5,Cc032927b|C336c2b47|Ca45e4ee1,10,48,False,Kc8aa65cd|Kdcf6a5ec|Ke6b45b39|K7cf176e8|K2829a3c5|K02d5ed5f|Kf3f28ea8|K45012032,Pb86908d2|P0816ddc7|Pdf6c2921|P3ca8583e|Pabf1ce62,P458305e1,64188367.0
M079932e3,90 Minutes in Heaven,2015,3,120,5000000,en,Drama,Drama,1,US,2,C11934135|C6aca3ba4,16,3,False,Ka69f7dd5|K9b0a830c,P06351fdd|P598805c2|P177c002c|P58ab48be|Pd8b98735,Pbc6a22f2,4842699.0
M70cc3490,Risen,2016,1,105,20000000,en,Action,Action,1,US,4,Cf4478484|C7a5e2582|Ccf013811,30,21,False,Kb38c398c|Kee6520fd|K8ee63aa5|Kaae2caa3|K3eda802b|Kf6432100|K648bad42|K0e0f83d5,Pdcf7d7b4|P92c82f6a|Pc94a8b75|P0f7c7402|Pa2cb3a28,Pb79c9a4e,46069568.0
M7b65ec79,Dirty Grandpa,2016,1,100,11500000,en,Comedy,Comedy,1,US,6,C78367188|Cb3ed0225|C0c3a9255,90,15,False,K0f3b9cda|K50613f73|K110f3ad2|K6c87d899|K60601863|K0b70227d|Kd2e17c84|K34035ab5,P2fdadb28|Pd9604827|Pba521112|Pf55a640e|P1dff6e01,P51ad9281,94073028.0
Mbf31a8af,Orleans,2015,3,105,2500000,ru,Drama,Drama|Comedy|Thriller,3,RU,1,Cd0c9203c,4,2,False,,P1a17400d|Pebd5b0ea|P55192b2d|Pb9bdcac1,P66a1bd1d,302000.0
Mfef468ac,The Finest Hours,2016,1,115,80000000,en,Action,Action|Drama|History|Thriller,4,US,4,C72b723b8|Ce9e9fbd6|Cf46f26fa,22,92,False,K33c032b7|K595f8623|Kee7d3574|Kdc3a06ff|K8e369375|Kf3c5aa35|Kb5267b6e|Kb312f8f4,Pb95440c1|Pddf47d8c|P2e4d1f59|Pa357a9b4|P97a5f98f,P26d67040,52099090.0
M74fc52e4,The Guide,2014,4,120,722083,en,History,History|Drama,2,UA,0,,6,2,False,,P399b76af|P8d92d80c|Pb385f313|P7b1084b3|P434bb016,Pc26869bb,499168.0
Mf5d5a42e,Anjaana Anjaani,2010,3,150,6400000,hi,Comedy,Comedy|Drama|Music|Romance,4,IN,2,Cb253c0cb|C59ee4af6,7,4,False,K293e5fac|Kfb9c23bc|Keec6e143|K885aea9a,Pb2bbef91|P4c53c2d3|Pf921ff83|P4c1d8ad5|P0e9c83ca,Pc1a1c26e,5900000.0
M4edd2152,Triple 9,2016,1,115,20000000,en,Action,Action|Thriller,2,US,5,Cd4ad3ed1|C6f320b1d|Cc6cdfb7e,27,62,False,K25419d9e|K3efe6bd6|K7e95b555,Pddf47d8c|P5498c3a1|P96737513|P5516a531|Pde213099,Pa4088e00,12639297.0
Mbcfdcfde,Gods of Egypt,2016,1,125,140000000,en,Fantasy,Fantasy,1,AU|US,5,Cceb4e3c9|C7e40ec18|C6e250e55,41,71,False,K30a53fa2|Ka37bedb4|K7a3e26a4|Kfbd674bb|Ka8a94835|K65cf7a95|K5852d5b1|Kb8281719,Pc2a81824|Pa1ab47e0|P979428ee|P0a7d8568|P1cbc6173,P8ebfac63,150680864.0
Me7fa2811,Race,2016,1,135,5000000,en,Action,Action|Drama,2,CA|DE,4,C3a381b40|C001c711b|C83b2da2d,44,71,False,K2c862459|K4385ab38|Kdc87c7d5|K249af4ee|Kd7eb086c|K16d14ec6|Kf5992d2d|K0bc243d4,Pfdd0f64d|Pf12075fd|Pbf5c9cd9|P3af08c02|P8d737e84,P82172aeb,24804129.0
Mcab60096,10 Cloverfield Lane,2016,1,105,15000000,en,Thriller,Thriller|Science Fiction|Drama,3,US,3,C6146f42e|Cb2d72985|C669f0254,10,59,False,K9136e8a9|Kaa8b42ca|K3788e79b|Kd964a10b|Ke75e2e3c|Kc79d101b|Kd40899dc|K909dc963,P5ec4078e|P7f88be6e|Pd6b9f072|Pc34a6901|Pa4b9e0dd,Pa5b2d64e,108286421.0
Mc149ad9d,London Has Fallen,2016,1,100,60000000,en,Action,Action|Crime|Thriller,3,BG|US|GB,4,Ce4826f85|C587de965|Ce82f3543,29,101,True,Kef728c09|K4d2febdc|Kf12beb2a,P979428ee|Pe85b6a97|P9c10a86e|Pdc134fa5|P6584178d,Pc2e3baa7,205754447.0
M074a84ad,Zootopia,2016,1,110,150000000,en,Animation,Animation|Adventure|Family|Comedy,4,US,2,C72b723b8|C7ce0905f,41,42,False,K0f22858f|Kf45eab93|Kda5d0fe2|Kafd14623|K6e11d73b|Kaea398e7|K5f53e9af|K263aad4a,Pe612dba4|Pd99e7ba1|P7a910469|P2ca69f9f|P457fc341,Pdefe5bec,1023784195.0
M1316d062,Whiskey Tango Foxtrot,2016,1,110,35000000,en,War,War|Comedy,2,US,3,C6146f42e|C5b129385|Cf624b302,17,65,False,Ked493fb4|K1451c5af|K00b0e1a7|K9136e8a9|K9de0b72d|K65cf7a95|K7c136f6c|K595f8623,P73249322|P2786c4ac|P08e0c086|P247d05d5|Pe8884bea,P7fc22db4,23083334.0
M851c4ed2,Mojin: The Lost Legend,2015,4,125,37000000,zh,Action,Action|Adventure|Fantasy,3,CN,1,C294d7628,14,8,False,Kde32259e|Kfc7d5102|K8dfac82b|Ka4665af7|K3fa3ad8b|K62fab60e|K850cfee1,P587f76eb|Pb85f016c|Pdb12d105|Pf0c5a9bd|Pb8dc5653,Pa0e8ac62,278300000.0
Mb351b854,Garv: Pride and Honour,2004,3,160,1300000,hi,Action,Action|Drama,2,IN,0,,5,2,False,,P13fc16aa|P6e5eee8a|P60f25761|P0fa87f96|Pb3309ccd,P8a3677ca,11000000.0
Md8e94c78,Capture the Flag,2015,3,95,14000000,es,Comedy,Comedy|Animation|Adventure,3,ES,2,C975e8b90|C89bb9761,4,4,False,,P8cd76e7a|P94772e7c|P71e73b66|Pd82195f8,P5a5190a4,8306690.0
Mef204624,The Touch,1971,3,115,6900000,sv,Drama,Drama,1,SE|US,2,Cc3099f94|C95ba5da2,4,7,False,Keec6e143|K60e9ea0a,P525cf6b2|P010994ec|P63524ef0|P506499c0,P776358d0,6530000.0
Md4241bd2,3 Braves,2015,2,95,143149,ur,Family,Family|Animation|Adventure,3,PK,3,C1677384b|C73501d55|Cd3aa8a1d,16,9,False,,P57f3b341|P8c219176|P06f2d6aa|P57a85dd4|Pcc270435,Pb7aaed13,645135.0
M94679969,Jaane Tu... Ya Jaane Na,2008,3,155,2300000,en,Drama,Drama|Comedy|Romance,3,IN,1,C1b67a91f,12,4,False,,P635d09a6|P8fe869e2|P57a9a7cf|P1c1cdf92|P79fd03eb,P94920bd5,11100000.0
Mb24888b5,Bachna Ae Haseeno,2008,3,155,2400000,hi,Drama,Drama|Comedy|Romance,3,AU|IN|IT|TH,1,Cd925d19e,9,8,False,K885aea9a,Pe863b5f9|P4c53c2d3|P101c834e|Pb72a7be6|P5fc1f729,Pc1a1c26e,9600000.0
M2e01606a,Dostana,2008,4,140,10000000,hi,Drama,Drama|Comedy|Romance,3,IN,1,C8861a5e2,10,7,False,Kf01a1f7b|K885aea9a,Pdbb49bad|Pb2bbef91|Pd127ca55|Pb987bdff|P6e5eee8a,Pec62d68d,20000000.0
M7675fc21,Gabbar Singh,2012,2,135,7000000,te,Action,Action|Comedy|Foreign,3,IN,0,,11,4,False,Kfb9c23bc,Pf7b32aae|P7d72477b|P959dbe9f|P92fb05f5|P08b46ef7,Pf97b9e08,16000000.0
Mb9265c21,Eega,2012,2,145,5990000,te,Romance,Romance|Science Fiction,2,IN,2,C5b0fa62d|Cd070fdda,10,9,False,Kfed551de|Ka42eba1d|Kd6929fc4,P92e9b45b|P3b8c219e|P7824bd15|P1ec131fc|Pf1f1f5a4,Pe4bb7d96,19450000.0
M9c4a2b8e,99,2009,2,140,3000000,hi,Comedy,Comedy|Crime,2,IN,1,C66ebdbab,9,14,False,K885aea9a,P73fb77d1|P45712bf1|P12e26c33|P21c2c654|P6960f663,Pe61823b1,6600000.0
M4b7ada96,Khatta Meetha,2010,3,155,7500000,hi,Comedy,Comedy|Drama,2,IN,0,,10,11,False,K0d3044cb,Pb5e3b73a|P87c0d119|Pb5dd8552|P0e1bf4eb|Pdc0ada00,Pa3ca3b69,10000000.0
M78e8b1a7,"Dear Guest, When Will You Leave?",2010,1,155,3750000,hi,Comedy,Comedy|Foreign,2,IN,3,C3e7bdc8f|C8d70822b|C1177b7b0,5,9,False,,P7e27fca5|Pe73afdb7|P40910619|Pfc71654a|Pbf81fcf9,Peeb19fb4,5000000.0
M9d61dbcb,Thank You,2011,2,140,13100000,hi,Drama,Drama|Comedy|Romance|Foreign,4,IN,1,C5c1e119f,9,24,False,,Pb5e3b73a|Pd127ca55|P2231ba11|P219eba99|P38ff576c,P77e644b9,4100000.0
Mb1512d6e,Heropanti,2014,2,145,4200000,hi,Romance,Romance|Action,2,IN,1,Cc78acfd8,6,7,False,,Pea2b0b80|P53a0d0e3|Pc75ef683|P19f79f26|P01bae8e2,P8ff82b88,10000000.0
M53a1bf48,Happy Family,2006,4,85,800000,nl,Comedy,Comedy|Romance,2,NL,3,C1b9cc32e|Cbfb18d2d|Cf1e9d001,22,2,False,,Pfde1d2b6|P20b2a8a4|Pa67089a3|Pde64a94a|P41915c77,Pd39828d3,966214.0
Mc29c1094,The Neon Demon,2016,2,115,7000000,en,Thriller,Thriller|Horror,2,DK|FR|US,4,C8512fcd5|C44c3c82e|C9116317e,16,60,False,K2c1273dd,P058ac46a|P8bd9bc20|P7d81cf61|P7b1975d8|P5a77ae3d,P82d4a2a3,1333124.0
M54a54228,Vinnaithaandi Varuvaayaa,2010,1,155,3000000,ta,Drama,Drama|Romance,2,IN|GB,1,Cf717e766,12,11,False,,P98e7feae|P87c0d119|P1bea9dba|P237c553d|P0ab3f8be,Pea64b672,12000000.0
M2ff258e9,Bommarillu,2006,3,170,1333333,te,Drama,Drama|Foreign|Romance,3,IN,1,Ce5bb41d4,6,3,False,K4786f4fd,Pff5a0bd5|Pc75ef683|P8fe869e2|P92fb05f5|Pf07fac11,P7c2b62d7,5333333.0
M0e9c1596,Arundhati,2009,1,130,2915739,te,Horror,Horror|Fantasy|Thriller,3,IN,0,,6,8,False,Kca0f1cb3,Pabd8fbed|P92774a6f|Pdea69e29|P579dd194|Padda850b,Pd2223993,14000000.0
M1e8a1262,Dil Dhadakne Do,2015,2,170,13000000,hi,Drama,Drama|Family|Romance,3,IN,3,C193eba73|C23a5cc4e|Cf204e7b1,9,8,False,Kb3effe9e|Kcbf64eb9,Pe2b94393|Pb2bbef91|P5c0d9873|Pbab7bff8|P3f23498a,Pf7cfce82,22000000.0
M84373b2f,Eye in the Sky,2015,3,100,13000000,en,Drama,Drama|Thriller|War,3,GB,3,Cd0f9f869|C9e485ed1|C6494420a,33,48,False,K4d2febdc|Kb77e825f|K80349102|K39770f2c|K004882b0,P2076b2ad|P2055b8a2|P4827d768|P8de86138|P1277fbf6,P0d333310,18704595.0
M64b56b93,"Hello, My Name Is Doris",2015,4,95,1000000,en,Comedy,Comedy|Drama|Romance,3,US,2,C1b9c8698|Cb05736c7,45,27,False,K68940833|Ke5506b25|K2cef4d52|K2e4f7f83|K7fca2c3b|Kc2159abf,P05a50f1e|Pccc6bb3e|P3475f969|P37a4d733|P81577159,P728bb13b,14444999.0
M76fb6569,Mr. Right,2016,1,95,8000000,en,Action,Action|Comedy|Romance,3,US,3,Ced3910e4|C8f218bca|Ce3ad7f96,25,21,False,Ke7dde3b3|K4786f4fd,P14f62872|P852e3feb|P7ee1c6be|P33c7907b|Pa3c29363,P5f31fc6d,34694.0
Mf5e7d655,Miracles from Heaven,2016,1,115,16000000,en,Drama,Drama,1,US,2,C6dfc8237|C9445c69b,47,6,False,Kef93f011|K5ceaca2a|Kbb5811f7|Kcbf64eb9|K14268449,P56976266|Pdca7db12|P1ac7085d|P0fc5d628|Pea83bd03,Pef4c0a7a,73883359.0
Mc3be0cdc,Florence Foster Jenkins,2016,2,110,29000000,en,Comedy,Comedy|Drama,2,GB|US,3,Ce09e087e|Caa2c94ae|C364a6cb1,20,57,False,K3ad66c05|K4385ab38|Kec5dcbc5,P5601b6b3|P3f407781|P2df0e450|P440c30d7|Pdcc90568,P581cd374,48902953.0
Mc7df9d8a,My Big Fat Greek Wedding 2,2016,1,95,18000000,en,Romance,Romance|Comedy|Family,3,CA|US,4,Cd7a83b16|C0dc701b8|Cc01849d5,38,18,True,K8992c8bc|K6c87d899,P3dfada77|P55f672e0|Pac135869|P64902ea0|P42ea68db,Pbdac9c54,88923251.0
M84ce14a6,Irudhi Suttru,2016,1,110,300000,ta,Action,Action|Drama,2,IN,4,C5c1e119f|C8f08b668|Cd0f0484a,6,24,False,K9df93747|Kdc87c7d5|Ke46302a6,P59f24262|P20dd748b|P709844b3|P3a631154|P0819d375,P5cfbe6ae,2100000.0
Mfa302cbb,I Saw the Light,2016,1,125,13000000,en,Drama,Drama|Music,2,US,2,Cf44a9b69|C37047fd9,40,57,False,K27c90c92|K4385ab38|K4fcfc4d1|Kb6b25681,P1d7bd896|P422425f8|P2774546c|P42e2f615|P08591fcc,Pa32f85a7,1646788.0
M3e1a3b6e,Keanu,2016,2,95,15000000,en,Action,Action|Comedy,2,US,1,C6988cd6a,29,18,False,Ke7dde3b3|K2e0aac28|Kf5992d2d|K25177432|Kfc3d3a26|K6710fb02|K8b5fb6b5|Kdc9b47b0,P11601633|P9d986198|P69da06fe|Pfaaaf9de|P4d6e064b,P95ef32dd,20566327.0
M31c80333,White Girl,2016,3,90,700000,en,Drama,Drama,1,US,4,Cd6f28c26|C385d9e6d|C3b2837b2,27,16,False,K511491fa|Kc343c0fd|Kd9198f5a|K0e35cec4|K8c67fada|Kcbf64eb9|Ka386e81a|Kec2c6340,P7f7afb36|P8a2232bf|Pa483859d|P62f2a852|Paa77c79c,P1d248f35,200242.0
M13cec33a,Love & Friendship,2016,2,95,3000000,en,Comedy,Comedy|Drama|Romance,3,GB|US|IE|NL|FR,5,C3d3c3eed|Cdf6feadf|C44c3c82e,22,15,False,K5011ba81|Kfa05f698|K7f2dfe51|K794badc9,P1210b4c7|Pac093bb4|Pb94fa188|P0468f002|Pc3cbc636,Pfee8ae78,14016568.0
Mc61fa13b,Everybody Wants Some!!,2016,1,115,10000000,en,Comedy,Comedy,1,US,1,C8e445836,70,24,False,K94571983|Ka2390abe|K1042bee8,Ped954a09|P7cd2f5f9|P39c2fd1d|P421c965a|P2ebc9a85,P6f0ffd49,3400278.0
M5bf5623e,Sing Street,2016,1,105,4000000,en,Romance,Romance|Drama|Music,3,IE|GB|US,6,C337a5bd5|Cfb1e6ae8|C24ed6cdb,24,34,False,Kef728c09|K2b5d957d|K7d378723|Kaa50d0b1|K34a9b081|K4fcfc4d1|K5011ba81|K4514c442,Pf54e8ba8|P1be6ed8b|P868abc48|P44b954b2|Pa2d2d7aa,P36e21ef7,13624522.0
M8093e8be,The Huntsman: Winter's War,2016,2,115,115000000,en,Action,Action|Adventure|Drama,3,US,3,Cd7a83b16|C494d02e2|C838a3dcf,42,7,True,K55cfa8fb|K79547cd1|Kd63352e0|Kdd55edbf|K44312414,Pebd37a00|Pa9346d2f|P87e54ca1|P5116e460|Pde9a236a,Pe7d41589,164602163.0
M95d75ee4,Neighbors 2: Sorority Rising,2016,2,90,35000000,en,Comedy,Comedy,1,US,4,Cd7a83b16|C494d02e2|Cededb20c,30,26,True,K30ba46ef|K94571983|K35845391|K19a14feb|Kf5e4ec95|K251f030c|K9a7a2db0|K7273b78c,P32730d58|P7b418b7c|P2fdadb28|Pf4fb8900|P7615fb88,P1db15a05,108758521.0
M3d3733de,Aadukalam,2011,1,160,4000000,ta,Action,Action|Drama|Thriller,3,IN,1,C3333284f,8,4,False,Kca0f1cb3,Pb7b4152d|P21a31588|Pcd8d1838|Pfe4a13b5|Pc4b03848,P85fe0709,6000000.0
Mc82f99de,Visaranai,2016,1,120,325000,ta,Drama,Drama|Thriller,2,IN,3,Ccd423d29|C4aa10e4e|Cc2214195,11,12,False,K643154b7|Kef44797d|K3db78259|Ke67df5b6|K724a085b,Ped596e6e|P3f8da870|P21a31588|P9e7ecfad|Pa4c8ac21,P85fe0709,1600000.0
M090ab6b3,Things to Come,2016,1,100,2100000,fr,Drama,Drama,1,FR|DE,11,C8f3c086a|C65b69c45|C59602b9b,20,23,False,Kcbf64eb9,P603908f8|Pc61675d3|P69481d3b|P7eca2d14|P16ef89b3,P1bc69f16,282382.0
M280be89d,Fan,2016,2,140,16000000,hi,Action,Action|Drama|Thriller,3,IN,1,Ce9f4ac39,12,9,False,K443b5d4d|K16d97320,Pa6041114|P38b8ac2d|Pcf6fea2b|Pb41c4ebd|P5d062b31,Pc0203c46,29251596.0
M09af5131,Money Monster,2016,2,100,27000000,en,Thriller,Thriller,1,US,5,C6dfc8237|C64be22e3|Cf9c2bf80,53,9,False,Kf10ad044|K0c24b3e3|K0d4b855e|K87b7cabd|K0d25991c|K90d5865e|Kc343c0fd|Kbc0aa490,Pd4551c6e|P9195777d|Pc898a617|Peb4a17dd|P706b881f,P312369ee,93282604.0
M217ff81d,Nine Lives,2016,3,85,30000000,en,Fantasy,Fantasy|Comedy|Family,3,CN|FR,2,C0b057e79|C7c9de8f5,30,15,False,K9cb98d13|Kcf5834e0|K912ebcab|Kb14dbf60|K15027b84|K39d33bd0,Pf21f3bf1|P3be49d96|P7d7635c9|Pcf440b87|P56976266,P7d51e148,57814445.0
M2592f3eb,The Choice,2016,1,110,10000000,en,Drama,Drama|Romance,2,US,2,C78367188|C2fde0255,29,8,False,K1451c5af|K12e0a0fd|Keec6e143|Kdcf7bb2c|Ka44699dd,Pac97766c|P94b6fc55|P7e3306de|P7db9ca6b|P8a429f6b,P8a26e112,18730891.0
Mf0472857,Finding Dory,2016,2,95,200000000,en,Adventure,Adventure|Animation|Comedy|Family,4,US,3,C72b723b8|C5f1dc623|C61fda080,31,39,True,Kf054b630|Kf687e8e6|K19a14feb|K346367d7|Kb3effe9e|Kaea398e7|Kcce77c17,Pf1a8bb75|Pd0fd22b1|P18a9e15f|P806553c5|P581ee292,Pc3a09dc7,1028570889.0
M99bd7729,The Boss,2016,2,90,29000000,en,Comedy,Comedy,1,US,1,Cd7a83b16,12,15,False,K39e2dd74|Kd000636e|Kd6073f4e|K1e2e6930,Pc90073ad|P2c86490d|Paeb3f5cd|Pe76df162|Pa8093b47,P19119c6f,78636257.0
M4106f68d,Free State of Jones,2016,2,140,50000000,en,War,War|Action|Drama|History|Thriller,5,US,3,Ced6c5f05|C9116317e|C29bd6407,39,71,False,Kfb2845a0|Kf5038425,P9d278739|P43d8d70f|P1075a2af|Pe896c281|Pf723d392,P4d7088a8,25035950.0
M0a74b9ed,The Angry Birds Movie,2016,2,95,73000000,en,Family,Family|Animation,2,FI|US,5,Cf4478484|Ca866dc97|C7d7f1918,32,6,False,K566c4248|K3a4df44c|K61573d46|Kb3effe9e|Kb4e75fa3|Kd43dc650|Kb312f8f4,Pf12075fd|P51b53dde|P00297e99|Pd5e4219f|Pb89bdd1e,Pe7e25c8d,349779543.0
Ma8fd75a1,Precious Cargo,2016,3,100,10500000,en,Action,Action|Crime|Thriller,3,CA,5,C73458315|Cdcd750a1|C3eaf9612,11,86,False,K2e975c63|K25419d9e,Pbc324a94|P9dd775e7|Pd36d4ab4|P42e25a43|Pb6deed66,Pb9f5ecdb,100659.0
Md74c033c,Arrambam,2013,4,155,9200000,en,Action,Action|Thriller|Drama,3,IN,1,C583bc86e,12,8,False,,P9878052e|Pcad78913|Pe280d0c3|Pcd8d1838|P3e95d2b1,P664d7ec7,21000000.0
Mafbbf60f,Yennai Arindhaal,2015,1,175,7900000,ta,Romance,Romance|Thriller|Drama|Action,4,IN,1,C93872d93,15,22,False,K0d25991c|K9a16fa02,P9878052e|P87c0d119|P579dd194|Pba2f00ff|P3585a6ad,Pea64b672,16000000.0
M66261c60,Indru Netru Naalai,2015,2,145,620000,ta,Science Fiction,Science Fiction|Comedy,2,IN,2,Cfc7cd2a7|Cd0f0484a,16,6,False,K804bfd5b,P7e197bbc|Pc42cdb08|P897915b8|Pdbd8d136|P358df3ab,P867420ac,1400000.0
Mec566fbf,Veeram,2014,1,160,5900000,ta,Action,Action|Comedy|Romance,3,IN,1,C62b50b35,26,14,False,K2b5d957d|K7a3e26a4|K19bab12a|Kd47abffe,P9878052e|P1f6a4ef0|Pb0bdfc7a|Pd11ac044|P48f265e9,P8ab95806,19000000.0
Mcce277fe,Vaali,1999,2,155,500000,en,Romance,Romance,1,IN,0,,11,7,False,,P9878052e|Pa5d16d19|Pdd39cfaa|P3585a6ad|Pfaa7ff28,P5e2568ee,500000.0
Mdca9f889,Villan,2002,4,155,500000,en,Action,Action|Crime,2,IN,1,Ced08543c,16,7,False,,P9878052e|Pc930b08f|Pc63740e4|Pbb35c2dd|P0602aaf7,P237c553d,500000.0
M5d610a95,Dheena,2001,1,155,500000,ta,Action,Action|Drama|Romance,3,IN,1,C2d622966,10,9,False,K44f3e3ef|Kca0f1cb3|K25177432|K3a810dc5|K44ff0b98|Kbc962cc6,P9878052e|Pb094034d|P428bd016|P113c49ec|P27f9eeb3,P4a57b068,500000.0
M6089097f,Mugavari,2000,1,155,500000,en,Drama,Drama|Romance,2,IN,0,,13,7,False,,P9878052e|Pdd39cfaa|Pdb110c19|P3585a6ad|P6feb9d45,P1a1a6df1,500000.0
Mdab4919c,Kadhal Kottai,1996,3,155,500000,en,Romance,Romance,1,IN,1,C6e3e5b4d,11,4,False,,P9878052e|Pa46a1053|P0292c3ee|Pd90d58c4|Pd4c17b0c,P1f3d4d48,500000.0
M5c080729,Mother's Day,2016,2,120,25000000,en,Comedy,Comedy,1,US,8,Ca7ad251d|C5dc51439|Cfa1e77d4,55,11,False,Kedb0ba53|K3b4120f0,P0151a8e9|P9195777d|P0d5aa382|Pf12075fd|P4002418d,Pccbd9923,48418160.0
Ma8cda406,Snowden,2016,3,135,40000000,en,Drama,Drama|Thriller,2,DE|US,3,Ccb902284|C5b766614|C94e4ccd4,39,67,False,Kab85160e|K4385ab38|K6692eda1|K9accf60b|K74381bbc,P8e89b53a|P339a05e4|P6584178d|P465da483|P4acd4a33,Pc20617a1,37279439.0
Mef106c2e,Ratchet & Clank,2016,2,95,20000000,en,Action,Action|Adventure|Animation|Family,4,CA|HK|US,3,C3357d6dc|Cbd309628|C9df794bc,10,19,False,Kd3ee2033|K876f7e0d|K6b674f5c|K4d0bc3a5|K8992c8bc|K080d905c|Kc9e5c2e6|K4ce171fe,P17b25916|P861b0720|Pf2650539|P468a604c|Pefe166d2,P9eeba441,8821329.0
M9ee2ecd6,Term Life,2016,2,95,16500000,en,Thriller,Thriller|Drama|Crime,3,US,3,C61cd275e|Cfa1e77d4|C99720d63,14,3,False,,Pab5b1006|Pe5898b7e|P07eeab3e|P0fd4f855|P236e26c9,P42dbe794,21256.0
Me0748b5b,The Nice Guys,2016,2,115,50000000,en,Action,Action|Comedy|Crime|Thriller,4,GB|US,6,Cd36ef9f0|C3e7bdc8f|C1374febc,23,23,False,K0f0db118|Kb1aa9b34|K4603cffd|K011bc215|K137adf5c|K1f1ba69c|K35845391|Kda5d0fe2,Pf4bdfa1a|Pfc16b487|Pbd2f2134|Pe41db4b2|P5b287b1d,P2f13af44,62788218.0
M88e58fae,A Hologram for the King,2016,2,95,30000000,en,Comedy,Comedy|Drama,2,MX|FR|DE|GB|US,6,C687fb912|Cd96ffbf9|C0dc701b8,12,64,False,K01c1572d|K3e80572c|Keec6e143|K68ad2759|K6d90a030|K718ea211|K2f639d12,Pd8b30691|Pe25f32ff|Pc251c8ac|P17934d14|Pbab534b5,P482c31a3,4212494.0
M3f5fdc62,Singam,2010,2,155,2200000,ta,Action,Action|Comedy|Crime,3,IN,2,C230a1ab5|Cfc7cd2a7,19,6,True,Keaeb9ca3|K2276b8ae|Kad63ec8c,Pc8d62df2|P579dd194|Pc75ef683|P3a631154|P3585a6ad,P6b699c75,9700000.0
Mefa67677,7Aum Arivu,2011,4,170,16000000,ta,Action,Action|Science Fiction|Thriller,3,IN,1,Cf717e766,10,12,False,Ka820641c|K1308518c|K6d7db2b4|K0e8f4232|K414153a3|K224669d4|Ka6b02234|Kfaa58f07,Pc8d62df2|P7d72477b|P1fbef436|Pb7c5b393|P7396a21d,P4a57b068,98900000.0
M66b5c62e,Flight Crew,2016,2,140,10000000,ru,Drama,Drama|Action,2,RU,4,C9bdfb933|Caae830d1|Cc8a65531,10,4,False,,P061b5903|P79861b19|Pd9b70f33|P0d326dd7|P45a04dbc,Pfba4f3b2,27305571.0
M60e95255,The Shallows,2016,2,85,17000000,en,Horror,Horror|Drama|Thriller,3,US,3,Cf4478484|Cd0fdcb0a|C65e23da1,12,62,False,K3e04d489|Kfbde6d20|K4ab52561|K566c4248|Kee7d3574|K153711d1|K9a5ab2bc|K9b216056,P4fc0ff75|Paf55b940|P1187fb8c|Pe7697e1d|P0fdd4626,Pa2798d77,119100758.0
M6879ece6,Kick,2014,3,145,22000000,hi,Action,Action|Comedy|Romance,3,,0,,13,16,False,K94234568,P13fc16aa|Pd910fa9f|P76eebae5|Pb903d326|P9976c030,P0fc1e7dd,55000000.0
Mda6c6d88,Aitraaz,2004,4,160,3500000,hi,Thriller,Thriller|Drama,2,IN,0,,8,4,False,Ke7a5d80c|K885aea9a|K8a4d0366|K7da32c41|K6cdb963a|K62fab60e,Pb5e3b73a|P336bfdef|Pb2bbef91|P0fa87f96|P40910619,Pcf1d65bf,9250000.0
Me74cb0a5,Paws,1997,3,85,137731,en,Adventure,Adventure|Family|Fantasy,3,AU|GB,0,,10,9,False,Kae66d9bd|Kce582064|K3c6111a4,P349feb94|Pf8aed4a7|P6d279904|P3ce7d2db|Pcc63e1bd,P01a7524e,1778391.0
Mb47717ae,The Handmaiden,2016,2,145,8575000,ko,Thriller,Thriller|Drama|Romance,3,KR,3,C09730d5b|Cf9607165|C58a328bf,8,10,False,Ka7984eec|K8c338b0d|K8f7e11ed|Kf15ae9da|K569d5ac8|K0ab41d9f|K1b38ede2|Ke1e51de5,Pa99d7e3a|Pd3fc5613|P60613b5e|P92d0e12f|Pcb7af447,P899f2d41,1983204.0
M473733f1,Alice Through the Looking Glass,2016,2,115,170000000,en,Family,Family|Fantasy,2,GB|US,5,C72b723b8|C13591aeb|C30a4a967,98,102,True,K1451c5af|Kf39e4d30|K8e2e025f|K19a14feb|K3884e7c5|Kfe7c4c95|K8c637dca|Kb312f8f4,Pd34c4eab|P35231746|Pfd2a74e7|Pe42cb422|P4827d768,Pf47f23d0,299370084.0
M61135364,Sausage Party,2016,3,85,19000000,en,Adventure,Adventure|Animation|Comedy|Fantasy,4,CA|US,6,Cf4478484|C691c06b2|C9445c69b,34,46,False,K79a56504|K35845391|K2fa86d10|K290c0ee2|Kaea398e7|K26b4fe8c|K78a96795|K503f5c06,P32730d58|Pfbcea453|Pe13a0898|Pb89bdd1e|Pdc4fc482,P9c2f7edf,140705322.0
M3eaf5391,Captain Fantastic,2016,3,120,5000000,en,Adventure,Adventure|Comedy|Drama|Romance,4,US,3,Ce9d09d84|Ca56dc34e|C90ec5903,29,66,False,Kc8aa65cd|K492ef37e|K290c0ee2|Ke75e2e3c|Kf5a273b3|K881d8cc6|K2ea21137,P45ae55c7|P82f25cbb|Pf7f912d4|Pdf466281|Pc52e339e,P8d8c9d13,5879736.0
M47036b2f,Toni Erdmann,2016,3,160,3537415,de,Comedy,Comedy|Drama,2,AT|DE,9,C825a8443|C5b2e0aad|Cd6e49a6c,17,22,False,K1fc61028|Ka7984eec|K8aad10a1|K97636139|K39e2dd74|K50b811b6|K35845391|K4a91a535,P4a8b7468|P30a17cbe|P9fa0f2eb|P78dfc879|P2dd55302,P6e718488,1390172.0
Mf784a221,Finding Mr. Right,2013,1,125,4881000,zh,Comedy,Comedy|Romance,2,CN,0,,6,1,False,Kcbf64eb9,P5ced2109|P62ca6849|Pcf68c1ba|Pc953ea95|P94af7eec,Pb964f668,81350000.0
Mf7c3cbcd,Café Society,2016,2,95,30000000,en,Comedy,Comedy|Drama|Romance,3,US,2,Ca28b27e9|Cf7459051,45,18,False,Kde32259e|K67c9210a|K808b4a33|K08b20374|Kb3ab592e|K33437310|Keec6e143|K35fbf0b0,Pd3bf69c1|Pff66170f|P4fc0ff75|P4be68e2c|P56b036c0,P23c41cec,43763247.0
Me2c8e034,Swiss Army Man,2016,2,95,3000000,en,Comedy,Comedy|Drama|Romance|Fantasy|Adventure,5,US,3,C7300e0bc|Cfda49534|Cd6f019ef,11,26,False,Kfbde6d20|Kee7d3574|K86c86c74|K5b99e83e|K443ee7ff|K08687077|Kbb6f350e,P6d085933|Pa9ffe9b7|P5ec4078e|P5b35a06c|Pdc776e3d,P61645440,4210454.0
Mbf53f461,Graduation,2016,2,125,2000000,ro,Drama,Drama,1,RO|FR|BE,2,Cb298c307|C1ff1b296,8,13,False,Ka7984eec|K6ee56909|K77f6b3c9|Kb67ea35c|K69555b1b|K58378910|K2d8b300b|K9a7a2db0,Pf8d6a8c5|P19caeab4|P7ec78c41|P765b9500|P78dfc879,Pa91959d9,343617.0
M7fc5b1e4,Teenage Mutant Ninja Turtles: Out of the Shadows,2016,2,110,135000000,en,Fantasy,Fantasy|Action|Adventure|Comedy,4,CN|US|HK,5,C6146f42e|C507cfe58|C46f771f9,25,14,True,K2b5d957d|K7e935a41|K19a14feb|K923101f0|K87ad53db|K29f84bcc,P040a1202|P0bd8c9bc|Pee9169c5|P94e5548f|P3a88c155,Pdbfb7f1f,245623848.0
M02cbff17,The Darkness,2016,2,90,4000000,en,Horror,Horror|Thriller,2,US,3,Cd7a83b16|Cf0bcd2be|C5cfe0faf,14,46,False,Kf1fb5fdc|Ka3356dfa|K2691884d|Ka620eaba|Ke099800e|Ke366a6ba|Kff9c5036|K70029c60,P2aace9ed|Pa5509ed0|P29b22ee6|Pcceb5924|Pb734e772,P76534637,10898293.0
M9123232b,Boris - Il film,2011,2,110,3347850,it,Comedy,Comedy,1,IT,2,C8279bee4|C8dfcb761,80,35,False,Kba7e4369|K2d7988d6,P03075200|P2dc213d7|P72a36b09|P7d3c4d06|P12e7f1da,Pb571575b,1248748.0
M646c2f15,Ghostbusters,2016,3,115,144000000,en,Action,Action|Fantasy|Comedy,3,US,7,Cf4478484|C1246c604|C7de5d669,75,100,True,Ka5e5d456|Ka8def857|K3855800f|Kd653b7f5,Pc90073ad|Pfbcea453|Pa50dc467|P825942fa|Pebd37a00,P224abeff,229147509.0
M2adee931,Central Intelligence,2016,2,105,50000000,en,Action,Action|Comedy,2,US,4,C6988cd6a|Cd7a83b16|C4de254c9,37,64,False,K33b2d0b2|K4d54a5a1|Ka82694e1|K5b2310b5|Kb0432512|K0d41aef7,P4da7c12b|P037f5849|P12c0d119|P2055b8a2|P5036c75d,P14d608d5,216972543.0
Mfc2d6e6b,Jason Bourne,2016,3,125,120000000,en,Action,Action|Thriller,2,GB|US|CN,5,C68a78e06|C768e1d32|C7928b7fc,208,119,True,K52525103|Kf687e8e6|K62fab60e,P9d23789b|P3d6ce273|Pb23773f6|P11383cde|P24a75c64,Pf667602e,415484914.0
M098b4665,The Legend of Tarzan,2016,2,110,180000000,en,Action,Action|Adventure,2,CA|GB|US,7,C1246c604|C9a28f4be|Cc1d82aa3,34,12,False,Ke2c03db7|Kfec77ccf|K54e38f63|Kb2c2fb55|Kd3de787f,Paa2143a1|P2786c4ac|Pb18736f0|P5eab90f9|Pba7f0b0a,P2fd9b66f,356743061.0
Mdfdbad13,Mike and Dave Need Wedding Dates,2016,3,100,33000000,en,Comedy,Comedy,1,US,3,C6cbfdb5c|Cd5934ffd|Ce5b5fbdb,58,21,False,Kb83ee9ca|K6c87d899|Kc3427921,P2fdadb28|Pbc064aea|P852e3feb|Pf55a640e|P5530e37b,Pa24ed129,77068246.0
M0e680b8a,Lights Out,2016,3,80,4900000,en,Horror,Horror|Thriller,2,US,3,Cff93563c|C5159dac4|C7f8e8a34,15,17,False,Kc8aa65cd|Kd52903b2|Kd964a10b|K6c1909d9|Kea17d03f|Kd653b7f5,P94b6fc55|Pa90449bf|P1569de28|Pd3a4de4e|P0d383c67,Pf0dd2585,148868835.0
M88b4d70c,Pete's Dragon,2016,3,100,65000000,en,Adventure,Adventure|Family|Fantasy,3,US,2,C72b723b8|C783a2a2c,21,70,False,Kfec77ccf|K71bf1fc9|Kf6ced2f1|K4b112d80|K78c4687d|K7eef7ccf,P1f53cfec|P598b2263|P3fb4b40c|P7f9caf38|Pc0b56d95,P211807aa,143695338.0
Me7df23dd,Nerve,2016,3,95,19000000,en,Mystery,Mystery|Adventure|Crime,3,US,3,C78367188|Cf8501011|C77454087,22,42,False,K1451c5af|K9a97b678|K8bb47c73|K14707e21|K8e4844b2|Kc343c0fd|K72f3cb2d|K794badc9,P7fc186fc|Pe2739e3c|Pe1c850bd|P7c718b5d|Pe8e35f2f,P6c3a178c,85241496.0
M2d2f07dd,Sully,2016,3,95,60000000,en,Drama,Drama|History,2,US,6,C27c08183|C3e7bdc8f|Cfaf731e1,41,81,False,K33e09618|Kcc343814|K3a4df44c|K424ad1c8|K877e62a3|K011bc215|K4385ab38|K595f8623,Pd8b30691|Pe85b6a97|P94e5548f|P946c9f78|P5e7a54bf,P6f65c5ac,238470033.0
Mdadd3961,Sultan,2016,3,170,10400000,hi,Drama,Drama|Action,2,IN,1,Cd925d19e,12,6,False,K65302cc3|Kdc87c7d5,P13fc16aa|P3f23498a|P76eebae5|P6cb63a12|Pa0c10835,P5f244920,102000000.0
M74d55ade,Charlie,2015,4,130,1900000,ml,Drama,Drama|Romance,2,IN,1,C76d81752,20,9,False,K82d516f9|K35f4a29b|Kf89033d6|Keec6e143|Kca0f1cb3|Kfcf79c07|K82d965b9|K19b91cc0,P1a2e88b9|P6bf781bd|Pc09781ef|P3c209081|P0e9ef409,Pfb55e631,5900000.0
M574b5a05,Kismat Konnection,2008,3,155,4180000,hi,Drama,Drama|Comedy|Romance|Foreign,4,IN,1,C956f05aa,11,1,False,,P9d833993|Pfcad4c47|P49ff433d|P7ff51e5d|Pf921ff83,Pe6d6b09f,11000000.0
M2f7b14d8,The Infiltrator,2016,3,125,25000000,en,Crime,Crime|Drama|Thriller,3,GB,1,C455ca634,21,48,False,Kb7b43807|K4385ab38|Kd9198f5a|K80de1d62,P52f75b5b|P8a81e10e|Pcd89be8e|Pa659895e|Pf4ed54bb,P8f87ea75,15436808.0
M6fcf6fc4,War Dogs,2016,3,115,40000000,en,Comedy,Comedy|Crime|Drama,3,KH|US,4,Cb7b08cd7|C3b34731f|C3e7bdc8f,112,70,False,K9df93747|K97636139|Ka635b1fc|K3802909b|K6f601db4|Kef3e9596|Kd9198f5a|Ke45afb86,Pddf782b8|Pe13a0898|P387d9e9e|Pc34a6901|P81a0406b,P4f384f09,86234523.0
Mc707e562,To Steal from a Thief,2016,1,95,6700000,es,Crime,Crime|Thriller,2,AR|FR|ES,6,C03bf9635|C83452803|Ca594f55c,12,5,False,K45d12a23|K8beac702|Kf86da704|K3b1251b4|K14268449,Pbd91674b|P3c5ee271|P26402723|Pf1ad0733|Pa145f83a,P4a571bd8,12118661.0
Md6d47892,Batman: The Killing Joke,2016,3,70,3500000,en,Action,Action|Animation|Crime|Drama,4,US,2,C9e2f18ea|C6b31c114,10,14,False,K38b4fde2|K8997685b|Ka05e8854|Kb3efdc6e|K04f1877b|K923101f0|K7d64f03d|K5fcea8d1,P1b3fa38d|Pc588bb5f|Pbcc6bfcd|P7495daac|P3a7bd582,Pa3c1bd3a,3775000.0
Me288babf,Bad Moms,2016,3,100,20000000,en,Comedy,Comedy,1,US,3,C242432d9|Cbe1dfddb|C69c8ca3a,33,4,False,K30ba46ef|K9be97905|K35845391|K33dc8956|K9a7a2db0|Kd4c48519|Kb5ef997e,Pe08ce533|Paeb3f5cd|Pa6bce221|Pb0acacc8|P94cdbb6d,P48159fe3,183936074.0
M18c343f6,47 Meters Down,2017,2,90,5500000,en,Drama,Drama|Thriller|Horror|Adventure,4,GB,4,C07f90652|C527cc123|Cfb04b587,8,32,False,K32c7600d|K8f8f63a3|K6af381ce|K3d848539|K9a5ab2bc|K5f536691,P8d805496|P2ee78517|P7926dc4b|P0605287a|P7eceae66,Pd06fcd79,44235023.0
M4b6184f4,Hillary's America: The Secret History of the Democratic Party,2016,3,105,5000000,en,History,History|Documentary,2,,0,,3,3,False,Kfb2845a0|K48fdaf54|K717012d6|K58cd70ff|K987ea524|K9062e4c9|K5982ea77|K1c11d3ab,Paee63302|Pb60c7a0f|P2087e3b3,Paee63302,13000000.0
M2049a276,Robinson Crusoe,2016,1,90,13500000,de,Adventure,Adventure|Animation|Comedy|Family,4,BE|FR,4,C668b01c5|C937a429d|C16a4becb,10,14,False,K9cb98d13|K566c4248|K84319ccb|K612c5674|Kb3effe9e|K6e9bdb3a|K22fa9cf3|K441eabcf,Pd9a2d08e|P2e04bbaa|Pbed68463|P0b924ed7|P38fe6408,P6b8ac63b,3342697.0
M4be06fa6,The Edge of Seventeen,2016,4,105,9000000,en,Comedy,Comedy|Drama,2,US,2,Ca07ba3db|C242432d9,23,28,False,K5011ba81|K25a3086d|K0a8098b2|K3376b6ba|K6878063f|K9d4a30d0|Kc9e5c2e6|K8b7fdd4c,Pab5b1006|P1bc75c17|Ped954a09|P96737513|Pbf4fdc8f,P0a6a6fd1,18803648.0
M8ae1ffaf,Elle,2016,2,130,9804690,fr,Drama,Drama|Thriller,2,BE|FR|DE,12,C12d40757|C07369155|Cc94eefdc,38,78,False,Kc56ceab0|K3ea5ce14|Ka7984eec|K5c0670e8|K60686471|Kb67ea35c|K23d83364|Kd40899dc,P603908f8|P18f250a2|P25a16a84|Pc70c840e|P4651bb03,P41054a7e,2341534.0
M86b7233c,Grandmaster,2012,2,130,120000,ml,Mystery,Mystery|Thriller,2,IN,1,C5c1e119f,17,5,False,K011bc215|K3affd9f7|K7f822525|K6d90a030|K49066ce6|Kedc55cc4|K6153a13c|Kda33255a,P00b5fdfb|Pb7a1765e|P10175455|Pd9c45c98|Pd35fec35,P7d7b3303,130000.0
M879088c9,Train to Busan,2016,3,120,8820000,ko,Action,Action|Horror|Thriller,3,KR,1,C6b875f0c,15,4,False,Kee7d3574|K3f1b97d7|K8dfac82b|K4a10d49a|K95c36f74|K341e99b6,P388611d3|P3e5d9c1b|P7fcf1d51|P4a8f731a|P1549f20d,P987035c9,2129768.0
Ma6776970,Friend Request,2016,1,90,9900000,en,Horror,Horror|Thriller,2,DE|ZA,3,C8c276da5|Ca40b7b58|C7a353f38,14,42,False,K94571983|K8bb47c73|K99203129|K8d2fdc6e|K2d8d089b|K0ac1cfed|K2317ba92|K4dd96fd3,P706cb1e8|Pefe2b89e|Pf7d30e91|P24d8abab|Pe69cf611,Pf447b356,2400000.0
Mb87f013e,Skiptrace,2016,3,105,32000000,en,Action,Action|Comedy,2,CN|HK|US,6,C9269732a|C37a29948|C4043b4db,13,33,False,Kb1aa9b34|K6d7b9f81|Kb44e8055|Kf78e52f0|K956eb9ef|K6fdd0b1b,P789f5166|P38b61b35|Pa1236399|Pbde59fc3|P88b5382e,Pc9ab0a9c,58500000.0
M82f99ed0,Moonlight,2016,4,110,4000000,en,Drama,Drama,1,US,4,C3762b402|Cd2179c4a|C7300e0bc,21,89,False,K0c50837f|Kcca842bb|K841cd429|K7a3e26a4|K65612631|Kc0bb51b1|Kcf15988c|K25a3086d,Pa1482918|P0eba053f|P58270b08|P1075a2af|Pdc232ca9,P2fdf21ca,65046687.0
M1c9c0460,Big Fish & Begonia,2016,3,100,4531653,zh,Romance,Romance|Animation|Adventure|Fantasy,4,CN,1,C294d7628,11,6,False,K5ebde1b5,P1dbf279a|P0e145c61|Pa622ca6f|P4e90fdd9|P76266b39,P3d3d2a79,84552250.0
M2a08fccc,Masterminds,2016,3,95,25000000,en,Action,Action|Comedy|Crime,3,US|PR,4,C5b129385|Cdae08cab|C33876bae,79,47,False,Kd06882ca|K57663f99|K3b418915|K11ba2c1f|Ked15783f|K3b6e64c6,P27550147|P66e0e26d|Pfbcea453|Pa50dc467|P825942fa,P0e42ba5b,29200000.0
M35cd237e,Pelli Choopulu,2016,3,125,200000,te,Romance,Romance|Comedy,2,IN,2,Cca00b140|C170824d1,8,6,False,Kcb4d17ec|K33437310|Keec6e143|K9e1a6b25,P83f319c9|P43a0d1eb|P4783930a|Pb2911938|P2003f6b9,P3f16c104,5500000.0
Me68281b0,Kubo and the Two Strings,2016,3,100,60000000,en,Animation,Animation|Adventure|Family,3,US,1,Cd5b282b9,20,32,False,K8f34cc69|K79547cd1|K0a66eca0|K6da348a1,Pef533d09|Pa9346d2f|P5a00ccb9|P9d278739|P77e8a1ca,P478936fc,69929545.0
M432d1423,Bridget Jones's Baby,2016,3,125,35000000,en,Comedy,Comedy,1,FR|IE|GB|US,5,Cd7a83b16|C668b01c5|C0110c455,18,5,True,Kde32259e|K808b4a33|K19a14feb|K07b14717|K9bbe71ef|K2d9a35b6|Ka4b17101|K2c5b2ac4,P79cd1763|P292df613|Pd1604614|Pecc8fbbe|P43cac260,Pc49f86b3,211952420.0
M06d7a01d,The Light Between Oceans,2016,3,135,20000000,en,Drama,Drama,1,NZ,2,Cfa01eb95|C6c10da85,17,119,False,K9ddcd462,P387e3056|P3d6ce273|P614f6326|Pda042e37|P8c6bcccc,P71f0e9fe,25956113.0
M34f2bcea,Queen of Katwe,2016,3,125,15000000,en,Drama,Drama,1,US|ZA,3,C72b723b8|Cf5b045d2|Cb3bf3f96,10,3,False,Kdc87c7d5|Kcbf64eb9,P20d3a498|P7eeac4fd|P0a95112f|P78928ae2|P8e5adb35,Pa1451aed,10367161.0
M1ea4c026,Deepwater Horizon,2016,3,105,110000000,en,Drama,Drama|Action,2,HK|US,6,Cac465b03|Cceb4e3c9|Cf4d6a468,18,63,False,Kfaea2c22|Kaa9e3589|K595f8623|Kb8281719|Ke85f007d|K20be92c5|K2ff0bc68|K102f7f06,P40d10530|P6265995c|Pefca9620|P4af6d579|P18efa5b8,Pb1ff26d6,121790373.0
M50260793,Miss Peregrine's Home for Peculiar Children,2016,3,125,110000000,en,Drama,Drama|Fantasy|Adventure,3,BE|GB|US,8,Ccb5de721|C6cbfdb5c|Cd5934ffd,51,86,False,K804bfd5b|K4b112d80|Kbdcbb1cd,P25926a42|Pce813eae|P5eab90f9|Pf0ddf122|P5b1db732,P9059d147,296485719.0
M56d1a49f,The Girl on the Train,2016,4,110,45000000,en,Crime,Crime|Drama|Mystery|Romance|Thriller,5,US,4,C70bb0a40|C912e4a96|C5352c0d0,46,6,False,K1451c5af|Kb8d59c8d|K1f1ba69c|K86ea730e|K4a10d49a|Kbe895575|Kaf98f72e|Keaeb9ca3,P87e54ca1|Pcf15bdf7|P2df0e450|P55160022|P7458127d,Pde4e7802,173185859.0
M946af0a9,Middle School: The Worst Years of My Life,2016,4,90,8500000,en,Family,Family|Comedy,2,US,3,C78367188|Cdd8eadf1|Cf4d6a468,18,11,False,Ka742ede8|K31b25f7e,P81832247|P13c6bc31|P92423b84|P8fbde43c|P074830bf,Pb1e37bed,19985196.0
M7010d79e,The Accountant,2016,4,130,44000000,en,Crime,Crime|Thriller|Drama,3,US,4,C20cad748|C3e7bdc8f|Ce9d09d84,13,66,False,K2691884d|K956eb9ef|K0d41aef7,Pcde62a4b|P852e3feb|P8b74a486|Pb7c83a72|P5072be9b,Pb433db78,155160045.0
M4c6513a5,God's Not Dead 2,2016,2,120,5000000,en,Drama,Drama,1,US,1,Caaacdb9c,10,9,True,K5ceaca2a,P7b0f6206|Pd2f0cb16|P923e7efe|Pa11cf5f8|P7495daac,Pff5ef379,23507567.0
Ma3945eaa,Kabali,2016,3,150,18700000,ta,Action,Action|Crime|Drama,3,MY|IN,1,C7753764d,22,17,False,K320b23ee|Kffea6c58|Ka2390abe|K25177432|Kf54b2db7,Pea60dbf5|P91147e24|Ped596e6e|P2fa9773e|P818e4a74,Pe41ff06e,74000000.0
M7e17da81,Mohenjo Daro,2016,3,155,15050000,hi,Adventure,Adventure|Drama|History|Romance,4,IN,2,C5c1e119f|C4a0112fc,12,16,False,K885aea9a,Pb68e1df3|P5144cc59|P12ebb0a5|P7e9a7172|P8187be17,Pb033a166,16180000.0
M8e78ebfb,A Quiet Passion,2016,4,125,8138338,en,Drama,Drama,1,BE|US|GB,3,C35777665|Cd4ad08d1|C435455d8,25,8,False,K4385ab38,Pa57ab65c|P8d765fd4|P6cb36b8b|P90fcc0fb|P3087bf76,P3cc232d4,1864266.0
M610d4833,Local Color,2006,3,105,3250000,en,Drama,Drama,1,US,4,C654154ef|C77bdec49|C034a3c55,9,14,False,Kd3103f62,P48fb4300|P31b12a54|Pb3dd3313|P30993d11|P98b88764,P335648e9,32788.0
Mc66cb97b,I'm Staying,2007,2,110,1000000,ru,Comedy,Comedy|Drama|Fantasy,3,RU,2,Cd0c9203c|C4056acc0,12,3,False,Kcbf64eb9,P5d43b422|P2ad38a91|P759470f0|P5657bf99|Pd604de7e,P6e12c3cb,404785.0
M6ca1dfd8,Shin Godzilla,2016,3,120,15000000,ja,Action,Action|Adventure|Drama|Horror|Science Fiction,5,JP,2,Cedf12380|Cf1384391,49,27,False,K038c8dca|K308ad31d|Kddaadb9a|K7bfafa5f|K7c52cfa4|K4d3122a4,Pafb8f619|Pd05a9b4a|Pd4cbea60|P0b771a70|P581341a0,P3aa0dc38,77000000.0
M7160e998,Aquarius,2016,3,140,762241,pt,Drama,Drama,1,BR|FR,3,Ca7caf2fa|Cb6a3d45e|C51686de0,28,24,False,K078ba165,P3e11855e|P51e44632|Pcddb07cd|Pe6c96a9f|Pa03c5b7a,P72e5b5e2,285930.0
M44c075b8,The Work and the Glory,2004,4,110,7500000,en,Drama,Drama|Romance,2,,0,,7,1,True,,Pbb50c3c9|P20cb8f7d|P14f6d71a|P45b9dfb3|P3ce47515,P5096962a,3347647.0
M3f9e4e1e,The Work and the Glory II: American Zion,2005,4,100,6500000,en,Drama,Drama,1,US,0,,8,1,True,,Pbb50c3c9|P20cb8f7d|P14f6d71a|P45b9dfb3|P8ac480b4,P0b31487d,2025032.0
M7b26f56b,The Work and the Glory III: A House Divided,2006,4,90,6500000,en,Drama,Drama,1,US,0,,9,1,True,,Pbb50c3c9|P20cb8f7d|P14f6d71a|P45b9dfb3|P8ac480b4,P0b31487d,1325092.0
Mf1193aca,Hacksaw Ridge,2016,4,140,40000000,en,Drama,Drama|History|War,3,AU|US,6,C8bbc0a3e|Cbe72f625|Cc0ac85c6,51,116,False,K94d1fa6a|K230a811e|Ka39c9365|Kb46234d4|K7db97ba9|K4385ab38|K65cf7a95|Kb81d8abb,P3113812d|P2707d5f8|Pe5898b7e|Paeadf05c|P94b6fc55,P46240969,175302354.0
M9bcde511,Billy Lynn's Long Halftime Walk,2016,4,115,40000000,en,Drama,Drama|War,2,CN|GB|US,7,C6dfc8237|C912e4a96|C9b0e4985,159,16,False,Kfaea2c22|K1451c5af|K3380d21e|K51e02761|K218aa488,P7aa08a7c|Pff66170f|Pcfb2c9bb|P730529f8|Pb2d28ee6,Pfcd8ba40,30930984.0
Mb8fa25c4,Blair Witch,2016,3,90,5000000,en,Thriller,Thriller|Horror,2,CA|US,5,C336c2b47|C78367188|Cfeb50f4c,6,68,True,Kbf16afac|Kd515c294|Ke717e0fd|K21b70957|K0afc75b9|K99312e6b|Kb6c4f8b0|K9b10ff96,P8f6315c8|Pdf2674aa|Pfda2adfb|P1990034c|P943ba5d6,P597262d5,45172994.0
Mefa842e8,Loving,2016,4,125,9000000,en,Drama,Drama|Romance,2,GB|US,2,C6d313e93|C5d6ac757,66,24,False,K4385ab38|K33437310|Kd2e5bc2f|K67b30458|K378ba70d|K934448d1|K2f05f073|K223de28c,P098619b4|P5d7dc4ae|P23297f44|P11984748|P58f4559e,P003d3506,8996802.0
M45c3d78b,31,2016,3,100,1500000,en,Horror,Horror|Thriller,2,GB|US,5,Cd556fedb|Cf81af0c6|Cbdc0b5be,31,80,False,Ka7223527|K8997685b|K249e52d7|Kee7d3574|K4a3d8658|Kf2b60381|K72f3cb2d|K50722e44,P08ca3f94|P3862977f|P6ffb425f|P1fc1ae8e|P7317539a,Pcbacae17,779820.0
Ma565cfd1,From the Land of the Moon,2016,4,120,10300000,fr,Drama,Drama|Romance,2,CA|FR|BE,2,C1f08d061|C479653b2,27,19,False,K1451c5af|K6e11d73b|K2e20d5a6|Kcbf64eb9,Pea601c7b|P993995f7|Padf2cf4d|Pa266fa4c|Pa0e83d30,P05bd44cb,47748.0
M8d7895d0,A Monster Calls,2016,4,110,43000000,en,Drama,Drama|Fantasy,2,ES|US,4,C261bbdea|Cf4d6a468|C3e8bde00,14,29,False,K1451c5af|K038c8dca|Kf8baada2|Keff3a247|K4f7fe086|Ke30f40a7|K0afc75b9|K45012032,Pc7ed9bb1|Pab61d2a5|P36ae5580|P7a26d1cc|P1b4a1135,P00112f9d,46652768.0
Me2113506,Arrival,2016,4,115,47000000,en,Thriller,Thriller|Drama|Science Fiction|Mystery,4,US,4,C6146f42e|C2d76984f|C24ed6cdb,72,161,False,K16dd7ad0|Ke643c0e0|K95c5f181|Ke578b0ae|K4d0bc3a5|K6e11d73b|Kdbe6d9ae|K9a7a2db0,P2b24b1d6|P1180ab67|P52cbfc7b|Pfd3d25dc|Pad443ded,Pf0890882,203388186.0
Mff02f11d,Storks,2016,3,85,70000000,en,Adventure,Adventure|Animation|Comedy|Family,4,US,4,C6b31c114|C3e7bdc8f|C34b8a2f6,15,12,False,K808b4a33|Kd9aeb6bf|Kb312f8f4,Peea9996a|Pe0cf0858|Pc6c0443f|P9d986198|P11601633,P83d2d5f3,182379278.0
M8a3c0ff2,Railroad Tigers,2016,4,125,50000000,zh,Action,Action|Comedy|War,3,CN,7,C3ca4c209|C8be482c1|Cf5f6f3aa,8,26,False,K2f674d5e|Kcc150bfb|Kc4846b93|K4ec70389|Kf911cc01|K56231bc1|Kb575fe89,P789f5166|Pe49def85|Pc3e3660d|P0aeeac7c|P2dc1678e,P9fd72b75,102205175.0
Mcb010fa9,My Life as a Zucchini,2016,4,65,8000000,fr,Animation,Animation|Drama|Family,3,CH|FR,3,C9d6acb86|C668fec1b|C4a31884b,15,15,False,Kb517b1a9|K5852d5b1|K4b112d80|K49066ce6|Kd9a34eb2|K6de58ed8,P3895a79c|P3c8491f0|Pd143329a|Pd1887228|P5989395a,P64e883a0,292279.0
M6806642a,The Duelist,2016,3,110,12823507,ru,Action,Action|Drama,2,RU,1,C1ee04b58,8,5,False,,Pb3e46c8e|P79861b19|P54ddc03b|P4fb3f7af|P6d66c5fd,P8418594d,6101904.0
Mc76b8cb8,La La Land,2016,4,130,30000000,en,Comedy,Comedy|Drama|Music|Romance,4,US,5,Cceb4e3c9|C912e4a96|C51454766,121,178,False,Kc42414c8|Kb730b002|K139c17cb|K965d2159|K325c207c|Keb5e7681|K388dfbfc|K93d14948,Pfc16b487|P9a467338|P1c978e71|P7943bc19|P8b74a486,P54dab560,445435700.0
Mc23470aa,Allied,2016,4,125,85000000,en,Action,Action|Drama|War|Romance|Thriller,5,GB|US,4,C6146f42e|C0899a5fc|C8f59c42c,71,74,False,K33b2d0b2|K230a811e|K75a8b02f|Ke4105161|Keec6e143|K17571185|K4ec70389|Kc96746d0,Pc5fe07a1|Pea601c7b|Pd55cb47f|P49f77bd8|P710cb5c5,P32776b6f,119520023.0
M0e0c8595,Inferno,2016,4,120,75000000,en,Thriller,Thriller,1,HU|US,5,Cf4478484|Cd927b580|Ccadd9ad1,17,29,True,Keae2ee2b|K1451c5af|K5ec58f64|Kf687e8e6|K2cf201da|K19a14feb|K35fbf0b0|K0bdfaae8,Pd8b30691|P36ae5580|Pc4cc9811|P219eba99|Pc251c8ac,Pc68f979a,220021259.0
Mb6be5739,Keeping Up with the Joneses,2016,4,105,40000000,en,Action,Action|Comedy,2,US,2,C7f89a29f|Cf0e478f8,61,21,False,Kdc464b50,P27550147|P0bae546f|P33bb4cb4|P3276bcf6|P711d5bf8,P4133a29b,29918745.0
Mccb8da20,Ouija: Origin of Evil,2016,4,100,9000000,en,Horror,Horror|Thriller,2,US,5,Cd7a83b16|C46f771f9|Cbee66776,15,3,True,K5ebde1b5|Kd0483d39|K31d67b3d|Kb3543543|Kfdce3c5a|Kd653b7f5|Kfcbf608c|Ka08a09e6,Pbf34e0ad|Pdf466281|P7242a0fb|Pcd0db3b0|Pb734e772,Pe594929e,81705746.0
M201f3818,Trolls,2016,4,90,125000000,en,Adventure,Adventure|Animation|Family,3,US,2,C6cbfdb5c|C586f6404,32,10,False,K1b7a179f|K542ffc57,P852e3feb|Pc84c3d9a|P5616da73|Pffd0937d|P608c4074,Pffeced8b,346864462.0
M3e11f627,Max Steel,2016,4,90,10000000,en,Action,Action|Adventure|Science Fiction,3,GB|US,3,Ccb5de721|C917dc80e|C8e535524,7,3,False,K04f1877b,P10ffc850|P2341c0a4|Pb91fd55e|P45c72dd5|Pa90449bf,P68a0b77f,6272403.0
M1840b2db,Manchester by the Sea,2016,4,135,9000000,en,Drama,Drama,1,US,7,C47f08b81|C44c3c82e|C7928b7fc,44,62,False,K4c442588|K9c580a0a|K2b27837b|K8ededc31|K95c5f181|Kb76fa970|K8d86fd42|Ka69f7dd5,Pddf47d8c|Pcadac074|P0026d4d8|P175e91a0|Pa4bd7b01,P24b8fe27,75026965.0
M2d2f3d32,Lion,2016,4,120,12000000,en,Drama,Drama,1,AU|GB|US,5,Cd8418e70|Cfa70675d|Cf3a86b29,25,60,False,K1451c5af|K8867be76|K1624771e|K241b3a3b|K595f8623|Kcbcfea8c|K8362991c|Kbd306ddf,P888ba9cf|P1c4e2561|P5a00ccb9|P210792a8|P8bb333ae,Pb6b48bd2,140302754.0
M62692fb8,Bad Santa 2,2016,4,85,26000000,en,Comedy,Comedy|Crime|Drama,3,US,3,Ccb5de721|C583d1975|Cb48e5b8f,10,5,True,Kedb0ba53|K82d85bd6|Kcf3c4678|Kc720e141|Kdcd12872|K0b56af84|K0b70227d|K3b19027a,P08e0c086|Pe76df162|P1d91e786|P2f63adbd|P6ec99a80,P9f90bd02,17782178.0
M213da02c,Almost Christmas,2016,4,110,17000000,en,Comedy,Comedy|Drama,2,US,2,Cd7a83b16|Cdae3edac,21,2,False,K09d50f70|K9a7a2db0|Kedc55cc4|K399ba99f,Pcd6b9a13|P76dbfd9b|P6f155c36|Pbc846e8b|P1a451eeb,Peedc62f2,42487325.0
M58c304aa,Collateral Beauty,2016,4,95,36000000,en,Drama,Drama|Romance,2,US,6,C6988cd6a|C1246c604|Cfb1e6ae8,41,10,False,Kc845254e|K95c5f181|Kb76fa970|Kedc55cc4|Kea7cc4a6|K17538926|Kfdaeac11,Pf5e36785|Pf6c5b6fd|P5516a531|Pb3e20a3a|P2076b2ad,P88dc0e61,87416021.0
M49fafc4e,Alesha Popovich and Tugarin the Dragon,2004,4,70,4000000,ru,Animation,Animation|Comedy|Drama,3,RU,1,Cea5bb29e,11,1,True,K446ef088|K9ff6cdc6|Kd63352e0|K56e50db3|K965d2159|K3dd74178|Kfd335d37|K7a78a471,Pe432b4d0|P4c235351|Pf6e23ace|Pbcd02c7c|P1d0e680f,P6baf99ae,1730000.0
M5375e51d,Nikitich and The Dragon,2006,1,65,4500000,ru,Adventure,Adventure|Animation|Comedy|Drama|Fantasy,5,RU,1,Ceb239fa3,3,3,True,Kfa895068|K84348ea3|Kcb4f81cd|Kf6ced2f1,P5c50f639|P4f67c58d|P92b91245,P8ca081ea,3468423.0
M44dd4c24,A United Kingdom,2016,4,110,14000000,en,Drama,Drama|History,2,GB,1,C364a6cb1,36,11,False,Ke2c03db7|K1451c5af|K4385ab38|K33437310|K4d2b58d3|K595f8623|K378ba70d|K6e305e52,P7eeac4fd|P34b1521d|Pdcf7d7b4|P7ea01475|Pd4747f5a,Pcb97f201,13819139.0
M255fe258,Shut In,2016,4,90,10000000,en,Drama,Drama|Thriller,2,CA|FR,5,Cc94eefdc|C0b057e79|C04b9ffb7,11,49,False,Ka7984eec|K12864c24|K03b817d9|K7cf176e8|K0caca0d5|K60686471|Ke30f40a7|K35fbf0b0,P8ea19000|Pefdc98ca|P806fc80e|P2f345417|Pfa415c26,P38fc9ac7,13082071.0
M13b4eb1f,Moana,2016,4,105,150000000,en,Adventure,Adventure|Animation|Family,3,US,2,C72b723b8|C7ce0905f,12,50,False,K709db681|Kf47ae652|Kfbd674bb|K566c4248|K965d2159|K346367d7|Kf1b1594d|Kfdbd396d,Pb296d96a|P4da7c12b|Pcbcdbf8b|Pdb3d4afe|P5e1e37a1,Pd08b7f82,643034466.0
M1b248bc8,Jackie,2016,4,100,9000000,en,Drama,Drama,1,CL|FR|US,9,C9ea1bb4a|Cb298c307|C8b326944,77,97,False,Kb722db6a|K2b746c3e|K56c900d4|K4fd61cd8|K4385ab38|Kba9fdaed|Kc6e19df4|K0fa304e1,P158ca9d1|Pc3ac31e9|Pec9dd256|Pcef472a3|P9a074087,Paf634149,13960394.0
M455cc161,The Space Between Us,2017,1,120,30000000,en,Romance,Romance|Adventure|Science Fiction|Drama,4,US,3,C46aabcb1|C242432d9|Ce7954b15,70,81,False,Kdd65c3f2|Kb6d57d75|K3e02671b|K8e4844b2|Kdbe6d9ae|K304aa4fc|Kaa64d9a2|Kb1f3ef30,Pce813eae|Pfe09a073|P20f57bc9|P7cd2aa9a|P89aa61f8,P1fe13db1,14793385.0
Mc5209d37,Rogue One: A Star Wars Story,2016,4,135,200000000,en,Action,Action|Adventure|Science Fiction,3,US,5,C3ea53bb0|C72b723b8|Cf8501011,98,81,True,Kcbf4eaa8|Kbf6599d1|Ka96b9d40|K65cf7a95|Kd0483d39|K6b674f5c|K846673e8|K4d0bc3a5,P36ae5580|P906305c0|P491039bd|P00eb740c|Pa208cfd9,P2627fee3,1056057273.0
Mfe9ff96c,Live by Night,2016,4,130,108000000,en,Crime,Crime|Drama,2,US,3,C40e6fa99|C3e7bdc8f|C7928b7fc,29,23,False,K1451c5af|K71a7414b|K841cd429|Keec6e143|K9a16fa02|K3efe6bd6|K717012d6|K731d4c1b,Pcde62a4b|P058ac46a|P72092b5c|P0d14952b|Pbf1ee1ef,Pcde62a4b,22678555.0
M82be7929,Split,2016,4,115,9000000,en,Horror,Horror|Thriller,2,US,3,Cd7a83b16|Cf0bcd2be|Cb3e71746,46,82,False,K24e26ceb|K9136e8a9|K6a3cb94b|Kbc3b124f|K9d4a30d0|K68ad2759|K3c6f9488|K729957f8,P443289f8|P81684503|P89a58641|P1bc75c17|P49e5ac53,P0e4432bf,276921998.0
M68e11f99,Underworld: Blood Wars,2016,4,90,35000000,en,Action,Action|Fantasy|Horror,3,US,3,Cc032927b|Ceba6d050|C1934b886,42,87,True,K1308518c|K37f20444|Kffb9e482|Kc52f1d5b|K65cf7a95|K19a14feb|K3efe6bd6|K89a13bfa,P1210b4c7|P98c90683|Pa1509c17|Pa18d711c|P942ea986,Pe6f05baa,81093313.0
M7b34eda1,Miss Sloane,2016,4,130,13000000,en,Drama,Drama|Thriller,2,FR|US,7,C12d40757|Cc94eefdc|C24ed6cdb,25,49,False,K01c1572d|K1d42b6b9|Ke34d4838|K7630e0ad|Ka4d4ba26|Kaecfa3e6,P5116e460|P2598469d|P43d8d70f|Pfd3d25dc|P0c752a18,P00aa814f,3500605.0
M1198141f,Rules Don't Apply,2016,4,125,25000000,en,Comedy,Comedy|Drama|Romance,3,US,10,C62d6d2d6|Cfc1e76ab|Ce78e2af4,30,58,False,Ke5506b25|Kba73167d|K4fe2250a|Kb8388558|K95c8019a|K65301ae0,P7f7977c4|Peb51c4ea|P21e9c370|Pad1aac9d|P40d1f4fd,P7f7977c4,3885342.0
M886918f5,Voracious,2012,3,105,11178,en,Comedy,Comedy|Drama,2,PH,3,C028ad077|Cb2ef0a5e|Ca4b4b11c,9,6,False,K547dba34|K1dd7c969,P9597615d|Paf177eb3|Pbe87f77e|P026de0e2|P430f3655,P71fec441,34659.0
Mc314f549,Aanandam,2016,4,135,450000,ml,Adventure,Adventure|Comedy|Romance,3,IN,2,C8e717b2f|C77fc3eba,13,6,False,K30ba46ef|Kfd546110|K2cf201da|K94571983|K5011ba81|K35845391|Kc7759f81|K9ca680bd,P45e6e315|P87b34564|P70239d7d|P0635d7d0|Pd2f26d18,P04f5bebb,2300000.0
Mc90e8c05,Action Hero Biju,2016,1,145,300000,ml,Action,Action|Comedy|Crime,3,IN,2,C5751ed9c|C39b5d733,31,7,False,K293e5fac|Ke13d43a2|K0d25991c|K197c1f2e|K76739a3a|Kda33255a|K8eef21e1,Paabf2391|P0fb2237a|P3bf9c824|Pf6fabef5|P81857d56,P6aa6c270,2500000.0
Mee1531bc,Passengers,2016,4,115,110000000,en,Adventure,Adventure|Drama|Romance|Science Fiction,4,US,7,Cf4478484|C1246c604|C7f4b55db,40,79,False,K1fc61028|K267cc427|K8be3e267|K03b817d9|K2829a3c5|K60686471|Kc903f206|K6b8ab1c8,Pc35136a7|P0f1e1a63|P66319b2e|P05d35fbc|P45c72dd5,P248401be,303144152.0
M121e0d9a,Hidden Figures,2016,4,125,25000000,en,Drama,Drama,1,US,3,C7f89a29f|Cd5934ffd|Cdc56212f,60,80,False,K2c4719da|Ka33447c1|K4385ab38|K3abcdc52|K56b37770|K16d14ec6|Kdbe6d9ae|K46762028,Pc94a193b|P457fc341|Pdc232ca9|P02f4f983|Pfe6d4c3d,P886df3ee,230698791.0
M04ec2900,Fences,2016,4,140,24000000,en,Drama,Drama,1,US,4,C6146f42e|Cda813610|C6002c4a5,11,51,False,K3affd9f7|Keb141b00|K16d14ec6|Kf5992d2d|K2e5b6e7d|Kb5267b6e|Ka67a938c,Pbbc37df2|Pe7fd819d|P5b88f1d3|P4c0cf611|P8219cd42,Pbbc37df2,64414761.0
Mc4b95e31,Bleed for This,2016,4,115,6000000,en,Drama,Drama,1,US,4,C6adb5498|C3c44c991|C5a3d363e,28,23,False,Kcc576f2d|K53c130d2|K6aad9d9d|K4385ab38|K04868029|Kdc87c7d5|Kde84f630|Kc3815cc3,Pddf782b8|Pe85b6a97|P4c78ccaa|Paa96a2ea|P56c03652,Pc8804386,6174491.0
Ma8f9b60b,Tri bogatyrya i Shamakhanskaya tsaritsa,2010,4,75,3000000,ru,Animation,Animation|Family|Comedy|Adventure,4,RU,0,,5,2,True,,P92b91245|Pbd2eb80d|Pe432b4d0|P4c235351|P8dbf47e6,Pec6a2ec2,19010585.0
Med3be70d,20th Century Women,2016,4,120,7000000,en,Drama,Drama,1,US,3,C8e445836|Cfdaa4bf9|C2acd2519,22,50,False,K4603cffd|K995ae21a|K791ce7d1|K7ab71e36|K2acb6872|K5c1c497d|K4a52a104|K13af1df6,Peb51c4ea|P058ac46a|Pec9dd256|Pde371191|Pcef472a3,P13a71274,5816211.0
M0f5bb5d9,The Great Wall,2016,4,105,150000000,en,Action,Action|Adventure|Fantasy,3,AU|CA|CN|HK|US,7,Cd7a83b16|C8e42f8bf|Ceddfe7b0,18,99,False,K2f674d5e|K038c8dca|K64866fdd|K1844dd3b|K20be92c5|K54cbc9dd|Kea519505|Kc7090c96,P9d23789b|Pb638431a|P9a2edffb|Pe49def85|P735c23d2,P7e7a1042,331957105.0
Me5b92c76,The Founder,2016,4,115,25000000,en,Drama,Drama|History,2,US,5,Ccc2f1425|C24ed6cdb|C732ba2cc,17,55,False,Kc52f1d5b|K4385ab38|K0e99cb73|Kdd56128c|Kbdbe2ca6|Kb5267b6e|K9fb207fc,Pf10575be|Pf70b9f82|P48e87e08|Pa6cbe985|Pf3405eca,Pcdf66a5f,23964782.0
M0769c36d,Why Him?,2016,4,110,38000000,en,Comedy,Comedy,1,US,4,C6cbfdb5c|C2d76984f|C9e48d798,57,34,False,K137adf5c|Ka2390abe|K46f36449|Kbb57f3e8,P52f75b5b|P58bca367|P530f1b65|P6ef92a6d|P81832247,Pa00923fc,118034273.0
M6fe5794f,Dear Zindagi,2016,4,150,4300000,hi,Drama,Drama|Romance,2,IN,3,Ce9f4ac39|C8861a5e2|C975d7136,8,15,False,,P5c178b18|Pa6041114|P4f37d886|P5fc1f729|P73d1be5b,P6caf2faa,3376375.0
M098942cf,Assassin's Creed,2016,4,115,125000000,en,Action,Action|Adventure|Science Fiction,3,FR|HK|MT|TW|GB|US,11,Cc2c73c36|C68a78e06|C3a46f885,76,137,False,Kb722db6a|K8eea5ed8|K52525103|K98cad1f3|Kbf468a00|K00ee119f|K09e212c6|K0c8ef730,P387e3056|Pea601c7b|P3af08c02|P72092b5c|Pc4d07f3f,Pba10fe46,240697856.0
M624f70d6,Dangal,2016,4,160,10400000,hi,Drama,Drama,1,IN,2,C72b723b8|C5d971f88,9,27,False,K4385ab38|K65302cc3|Kdc87c7d5|Kc335a7ce,P655d94a7|Pe470465b|P2001cd83|P76b75bca|Pb3d66bbf,P8b342723,310000000.0
Ma90166ae,Collide,2016,3,100,21500000,en,Thriller,Thriller|Action,2,CN|DE|GB,5,Cd36ef9f0|Ccdff349c|Cf41e8e6c,10,5,False,,P65627fc6|P36ae5580|Pdff627c7|P6abc1229|P7d44db13,P1710e2e1,4811525.0
M47b04c1e,Patriots Day,2016,4,135,45000000,en,Crime,Crime|Drama|Thriller,3,HK|US,6,Cdd8eadf1|C6923166d|C1756f792,17,103,False,K9c580a0a|K2b27837b|K43802e56|Kaf4058be|K10e69785|K32502c87,P40d10530|P7f88be6e|P8b74a486|P2aace9ed|Pcea1bef6,Pb1ff26d6,50548152.0
Mc93d2706,Gold,2016,4,120,20000000,en,Thriller,Thriller|Adventure|Drama,3,US,4,C37ca5c75|C500adfe0|C252f2500,96,84,False,K68d34ab1|Kfb4b3fa1|Kb4ef9e5e|K9cda3ab3|Kef3e9596|K3a4f3ee0|K1f1ba69c|K9bddb5a5,P9d278739|P1f53cfec|P54a9620e|P22f67fc6|Pb49ef353,P668a67bb,7227038.0
M5287c096,Ballerina,2016,4,90,30000000,en,Animation,Animation|Family|Adventure|Comedy,4,CA|FR,3,C20d60ce5|Ce5a91cd3|C551a4fd6,10,5,False,K24eec40f|K4a64b667|K5214af59|Kb730b002|K3ad66c05|K965d2159|Ka58354b0|K944fb3f8,P058ac46a|P237b54bb|Pdbfd8652|Pa9b3057c|P51c6f6c0,P00cb7a39,2351359.0
Mcc06a88d,A Cure for Wellness,2017,1,145,40000000,en,Mystery,Mystery|Thriller|Horror|Science Fiction,4,DE|US,6,C295bb1fa|Cc2c73c36|Cec1fc5b7,69,142,False,K4e718541|K6e02d9c8|K2ccc811c|Kd52903b2|K93bcd152|K4212c4c9|K071e5192|K3c6f9488,P237b54bb|P7c2203eb|Pf259f1a9|P7ec86a7d|Pcaf9b3ce,Pb3125d33,26559557.0
M444ea8f2,A Street Cat Named Bob,2016,4,105,8000000,en,Drama,Drama|Family|Comedy,3,GB,3,Ca0a3fb57|Cd575d245|C9d0be56c,31,27,False,K1451c5af|K9cb98d13|K7b913106|K4385ab38|K29aa7085|Kcd1a7e06|K2cdeacfc|K8f3443c7,Pa9cda766|P82d9bb0e|P0cee8db4|Pc7122190|P93f0cf5f,Padd86080,82703.0
M0c581b28,xXx: Return of Xander Cage,2017,1,105,85000000,en,Action,Action|Adventure|Crime,3,US,5,C6146f42e|C98fdcebd|Cc16ef045,37,104,True,K666856dc|K33b2d0b2|K877e62a3|K742bd1e5|Kc612ab1b|K585e49eb|K19a14feb|K993b2681,Pb2d28ee6|Pabc55b2b|P5eab90f9|P174e117d|P69de33aa,Pc15edde6,346147658.0
M92cd23c9,The Bye Bye Man,2017,1,95,7400000,en,Horror,Horror|Thriller,2,US,2,Cc054e56a|Ce7954b15,15,52,False,Kf9b8a186|K5ebde1b5|K35845391|K3c6f9488|K3b31ffd5|Kcbf64eb9|K2317ba92,P36c925b1|P0bd9073b|P331b0289|P1a4272dc|Pc47d562f,P70057389,26667197.0
M92dfd38b,The Lego Batman Movie,2017,1,105,80000000,en,Action,Action|Animation|Comedy|Family|Fantasy,5,DK|US,7,C3149ce9c|C6b31c114|C3e7bdc8f,31,53,True,K04f1877b|K923101f0|K1b7a179f|K394322cb|K741a26f2|K9b52ed21|Kcd1527f3|Keac0a18a,Pee9169c5|P27550147|Pdc4fc482|Pefe166d2|P77e8a1ca,P184f501e,311950384.0
Mcbc7a64d,When the Bough Breaks,2016,3,95,10000000,en,Mystery,Mystery|Drama|Horror,3,US,2,Ceba6d050|Cfb81a4ce,29,3,False,K526c2540|Kde84d74c|K591bf061,P7ec7e10c|P7c5c9b52|P1a451eeb|P023d3a68|P1587a214,P69b6882a,30658387.0
Mab71e55c,I'm Not Ashamed,2016,4,110,1500000,en,Drama,Drama,1,US,2,Cd0715db0|Cbd55c48b,16,10,False,Kb38c398c|K4385ab38|K5ceaca2a|K648bad42|K25a3086d|K7f822525|Kb3e1af88|K595f8623,Pe575c6e5|P28332a33|P90267373|Pf3989ef9|P2e65f175,P29e4f7f4,2000000.0
Mc26a9c6d,The King's Choice,2016,3,135,7500000,no,War,War|Action|Drama,3,NO,3,C7cb9e249|C17665765|C8520a87a,19,46,False,,P5241e55f|P333d0045|Pf28b04dd|Pbf735382|P40f7dbb2,P9942d0bc,9100000.0
Mb905e1c3,Rings,2017,1,100,25000000,en,Horror,Horror,1,US,5,C6146f42e|C336c2b47|Cdeee263a,20,114,True,Kabe04825|K011bc215|Kfb9c23bc|K19a14feb|Kca0f1cb3|Kf1b1594d|K50067131|Kedc55cc4,P8a59aee4|P795e1733|Pab9fddde|Pd361d2e4|P0e3a499b,Pbe054966,83080890.0
M5deacdd5,Vipers Nest,2011,1,105,3500000,nl,Drama,Drama,1,NL|FR,1,Ca7fb0df7,8,2,False,,P7303990b|Pc0cc9c0e|Pde64a94a|P85688749|Pd4fa7b5f,P73851ddf,18000000.0
Me6c7b869,Raw,2016,4,100,3500000,fr,Drama,Drama|Horror,2,BE|FR,19,Cde60a147|Cd913e9a2|C8b326944,25,42,False,K51431265|K12f11a9e|K84a774f0|Kcbf64eb9|Keaf05701|K9894d057,P6affcbdc|Paef291d5|P92ea7eb6|P355e3cdd|P77a8b5c8,P6cd331a5,4100000.0
M1af6374a,John Wick: Chapter 2,2017,1,120,40000000,en,Thriller,Thriller|Action|Crime,3,US,3,C6e250e55|C3f8ac89b|C1a3ae900,54,211,True,Keae2ee2b|K01c1572d|Ka16178e4|K35845391|K19a14feb|K6f39fd7e,Pee0e1556|Pc1757c6d|P05d35fbc|P48cecdd4|Pcd89be8e,P0484e48d,171539887.0
M6eee00fa,Get Out,2017,1,105,5000000,en,Mystery,Mystery|Thriller|Horror,3,US,3,Cf0bcd2be|C183bfc98|C363e9364,35,75,False,K9c3992be|K251c3d93|Kba7e4369|Ka646ca77|K4bf86b1a|K6b9ad492|K16d14ec6|Kf5992d2d,P3aa72859|Pbaacf99e|P42e2f615|Pe94da565|Pb8250c11,P11601633,252434250.0
Me3011fe0,Logan,2017,1,135,97000000,en,Action,Action|Drama|Science Fiction,3,US,4,C6cbfdb5c|C3b4ef1a3|C06703886,104,250,True,Kf93b4bf6|Kd0bf5062|Ka55f4d57|Ka6194240|K89099cca|K7f284f24|Kda40fa6b|K12b44075,Pa70948d3|Pd0abc51d|P8c3609ea|P163da70b|Padb32efe,P1783672c,616801808.0
M1ececb09,Kong: Skull Island,2017,1,120,185000000,en,Action,Action|Adventure|Fantasy,3,US,2,Ceddfe7b0|C3e7bdc8f,34,126,False,K5d61d33a|K4603cffd|K038c8dca|Kfa0063d6|K566c4248|K281977d7|K7cbb8bb5|K7c52cfa4,P1d7bd896|P5eab90f9|Pc1db5cd0|P7f88be6e|Pff2ae6f1,Pea681813,566652812.0
Md76dc960,T2 Trainspotting,2017,1,115,18000000,en,Crime,Crime|Drama,2,GB,6,C60c81b3f|C6dfc8237|Cc5c5e5c9,32,43,True,K1451c5af|K9be97905|K65612631|K50f0ee0b|Kfd0f8efa|K9925aaa6|Kf0f76cb9|K5011ba81,P5d50695a|P6a1eb854|P9e1d24ed|Pf96a3b1a|P199bd879,P8c6407a8,41412709.0
Mbae951e1,Before I Fall,2017,1,100,5000000,en,Mystery,Mystery|Drama|Thriller,3,US,2,Cdd8accdb|C1cdcf02d,23,37,False,K1451c5af|Ka6f21b1c|K8e4844b2|K641e9342|K85dd2d8e|K779b67dc,P530f1b65|Pbce18a13|P87febe98|P55f672e0|P07d171ba,P5d561f86,10025571.0
M9266a90a,King Arthur: Legend of the Sword,2017,2,125,175000000,en,Action,Action|Drama|Fantasy,3,US,5,C1246c604|Cce89c773|C3e7bdc8f,72,143,False,K37f20444|K5074ac49|K54cbc9dd|Kb312f8f4,P335a7a6e|P01f2ebe1|P7ad6a156|Pba7f0b0a|Pa357a9b4,P4d1bb4c3,146175066.0
Me424c79e,Incarnate,2016,4,90,5000000,en,Horror,Horror|Thriller,2,US,3,Cf0bcd2be|C39e03473|C61cd275e,11,47,False,K33e09618|K2b024aec|K6a99ba12|Kc9b037e6|K719e729e|Kb8435d81|Kdbe6d9ae|Kf0ee355f,Pe85b6a97|P29b22ee6|Pfa97ee94|Pbf5c9cd9|Pc6c86515,Pc5288da3,6341855.0
M0cf423d9,Beauty and the Beast,2017,1,130,160000000,en,Family,Family|Fantasy|Romance,3,GB|US,2,C72b723b8|Cbaaa629a,156,115,False,Kc56ceab0|K79547cd1|K6ecc96df|Kd63352e0|K965d2159|Kf1b1594d|Kaea398e7|K0014db0b,P187f1470|Pad28a0f4|P7458127d|Pfc8c3208|P51b53dde,P9956b2eb,1262886337.0
M00aeb9ee,The Boss Baby,2017,1,95,125000000,en,Animation,Animation|Comedy|Family,3,US,2,C6cbfdb5c|C586f6404,24,43,False,K808b4a33|Kd47abffe|K156ad330|Kccd0d760|Kb312f8f4|K851846f9,Pa350e788|P02a98d6d|Paccb5d97|Pf25ac6cd|Pa887b05b,P35cbd61e,498814908.0
M55e2ded1,Resident Evil: The Final Chapter,2016,4,105,40000000,en,Action,Action|Horror|Science Fiction,3,FR|AU|CA|DE,4,Ca7e0a9d6|Cf9732504|Ceba6d050,12,57,True,K7e1398ba|K038c8dca|K04f0a53b|Ka6194240|K8e2e1632|K7f284f24|K19a14feb|Ka0d759f9,P7ba65775|P8de86138|P5f77d0b4|Pa5961a3e|P604cd324,P5257d233,312242626.0
M9ef96b2e,A Ghost Story,2017,3,90,100000,en,Drama,Drama|Fantasy|Romance,3,US,3,Ca3de34bc|C7300e0bc|Cd3729bbd,16,12,False,Kb855ec86|K35845391|K6c33796a|Kf389d61e|K9246dcca|Kd653b7f5|K365c4ad0,Pddf47d8c|P5a00ccb9|Pdf45ab62|Pa491c908|Pc701572c,P211807aa,15584255.0
M090a2b51,Ghost in the Shell,2017,1,105,110000000,en,Action,Action|Science Fiction|Thriller,3,AU|NZ|US|GB|IN|CN|CA|JP|HK,11,C6146f42e|Cfa01eb95|C3ca4c209,37,118,False,K8d907d83|Kf93b4bf6|K0e89a273|K77b45109|K011bc215|Kca0f1cb3|K6e11d73b|K7181c167,Pb214a37a|Pb9deb6f3|P4813f280|P75988b98|P2b0de4d7,Pe994ba87,169801921.0
M3c1e77ec,Black Snow,2017,1,90,4000000,es,Mystery,Mystery|Drama|Crime|Thriller,4,ES|AR,4,C7fcaba69|C58cfb874|C791c4142,10,4,False,K03b817d9|K190503f8|K6e781bd1|K1a959e47|K1a1e7931,P64cde4c2|P4ce41c04|P4a627c7f|Pc28fc0c2|Pe34b3201,P6f45a985,1440000.0
M5f30a8c3,Queen of Spades: The Dark Rite,2015,3,95,1000000,ru,Thriller,Thriller|Horror|Mystery,3,RU,1,C5ff323cb,7,2,False,K2b732ced,Pad43f893|P0a4a943b|P686a8ec8|P31fed18b|P5d38bc4d,P0c46176d,2228115.0
M7fd591a4,Their Finest,2017,2,115,32745300,en,Romance,Romance|War|Comedy|Drama,4,GB,8,Ce09e087e|C204ca293|C7cb9e249,50,60,False,K1451c5af|K230a811e|K086dc48f|Kfc8b5c21|Kcbf64eb9,P00bfae09|P4a9b5d54|Pdaeaa73e|P3af08c02|Pacb66fff,Pf2c04b66,12173470.0
M396df18c,The Ottoman Lieutenant,2017,1,110,40000000,en,Romance,Romance|Drama|War,3,TR|US,1,C4e337372,24,4,False,K1d1c144f|K7be894cf|K081e7f13|Kb6b22e55,Pe3f0b4b5|P9abb15a6|P28304cc9|P6abc1229|Pd861bc35,Pdf3dd1c2,240978.0
M93d68ec0,Personal Shopper,2016,4,105,6000000,fr,Drama,Drama|Mystery|Thriller,3,DE|FR,7,C8f3c086a|C97312922|C4b0c1ae1,25,50,False,K24eec40f|Ka7984eec|K60686471|K37b23357|K0c67acf4|Kb54686cb|Kfdce3c5a|Kcf27f0f0,Pff66170f|P7c838653|P1d180f0b|P53f4c876|Padad97bf,P6830bef2,1305195.0
Mb3427ed8,The Shack,2017,1,130,20000000,en,Drama,Drama|Fantasy,2,US,2,Cceb4e3c9|C886aff33,29,59,False,K1451c5af|K5ceaca2a|Kec9cb14f|K088d9f13|Kecb4d583|Kc2f24d7a|Kaf169ccc,P2707d5f8|P457fc341|Pc50694be|Pa9c167d3|Pbf920223,Pdd79ebe3,57330873.0
Mca1d866e,Life,2017,1,105,58000000,en,Horror,Horror|Science Fiction|Thriller,3,US,4,Cf4478484|C5d38df22|Cc6c76810,15,80,False,Kdd65c3f2|K5417f32f|K846673e8|Kfae7a03b|K4a3ff012|K0c21d375|K86385cf0|K14bdaede,P536a41bf|P2df0e450|P6b87f42a|P00f58b13|Pab992e1f,P4bef541e,100541806.0
Mad4ba580,The Lost City of Z,2016,4,140,30000000,en,Action,Action|Adventure|Drama|History,4,GB|US,6,C3762b402|C03cf331b|C6c043815,34,82,False,K1451c5af|Kbf16afac|Ka3356dfa|Kfa0063d6|K7be894cf|K4385ab38|Keadbd67f|Kfe543f69,P335a7a6e|P5397a25c|Pbf1ee1ef|P6c1e0f01|Pa5454b66,P6a28c1c6,8574339.0
M97acfb88,Power Rangers,2017,1,125,100000000,en,Action,Action|Adventure|Science Fiction,3,US|CA,2,C78367188|Cfc9269ea,27,22,False,K6b674f5c|Kb27e6995|Keacf7ce1|K3ec095e0|K3855800f|Ka288ef2c,Pa1a00f6e|P770592cb|P514681f0|P49611259|P1fb39e36,P64dd08e9,142337240.0
M3f1b981a,Free Fire,2017,1,90,10000000,en,Action,Action|Comedy|Crime|Thriller,4,FR|GB,4,C9b0e4985|Cf2c41fee|Cbdc0b5be,14,47,False,K0c24b3e3|K9c580a0a|Keede16fc|Ka82ab652|K49fccf18|K32749a0b,P4b73cb04|Pff9a122e|Pc1db5cd0|P2053e144|Pa2d2d7aa,P15a054b0,3565109.0
M0180eafd,Table 19,2017,1,85,5000000,en,Comedy,Comedy|Drama,2,US|FI,3,C2d76984f|C8f218bca|C6aaad3dd,22,59,False,Kc79f1b80|Kd04c8a26|K6c87d899|K80f941a6|Kc55b9012|K4951998b,P852e3feb|P2ddfb78f|P4ecf2abc|Pf25ac6cd|Padb32efe,Pdd7bd79f,3305592.0
Maad22e22,Going in Style,2017,2,95,25000000,en,Crime,Crime|Comedy|Drama,3,US,5,C6988cd6a|C1246c604|C260d7df4,85,35,False,K35bf3b04|Kcec27f06|K60601863|Kac14ea0f|K3b6e64c6|K6b58ef37,P9c10a86e|P123185a4|P5ea8cfef|P730e1d0f|P27ff617e,Pfc9fb1db,84618541.0
Mbb035a34,Bitter Harvest,2017,1,105,20000000,en,War,War|Drama|History|Romance,4,CA,3,C90d4de9e|C8cb145ad|Cceaedc6c,33,12,False,K446ef088|Kf45fcd52|Kdf58a37d,P1158d363|P48efa895|Pf38d8cc1|P8c5e34bb|P6c481459,Pd56771e4,557241.0
M5a1dd754,RRRrrrr!!!,2004,1,95,17820000,fr,Comedy,Comedy,1,FR,1,Cf988914f,8,6,False,,P5af85124|Pda855bfe|P4dd540be|Pa0ff9805|P128e0651,Pa0ff9805,14054361.0
M32a5def0,Shadowboxing,2005,1,125,3500000,ru,Action,Action,1,RU,0,,8,1,True,,P34b77b1b|P4514d02e|Pef76255d|Pdc1268d4|P366b1063,P757e6c16,8262833.0
M9408906a,Smurfs: The Lost Village,2017,1,90,60000000,en,Adventure,Adventure|Animation|Comedy|Family,4,US,3,Cf4478484|C691c06b2|C4b157932,16,6,True,K19a14feb|Kfb07c726,P9195777d|P398a6919|P5aa1fa17|Pca8141b8|Pd434c536,P77c78b5d,197183546.0
Md66b3081,24,2016,2,165,10000000,ta,Action,Action|Science Fiction|Thriller,3,IN,2,Cfc7cd2a7|C54af3422,11,34,False,K804bfd5b,Pc8d62df2|P3b8c219e|Pa8a49779|Pf54edc9a|P3d1ae6cd,P9f357b5c,15000000.0
M60b224af,Diary of a Wimpy Kid: The Long Haul,2017,2,90,22000000,en,Comedy,Comedy|Family,2,US,1,Cec1fc5b7,15,7,True,,P7ceda607|Pece761f6|P175176a6|Pd072720a|P6ab1aed2,Pbca01d1f,40120144.0
M2fd8883f,The Spacewalker,2017,2,140,7075038,ru,Adventure,Adventure|Drama|History,3,RU,1,C0f5c8c4c,5,4,False,Kfae7a03b|K35fc4693,P86754f3f|P570c5b5b|P4726a45c|P0ce0a237|P3961f54f,P7366cafd,9868942.0
Mad900951,Baywatch,2017,2,115,69000000,en,Action,Action|Comedy,2,US,7,C6146f42e|C7de5d669|Cf1e93e57,43,116,False,Kfbde6d20|Kcf15988c|Kb27e6995|K62064067|K85002ae0|K5770d024,P4da7c12b|P2fdadb28|P7db9ca6b|P51db6fe6|Pb2bbef91,Pd69b0144,177856751.0
M4cc126f1,Snatched,2017,2,90,42000000,en,Action,Action|Comedy,2,US,3,C6cbfdb5c|Cd5934ffd|C14fe6e45,48,37,False,Ke0fff442|K9136e8a9|Kcf24daef|K6eadcfd9|K4281ec01|Kf1fbe500|Kbb24ff43,P164b8424|P3525e37e|P7c56cf1c|Pd67102cc|P7846829d,Pb63e2ce5,60845711.0
Mb2bcb4d3,The Mummy,2017,2,110,125000000,en,Thriller,Thriller|Action|Adventure,3,US,3,Cd7a83b16|C4d5f1934|Cc8d9f4ac,54,119,False,K038c8dca|K03f80d45|K5489feee,P13cbd053|Pf4bdfa1a|P0f5c0fd4|P1f8eb450|Pe63c2343,P7cb598f9,407778013.0
M4c9e2226,The Fate of the Furious,2017,2,135,250000000,en,Action,Action|Crime|Thriller,3,US,3,Cd7a83b16|C7f4b55db|Cc16ef045,80,157,True,Ke484fe84|K19a14feb|K3efe6bd6|K89d41b6d|Kdc3a06ff|Kc343c0fd|Kedc7379f|Kd409e0ec,Pb2d28ee6|P4b27ca24|P4da7c12b|P6b7675df|P4af9778b,P04bcabef,1238764765.0
M5937c7b7,Captain Underpants: The First Epic Movie,2017,2,90,38000000,en,Action,Action|Animation|Comedy|Family,4,US,2,C586f6404|C99e41e6a,21,4,False,K293f5c52|K57f246b9|K624ae785|K8a32ec0f,P037f5849|P06e8b61d|Pdd5ebe45|P11984748|P11601633,P340766d3,110824373.0
Mcd1180ac,Cars 3,2017,2,110,175000000,en,Family,Family|Comedy|Animation|Adventure,4,US,2,C72b723b8|C5f1dc623,41,25,True,K0e5e3cb0|Kaea398e7,P66e0e26d|P944faf7a|P2db253cf|Pff9a122e|P4c455563,P178fe0a7,350170057.0
Mc36b817a,The Book of Henry,2017,2,105,10000000,en,Thriller,Thriller|Drama|Crime,3,US,2,C9b58e393|C9efc8575,27,27,False,Kc8aa65cd|Kbea00521|Kd31349af|K5c1c497d|K3d7bc726,P8ea19000|P94218c5f|P2f345417|P21c520f9|P143b5c40,P2cd2d553,4219536.0
Mdf4b7b6e,Phoenix Forgotten,2017,2,80,2800000,en,Horror,Horror|Mystery|Science Fiction,3,US,2,Cd5a1e1a6|C8322a75d,10,53,False,Kb7debf2d,Pa8d51c35|P069582ef|P77632ade|P3571c09c|Pabfdfb63,P3d0ae9d6,3600000.0
M9e246c3a,Lowriders,2017,2,100,916000,en,Drama,Drama,1,US,3,Cd927b580|Cd7a83b16|Cf0bcd2be,10,49,False,K4f7fe086|K09d6b411|K6c9cf5c0|K2ac9f30e|Keb5e7681|K7b0dfbd5|Kd000636e|Kf3ea5589,Pfd4cb25f|P124fe263|Pf4c0f8c6|Pc2df11f4|P60422cb6,Pd95cf948,2403885.0
M1fad7c23,Heavy Traffic,1973,3,75,950000,en,Animation,Animation|Comedy|Drama,3,US,2,Ccccf7027|Cf21720cc,9,4,False,Ka7984eec|K511491fa|K0d28b033|K47934026|K6ebeecb0|Kff43a29c|K452613d0|K4bf86b1a,Pacc9c3f1|P81f6fce8|Pc27b1a1a|P166a92f1|P95935c43,P11f9b9b7,1500000.0
M70a3800e,Tosun Pasha,1976,1,95,64200,en,Comedy,Comedy,1,TR,1,C21602eef,5,2,False,,Pc54f1259|Pa1641f86|P04f1359b|P01b6c93f|Pd1218b2b,P55f3f349,698200.0
M644ce99f,"Have Fun, Vasya!",2017,1,90,707503,ru,Comedy,Comedy,1,RU,1,C23af4276,8,2,False,,P0c4740f8|Pfb382899|P2c37a9f2|P252e08da|Pac15d744,Pd9429816,4781454.0
Mc713760d,Horoscope for Good Luck,2015,3,95,2800000,ru,Comedy,Comedy|Romance,2,RU,1,Cd0c9203c,9,2,False,,Pbdb6f9fb|P57762cd5|P6d3df034|Pa158f155|Pe536c606,Pb7c92a10,964206.0
M00d41fc2,"Kidnapping, Caucasian Style",2014,3,95,3500000,ru,Romance,Romance|Comedy|Adventure,3,RU,1,C82c0aabe,15,2,False,,P46998e20|Pa0a68b96|Pd8b546b1|P0f3871c8|Pc1f5f9ba,Pe4676f3e,179000.0
M5351b8cb,The Best Movie 3-DE,2011,1,100,6500000,ru,Comedy,Comedy,1,RU,1,C970c1a18,11,2,True,,Pe7383975|P418cfdd1|Pe723a3f0|P6f83bcf7|Pf876f632,P0a556427,9816332.0
M7e34be66,Baahubali 2: The Conclusion,2017,2,160,18000000,te,Action,Action|Adventure|History|War,4,IN,1,C22d11624,10,28,True,Ka6dd6393|Kd6929fc4,Pe9d1d778|Pf86325df|P3d2ec1f7|P579dd194|P3a631154,Pe4bb7d96,230000000.0
Mc6718e4a,The Star,2002,2,95,1300000,ru,War,War|Drama,2,RU,2,C5a7186c7|C9cb0fc6c,6,5,False,,P1b7e0ffe|P85b542ed|Pc8d16da4|Pcfd70b35|Pf36b53ee,Pfba4f3b2,809000.0
M8b50a057,The Irony of Fate. The Sequel,2007,4,125,5000000,ru,Comedy,Comedy|Drama|Romance,3,RU,1,C64878899,10,4,True,,P570c5b5b|P4e0b1ba7|Pd8f93cc5|P7124416a|P862ed228,P97a9e6f2,55635037.0
M1aa06969,Kabhi Alvida Naa Kehna,2006,3,195,7400000,hi,Drama,Drama|Romance,2,IN,2,Cd925d19e|C8861a5e2,11,25,False,K06ec2ec0|K04b7a06e,Pa6041114|P3342e2ae|P5dfe45a1|Pb987bdff|Pa798f148,P983f6592,17000000.0
M914a1c51,The Beguiled,2017,2,95,10500000,en,Drama,Drama|Western,2,US,2,C947c3de9|Ccef37e26,12,15,False,K38373846|K54cbc9dd|Kea56a011|Kf5038425|Kcbf64eb9|Kb2447c19|Kd102e215,P7b34c4be|P8bb333ae|Pfe6d4c3d|P058ac46a|Pc0b56d95,Pfc1993d7,25442939.0
Mc07dd574,Baby Driver,2017,2,115,34000000,en,Action,Action|Crime,2,GB|US,5,Cdefa0672|C6dfc8237|C6944d896,56,183,False,Kc5b65b8c|K3519315b|K4fcfc4d1|K2e975c63|Ke578b0ae|Kf8b5b922|Kfc3d3a26|K7b0dfbd5,Pff290c0c|P20024c66|Pf21f3bf1|P20c8297f|P33bb4cb4,P42d4c0d3,224511319.0
M19ae843e,Waltzing Anna,2006,3,110,1000000,en,Drama,Drama|Comedy,2,,0,,7,2,False,,P8329d18d|P63c6b68a|P140de65f|Pc63b58d1|P97a5a4ed,Pcf8ee537,11455.0
M43504e51,Cowboys & Angels,2003,2,90,2000000,it,Comedy,Comedy|Drama|Foreign,3,IE,1,Ccba76128,3,1,False,Kd3103f62,P5faafd6d|Pa91503c0|P246381a3,Pc783fec0,33700.0
Mc33dc2e8,Boj S Tenyu 2: Revansh,2007,4,135,6000000,ru,Action,Action,1,RU,1,Cd0c9203c,7,2,True,,Pef76255d|P34b77b1b|P4514d02e|P8530e247|Pdc1268d4,Pd6c955fd,11171900.0
M2227f7df,Lucky Island,2013,4,80,2000000,ru,Comedy,Comedy|Adventure,2,RU,1,C819b18cd,6,3,False,,P57762cd5|Pa3ea1124|Pf3d79faa|Pa000fdf3|P01853b02,P8bc14380,4803665.0
Mb572ffdb,The Interceptor,2009,4,90,7000000,ru,Thriller,Thriller|Science Fiction|Action,3,RU,3,C808cf649|C133c8ba8|C2f4b219b,12,19,False,,P1b7e0ffe|Pdb0f5859|Pbb9050aa|P12e691f2|P1dffe8b8,P860ebb9a,1877122.0
Me6598131,Hooked on the Game,2009,4,95,3500000,ru,Action,Action|Science Fiction,2,RU,0,,13,8,True,,P95174fe9|Pa315b117|Pf3d79faa|Pd3330796|Pb936a46f,Paf3c2770,3704408.0
Me714f242,High Security Vacation,2009,3,115,5000000,ru,Comedy,Comedy|Action,2,RU,2,C2d0c677f|C839c0511,8,2,False,,Pd8f93cc5|Pa51363d7|P8a4733f1|Pac3c21a8|Pc8d16da4,P7064291b,17566040.0
M5677ce28,Despicable Me 3,2017,2,95,80000000,en,Action,Action|Animation|Adventure|Family|Comedy,5,US,1,Cde755e9c,41,6,True,Kcb2b72ac,P4be68e2c|Pfbcea453|P552651d0|P0e239020|Pbdbd8275,P1ed67163,1020063384.0
M0ba6d306,Rock Dog,2016,3,90,60000000,en,Adventure,Adventure|Animation|Comedy|Family|Music,5,CN|US,5,C0e63dc4c|Cdbcbf75c|C35f0d5df,10,7,False,K46624ba5|Kef5d5b64|Ke9d21ca1|Kd5acb9df|Ke5e5cfb4|K346367d7|Kaea398e7|Kffef018c,P65676666|P8b74a486|P36b0fdec|P21b386a4|P6c1d6a47,Pde21283f,9420546.0
M91da4436,Antikiller D.K,2009,4,90,2500000,ru,Mystery,Mystery|Action,2,RU,0,,8,2,True,,Pa158f155|Pf78352c1|Pa6926dc5|P6f83bcf7|Pc7e146f5,P8c2d9043,2141028.0
M24ec85ac,The Spy,2012,2,100,6000000,ru,Action,Action|Thriller,2,RU,6,C9bdfb933|Caae830d1|Cd0c9203c,16,11,False,,P061b5903|P2ad38a91|Pd3330796|P6d3df034|Pac894fa1,Pfa8537f5,4588176.0
Mcc4d3daf,Paris Can Wait,2016,3,90,5000000,en,Drama,Drama|Romance,2,US,1,C947c3de9,5,6,False,Kcbf64eb9,P938e6548|P2a4b8bcd|Pa350e788|P358785a4|P97975069,P7b1b5383,6700000.0
M9d8c3501,Hitler's Kaput!,2008,3,100,3000000,ru,Comedy,Comedy,1,UA|RU,1,C1d194d36,16,2,False,,Pd75f4eeb|P6ad37858|Pfe0bbce6|P3bfc085f|P16f45c24,Pc52089ce,9713500.0
M1a0f5523,That still Karloson!,2012,1,80,4000000,ru,Comedy,Comedy|Fantasy|Family,3,RU,1,C819b18cd,11,3,False,,P418cfdd1|P36043172|P15ba9c99|P3479bc2b|P0d3d650c,P96d1e137,9938268.0
M77e2c4f0,War for the Planet of the Apes,2017,3,140,152000000,en,Drama,Drama|Science Fiction|War,3,CA|US,1,Cd5934ffd,20,9,True,K1451c5af|K19a14feb|Kb3effe9e|K86d86087,P56bf7213|P96737513|P2a4182bf|P05fada56|P225e9d65,P241ffa32,369907963.0
Md8eaffb0,Kidnap,2017,3,95,21000000,en,Drama,Drama|Thriller,2,GB|US,7,Ccb5de721|Cac465b03|Cdfb17f8c,24,60,False,Kede84157|K60561435|K94f985a9|K9136e8a9|K77b45109|Ke546d3c4|K00ee119f|K0d25991c,P1de24948|Pd1167f19|P17317691|P5f72248e|P674a47b5,Pc9ec1600,24527158.0
Mf5b8ac1b,Valerian and the City of a Thousand Planets,2017,3,135,197471676,en,Adventure,Adventure|Science Fiction|Action,3,FR,1,C0b057e79,118,316,False,K9d0ee53c|K89099cca|K61a241c8|Ka96b9d40|Kaf736fc9|K923101f0|K4d0bc3a5|Ka934a10d,P237b54bb|P8cdb4d42|P0707f4cd|P2469ac77|P598f6582,Pad9f53b5,90024292.0
Mf005c12c,Black Rose,2014,2,85,7000000,en,Drama,Drama|Crime|Action,3,RU,2,Cda053f74|C10a09d4d,9,8,False,,P0721e6d3|Peacd457d|P773e7e67|P94602cc1|P5c1ec580,P0721e6d3,855450.0
Mfff1f9a1,Mudhalvan,1999,4,170,7400000,ta,Foreign,Foreign|Thriller,2,IN,1,C8650763c,12,13,False,,P456f651a|P251fb2e6|Pdb110c19|P42c88d5c|P40ea1001,Pc8cca2f3,22000000.0
M9741694f,Nirvana,2008,3,95,2000000,ru,Drama,Drama|Romance,2,RU,0,,6,1,False,,Pa28c373c|P5b0717bd|P32d92752|P42052e26|P82243afb,P3926071a,273137.0
M56f55115,Fanaa,2006,2,170,5300000,hi,Action,Action|Drama|Romance|Thriller,4,IN,1,Cd925d19e,16,3,False,Ke8f49a6c|K95c73239|K965d2159|K9a02a235|Kb83a0ee3,P461da7c3|P655d94a7|P97e6df9d|Pab1905ec|P2b801274,P472c44e1,22175908.0
M25c2a374,Dunkirk,2017,3,105,100000000,en,Action,Action|Drama|History|Thriller|War,5,NL|FR|GB|US,6,Cc94eefdc|Cf988914f|C3e7bdc8f,66,214,False,Kc56ceab0|Kfbde6d20|K230a811e|Kfc0600a1|K6463d258|K424ad1c8|K43a0c977|Kb0865419,P8b03701e|Pe610ca73|P278fae51|Pa2c20550|P2299c68b,P271d3962,519876949.0
Mef0a7816,Gymkata,1985,2,90,8500000,en,Action,Action|Drama,2,US|JP,1,C1e53a163,15,2,False,K6d7db2b4|Kea685510|K7d59231c|K57e6bc9d,P2309f7f0|Pb017a47a|P55678985|Pe709814f|Pb5cabaf6,P65811974,5730596.0
M602b883a,Transformers: The Last Knight,2017,2,150,260000000,en,Action,Action|Science Fiction|Thriller|Adventure,4,US,4,C6146f42e|Cac465b03|Cb101f355,110,51,True,Kbdce27e1|K7f2092da,P40d10530|Pd07cd801|Pefd56436|Pdff627c7|Pae29ae2b,Pbac03e2c,604942143.0
M680be5f6,"Mommies, Happy New Year!",2012,4,90,2000000,ru,Comedy,Comedy|Drama,2,RU,1,C819b18cd,15,6,True,,P24876038|P4e0b1ba7|Pf3d79faa|P25bcb951|Pe7383975,P96d1e137,11666088.0
M66cce677,Pregnant,2011,3,80,2000000,ru,Comedy,Comedy,1,RU,0,,9,2,False,,Pa51363d7|P418cfdd1|Pa7fce5a9|Pb567e95d|P57762cd5,P96d1e137,8000000.0
Me2731844,On the Hook!,2011,1,90,3000000,ru,Comedy,Comedy|Romance,2,RU,1,C2892c7bf,11,3,False,,P6c38e47a|P4825bf64|Pc1cbbc24|P01ff6efb|Pdba28842,Pd479dbc7,1957000.0
Mcece0f6e,FC Venus,2005,4,105,2196531,fi,Comedy,Comedy|Romance,2,FI,1,Cd9203d60,6,3,False,Kdc87c7d5|Kb92c5fc4|Kc7cade6b,P2e13943c|Pcd621d69|P8d4934e5|Pd7f0b0ec|Pf45299ec,Pa02f3625,2411594.0
M9bee0721,The Dark Tower,2017,3,95,60000000,en,Action,Action|Western|Science Fiction|Fantasy|Horror,5,ZA|US,4,Cd927b580|Cce89c773|C6944d896,50,199,False,K40b67ad5|K1451c5af,P2ca69f9f|P9d278739|Pd50985bb|P78fd2949|P1f1c3397,P8498fe56,71000000.0
M462d4e68,The Emoji Movie,2017,3,85,50000000,en,Comedy,Comedy|Family|Animation,3,US,2,Cf4478484|C691c06b2,33,46,False,Ka727acf0|K4a921550|Kb11e7660,P26b83a5a|P608c4074|P321e1002|Pd5e4219f|P82b66701,Pb6b8c0ea,66913939.0
M7c50b9f5,Wind River,2017,3,110,11000000,en,Action,Action|Crime|Mystery|Thriller,4,GB|US|CA,3,C6e250e55|C6218f9be|C8a2f9c98,22,18,False,K5c0670e8|Ke09d99ff|K01c1572d|K011bc215|K35fbf0b0|K58cd70ff|Ka82ab652|Kfe15b25a,P1180ab67|P422425f8|P6003493e|P943564ee|Pb7c83a72,P32685f13,184770205.0
M2aaf9b32,Sivaji: The Boss,2007,2,185,12000000,ta,Action,Action|Comedy|Drama,3,IN,1,C3377b4d5,24,17,False,K52b1ba73|Kdd9e083c|Kc402504a,Pea60dbf5|P9a3dacf1|P07d2a777|P3585a6ad|Pdb110c19,Pc8cca2f3,19000000.0
M365955c1,Pro Lyuboff,2010,3,105,2000000,en,Romance,Romance|Drama,2,RU,1,C2892c7bf,10,9,False,,P2ad38a91|P0ec78d34|Pd323c7ee|P2776e4cf|P273699ac,P4d793bb6,1268793.0
Ma1d1be6d,Antidur,2007,3,90,5000000,ru,Action,Action|Comedy|Crime|Foreign,4,RU,0,,4,1,False,,Pe34d18ae|Pa51363d7|Pd3583e01|P14d9fac4,P673bcc1e,1413000.0
